# carola windows mask cache v1 — the echo mask of every committed 80x80 chip
# rule: intensity >= 0.3 * max(intensity) AND intensity >= 5.0 * np.median(intensity); min_n_masked=2
# dedup: (asset_name, date, md5(payload)[:12]), first occurrence wins
# extractor: code/carola/carola_ocv_masks.py --extract
mid|asset|segment|date|orbit|w|h|peak|median|max_masked|min_masked|ss_re|ss_im|ss_abs2|n_masked|peak_row|peak_col|n_components|largest_component|px
062d580a-82c1-43a5-a466-6d3410a361a4|Carola RPT A-full 3803bf22-891c-4077-ad80-793c7bce8fa0|Girder A|2022-09-03||80|80|1310405.0000000002|12125.000000000002|1310405.0000000002|394370.0|-9247.0|10341.0|23700538.0|39|44|16|16|12|9,41;9,44;10,46;10,49;11,46;11,49;11,54;13,19;35,4;35,75;36,75;37,75;42,79;43,15;43,16;43,70;44,15;44,16;44,70;48,25;60,17;60,18;63,39;64,39;64,49;64,50;65,49;65,50;65,51;65,54;66,49;66,50;66,51;66,52;66,53;67,49;75,48;76,47;76,48
29d7ef78-8d7e-4bce-9380-2699a510e4f1|Carola RPT A-full 9f0d8bc0-21c8-4d8f-8ce7-2a41f3f239d4|Girder A|2022-09-03||80|80|1310405.0000000002|12125.000000000002|1310405.0000000002|394370.0|-9247.0|10341.0|23700538.0|39|44|16|16|12|9,41;9,44;10,46;10,49;11,46;11,49;11,54;13,19;35,4;35,75;36,75;37,75;42,79;43,15;43,16;43,70;44,15;44,16;44,70;48,25;60,17;60,18;63,39;64,39;64,49;64,50;65,49;65,50;65,51;65,54;66,49;66,50;66,51;66,52;66,53;67,49;75,48;76,47;76,48
8ceb3cfd-b918-4735-afaa-38a33613b5ca|Carola RPT A-full 3803bf22-891c-4077-ad80-793c7bce8fa0|Girder A|2022-09-08||80|80|902642.0000000002|8836.0|902642.0000000002|273992.0|-8339.0|-3785.0|17235418.0|38|25|35|21|5|0,53;1,6;1,10;3,79;4,39;9,55;10,51;10,52;10,55;11,51;14,65;25,34;25,35;26,35;29,54;29,55;29,56;29,61;29,62;30,54;30,55;35,43;36,26;36,27;37,26;37,27;40,77;43,49;43,50;43,79;44,49;49,21;54,47;59,42;79,29;79,30;79,75;79,76
847d2fdc-f6cc-4970-bea7-d77fd00586f8|Carola RPT A-full 9f0d8bc0-21c8-4d8f-8ce7-2a41f3f239d4|Girder A|2022-09-08||80|80|902642.0000000002|8836.0|902642.0000000002|273992.0|-8339.0|-3785.0|17235418.0|38|25|35|21|5|0,53;1,6;1,10;3,79;4,39;9,55;10,51;10,52;10,55;11,51;14,65;25,34;25,35;26,35;29,54;29,55;29,56;29,61;29,62;30,54;30,55;35,43;36,26;36,27;37,26;37,27;40,77;43,49;43,50;43,79;44,49;49,21;54,47;59,42;79,29;79,30;79,75;79,76
7221d6f8-8951-49e1-a89a-6e8ad07341a4|Carola RPT A-full 3803bf22-891c-4077-ad80-793c7bce8fa0|Girder A|2022-09-12||80|80|3994497.9999999995|6498.000000000002|3994497.9999999995|1221637.0000000002|-3838.0|-2241.0|22451587.0|11|79|48|6|3|7,29;39,22;67,64;68,64;69,27;70,26;70,27;78,22;79,22;79,47;79,48
19ae3052-9a83-44db-8e61-efd1bd34b97d|Carola RPT A-full 9f0d8bc0-21c8-4d8f-8ce7-2a41f3f239d4|Girder A|2022-09-12||80|80|3994497.9999999995|6498.000000000002|3994497.9999999995|1221637.0000000002|-3838.0|-2241.0|22451587.0|11|79|48|6|3|7,29;39,22;67,64;68,64;69,27;70,26;70,27;78,22;79,22;79,47;79,48
66ddd5d2-ed19-4aa3-a581-862ad24d00b7|Carola RPT A-full 3803bf22-891c-4077-ad80-793c7bce8fa0|Girder A|2022-09-15||80|80|1329850.0|13187.000000000002|1329850.0|400525.0|1676.0|-5607.0|19853371.0|30|65|50|16|9|3,78;8,41;9,41;9,46;9,48;9,49;10,48;10,49;12,19;35,35;36,35;40,26;43,16;60,18;61,73;63,39;63,49;64,49;64,50;65,49;65,50;65,51;66,49;66,50;66,51;69,1;69,2;75,48;79,0;79,2
7323322d-5411-4e40-8ce0-2ad663477ae4|Carola RPT A-full 9f0d8bc0-21c8-4d8f-8ce7-2a41f3f239d4|Girder A|2022-09-15||80|80|1329850.0|13187.000000000002|1329850.0|400525.0|1676.0|-5607.0|19853371.0|30|65|50|16|9|3,78;8,41;9,41;9,46;9,48;9,49;10,48;10,49;12,19;35,35;36,35;40,26;43,16;60,18;61,73;63,39;63,49;64,49;64,50;65,49;65,50;65,51;66,49;66,50;66,51;69,1;69,2;75,48;79,0;79,2
8d048026-a289-425b-b0f5-17e4446e8156|Carola RPT A-full 3803bf22-891c-4077-ad80-793c7bce8fa0|Girder A|2022-09-20||80|80|300425.0|2028.9999999999995|300425.0|94179.99999999999|-481.0|2034.0|1853669.0|13|26|35|6|5|1,8;2,7;2,8;2,9;2,10;25,35;26,34;26,35;53,40;59,0;60,0;74,71;79,75
93885146-fa20-4672-95a2-e934c175ee92|Carola RPT A-full 9f0d8bc0-21c8-4d8f-8ce7-2a41f3f239d4|Girder A|2022-09-20||80|80|300425.0|2028.9999999999995|300425.0|94179.99999999999|-481.0|2034.0|1853669.0|13|26|35|6|5|1,8;2,7;2,8;2,9;2,10;25,35;26,34;26,35;53,40;59,0;60,0;74,71;79,75
3c76abc1-652f-448d-ab7b-ba66238ad77a|Carola RPT A-full 3803bf22-891c-4077-ad80-793c7bce8fa0|Girder A|2022-09-24||80|80|1927656.0|5591.0|1927656.0|594477.0|4021.0|-980.0|21192811.0|23|68|64|12|5|6,28;6,31;7,28;7,29;15,65;40,21;40,22;41,30;42,30;43,40;60,21;67,64;68,63;68,64;69,63;69,64;70,14;70,15;70,26;70,27;71,26;76,25;79,47
ea7b6e99-aad2-46f4-83de-04db60fcbcbf|Carola RPT A-full 9f0d8bc0-21c8-4d8f-8ce7-2a41f3f239d4|Girder A|2022-09-24||80|80|1927656.0|5591.0|1927656.0|594477.0|4021.0|-980.0|21192811.0|23|68|64|12|5|6,28;6,31;7,28;7,29;15,65;40,21;40,22;41,30;42,30;43,40;60,21;67,64;68,63;68,64;69,63;69,64;70,14;70,15;70,26;70,27;71,26;76,25;79,47
07ce95dd-0bb7-402d-b740-c8a1d49e7752|Carola RPT A-full 3803bf22-891c-4077-ad80-793c7bce8fa0|Girder A|2022-09-27||80|80|4040242.0000000005|2402.5|4040242.0000000005|1463700.9999999998|3756.0|-365.0|7468737.0|3|67|69|1|3|67,69;67,70;68,69
3996db76-27e0-4149-8a7e-5725ba844736|Carola RPT A-full 9f0d8bc0-21c8-4d8f-8ce7-2a41f3f239d4|Girder A|2022-09-27||80|80|4040242.0000000005|2402.5|4040242.0000000005|1463700.9999999998|3756.0|-365.0|7468737.0|3|67|69|1|3|67,69;67,70;68,69
2ba739a7-0dff-42d1-bd65-4015003da5c9|Carola RPT A-full 3803bf22-891c-4077-ad80-793c7bce8fa0|Girder A|2022-10-02||80|80|754706.0|8358.5|754706.0|226879.99999999997|610.0|2954.0|17958306.0|53|30|54|25|6|0,52;0,53;1,5;2,5;2,9;2,49;2,50;3,42;4,79;10,50;10,51;10,55;11,50;11,51;14,64;15,33;20,70;21,70;27,38;27,42;28,38;28,39;29,53;29,54;29,55;29,61;30,53;30,54;30,55;30,60;30,61;41,78;43,49;43,78;44,48;44,49;44,78;45,79;46,78;46,79;47,15;49,20;49,71;49,72;49,73;50,20;54,46;54,47;55,47;60,56;71,28;71,29;79,75
0acb9993-e661-47ba-b13b-66542baf16b7|Carola RPT A-full 9f0d8bc0-21c8-4d8f-8ce7-2a41f3f239d4|Girder A|2022-10-02||80|80|754706.0|8358.5|754706.0|226879.99999999997|610.0|2954.0|17958306.0|53|30|54|25|6|0,52;0,53;1,5;2,5;2,9;2,49;2,50;3,42;4,79;10,50;10,51;10,55;11,50;11,51;14,64;15,33;20,70;21,70;27,38;27,42;28,38;28,39;29,53;29,54;29,55;29,61;30,53;30,54;30,55;30,60;30,61;41,78;43,49;43,78;44,48;44,49;44,78;45,79;46,78;46,79;47,15;49,20;49,71;49,72;49,73;50,20;54,46;54,47;55,47;60,56;71,28;71,29;79,75
345eb73b-5f3e-4329-ae2a-b577e3333b79|Carola RPT A-full 3803bf22-891c-4077-ad80-793c7bce8fa0|Girder A|2022-10-06||80|80|4181665.9999999995|6175.5|4181665.9999999995|1268585.0000000002|-1432.0|-4302.0|8894066.0|4|79|47|3|2|6,28;68,64;79,47;79,48
5492c71d-874e-4e99-bd89-4c10987536bc|Carola RPT A-full 9f0d8bc0-21c8-4d8f-8ce7-2a41f3f239d4|Girder A|2022-10-06||80|80|4181665.9999999995|6175.5|4181665.9999999995|1268585.0000000002|-1432.0|-4302.0|8894066.0|4|79|47|3|2|6,28;68,64;79,47;79,48
a1f0f3b1-71d5-4eac-b879-155bf59c2fb5|Carola RPT A-full 3803bf22-891c-4077-ad80-793c7bce8fa0|Girder A|2022-10-09||80|80|1143333.0000000002|12125.0|1143333.0000000002|344033.0|43.0|588.0|15846015.0|30|66|51|12|10|3,74;9,40;9,41;9,45;10,40;10,45;10,46;10,47;11,53;37,37;44,16;61,18;61,19;63,50;64,39;64,40;64,50;65,40;65,50;65,51;65,54;66,49;66,50;66,51;67,49;67,50;67,51;76,48;76,49;77,41
e690eb15-8a67-4125-aeee-478f56b4b0cb|Carola RPT A-full 9f0d8bc0-21c8-4d8f-8ce7-2a41f3f239d4|Girder A|2022-10-09||80|80|1143333.0000000002|12125.0|1143333.0000000002|344033.0|43.0|588.0|15846015.0|30|66|51|12|10|3,74;9,40;9,41;9,45;10,40;10,45;10,46;10,47;11,53;37,37;44,16;61,18;61,19;63,50;64,39;64,40;64,50;65,40;65,50;65,51;65,54;66,49;66,50;66,51;67,49;67,50;67,51;76,48;76,49;77,41
92bea7ea-1f34-429e-9273-d143b8d0c902|Carola RPT A-full 3803bf22-891c-4077-ad80-793c7bce8fa0|Girder A|2022-10-14||80|80|1543789.0|8021.0|1543789.0|474245.00000000006|989.0|-173.0|8807664.0|12|49|21|7|3|1,6;1,10;10,51;29,54;29,55;29,56;46,16;48,21;49,20;49,21;54,47;54,48
0e22d8cc-a219-4ce3-bfc5-1fd5badda451|Carola RPT A-full 9f0d8bc0-21c8-4d8f-8ce7-2a41f3f239d4|Girder A|2022-10-14||80|80|1543789.0|8021.0|1543789.0|474245.00000000006|989.0|-173.0|8807664.0|12|49|21|7|3|1,6;1,10;10,51;29,54;29,55;29,56;46,16;48,21;49,20;49,21;54,47;54,48
591879b4-52d5-4828-b9d9-3e80c6ee49b5|Carola RPT A-full 3803bf22-891c-4077-ad80-793c7bce8fa0|Girder A|2022-10-18||80|80|3057842.0|1602.0000000000002|3057842.0|1755370.0000000002|-603.0|1952.0|7291337.0|3|79|48|2|2|51,12;52,12;79,48
3106713a-6b6c-4229-9738-276dc7bec599|Carola RPT A-full 9f0d8bc0-21c8-4d8f-8ce7-2a41f3f239d4|Girder A|2022-10-18||80|80|3057842.0|1602.0000000000002|3057842.0|1755370.0000000002|-603.0|1952.0|7291337.0|3|79|48|2|2|51,12;52,12;79,48
3af109de-8139-4508-ab48-f4f5662c2453|Carola RPT A-full 3803bf22-891c-4077-ad80-793c7bce8fa0|Girder A|2022-10-21||80|80|1505565.0|14480.5|1505565.0|454340.0|-4264.0|-5879.0|22256539.0|34|37|76|15|6|9,31;10,31;10,44;10,47;10,48;11,47;11,48;11,49;11,50;11,52;12,52;12,53;36,75;36,76;37,75;37,76;38,69;39,69;43,76;44,16;45,16;49,26;58,34;62,73;63,73;64,50;66,50;67,49;67,50;67,51;70,74;76,48;77,48;77,49
815f42a2-2633-4bef-913b-9f97028c16b5|Carola RPT A-full 9f0d8bc0-21c8-4d8f-8ce7-2a41f3f239d4|Girder A|2022-10-21||80|80|1505565.0|14480.5|1505565.0|454340.0|-4264.0|-5879.0|22256539.0|34|37|76|15|6|9,31;10,31;10,44;10,47;10,48;11,47;11,48;11,49;11,50;11,52;12,52;12,53;36,75;36,76;37,75;37,76;38,69;39,69;43,76;44,16;45,16;49,26;58,34;62,73;63,73;64,50;66,50;67,49;67,50;67,51;70,74;76,48;77,48;77,49
62b29b13-7c19-4622-a03e-767a011bac28|Carola RPT A-full 3803bf22-891c-4077-ad80-793c7bce8fa0|Girder A|2022-10-26||80|80|204704.0|2210.0000000000005|204704.0|63065.00000000001|1422.0|130.0|2773692.0|29|2|10|16|6|0,1;1,7;2,7;2,8;2,9;2,10;3,10;5,18;7,24;11,18;17,40;18,41;18,42;22,11;25,34;26,34;26,35;28,37;30,61;43,78;44,78;54,43;54,45;54,46;54,48;59,0;60,0;79,74;79,75
3ab33ed2-752f-4676-8c73-277c7548277d|Carola RPT A-full 9f0d8bc0-21c8-4d8f-8ce7-2a41f3f239d4|Girder A|2022-10-26||80|80|204704.0|2210.0000000000005|204704.0|63065.00000000001|1422.0|130.0|2773692.0|29|2|10|16|6|0,1;1,7;2,7;2,8;2,9;2,10;3,10;5,18;7,24;11,18;17,40;18,41;18,42;22,11;25,34;26,34;26,35;28,37;30,61;43,78;44,78;54,43;54,45;54,46;54,48;59,0;60,0;79,74;79,75
5fbf0e37-b5cf-458b-83dd-bd61e2119fc5|Carola RPT A-full 3803bf22-891c-4077-ad80-793c7bce8fa0|Girder A|2022-10-30||80|80|2085088.9999999998|1421.0|2085088.9999999998|698221.0|873.0|1239.0|3610658.0|3|52|12|1|3|51,12;52,11;52,12
751ab92f-5c74-4632-9365-cb0b1cac92e9|Carola RPT A-full 9f0d8bc0-21c8-4d8f-8ce7-2a41f3f239d4|Girder A|2022-10-30||80|80|2085088.9999999998|1421.0|2085088.9999999998|698221.0|873.0|1239.0|3610658.0|3|52|12|1|3|51,12;52,11;52,12
e4cebcd5-a64b-429f-a956-e502076437e9|Carola RPT A-full 3803bf22-891c-4077-ad80-793c7bce8fa0|Girder A|2022-11-02||80|80|3390570.000000001|2676.9999999999995|3390570.000000001|1162162.0|1647.0|-3956.0|8223393.0|4|67|68|1|4|67,68;67,69;68,68;68,69
8dc45752-ce0c-452c-b4df-82d7aeed6623|Carola RPT A-full 9f0d8bc0-21c8-4d8f-8ce7-2a41f3f239d4|Girder A|2022-11-02||80|80|3390570.000000001|2676.9999999999995|3390570.000000001|1162162.0|1647.0|-3956.0|8223393.0|4|67|68|1|4|67,68;67,69;68,68;68,69
37aa230e-1617-43af-9f8f-af45b66c4955|Carola RPT A-full 3803bf22-891c-4077-ad80-793c7bce8fa0|Girder A|2022-11-07||80|80|338845.0|2305.9999999999995|338845.0|109265.0|-2127.0|-242.0|1598505.0|9|2|9|5|4|1,7;2,7;2,9;2,10;3,9;3,10;26,34;54,45;79,74
ad6ef6f9-ed41-48eb-b021-a816e4a76478|Carola RPT A-full 9f0d8bc0-21c8-4d8f-8ce7-2a41f3f239d4|Girder A|2022-11-07||80|80|338845.0|2305.9999999999995|338845.0|109265.0|-2127.0|-242.0|1598505.0|9|2|9|5|4|1,7;2,7;2,9;2,10;3,9;3,10;26,34;54,45;79,74
a74d2640-f567-4499-9719-f0c95fd6d0f8|Carola RPT A-full 3803bf22-891c-4077-ad80-793c7bce8fa0|Girder A|2022-11-11||80|80|2131898.0|1395.0000000000002|2131898.0|677797.0000000001|-923.0|-987.0|3818352.0|3|52|12|1|3|51,12;52,12;52,13
106b27d3-d0d8-4184-be19-ab48570ab25a|Carola RPT A-full 9f0d8bc0-21c8-4d8f-8ce7-2a41f3f239d4|Girder A|2022-11-11||80|80|2131898.0|1395.0000000000002|2131898.0|677797.0000000001|-923.0|-987.0|3818352.0|3|52|12|1|3|51,12;52,12;52,13
4f617337-3fe7-47a6-87d4-65c4b14fe4c2|Carola RPT A-full 3803bf22-891c-4077-ad80-793c7bce8fa0|Girder A|2022-11-14||80|80|1313148.9999999995|13066.500000000002|1313148.9999999995|414677.0|-4160.0|-333.0|12495115.0|20|66|50|11|6|9,41;10,46;10,47;10,52;29,16;41,57;42,57;43,16;44,16;60,18;61,73;61,74;63,70;64,50;65,50;65,51;66,49;66,50;66,51;75,48
67c1bc47-b034-4eea-ad02-5e86a9ba925a|Carola RPT A-full 9f0d8bc0-21c8-4d8f-8ce7-2a41f3f239d4|Girder A|2022-11-14||80|80|1313148.9999999995|13066.500000000002|1313148.9999999995|414677.0|-4160.0|-333.0|12495115.0|20|66|50|11|6|9,41;10,46;10,47;10,52;29,16;41,57;42,57;43,16;44,16;60,18;61,73;61,74;63,70;64,50;65,50;65,51;66,49;66,50;66,51;75,48
a9db8522-e83c-41b2-8a10-c3c2c018a188|Carola RPT A-full 3803bf22-891c-4077-ad80-793c7bce8fa0|Girder A|2022-11-19||80|80|407290.0|2104.9999999999995|407290.0|127047.99999999999|-3276.0|581.0|2164827.0|10|2|9|3|8|1,7;2,6;2,7;2,8;2,9;2,10;3,9;3,10;26,34;54,42
de39abe2-dfb7-4e6c-b347-b840d8d9a4de|Carola RPT A-full 9f0d8bc0-21c8-4d8f-8ce7-2a41f3f239d4|Girder A|2022-11-19||80|80|407290.0|2104.9999999999995|407290.0|127047.99999999999|-3276.0|581.0|2164827.0|10|2|9|3|8|1,7;2,6;2,7;2,8;2,9;2,10;3,9;3,10;26,34;54,42
829208e9-3099-47f2-b807-dd2e9522d8b4|Carola RPT A-full 3803bf22-891c-4077-ad80-793c7bce8fa0|Girder A|2022-11-23||80|80|2382533.0000000005|5747.499999999999|2382533.0000000005|726673.0000000001|-557.0|141.0|29927886.0|25|70|27|15|4|5,32;6,29;6,32;7,29;15,66;18,72;39,22;39,23;40,22;40,23;41,31;43,40;63,0;68,62;68,64;68,65;70,15;70,27;71,27;76,25;76,26;78,22;79,22;79,23;79,48
498f77a6-f952-4d2c-aa4b-96b515fbc187|Carola RPT A-full 9f0d8bc0-21c8-4d8f-8ce7-2a41f3f239d4|Girder A|2022-11-23||80|80|2382533.0000000005|5747.499999999999|2382533.0000000005|726673.0000000001|-557.0|141.0|29927886.0|25|70|27|15|4|5,32;6,29;6,32;7,29;15,66;18,72;39,22;39,23;40,22;40,23;41,31;43,40;63,0;68,62;68,64;68,65;70,15;70,27;71,27;76,25;76,26;78,22;79,22;79,23;79,48
4f380101-80eb-4618-958c-4fcb28ebfad8|Carola RPT A-full 3803bf22-891c-4077-ad80-793c7bce8fa0|Girder A|2022-11-26||80|80|2704234.0000000005|2855.0|2704234.0000000005|1359408.9999999998|1840.0|-3979.0|8083213.0|4|68|68|1|4|67,68;67,69;68,68;68,69
693104d8-0957-47b7-ae52-1be137c1ff57|Carola RPT A-full 9f0d8bc0-21c8-4d8f-8ce7-2a41f3f239d4|Girder A|2022-11-26||80|80|2704234.0000000005|2855.0|2704234.0000000005|1359408.9999999998|1840.0|-3979.0|8083213.0|4|68|68|1|4|67,68;67,69;68,68;68,69
b2122266-5c79-4d70-9a59-f9c7d00ddb6d|Carola RPT A-full 3803bf22-891c-4077-ad80-793c7bce8fa0|Girder A|2022-12-01||80|80|328474.00000000006|2192.0|328474.00000000006|108276.99999999997|2150.0|464.0|2385018.0|14|3|10|5|8|2,7;2,8;2,9;2,10;3,7;3,8;3,9;3,10;26,34;26,35;27,35;54,43;55,48;60,0
a7f7bb99-ede5-4ad5-bb13-64924e5056b3|Carola RPT A-full 9f0d8bc0-21c8-4d8f-8ce7-2a41f3f239d4|Girder A|2022-12-01||80|80|328474.00000000006|2192.0|328474.00000000006|108276.99999999997|2150.0|464.0|2385018.0|14|3|10|5|8|2,7;2,8;2,9;2,10;3,7;3,8;3,9;3,10;26,34;26,35;27,35;54,43;55,48;60,0
906c659b-cb7f-4ff6-be62-828084583a76|Carola RPT A-full 3803bf22-891c-4077-ad80-793c7bce8fa0|Girder A|2022-12-05||80|80|2687490.000000001|5627.0|2687490.000000001|848165.0|-1226.0|2627.0|31995645.0|24|79|47|11|4|5,31;6,28;6,31;7,28;7,29;39,22;40,22;41,30;57,22;67,64;68,62;68,63;68,64;69,14;69,26;70,14;70,26;70,27;76,25;78,21;78,22;79,22;79,47;79,48
fa951f61-9628-4d71-ad1f-c57efddcfc72|Carola RPT A-full 9f0d8bc0-21c8-4d8f-8ce7-2a41f3f239d4|Girder A|2022-12-05||80|80|2687490.000000001|5627.0|2687490.000000001|848165.0|-1226.0|2627.0|31995645.0|24|79|47|11|4|5,31;6,28;6,31;7,28;7,29;39,22;40,22;41,30;57,22;67,64;68,62;68,63;68,64;69,14;69,26;70,14;70,26;70,27;76,25;78,21;78,22;79,22;79,47;79,48
0cbf2b6b-6cfe-4661-a9db-820db0ddfe30|Carola RPT A-full 3803bf22-891c-4077-ad80-793c7bce8fa0|Girder A|2022-12-08||80|80|1001125.0000000002|12789.499999999998|1001125.0000000002|306964.99999999994|1734.0|-1862.0|18157652.0|39|66|50|22|9|3,3;9,40;9,41;10,46;11,53;17,8;30,16;35,76;36,76;39,39;42,76;43,16;43,17;44,16;44,17;46,30;47,30;48,26;51,39;56,30;57,30;60,77;61,74;62,63;64,50;64,54;65,50;65,51;66,49;66,50;66,51;66,52;67,49;67,50;69,74;70,2;75,48;76,48;76,49
9d8fbbaa-7a78-4885-9a0e-3b07b46c9c65|Carola RPT A-full 9f0d8bc0-21c8-4d8f-8ce7-2a41f3f239d4|Girder A|2022-12-08||80|80|1001125.0000000002|12789.499999999998|1001125.0000000002|306964.99999999994|1734.0|-1862.0|18157652.0|39|66|50|22|9|3,3;9,40;9,41;10,46;11,53;17,8;30,16;35,76;36,76;39,39;42,76;43,16;43,17;44,16;44,17;46,30;47,30;48,26;51,39;56,30;57,30;60,77;61,74;62,63;64,50;64,54;65,50;65,51;66,49;66,50;66,51;66,52;67,49;67,50;69,74;70,2;75,48;76,48;76,49
39125315-7db2-4083-96da-d8f05463d8ef|Carola RPT A-full 3803bf22-891c-4077-ad80-793c7bce8fa0|Girder A|2022-12-13||80|80|902921.0000000001|7565.0|902921.0000000001|284824.99999999994|-1236.0|3016.0|12904376.0|29|30|55|15|7|0,53;2,6;11,50;11,51;12,51;13,64;13,65;15,65;24,16;26,34;26,35;30,52;30,53;30,54;30,55;30,56;31,53;31,54;44,49;44,50;49,20;49,72;49,73;50,72;50,73;54,43;58,77;74,6;74,10
ac21080d-535a-4c4d-a743-90ce279477a1|Carola RPT A-full 9f0d8bc0-21c8-4d8f-8ce7-2a41f3f239d4|Girder A|2022-12-13||80|80|902921.0000000001|7565.0|902921.0000000001|284824.99999999994|-1236.0|3016.0|12904376.0|29|30|55|15|7|0,53;2,6;11,50;11,51;12,51;13,64;13,65;15,65;24,16;26,34;26,35;30,52;30,53;30,54;30,55;30,56;31,53;31,54;44,49;44,50;49,20;49,72;49,73;50,72;50,73;54,43;58,77;74,6;74,10
a7b1177e-1061-43db-aed2-8d510f760700|Carola RPT A-full 3803bf22-891c-4077-ad80-793c7bce8fa0|Girder A|2022-12-17||80|80|1732964.0000000005|4648.999999999999|1732964.0000000005|532597.0|-3102.0|2096.0|23485394.0|28|69|15|13|4|4,38;5,31;5,32;5,38;6,28;6,29;6,32;7,28;7,29;14,66;15,65;15,66;39,22;39,23;56,55;57,23;57,55;60,21;61,21;68,62;69,15;69,26;69,27;69,79;70,15;70,26;70,27;79,48
21ac0c44-cf39-48b5-8bda-9e562665a23b|Carola RPT A-full 9f0d8bc0-21c8-4d8f-8ce7-2a41f3f239d4|Girder A|2022-12-17||80|80|1732964.0000000005|4648.999999999999|1732964.0000000005|532597.0|-3102.0|2096.0|23485394.0|28|69|15|13|4|4,38;5,31;5,32;5,38;6,28;6,29;6,32;7,28;7,29;14,66;15,65;15,66;39,22;39,23;56,55;57,23;57,55;60,21;61,21;68,62;69,15;69,26;69,27;69,79;70,15;70,26;70,27;79,48
707177ec-ffbc-4061-9d3d-896ac68a6daa|Carola RPT A-full 3803bf22-891c-4077-ad80-793c7bce8fa0|Girder A|2022-12-20||80|80|1120344.9999999998|11557.0|1120344.9999999998|342509.0|-4554.0|-3032.0|20584704.0|39|79|0|18|6|8,44;9,44;9,48;9,50;9,52;10,50;10,52;10,53;11,53;12,77;13,77;29,16;33,7;34,75;34,76;35,75;35,76;41,76;43,16;47,26;58,73;58,74;59,73;59,74;60,73;60,74;64,51;65,41;65,49;65,50;65,51;66,49;66,50;66,54;67,56;68,74;79,0;79,1;79,2
b54195b1-e786-4500-994b-2eb282558ad4|Carola RPT A-full 9f0d8bc0-21c8-4d8f-8ce7-2a41f3f239d4|Girder A|2022-12-20||80|80|1120344.9999999998|11557.0|1120344.9999999998|342509.0|-4554.0|-3032.0|20584704.0|39|79|0|18|6|8,44;9,44;9,48;9,50;9,52;10,50;10,52;10,53;11,53;12,77;13,77;29,16;33,7;34,75;34,76;35,75;35,76;41,76;43,16;47,26;58,73;58,74;59,73;59,74;60,73;60,74;64,51;65,41;65,49;65,50;65,51;66,49;66,50;66,54;67,56;68,74;79,0;79,1;79,2
54d27152-d48d-454c-9b55-c3adb0af002d|Carola RPT A-full 3803bf22-891c-4077-ad80-793c7bce8fa0|Girder A|2022-12-25||80|80|486562.0|2276.0|486562.0|157345.00000000003|-2245.0|1014.0|2062947.0|8|3|10|2|6|2,8;3,8;3,9;3,10;4,10;4,11;26,35;27,35
aa07a301-918e-4e0d-b48d-55e726ed6dfe|Carola RPT A-full 9f0d8bc0-21c8-4d8f-8ce7-2a41f3f239d4|Girder A|2022-12-25||80|80|486562.0|2276.0|486562.0|157345.00000000003|-2245.0|1014.0|2062947.0|8|3|10|2|6|2,8;3,8;3,9;3,10;4,10;4,11;26,35;27,35
b4def04e-5c3d-497d-9c7c-8a653c608629|Carola RPT A-full 3803bf22-891c-4077-ad80-793c7bce8fa0|Girder A|2022-12-29||80|80|1477744.9999999998|1508.0|1477744.9999999998|453569.00000000006|-111.0|-310.0|4053181.0|4|51|11|3|2|51,11;52,11;67,63;79,47
019ce096-8d8a-46e2-be81-8d7cbe3b18f2|Carola RPT A-full 9f0d8bc0-21c8-4d8f-8ce7-2a41f3f239d4|Girder A|2022-12-29||80|80|1477744.9999999998|1508.0|1477744.9999999998|453569.00000000006|-111.0|-310.0|4053181.0|4|51|11|3|2|51,11;52,11;67,63;79,47
59faa1c3-72cc-4eb2-ac83-e3c653e05122|Carola RPT A-full 3803bf22-891c-4077-ad80-793c7bce8fa0|Girder A|2023-01-01||80|80|820450.0|12817.0|820450.0|250489.00000000003|1761.0|-26.0|24257255.0|64|66|51|29|11|4,78;6,65;9,40;9,41;10,41;10,46;10,47;11,46;11,47;11,53;13,77;14,77;29,78;30,15;30,16;31,16;32,61;36,37;36,76;41,26;43,16;43,17;43,79;44,16;44,17;44,50;45,35;46,35;48,25;48,26;59,20;59,76;60,18;60,20;60,77;61,18;61,74;61,77;62,73;63,39;63,40;63,70;63,71;64,40;64,50;64,70;64,71;65,50;65,51;66,41;66,49;66,50;66,51;66,52;67,49;67,50;67,51;67,52;67,54;68,54;69,74;73,60;76,48;76,49
93818eef-247e-47f1-8f24-41365775aab7|Carola RPT A-full 9f0d8bc0-21c8-4d8f-8ce7-2a41f3f239d4|Girder A|2023-01-01||80|80|820450.0|12817.0|820450.0|250489.00000000003|1761.0|-26.0|24257255.0|64|66|51|29|11|4,78;6,65;9,40;9,41;10,41;10,46;10,47;11,46;11,47;11,53;13,77;14,77;29,78;30,15;30,16;31,16;32,61;36,37;36,76;41,26;43,16;43,17;43,79;44,16;44,17;44,50;45,35;46,35;48,25;48,26;59,20;59,76;60,18;60,20;60,77;61,18;61,74;61,77;62,73;63,39;63,40;63,70;63,71;64,40;64,50;64,70;64,71;65,50;65,51;66,41;66,49;66,50;66,51;66,52;67,49;67,50;67,51;67,52;67,54;68,54;69,74;73,60;76,48;76,49
95974b3e-9456-4482-a612-e3e9b4037172|Carola RPT C-subwindow 691644e8-73fe-4c1a-97aa-ffe2eac1319c|Girder A|2023-01-01||80|80|820450.0|12817.0|820450.0|250489.00000000003|1761.0|-26.0|24257255.0|64|66|51|29|11|4,78;6,65;9,40;9,41;10,41;10,46;10,47;11,46;11,47;11,53;13,77;14,77;29,78;30,15;30,16;31,16;32,61;36,37;36,76;41,26;43,16;43,17;43,79;44,16;44,17;44,50;45,35;46,35;48,25;48,26;59,20;59,76;60,18;60,20;60,77;61,18;61,74;61,77;62,73;63,39;63,40;63,70;63,71;64,40;64,50;64,70;64,71;65,50;65,51;66,41;66,49;66,50;66,51;66,52;67,49;67,50;67,51;67,52;67,54;68,54;69,74;73,60;76,48;76,49
fe86984b-c10a-4e51-86c8-c3403ce1aa74|Carola RPT C-subwindow 9978c280-4108-4c8b-9541-81260137691b|Girder A|2023-01-01||80|80|820450.0|12817.0|820450.0|250489.00000000003|1761.0|-26.0|24257255.0|64|66|51|29|11|4,78;6,65;9,40;9,41;10,41;10,46;10,47;11,46;11,47;11,53;13,77;14,77;29,78;30,15;30,16;31,16;32,61;36,37;36,76;41,26;43,16;43,17;43,79;44,16;44,17;44,50;45,35;46,35;48,25;48,26;59,20;59,76;60,18;60,20;60,77;61,18;61,74;61,77;62,73;63,39;63,40;63,70;63,71;64,40;64,50;64,70;64,71;65,50;65,51;66,41;66,49;66,50;66,51;66,52;67,49;67,50;67,51;67,52;67,54;68,54;69,74;73,60;76,48;76,49
76022bba-635c-455c-a6a6-654a2f853280|Carola RPT C-subwindow da3dd34f-a7eb-45c4-ae4d-e7e00ca57233|Girder A|2023-01-01||80|80|820450.0|12817.0|820450.0|250489.00000000003|1761.0|-26.0|24257255.0|64|66|51|29|11|4,78;6,65;9,40;9,41;10,41;10,46;10,47;11,46;11,47;11,53;13,77;14,77;29,78;30,15;30,16;31,16;32,61;36,37;36,76;41,26;43,16;43,17;43,79;44,16;44,17;44,50;45,35;46,35;48,25;48,26;59,20;59,76;60,18;60,20;60,77;61,18;61,74;61,77;62,73;63,39;63,40;63,70;63,71;64,40;64,50;64,70;64,71;65,50;65,51;66,41;66,49;66,50;66,51;66,52;67,49;67,50;67,51;67,52;67,54;68,54;69,74;73,60;76,48;76,49
eaad13f7-3549-4851-aadf-c4e6382adbaa|Carola RPT A-full 3803bf22-891c-4077-ad80-793c7bce8fa0|Girder A|2023-01-06||80|80|420125.0|2335.9999999999995|420125.0|126113.0|1783.0|-1232.0|2813055.0|12|26|35|4|7|1,8;2,7;2,8;2,9;2,10;3,9;3,10;5,18;26,34;26,35;27,35;59,0
0162aee4-4b14-46b6-b038-df862b4bf35a|Carola RPT A-full 9f0d8bc0-21c8-4d8f-8ce7-2a41f3f239d4|Girder A|2023-01-06||80|80|420125.0|2335.9999999999995|420125.0|126113.0|1783.0|-1232.0|2813055.0|12|26|35|4|7|1,8;2,7;2,8;2,9;2,10;3,9;3,10;5,18;26,34;26,35;27,35;59,0
e14ee291-e670-49c8-a827-cb242382b03b|Carola RPT C-subwindow 691644e8-73fe-4c1a-97aa-ffe2eac1319c|Girder A|2023-01-06||80|80|420125.0|2335.9999999999995|420125.0|126113.0|1783.0|-1232.0|2813055.0|12|26|35|4|7|1,8;2,7;2,8;2,9;2,10;3,9;3,10;5,18;26,34;26,35;27,35;59,0
91dafc76-37fe-4ebd-a7b8-3545e7b10196|Carola RPT C-subwindow 9978c280-4108-4c8b-9541-81260137691b|Girder A|2023-01-06||80|80|420125.0|2335.9999999999995|420125.0|126113.0|1783.0|-1232.0|2813055.0|12|26|35|4|7|1,8;2,7;2,8;2,9;2,10;3,9;3,10;5,18;26,34;26,35;27,35;59,0
fce0af40-65ba-477c-b1ad-b3d0dd3f4550|Carola RPT C-subwindow da3dd34f-a7eb-45c4-ae4d-e7e00ca57233|Girder A|2023-01-06||80|80|420125.0|2335.9999999999995|420125.0|126113.0|1783.0|-1232.0|2813055.0|12|26|35|4|7|1,8;2,7;2,8;2,9;2,10;3,9;3,10;5,18;26,34;26,35;27,35;59,0
b72aa540-fe19-4258-a1c7-8be3de810d4c|Carola RPT A-full 3803bf22-891c-4077-ad80-793c7bce8fa0|Girder A|2023-01-10||80|80|1890512.0|1624.9999999999998|1890512.0|596487.9999999999|-375.0|-793.0|4080022.0|4|52|11|1|4|51,11;52,11;52,12;53,11
022da720-fcfc-42e4-918b-2a957822e473|Carola RPT A-full 9f0d8bc0-21c8-4d8f-8ce7-2a41f3f239d4|Girder A|2023-01-10||80|80|1890512.0|1624.9999999999998|1890512.0|596487.9999999999|-375.0|-793.0|4080022.0|4|52|11|1|4|51,11;52,11;52,12;53,11
03504e75-682c-4296-8b9b-f2a79679a247|Carola RPT C-subwindow 691644e8-73fe-4c1a-97aa-ffe2eac1319c|Girder A|2023-01-10||80|80|1890512.0|1624.9999999999998|1890512.0|596487.9999999999|-375.0|-793.0|4080022.0|4|52|11|1|4|51,11;52,11;52,12;53,11
acd381bc-bfef-459c-8a70-afea0273c4fa|Carola RPT C-subwindow 9978c280-4108-4c8b-9541-81260137691b|Girder A|2023-01-10||80|80|1890512.0|1624.9999999999998|1890512.0|596487.9999999999|-375.0|-793.0|4080022.0|4|52|11|1|4|51,11;52,11;52,12;53,11
bb3bfafc-3d66-4900-bdd5-93e04a83ddf4|Carola RPT C-subwindow da3dd34f-a7eb-45c4-ae4d-e7e00ca57233|Girder A|2023-01-10||80|80|1890512.0|1624.9999999999998|1890512.0|596487.9999999999|-375.0|-793.0|4080022.0|4|52|11|1|4|51,11;52,11;52,12;53,11
4e83ed49-d550-482e-8d72-d45f61996734|Carola RPT A-full 3803bf22-891c-4077-ad80-793c7bce8fa0|Girder A|2023-01-13||80|80|3150881.0|2689.5|3150881.0|1458738.0|-4060.0|-1732.0|9057832.0|4|68|68|1|4|67,68;67,69;68,68;68,69
9584135c-4e27-4be3-9d48-afc1f718a6e4|Carola RPT A-full 9f0d8bc0-21c8-4d8f-8ce7-2a41f3f239d4|Girder A|2023-01-13||80|80|3150881.0|2689.5|3150881.0|1458738.0|-4060.0|-1732.0|9057832.0|4|68|68|1|4|67,68;67,69;68,68;68,69
205aa1ff-3aee-4e7f-b51d-cd47eae7f2cf|Carola RPT C-subwindow 691644e8-73fe-4c1a-97aa-ffe2eac1319c|Girder A|2023-01-13||80|80|3150881.0|2689.5|3150881.0|1458738.0|-4060.0|-1732.0|9057832.0|4|68|68|1|4|67,68;67,69;68,68;68,69
a75c58cf-c074-4971-adf6-8a375f064534|Carola RPT C-subwindow 9978c280-4108-4c8b-9541-81260137691b|Girder A|2023-01-13||80|80|3150881.0|2689.5|3150881.0|1458738.0|-4060.0|-1732.0|9057832.0|4|68|68|1|4|67,68;67,69;68,68;68,69
696929ee-1716-4145-9253-65b61413efeb|Carola RPT C-subwindow da3dd34f-a7eb-45c4-ae4d-e7e00ca57233|Girder A|2023-01-13||80|80|3150881.0|2689.5|3150881.0|1458738.0|-4060.0|-1732.0|9057832.0|4|68|68|1|4|67,68;67,69;68,68;68,69
5a129535-9c0c-4a01-8bd8-ea2e53a6bcd3|Carola RPT A-full 3803bf22-891c-4077-ad80-793c7bce8fa0|Girder A|2023-01-18||80|80|564980.0|2152.5|564980.0|188425.0|-344.0|1838.0|1389788.0|5|3|10|1|5|3,8;3,9;3,10;3,11;4,10
8336be70-9565-4d59-829c-0245afaab6cc|Carola RPT A-full 9f0d8bc0-21c8-4d8f-8ce7-2a41f3f239d4|Girder A|2023-01-18||80|80|564980.0|2152.5|564980.0|188425.0|-344.0|1838.0|1389788.0|5|3|10|1|5|3,8;3,9;3,10;3,11;4,10
a1a68bed-fe84-48a0-9398-4aa153af3bb5|Carola RPT C-subwindow 691644e8-73fe-4c1a-97aa-ffe2eac1319c|Girder A|2023-01-18||80|80|564980.0|2152.5|564980.0|188425.0|-344.0|1838.0|1389788.0|5|3|10|1|5|3,8;3,9;3,10;3,11;4,10
db4ddf88-244f-4446-a8b8-92cfa2d38399|Carola RPT C-subwindow 9978c280-4108-4c8b-9541-81260137691b|Girder A|2023-01-18||80|80|564980.0|2152.5|564980.0|188425.0|-344.0|1838.0|1389788.0|5|3|10|1|5|3,8;3,9;3,10;3,11;4,10
485e58a4-d7c3-464b-8732-879d35fc45c4|Carola RPT C-subwindow da3dd34f-a7eb-45c4-ae4d-e7e00ca57233|Girder A|2023-01-18||80|80|564980.0|2152.5|564980.0|188425.0|-344.0|1838.0|1389788.0|5|3|10|1|5|3,8;3,9;3,10;3,11;4,10
3588f3d8-dced-441f-b70d-918d13707f80|Carola RPT A-full 3803bf22-891c-4077-ad80-793c7bce8fa0|Girder A|2023-01-22||80|80|1199482.0|1444.9999999999998|1199482.0|374617.00000000006|-1854.0|2476.0|6539690.0|11|79|48|5|4|12,59;12,60;19,48;51,11;51,12;52,11;52,12;67,64;67,65;79,47;79,48
f704f2c3-24fe-4b9b-8cd6-34846b6a0e76|Carola RPT A-full 9f0d8bc0-21c8-4d8f-8ce7-2a41f3f239d4|Girder A|2023-01-22||80|80|1199482.0|1444.9999999999998|1199482.0|374617.00000000006|-1854.0|2476.0|6539690.0|11|79|48|5|4|12,59;12,60;19,48;51,11;51,12;52,11;52,12;67,64;67,65;79,47;79,48
c11925db-2131-461a-84ae-82267f739a45|Carola RPT C-subwindow 691644e8-73fe-4c1a-97aa-ffe2eac1319c|Girder A|2023-01-22||80|80|1199482.0|1444.9999999999998|1199482.0|374617.00000000006|-1854.0|2476.0|6539690.0|11|79|48|5|4|12,59;12,60;19,48;51,11;51,12;52,11;52,12;67,64;67,65;79,47;79,48
f31826e2-19c0-4b4c-a251-30171b416e08|Carola RPT C-subwindow 9978c280-4108-4c8b-9541-81260137691b|Girder A|2023-01-22||80|80|1199482.0|1444.9999999999998|1199482.0|374617.00000000006|-1854.0|2476.0|6539690.0|11|79|48|5|4|12,59;12,60;19,48;51,11;51,12;52,11;52,12;67,64;67,65;79,47;79,48
0af9c7f2-5f76-4874-a9f5-21e62508bb57|Carola RPT C-subwindow da3dd34f-a7eb-45c4-ae4d-e7e00ca57233|Girder A|2023-01-22||80|80|1199482.0|1444.9999999999998|1199482.0|374617.00000000006|-1854.0|2476.0|6539690.0|11|79|48|5|4|12,59;12,60;19,48;51,11;51,12;52,11;52,12;67,64;67,65;79,47;79,48
0f860780-b059-496c-8937-8283c5f6e49e|Carola RPT A-full 3803bf22-891c-4077-ad80-793c7bce8fa0|Girder A|2023-01-25||80|80|795804.9999999999|12267.5|795804.9999999999|241937.99999999997|-3310.0|885.0|25187887.0|65|66|51|27|12|9,24;9,41;10,46;10,47;10,48;10,49;10,52;10,53;11,46;11,47;11,52;11,53;11,55;30,15;30,16;31,16;35,4;35,5;35,75;35,76;36,75;36,76;41,26;41,27;42,75;42,76;43,16;44,16;44,17;44,51;45,51;46,30;47,30;48,26;51,38;51,39;52,39;56,74;60,77;61,18;61,74;61,77;62,63;63,63;63,70;64,49;64,50;65,40;65,50;65,51;66,49;66,50;66,51;66,52;67,49;67,50;67,51;67,52;67,54;67,55;69,74;73,77;75,48;76,47;76,48
c270857e-ca24-4c4c-9418-138bef82ba26|Carola RPT A-full 9f0d8bc0-21c8-4d8f-8ce7-2a41f3f239d4|Girder A|2023-01-25||80|80|795804.9999999999|12267.5|795804.9999999999|241937.99999999997|-3310.0|885.0|25187887.0|65|66|51|27|12|9,24;9,41;10,46;10,47;10,48;10,49;10,52;10,53;11,46;11,47;11,52;11,53;11,55;30,15;30,16;31,16;35,4;35,5;35,75;35,76;36,75;36,76;41,26;41,27;42,75;42,76;43,16;44,16;44,17;44,51;45,51;46,30;47,30;48,26;51,38;51,39;52,39;56,74;60,77;61,18;61,74;61,77;62,63;63,63;63,70;64,49;64,50;65,40;65,50;65,51;66,49;66,50;66,51;66,52;67,49;67,50;67,51;67,52;67,54;67,55;69,74;73,77;75,48;76,47;76,48
2c7d30a7-282e-4367-b7b3-03d01d9aab9c|Carola RPT C-subwindow 691644e8-73fe-4c1a-97aa-ffe2eac1319c|Girder A|2023-01-25||80|80|795804.9999999999|12267.5|795804.9999999999|241937.99999999997|-3310.0|885.0|25187887.0|65|66|51|27|12|9,24;9,41;10,46;10,47;10,48;10,49;10,52;10,53;11,46;11,47;11,52;11,53;11,55;30,15;30,16;31,16;35,4;35,5;35,75;35,76;36,75;36,76;41,26;41,27;42,75;42,76;43,16;44,16;44,17;44,51;45,51;46,30;47,30;48,26;51,38;51,39;52,39;56,74;60,77;61,18;61,74;61,77;62,63;63,63;63,70;64,49;64,50;65,40;65,50;65,51;66,49;66,50;66,51;66,52;67,49;67,50;67,51;67,52;67,54;67,55;69,74;73,77;75,48;76,47;76,48
10803f06-f667-41ff-9f39-5b7012af466d|Carola RPT C-subwindow 9978c280-4108-4c8b-9541-81260137691b|Girder A|2023-01-25||80|80|795804.9999999999|12267.5|795804.9999999999|241937.99999999997|-3310.0|885.0|25187887.0|65|66|51|27|12|9,24;9,41;10,46;10,47;10,48;10,49;10,52;10,53;11,46;11,47;11,52;11,53;11,55;30,15;30,16;31,16;35,4;35,5;35,75;35,76;36,75;36,76;41,26;41,27;42,75;42,76;43,16;44,16;44,17;44,51;45,51;46,30;47,30;48,26;51,38;51,39;52,39;56,74;60,77;61,18;61,74;61,77;62,63;63,63;63,70;64,49;64,50;65,40;65,50;65,51;66,49;66,50;66,51;66,52;67,49;67,50;67,51;67,52;67,54;67,55;69,74;73,77;75,48;76,47;76,48
1725918f-a041-4dbc-9edb-6c78f48c6c44|Carola RPT C-subwindow da3dd34f-a7eb-45c4-ae4d-e7e00ca57233|Girder A|2023-01-25||80|80|795804.9999999999|12267.5|795804.9999999999|241937.99999999997|-3310.0|885.0|25187887.0|65|66|51|27|12|9,24;9,41;10,46;10,47;10,48;10,49;10,52;10,53;11,46;11,47;11,52;11,53;11,55;30,15;30,16;31,16;35,4;35,5;35,75;35,76;36,75;36,76;41,26;41,27;42,75;42,76;43,16;44,16;44,17;44,51;45,51;46,30;47,30;48,26;51,38;51,39;52,39;56,74;60,77;61,18;61,74;61,77;62,63;63,63;63,70;64,49;64,50;65,40;65,50;65,51;66,49;66,50;66,51;66,52;67,49;67,50;67,51;67,52;67,54;67,55;69,74;73,77;75,48;76,47;76,48
3500e10c-3841-4193-ae26-fd8d47585707|Carola RPT A-full 3803bf22-891c-4077-ad80-793c7bce8fa0|Girder A|2023-01-30||80|80|456125.0|2171.0|456125.0|137028.99999999997|1287.0|-2385.0|3507090.0|13|3|9|3|8|3,7;3,8;3,9;3,10;4,7;4,8;4,9;4,10;27,34;27,35;28,34;28,35;55,43
46962892-70cc-4574-8846-f4ac3f8e1da5|Carola RPT A-full 9f0d8bc0-21c8-4d8f-8ce7-2a41f3f239d4|Girder A|2023-01-30||80|80|456125.0|2171.0|456125.0|137028.99999999997|1287.0|-2385.0|3507090.0|13|3|9|3|8|3,7;3,8;3,9;3,10;4,7;4,8;4,9;4,10;27,34;27,35;28,34;28,35;55,43
7c9d9f3c-c659-471b-a9bc-e0e222d0501f|Carola RPT C-subwindow 691644e8-73fe-4c1a-97aa-ffe2eac1319c|Girder A|2023-01-30||80|80|456125.0|2171.0|456125.0|137028.99999999997|1287.0|-2385.0|3507090.0|13|3|9|3|8|3,7;3,8;3,9;3,10;4,7;4,8;4,9;4,10;27,34;27,35;28,34;28,35;55,43
4af4018a-331e-449c-9f83-248901516af6|Carola RPT C-subwindow 9978c280-4108-4c8b-9541-81260137691b|Girder A|2023-01-30||80|80|456125.0|2171.0|456125.0|137028.99999999997|1287.0|-2385.0|3507090.0|13|3|9|3|8|3,7;3,8;3,9;3,10;4,7;4,8;4,9;4,10;27,34;27,35;28,34;28,35;55,43
a0076da1-597c-4d7e-ba69-d48aba073a62|Carola RPT C-subwindow da3dd34f-a7eb-45c4-ae4d-e7e00ca57233|Girder A|2023-01-30||80|80|456125.0|2171.0|456125.0|137028.99999999997|1287.0|-2385.0|3507090.0|13|3|9|3|8|3,7;3,8;3,9;3,10;4,7;4,8;4,9;4,10;27,34;27,35;28,34;28,35;55,43
bce7d006-ba87-4456-8b7c-c08604ec2a8c|Carola RPT A-full 3803bf22-891c-4077-ad80-793c7bce8fa0|Girder A|2023-02-03||80|80|1379668.9999999998|1696.5|1379668.9999999998|474730.00000000006|1976.0|-85.0|6069385.0|7|52|11|3|4|51,11;51,12;52,11;52,12;67,64;79,47;79,48
567a226d-054e-4444-8d32-0512b5591d3d|Carola RPT A-full 9f0d8bc0-21c8-4d8f-8ce7-2a41f3f239d4|Girder A|2023-02-03||80|80|1379668.9999999998|1696.5|1379668.9999999998|474730.00000000006|1976.0|-85.0|6069385.0|7|52|11|3|4|51,11;51,12;52,11;52,12;67,64;79,47;79,48
7612bcd8-a9de-422b-a69f-d6bc579aa0a1|Carola RPT C-subwindow 691644e8-73fe-4c1a-97aa-ffe2eac1319c|Girder A|2023-02-03||80|80|1379668.9999999998|1696.5|1379668.9999999998|474730.00000000006|1976.0|-85.0|6069385.0|7|52|11|3|4|51,11;51,12;52,11;52,12;67,64;79,47;79,48
1de846a6-88ae-40e4-96e3-9efd47be0682|Carola RPT C-subwindow 9978c280-4108-4c8b-9541-81260137691b|Girder A|2023-02-03||80|80|1379668.9999999998|1696.5|1379668.9999999998|474730.00000000006|1976.0|-85.0|6069385.0|7|52|11|3|4|51,11;51,12;52,11;52,12;67,64;79,47;79,48
2e8a44db-52e7-4147-8314-edadfcf1434d|Carola RPT C-subwindow da3dd34f-a7eb-45c4-ae4d-e7e00ca57233|Girder A|2023-02-03||80|80|1379668.9999999998|1696.5|1379668.9999999998|474730.00000000006|1976.0|-85.0|6069385.0|7|52|11|3|4|51,11;51,12;52,11;52,12;67,64;79,47;79,48
c50d0741-2f5a-4d35-88f6-f7e1d7ebe18b|Carola RPT A-full 3803bf22-891c-4077-ad80-793c7bce8fa0|Girder A|2023-02-06||80|80|3241348.0|2557.0|3241348.0|1077185.0|4153.0|39.0|8417450.0|4|67|69|1|4|67,68;67,69;68,68;68,69
192a3e56-bcbe-42da-93f3-fd614abd518f|Carola RPT A-full 9f0d8bc0-21c8-4d8f-8ce7-2a41f3f239d4|Girder A|2023-02-06||80|80|3241348.0|2557.0|3241348.0|1077185.0|4153.0|39.0|8417450.0|4|67|69|1|4|67,68;67,69;68,68;68,69
32cd58b4-d670-469d-ae34-1f0e98ab1613|Carola RPT C-subwindow 691644e8-73fe-4c1a-97aa-ffe2eac1319c|Girder A|2023-02-06||80|80|3241348.0|2557.0|3241348.0|1077185.0|4153.0|39.0|8417450.0|4|67|69|1|4|67,68;67,69;68,68;68,69
9af1bc76-61bb-4c24-bc47-bcad0b3f0620|Carola RPT C-subwindow 9978c280-4108-4c8b-9541-81260137691b|Girder A|2023-02-06||80|80|3241348.0|2557.0|3241348.0|1077185.0|4153.0|39.0|8417450.0|4|67|69|1|4|67,68;67,69;68,68;68,69
dbf94b15-fc66-48a9-8b8d-a36e558ee2c6|Carola RPT C-subwindow da3dd34f-a7eb-45c4-ae4d-e7e00ca57233|Girder A|2023-02-06||80|80|3241348.0|2557.0|3241348.0|1077185.0|4153.0|39.0|8417450.0|4|67|69|1|4|67,68;67,69;68,68;68,69
5a2afc9c-3ec0-4975-9f39-d3760f7c68e8|Carola RPT A-full 3803bf22-891c-4077-ad80-793c7bce8fa0|Girder A|2023-02-11||80|80|421840.0|2183.0|421840.0|144306.00000000003|122.0|-2886.0|2264258.0|9|3|10|3|7|2,8;3,7;3,8;3,9;3,10;4,9;4,10;27,35;55,43
4c37db30-39bf-44f1-826d-728da7c8ca11|Carola RPT A-full 9f0d8bc0-21c8-4d8f-8ce7-2a41f3f239d4|Girder A|2023-02-11||80|80|421840.0|2183.0|421840.0|144306.00000000003|122.0|-2886.0|2264258.0|9|3|10|3|7|2,8;3,7;3,8;3,9;3,10;4,9;4,10;27,35;55,43
bad0666f-4971-4a95-8562-5453ca38b493|Carola RPT C-subwindow 691644e8-73fe-4c1a-97aa-ffe2eac1319c|Girder A|2023-02-11||80|80|421840.0|2183.0|421840.0|144306.00000000003|122.0|-2886.0|2264258.0|9|3|10|3|7|2,8;3,7;3,8;3,9;3,10;4,9;4,10;27,35;55,43
a3da1ce4-acc3-4062-8d71-47c412f85c93|Carola RPT C-subwindow 9978c280-4108-4c8b-9541-81260137691b|Girder A|2023-02-11||80|80|421840.0|2183.0|421840.0|144306.00000000003|122.0|-2886.0|2264258.0|9|3|10|3|7|2,8;3,7;3,8;3,9;3,10;4,9;4,10;27,35;55,43
a8f49d46-3596-4fa6-9064-d58f9aa930be|Carola RPT C-subwindow da3dd34f-a7eb-45c4-ae4d-e7e00ca57233|Girder A|2023-02-11||80|80|421840.0|2183.0|421840.0|144306.00000000003|122.0|-2886.0|2264258.0|9|3|10|3|7|2,8;3,7;3,8;3,9;3,10;4,9;4,10;27,35;55,43
4f768c6d-9d02-4f9d-a6d8-8bb801850404|Carola RPT A-full 3803bf22-891c-4077-ad80-793c7bce8fa0|Girder A|2023-02-15||80|80|2587906.0|5251.999999999999|2587906.0|831674.0|5314.0|-1179.0|24316777.0|19|41|30|11|4|5,31;5,32;6,31;6,32;7,29;15,66;41,30;41,31;42,30;43,40;68,62;68,64;69,64;70,15;70,26;70,27;78,22;79,22;79,48
9b5dbab6-1ab2-4a74-9772-fe28174180bb|Carola RPT A-full 9f0d8bc0-21c8-4d8f-8ce7-2a41f3f239d4|Girder A|2023-02-15||80|80|2587906.0|5251.999999999999|2587906.0|831674.0|5314.0|-1179.0|24316777.0|19|41|30|11|4|5,31;5,32;6,31;6,32;7,29;15,66;41,30;41,31;42,30;43,40;68,62;68,64;69,64;70,15;70,26;70,27;78,22;79,22;79,48
e7389c17-72bd-4a3d-9e9a-346ae27d58c6|Carola RPT C-subwindow 691644e8-73fe-4c1a-97aa-ffe2eac1319c|Girder A|2023-02-15||80|80|2587906.0|5251.999999999999|2587906.0|831674.0|5314.0|-1179.0|24316777.0|19|41|30|11|4|5,31;5,32;6,31;6,32;7,29;15,66;41,30;41,31;42,30;43,40;68,62;68,64;69,64;70,15;70,26;70,27;78,22;79,22;79,48
97913fc6-140b-42a4-8fb0-e315e4245c81|Carola RPT C-subwindow 9978c280-4108-4c8b-9541-81260137691b|Girder A|2023-02-15||80|80|2587906.0|5251.999999999999|2587906.0|831674.0|5314.0|-1179.0|24316777.0|19|41|30|11|4|5,31;5,32;6,31;6,32;7,29;15,66;41,30;41,31;42,30;43,40;68,62;68,64;69,64;70,15;70,26;70,27;78,22;79,22;79,48
d36970ab-5e73-4cb0-8dd9-ee27ee6b386e|Carola RPT C-subwindow da3dd34f-a7eb-45c4-ae4d-e7e00ca57233|Girder A|2023-02-15||80|80|2587906.0|5251.999999999999|2587906.0|831674.0|5314.0|-1179.0|24316777.0|19|41|30|11|4|5,31;5,32;6,31;6,32;7,29;15,66;41,30;41,31;42,30;43,40;68,62;68,64;69,64;70,15;70,26;70,27;78,22;79,22;79,48
65bb8fdd-d135-4c53-9905-f749297957b6|Carola RPT A-full 3803bf22-891c-4077-ad80-793c7bce8fa0|Girder A|2023-02-18||80|80|1276889.0|13260.999999999998|1276889.0|385384.99999999994|-5605.0|-1123.0|20156394.0|32|11|52|14|5|9,28;9,29;10,28;10,29;10,48;10,50;10,52;11,50;11,52;11,53;11,54;12,53;30,16;35,76;36,76;42,76;43,17;44,16;44,17;48,26;48,27;54,36;59,51;59,52;65,51;66,42;66,50;66,51;66,52;67,50;76,48;76,49
c230a078-3ddd-4b89-9b22-953e8d6d8620|Carola RPT A-full 9f0d8bc0-21c8-4d8f-8ce7-2a41f3f239d4|Girder A|2023-02-18||80|80|1276889.0|13260.999999999998|1276889.0|385384.99999999994|-5605.0|-1123.0|20156394.0|32|11|52|14|5|9,28;9,29;10,28;10,29;10,48;10,50;10,52;11,50;11,52;11,53;11,54;12,53;30,16;35,76;36,76;42,76;43,17;44,16;44,17;48,26;48,27;54,36;59,51;59,52;65,51;66,42;66,50;66,51;66,52;67,50;76,48;76,49
a5a7891c-c205-400b-8d77-0567508455e4|Carola RPT C-subwindow 691644e8-73fe-4c1a-97aa-ffe2eac1319c|Girder A|2023-02-18||80|80|1276889.0|13260.999999999998|1276889.0|385384.99999999994|-5605.0|-1123.0|20156394.0|32|11|52|14|5|9,28;9,29;10,28;10,29;10,48;10,50;10,52;11,50;11,52;11,53;11,54;12,53;30,16;35,76;36,76;42,76;43,17;44,16;44,17;48,26;48,27;54,36;59,51;59,52;65,51;66,42;66,50;66,51;66,52;67,50;76,48;76,49
97917c90-0b9e-48bb-a826-45e85b4a1a37|Carola RPT C-subwindow 9978c280-4108-4c8b-9541-81260137691b|Girder A|2023-02-18||80|80|1276889.0|13260.999999999998|1276889.0|385384.99999999994|-5605.0|-1123.0|20156394.0|32|11|52|14|5|9,28;9,29;10,28;10,29;10,48;10,50;10,52;11,50;11,52;11,53;11,54;12,53;30,16;35,76;36,76;42,76;43,17;44,16;44,17;48,26;48,27;54,36;59,51;59,52;65,51;66,42;66,50;66,51;66,52;67,50;76,48;76,49
4fa8f2ef-a756-4d7a-9ca0-1981381ffbad|Carola RPT C-subwindow da3dd34f-a7eb-45c4-ae4d-e7e00ca57233|Girder A|2023-02-18||80|80|1276889.0|13260.999999999998|1276889.0|385384.99999999994|-5605.0|-1123.0|20156394.0|32|11|52|14|5|9,28;9,29;10,28;10,29;10,48;10,50;10,52;11,50;11,52;11,53;11,54;12,53;30,16;35,76;36,76;42,76;43,17;44,16;44,17;48,26;48,27;54,36;59,51;59,52;65,51;66,42;66,50;66,51;66,52;67,50;76,48;76,49
48fc3c3c-0d7a-43e3-b186-02c37e7e9a6a|Carola RPT A-full 3803bf22-891c-4077-ad80-793c7bce8fa0|Girder A|2023-02-23||80|80|1269920.0|8547.0|1269920.0|381764.0000000001|-2494.0|-32.0|14322218.0|24|30|54|10|5|0,52;0,53;1,53;2,5;2,9;2,10;3,10;4,79;11,50;11,51;12,50;12,51;30,53;30,54;30,55;30,56;31,54;44,48;44,49;49,20;55,48;55,49;55,50;79,20
d3751d8a-bfe1-47de-88c4-f47529180829|Carola RPT A-full 9f0d8bc0-21c8-4d8f-8ce7-2a41f3f239d4|Girder A|2023-02-23||80|80|1269920.0|8547.0|1269920.0|381764.0000000001|-2494.0|-32.0|14322218.0|24|30|54|10|5|0,52;0,53;1,53;2,5;2,9;2,10;3,10;4,79;11,50;11,51;12,50;12,51;30,53;30,54;30,55;30,56;31,54;44,48;44,49;49,20;55,48;55,49;55,50;79,20
c2b7bb51-cb33-4746-86cf-1b133af3c2d0|Carola RPT C-subwindow 691644e8-73fe-4c1a-97aa-ffe2eac1319c|Girder A|2023-02-23||80|80|1269920.0|8547.0|1269920.0|381764.0000000001|-2494.0|-32.0|14322218.0|24|30|54|10|5|0,52;0,53;1,53;2,5;2,9;2,10;3,10;4,79;11,50;11,51;12,50;12,51;30,53;30,54;30,55;30,56;31,54;44,48;44,49;49,20;55,48;55,49;55,50;79,20
1f9433da-4c05-4b59-bd68-254f65d474e6|Carola RPT C-subwindow 9978c280-4108-4c8b-9541-81260137691b|Girder A|2023-02-23||80|80|1269920.0|8547.0|1269920.0|381764.0000000001|-2494.0|-32.0|14322218.0|24|30|54|10|5|0,52;0,53;1,53;2,5;2,9;2,10;3,10;4,79;11,50;11,51;12,50;12,51;30,53;30,54;30,55;30,56;31,54;44,48;44,49;49,20;55,48;55,49;55,50;79,20
77ff701c-b678-451f-a8f8-d04ca86a549d|Carola RPT C-subwindow da3dd34f-a7eb-45c4-ae4d-e7e00ca57233|Girder A|2023-02-23||80|80|1269920.0|8547.0|1269920.0|381764.0000000001|-2494.0|-32.0|14322218.0|24|30|54|10|5|0,52;0,53;1,53;2,5;2,9;2,10;3,10;4,79;11,50;11,51;12,50;12,51;30,53;30,54;30,55;30,56;31,54;44,48;44,49;49,20;55,48;55,49;55,50;79,20
9f671134-da28-4069-a5f7-8e6c24ee09a9|Carola RPT A-full 3803bf22-891c-4077-ad80-793c7bce8fa0|Girder A|2023-02-27||80|80|1142165.0000000002|1240.9999999999998|1142165.0000000002|519725.00000000006|121.0|2070.0|5653797.0|7|79|47|3|4|19,45;20,45;51,10;51,11;52,10;52,11;79,47
4d86d9ec-3e09-40de-8170-aaca322f925e|Carola RPT A-full 9f0d8bc0-21c8-4d8f-8ce7-2a41f3f239d4|Girder A|2023-02-27||80|80|1142165.0000000002|1240.9999999999998|1142165.0000000002|519725.00000000006|121.0|2070.0|5653797.0|7|79|47|3|4|19,45;20,45;51,10;51,11;52,10;52,11;79,47
a11ec676-9a0e-4e06-9f2d-105640df02a0|Carola RPT C-subwindow 691644e8-73fe-4c1a-97aa-ffe2eac1319c|Girder A|2023-02-27||80|80|1142165.0000000002|1240.9999999999998|1142165.0000000002|519725.00000000006|121.0|2070.0|5653797.0|7|79|47|3|4|19,45;20,45;51,10;51,11;52,10;52,11;79,47
9cac6f77-63bf-4086-90b5-60fdd02ac303|Carola RPT C-subwindow 9978c280-4108-4c8b-9541-81260137691b|Girder A|2023-02-27||80|80|1142165.0000000002|1240.9999999999998|1142165.0000000002|519725.00000000006|121.0|2070.0|5653797.0|7|79|47|3|4|19,45;20,45;51,10;51,11;52,10;52,11;79,47
269e7a68-326e-4c87-b7db-cf1c8d24bf2e|Carola RPT C-subwindow da3dd34f-a7eb-45c4-ae4d-e7e00ca57233|Girder A|2023-02-27||80|80|1142165.0000000002|1240.9999999999998|1142165.0000000002|519725.00000000006|121.0|2070.0|5653797.0|7|79|47|3|4|19,45;20,45;51,10;51,11;52,10;52,11;79,47
14fdf0d4-18a5-4ab9-9c76-ffe20cad6799|Carola RPT A-full 3803bf22-891c-4077-ad80-793c7bce8fa0|Girder A|2023-03-02||80|80|875449.9999999999|13440.499999999996|875449.9999999999|267049.00000000006|-5496.0|3733.0|22781225.0|55|10|49|25|9|2,73;9,40;9,41;9,49;10,46;10,47;10,49;10,50;10,52;10,53;11,46;11,49;11,52;11,53;13,77;29,15;30,15;30,16;39,36;43,16;44,16;44,50;44,51;46,30;48,25;51,39;57,29;58,50;58,51;59,76;60,18;60,20;60,37;60,38;60,77;61,17;61,18;61,73;61,74;62,73;63,70;64,49;64,50;65,50;65,51;66,49;66,50;66,51;67,49;67,51;69,74;70,3;75,48;76,47;76,48
f3223b6c-278e-4429-80e4-7289b2153705|Carola RPT A-full 9f0d8bc0-21c8-4d8f-8ce7-2a41f3f239d4|Girder A|2023-03-02||80|80|875449.9999999999|13440.499999999996|875449.9999999999|267049.00000000006|-5496.0|3733.0|22781225.0|55|10|49|25|9|2,73;9,40;9,41;9,49;10,46;10,47;10,49;10,50;10,52;10,53;11,46;11,49;11,52;11,53;13,77;29,15;30,15;30,16;39,36;43,16;44,16;44,50;44,51;46,30;48,25;51,39;57,29;58,50;58,51;59,76;60,18;60,20;60,37;60,38;60,77;61,17;61,18;61,73;61,74;62,73;63,70;64,49;64,50;65,50;65,51;66,49;66,50;66,51;67,49;67,51;69,74;70,3;75,48;76,47;76,48
844e5126-4ebb-4685-896b-926fd5c6e793|Carola RPT C-subwindow 691644e8-73fe-4c1a-97aa-ffe2eac1319c|Girder A|2023-03-02||80|80|875449.9999999999|13440.499999999996|875449.9999999999|267049.00000000006|-5496.0|3733.0|22781225.0|55|10|49|25|9|2,73;9,40;9,41;9,49;10,46;10,47;10,49;10,50;10,52;10,53;11,46;11,49;11,52;11,53;13,77;29,15;30,15;30,16;39,36;43,16;44,16;44,50;44,51;46,30;48,25;51,39;57,29;58,50;58,51;59,76;60,18;60,20;60,37;60,38;60,77;61,17;61,18;61,73;61,74;62,73;63,70;64,49;64,50;65,50;65,51;66,49;66,50;66,51;67,49;67,51;69,74;70,3;75,48;76,47;76,48
b4c31475-0dea-458c-ba69-e63555915562|Carola RPT C-subwindow 9978c280-4108-4c8b-9541-81260137691b|Girder A|2023-03-02||80|80|875449.9999999999|13440.499999999996|875449.9999999999|267049.00000000006|-5496.0|3733.0|22781225.0|55|10|49|25|9|2,73;9,40;9,41;9,49;10,46;10,47;10,49;10,50;10,52;10,53;11,46;11,49;11,52;11,53;13,77;29,15;30,15;30,16;39,36;43,16;44,16;44,50;44,51;46,30;48,25;51,39;57,29;58,50;58,51;59,76;60,18;60,20;60,37;60,38;60,77;61,17;61,18;61,73;61,74;62,73;63,70;64,49;64,50;65,50;65,51;66,49;66,50;66,51;67,49;67,51;69,74;70,3;75,48;76,47;76,48
0d204f4f-d71b-4d6d-9f2c-91c7af189860|Carola RPT C-subwindow da3dd34f-a7eb-45c4-ae4d-e7e00ca57233|Girder A|2023-03-02||80|80|875449.9999999999|13440.499999999996|875449.9999999999|267049.00000000006|-5496.0|3733.0|22781225.0|55|10|49|25|9|2,73;9,40;9,41;9,49;10,46;10,47;10,49;10,50;10,52;10,53;11,46;11,49;11,52;11,53;13,77;29,15;30,15;30,16;39,36;43,16;44,16;44,50;44,51;46,30;48,25;51,39;57,29;58,50;58,51;59,76;60,18;60,20;60,37;60,38;60,77;61,17;61,18;61,73;61,74;62,73;63,70;64,49;64,50;65,50;65,51;66,49;66,50;66,51;67,49;67,51;69,74;70,3;75,48;76,47;76,48
4497095b-70ab-4f01-911d-bee5fc3b6a49|Carola RPT A-full 3803bf22-891c-4077-ad80-793c7bce8fa0|Girder A|2023-03-07||80|80|879344.9999999999|8324.5|879344.9999999999|264608.0|-6316.0|546.0|21351382.0|49|30|55|17|8|0,52;0,53;1,52;1,53;1,54;2,5;2,6;2,9;2,10;3,6;3,9;3,10;4,79;5,79;11,51;12,50;12,51;25,30;26,29;26,30;30,53;30,54;30,55;30,56;31,53;31,54;31,55;31,56;31,61;37,26;38,26;41,77;44,48;44,49;45,48;45,49;46,79;47,79;50,20;50,21;50,72;50,73;55,47;55,48;55,49;55,50;56,49;74,10;79,20
37a696e2-023a-4d3d-aa9b-ee456a289c07|Carola RPT A-full 9f0d8bc0-21c8-4d8f-8ce7-2a41f3f239d4|Girder A|2023-03-07||80|80|879344.9999999999|8324.5|879344.9999999999|264608.0|-6316.0|546.0|21351382.0|49|30|55|17|8|0,52;0,53;1,52;1,53;1,54;2,5;2,6;2,9;2,10;3,6;3,9;3,10;4,79;5,79;11,51;12,50;12,51;25,30;26,29;26,30;30,53;30,54;30,55;30,56;31,53;31,54;31,55;31,56;31,61;37,26;38,26;41,77;44,48;44,49;45,48;45,49;46,79;47,79;50,20;50,21;50,72;50,73;55,47;55,48;55,49;55,50;56,49;74,10;79,20
7bdd72e5-3238-48ce-9bf4-abce50d9a8cc|Carola RPT C-subwindow 691644e8-73fe-4c1a-97aa-ffe2eac1319c|Girder A|2023-03-07||80|80|879344.9999999999|8324.5|879344.9999999999|264608.0|-6316.0|546.0|21351382.0|49|30|55|17|8|0,52;0,53;1,52;1,53;1,54;2,5;2,6;2,9;2,10;3,6;3,9;3,10;4,79;5,79;11,51;12,50;12,51;25,30;26,29;26,30;30,53;30,54;30,55;30,56;31,53;31,54;31,55;31,56;31,61;37,26;38,26;41,77;44,48;44,49;45,48;45,49;46,79;47,79;50,20;50,21;50,72;50,73;55,47;55,48;55,49;55,50;56,49;74,10;79,20
b802e6f4-638a-4b67-a7a5-904aca0a5a7d|Carola RPT C-subwindow 9978c280-4108-4c8b-9541-81260137691b|Girder A|2023-03-07||80|80|879344.9999999999|8324.5|879344.9999999999|264608.0|-6316.0|546.0|21351382.0|49|30|55|17|8|0,52;0,53;1,52;1,53;1,54;2,5;2,6;2,9;2,10;3,6;3,9;3,10;4,79;5,79;11,51;12,50;12,51;25,30;26,29;26,30;30,53;30,54;30,55;30,56;31,53;31,54;31,55;31,56;31,61;37,26;38,26;41,77;44,48;44,49;45,48;45,49;46,79;47,79;50,20;50,21;50,72;50,73;55,47;55,48;55,49;55,50;56,49;74,10;79,20
af14c6bf-bcb2-4839-9352-7c29bb88429a|Carola RPT C-subwindow da3dd34f-a7eb-45c4-ae4d-e7e00ca57233|Girder A|2023-03-07||80|80|879344.9999999999|8324.5|879344.9999999999|264608.0|-6316.0|546.0|21351382.0|49|30|55|17|8|0,52;0,53;1,52;1,53;1,54;2,5;2,6;2,9;2,10;3,6;3,9;3,10;4,79;5,79;11,51;12,50;12,51;25,30;26,29;26,30;30,53;30,54;30,55;30,56;31,53;31,54;31,55;31,56;31,61;37,26;38,26;41,77;44,48;44,49;45,48;45,49;46,79;47,79;50,20;50,21;50,72;50,73;55,47;55,48;55,49;55,50;56,49;74,10;79,20
f71989f8-09c8-4ff7-8f6a-8caae49ec9c2|Carola RPT A-full 3803bf22-891c-4077-ad80-793c7bce8fa0|Girder A|2023-03-11||80|80|1742024.0|1601.0000000000002|1742024.0|523477.0|408.0|680.0|3860282.0|4|52|11|1|4|51,11;51,12;52,11;52,12
171cb994-1045-4d8c-b2de-ea2f9337218e|Carola RPT A-full 9f0d8bc0-21c8-4d8f-8ce7-2a41f3f239d4|Girder A|2023-03-11||80|80|1742024.0|1601.0000000000002|1742024.0|523477.0|408.0|680.0|3860282.0|4|52|11|1|4|51,11;51,12;52,11;52,12
2ea8bce0-aa20-431b-a26e-c4464f7c3a85|Carola RPT C-subwindow 691644e8-73fe-4c1a-97aa-ffe2eac1319c|Girder A|2023-03-11||80|80|1742024.0|1601.0000000000002|1742024.0|523477.0|408.0|680.0|3860282.0|4|52|11|1|4|51,11;51,12;52,11;52,12
4ec60019-98d0-439a-8a9c-989124158c33|Carola RPT C-subwindow 9978c280-4108-4c8b-9541-81260137691b|Girder A|2023-03-11||80|80|1742024.0|1601.0000000000002|1742024.0|523477.0|408.0|680.0|3860282.0|4|52|11|1|4|51,11;51,12;52,11;52,12
610cb13a-59b5-4dbd-8906-19925bee08ea|Carola RPT C-subwindow da3dd34f-a7eb-45c4-ae4d-e7e00ca57233|Girder A|2023-03-11||80|80|1742024.0|1601.0000000000002|1742024.0|523477.0|408.0|680.0|3860282.0|4|52|11|1|4|51,11;51,12;52,11;52,12
cfb1e66b-d9e2-4ee4-92a6-247f2e37a946|Carola RPT A-full 3803bf22-891c-4077-ad80-793c7bce8fa0|Girder A|2023-03-14||80|80|1757032.0000000002|15548.5|1757032.0000000002|528520.0|-3371.0|3008.0|32357677.0|38|41|76|17|5|4,21;8,43;8,44;8,45;8,49;9,48;9,49;9,50;9,52;9,53;10,50;10,52;10,53;10,55;11,19;11,55;11,57;20,6;21,5;21,6;28,16;29,15;29,16;34,75;34,76;35,75;35,76;40,76;41,75;41,76;42,16;43,16;58,50;67,56;75,48;78,2;79,0;79,2
35224112-82fb-4f7e-8c96-b3b1fc81e755|Carola RPT A-full 9f0d8bc0-21c8-4d8f-8ce7-2a41f3f239d4|Girder A|2023-03-14||80|80|1757032.0000000002|15548.5|1757032.0000000002|528520.0|-3371.0|3008.0|32357677.0|38|41|76|17|5|4,21;8,43;8,44;8,45;8,49;9,48;9,49;9,50;9,52;9,53;10,50;10,52;10,53;10,55;11,19;11,55;11,57;20,6;21,5;21,6;28,16;29,15;29,16;34,75;34,76;35,75;35,76;40,76;41,75;41,76;42,16;43,16;58,50;67,56;75,48;78,2;79,0;79,2
b7c87d53-df48-400d-bb68-58972f460bbe|Carola RPT C-subwindow 691644e8-73fe-4c1a-97aa-ffe2eac1319c|Girder A|2023-03-14||80|80|1757032.0000000002|15548.5|1757032.0000000002|528520.0|-3371.0|3008.0|32357677.0|38|41|76|17|5|4,21;8,43;8,44;8,45;8,49;9,48;9,49;9,50;9,52;9,53;10,50;10,52;10,53;10,55;11,19;11,55;11,57;20,6;21,5;21,6;28,16;29,15;29,16;34,75;34,76;35,75;35,76;40,76;41,75;41,76;42,16;43,16;58,50;67,56;75,48;78,2;79,0;79,2
25f2a196-285a-4010-bb37-a7ab65ef6826|Carola RPT C-subwindow 9978c280-4108-4c8b-9541-81260137691b|Girder A|2023-03-14||80|80|1757032.0000000002|15548.5|1757032.0000000002|528520.0|-3371.0|3008.0|32357677.0|38|41|76|17|5|4,21;8,43;8,44;8,45;8,49;9,48;9,49;9,50;9,52;9,53;10,50;10,52;10,53;10,55;11,19;11,55;11,57;20,6;21,5;21,6;28,16;29,15;29,16;34,75;34,76;35,75;35,76;40,76;41,75;41,76;42,16;43,16;58,50;67,56;75,48;78,2;79,0;79,2
d0b54805-e487-4686-9e31-d2455d686a64|Carola RPT C-subwindow da3dd34f-a7eb-45c4-ae4d-e7e00ca57233|Girder A|2023-03-14||80|80|1757032.0000000002|15548.5|1757032.0000000002|528520.0|-3371.0|3008.0|32357677.0|38|41|76|17|5|4,21;8,43;8,44;8,45;8,49;9,48;9,49;9,50;9,52;9,53;10,50;10,52;10,53;10,55;11,19;11,55;11,57;20,6;21,5;21,6;28,16;29,15;29,16;34,75;34,76;35,75;35,76;40,76;41,75;41,76;42,16;43,16;58,50;67,56;75,48;78,2;79,0;79,2
723e2b96-91dc-4642-85c0-61511757cf3a|Carola RPT A-full 3803bf22-891c-4077-ad80-793c7bce8fa0|Girder A|2023-03-19||80|80|995573.0000000001|8210.0|995573.0000000001|299633.00000000006|439.0|-6732.0|18937819.0|37|30|55|13|7|0,53;1,53;2,5;2,6;2,9;2,10;3,9;3,10;4,78;4,79;5,79;11,50;11,51;12,50;12,51;28,35;30,53;30,54;30,55;30,56;30,61;31,53;31,54;31,55;35,37;44,48;44,49;44,78;45,48;45,49;45,50;55,46;55,47;55,48;55,49;79,19;79,20
9462a75e-75c8-4afa-97dc-a59a8dc6576c|Carola RPT A-full 9f0d8bc0-21c8-4d8f-8ce7-2a41f3f239d4|Girder A|2023-03-19||80|80|995573.0000000001|8210.0|995573.0000000001|299633.00000000006|439.0|-6732.0|18937819.0|37|30|55|13|7|0,53;1,53;2,5;2,6;2,9;2,10;3,9;3,10;4,78;4,79;5,79;11,50;11,51;12,50;12,51;28,35;30,53;30,54;30,55;30,56;30,61;31,53;31,54;31,55;35,37;44,48;44,49;44,78;45,48;45,49;45,50;55,46;55,47;55,48;55,49;79,19;79,20
35e6bc2f-3c50-4aae-a748-bd4605a902bc|Carola RPT C-subwindow 691644e8-73fe-4c1a-97aa-ffe2eac1319c|Girder A|2023-03-19||80|80|995573.0000000001|8210.0|995573.0000000001|299633.00000000006|439.0|-6732.0|18937819.0|37|30|55|13|7|0,53;1,53;2,5;2,6;2,9;2,10;3,9;3,10;4,78;4,79;5,79;11,50;11,51;12,50;12,51;28,35;30,53;30,54;30,55;30,56;30,61;31,53;31,54;31,55;35,37;44,48;44,49;44,78;45,48;45,49;45,50;55,46;55,47;55,48;55,49;79,19;79,20
f9c37f9c-d0c3-4b56-b7cb-77a156cf9ae5|Carola RPT C-subwindow 9978c280-4108-4c8b-9541-81260137691b|Girder A|2023-03-19||80|80|995573.0000000001|8210.0|995573.0000000001|299633.00000000006|439.0|-6732.0|18937819.0|37|30|55|13|7|0,53;1,53;2,5;2,6;2,9;2,10;3,9;3,10;4,78;4,79;5,79;11,50;11,51;12,50;12,51;28,35;30,53;30,54;30,55;30,56;30,61;31,53;31,54;31,55;35,37;44,48;44,49;44,78;45,48;45,49;45,50;55,46;55,47;55,48;55,49;79,19;79,20
b82c9619-cbac-4888-9686-30b6e8ec1615|Carola RPT C-subwindow da3dd34f-a7eb-45c4-ae4d-e7e00ca57233|Girder A|2023-03-19||80|80|995573.0000000001|8210.0|995573.0000000001|299633.00000000006|439.0|-6732.0|18937819.0|37|30|55|13|7|0,53;1,53;2,5;2,6;2,9;2,10;3,9;3,10;4,78;4,79;5,79;11,50;11,51;12,50;12,51;28,35;30,53;30,54;30,55;30,56;30,61;31,53;31,54;31,55;35,37;44,48;44,49;44,78;45,48;45,49;45,50;55,46;55,47;55,48;55,49;79,19;79,20
697c8023-ebb8-4776-a982-eb48c439524a|Carola RPT A-full 3803bf22-891c-4077-ad80-793c7bce8fa0|Girder A|2023-03-23||80|80|1592669.0|1602.0000000000002|1592669.0|642970.0000000001|-484.0|-460.0|4209358.0|4|52|11|1|4|51,11;51,12;52,11;52,12
d9f0b1e9-636e-4a26-9465-2965274cae9f|Carola RPT A-full 9f0d8bc0-21c8-4d8f-8ce7-2a41f3f239d4|Girder A|2023-03-23||80|80|1592669.0|1602.0000000000002|1592669.0|642970.0000000001|-484.0|-460.0|4209358.0|4|52|11|1|4|51,11;51,12;52,11;52,12
157d574f-0e53-4661-a9c4-5e148bfdaa17|Carola RPT C-subwindow 691644e8-73fe-4c1a-97aa-ffe2eac1319c|Girder A|2023-03-23||80|80|1592669.0|1602.0000000000002|1592669.0|642970.0000000001|-484.0|-460.0|4209358.0|4|52|11|1|4|51,11;51,12;52,11;52,12
e61a57e9-f6b2-4ef5-b512-b8aa21708bfb|Carola RPT C-subwindow 9978c280-4108-4c8b-9541-81260137691b|Girder A|2023-03-23||80|80|1592669.0|1602.0000000000002|1592669.0|642970.0000000001|-484.0|-460.0|4209358.0|4|52|11|1|4|51,11;51,12;52,11;52,12
22ee42d0-b274-4604-b783-b516c1ea4cd4|Carola RPT C-subwindow da3dd34f-a7eb-45c4-ae4d-e7e00ca57233|Girder A|2023-03-23||80|80|1592669.0|1602.0000000000002|1592669.0|642970.0000000001|-484.0|-460.0|4209358.0|4|52|11|1|4|51,11;51,12;52,11;52,12
d899ab78-b11d-4603-9769-03e4e5d0852d|Carola RPT A-full 3803bf22-891c-4077-ad80-793c7bce8fa0|Girder A|2023-03-26||80|80|1156570.0|13688.999999999996|1156570.0|349317.0|7968.0|761.0|30108203.0|53|32|11|24|5|2,77;2,78;4,21;4,28;5,21;5,68;7,54;9,47;10,47;10,49;10,50;10,53;10,54;10,55;11,53;11,54;11,57;12,19;12,20;29,15;29,16;30,1;30,16;31,11;32,10;32,11;35,75;35,76;36,75;36,76;41,75;41,76;42,16;42,76;43,16;43,17;44,16;46,1;46,30;47,26;48,26;58,50;58,51;59,73;60,74;61,73;61,74;63,71;66,49;66,50;75,48;75,49;76,48
dcb239b9-c898-4e6a-8f4c-132d37cf0665|Carola RPT A-full 9f0d8bc0-21c8-4d8f-8ce7-2a41f3f239d4|Girder A|2023-03-26||80|80|1156570.0|13688.999999999996|1156570.0|349317.0|7968.0|761.0|30108203.0|53|32|11|24|5|2,77;2,78;4,21;4,28;5,21;5,68;7,54;9,47;10,47;10,49;10,50;10,53;10,54;10,55;11,53;11,54;11,57;12,19;12,20;29,15;29,16;30,1;30,16;31,11;32,10;32,11;35,75;35,76;36,75;36,76;41,75;41,76;42,16;42,76;43,16;43,17;44,16;46,1;46,30;47,26;48,26;58,50;58,51;59,73;60,74;61,73;61,74;63,71;66,49;66,50;75,48;75,49;76,48
98653854-d480-41f9-8f23-bc60c5c4387f|Carola RPT C-subwindow 691644e8-73fe-4c1a-97aa-ffe2eac1319c|Girder A|2023-03-26||80|80|1156570.0|13688.999999999996|1156570.0|349317.0|7968.0|761.0|30108203.0|53|32|11|24|5|2,77;2,78;4,21;4,28;5,21;5,68;7,54;9,47;10,47;10,49;10,50;10,53;10,54;10,55;11,53;11,54;11,57;12,19;12,20;29,15;29,16;30,1;30,16;31,11;32,10;32,11;35,75;35,76;36,75;36,76;41,75;41,76;42,16;42,76;43,16;43,17;44,16;46,1;46,30;47,26;48,26;58,50;58,51;59,73;60,74;61,73;61,74;63,71;66,49;66,50;75,48;75,49;76,48
d31ab48a-2255-4ae3-8341-fb316ad1eeaf|Carola RPT C-subwindow 9978c280-4108-4c8b-9541-81260137691b|Girder A|2023-03-26||80|80|1156570.0|13688.999999999996|1156570.0|349317.0|7968.0|761.0|30108203.0|53|32|11|24|5|2,77;2,78;4,21;4,28;5,21;5,68;7,54;9,47;10,47;10,49;10,50;10,53;10,54;10,55;11,53;11,54;11,57;12,19;12,20;29,15;29,16;30,1;30,16;31,11;32,10;32,11;35,75;35,76;36,75;36,76;41,75;41,76;42,16;42,76;43,16;43,17;44,16;46,1;46,30;47,26;48,26;58,50;58,51;59,73;60,74;61,73;61,74;63,71;66,49;66,50;75,48;75,49;76,48
db00f25e-5912-4ff0-adb7-4d46f74a4f1d|Carola RPT C-subwindow da3dd34f-a7eb-45c4-ae4d-e7e00ca57233|Girder A|2023-03-26||80|80|1156570.0|13688.999999999996|1156570.0|349317.0|7968.0|761.0|30108203.0|53|32|11|24|5|2,77;2,78;4,21;4,28;5,21;5,68;7,54;9,47;10,47;10,49;10,50;10,53;10,54;10,55;11,53;11,54;11,57;12,19;12,20;29,15;29,16;30,1;30,16;31,11;32,10;32,11;35,75;35,76;36,75;36,76;41,75;41,76;42,16;42,76;43,16;43,17;44,16;46,1;46,30;47,26;48,26;58,50;58,51;59,73;60,74;61,73;61,74;63,71;66,49;66,50;75,48;75,49;76,48
999738a9-7f37-49f9-83e6-0f49601952ae|Carola RPT A-full 3803bf22-891c-4077-ad80-793c7bce8fa0|Girder A|2023-03-31||80|80|432045.0|2344.000000000001|432045.0|133672.99999999997|-1821.0|3134.0|2872963.0|11|3|10|3|7|2,7;2,8;2,9;2,10;3,9;3,10;3,11;26,34;26,35;27,35;54,43
845e98aa-8e27-4f6e-8100-880e1a5446ba|Carola RPT A-full 9f0d8bc0-21c8-4d8f-8ce7-2a41f3f239d4|Girder A|2023-03-31||80|80|432045.0|2344.000000000001|432045.0|133672.99999999997|-1821.0|3134.0|2872963.0|11|3|10|3|7|2,7;2,8;2,9;2,10;3,9;3,10;3,11;26,34;26,35;27,35;54,43
eafe1da3-d4f8-47ea-9117-fce42de36302|Carola RPT C-subwindow 691644e8-73fe-4c1a-97aa-ffe2eac1319c|Girder A|2023-03-31||80|80|432045.0|2344.000000000001|432045.0|133672.99999999997|-1821.0|3134.0|2872963.0|11|3|10|3|7|2,7;2,8;2,9;2,10;3,9;3,10;3,11;26,34;26,35;27,35;54,43
e4819102-1780-4fd2-8d6e-99ecbacb4d6c|Carola RPT C-subwindow 9978c280-4108-4c8b-9541-81260137691b|Girder A|2023-03-31||80|80|432045.0|2344.000000000001|432045.0|133672.99999999997|-1821.0|3134.0|2872963.0|11|3|10|3|7|2,7;2,8;2,9;2,10;3,9;3,10;3,11;26,34;26,35;27,35;54,43
fc425ed3-bd70-4649-82b6-0567f620a023|Carola RPT C-subwindow da3dd34f-a7eb-45c4-ae4d-e7e00ca57233|Girder A|2023-03-31||80|80|432045.0|2344.000000000001|432045.0|133672.99999999997|-1821.0|3134.0|2872963.0|11|3|10|3|7|2,7;2,8;2,9;2,10;3,9;3,10;3,11;26,34;26,35;27,35;54,43
7e1e0578-757d-4d9d-9307-29f0fb99569f|Carola RPT A-full 3803bf22-891c-4077-ad80-793c7bce8fa0|Girder A|2023-04-04||80|80|1163021.0|1537.0|1163021.0|371185.00000000006|-683.0|2327.0|4650926.0|8|51|11|5|3|11,57;19,46;19,48;51,11;51,12;52,11;79,47;79,48
883c3b83-1a75-4f44-a6df-a73c5d11b605|Carola RPT A-full 9f0d8bc0-21c8-4d8f-8ce7-2a41f3f239d4|Girder A|2023-04-04||80|80|1163021.0|1537.0|1163021.0|371185.00000000006|-683.0|2327.0|4650926.0|8|51|11|5|3|11,57;19,46;19,48;51,11;51,12;52,11;79,47;79,48
c0d3f4ed-6c80-48e6-ab97-e21ef8a7161e|Carola RPT C-subwindow 691644e8-73fe-4c1a-97aa-ffe2eac1319c|Girder A|2023-04-04||80|80|1163021.0|1537.0|1163021.0|371185.00000000006|-683.0|2327.0|4650926.0|8|51|11|5|3|11,57;19,46;19,48;51,11;51,12;52,11;79,47;79,48
01de0afa-22cb-43ca-a5c3-575e5dd63aa8|Carola RPT C-subwindow 9978c280-4108-4c8b-9541-81260137691b|Girder A|2023-04-04||80|80|1163021.0|1537.0|1163021.0|371185.00000000006|-683.0|2327.0|4650926.0|8|51|11|5|3|11,57;19,46;19,48;51,11;51,12;52,11;79,47;79,48
9a87ebc6-5f6e-4f03-a7e3-ed73d8070fc6|Carola RPT C-subwindow da3dd34f-a7eb-45c4-ae4d-e7e00ca57233|Girder A|2023-04-04||80|80|1163021.0|1537.0|1163021.0|371185.00000000006|-683.0|2327.0|4650926.0|8|51|11|5|3|11,57;19,46;19,48;51,11;51,12;52,11;79,47;79,48
62829a6b-02b7-4d7b-a175-0aa1aa58d2cd|Carola RPT A-full 3803bf22-891c-4077-ad80-793c7bce8fa0|Girder A|2023-04-07||80|80|3725384.000000001|2768.999999999999|3725384.000000001|1300921.0000000005|1424.0|-3476.0|7459990.0|3|66|69|1|3|66,68;66,69;67,69
44a57fc0-897c-433f-adfc-0574cb76f150|Carola RPT A-full 9f0d8bc0-21c8-4d8f-8ce7-2a41f3f239d4|Girder A|2023-04-07||80|80|3725384.000000001|2768.999999999999|3725384.000000001|1300921.0000000005|1424.0|-3476.0|7459990.0|3|66|69|1|3|66,68;66,69;67,69
f6a0dc5d-688e-40cf-b8c6-504a497f1b13|Carola RPT C-subwindow 691644e8-73fe-4c1a-97aa-ffe2eac1319c|Girder A|2023-04-07||80|80|3725384.000000001|2768.999999999999|3725384.000000001|1300921.0000000005|1424.0|-3476.0|7459990.0|3|66|69|1|3|66,68;66,69;67,69
281b1b4c-1b02-43a1-8565-c92caed48fc9|Carola RPT C-subwindow 9978c280-4108-4c8b-9541-81260137691b|Girder A|2023-04-07||80|80|3725384.000000001|2768.999999999999|3725384.000000001|1300921.0000000005|1424.0|-3476.0|7459990.0|3|66|69|1|3|66,68;66,69;67,69
5bd14601-b2e2-4524-b8d7-f1918b843d4a|Carola RPT C-subwindow da3dd34f-a7eb-45c4-ae4d-e7e00ca57233|Girder A|2023-04-07||80|80|3725384.000000001|2768.999999999999|3725384.000000001|1300921.0000000005|1424.0|-3476.0|7459990.0|3|66|69|1|3|66,68;66,69;67,69
e821525c-fcc8-4839-a611-91c50950edcb|Carola RPT A-full 3803bf22-891c-4077-ad80-793c7bce8fa0|Girder A|2023-04-12||80|80|1260564.9999999995|8832.999999999998|1260564.9999999995|386719.9999999999|-1758.0|-3582.0|14004760.0|24|2|10|13|6|1,10;2,6;2,9;2,10;4,79;8,28;11,50;11,51;29,54;29,55;29,56;30,54;30,55;30,56;43,49;44,49;44,50;47,16;49,73;53,40;54,47;54,49;55,49;59,42
5d619dad-b2e8-4ba8-8e18-9e36e3e7580e|Carola RPT A-full 9f0d8bc0-21c8-4d8f-8ce7-2a41f3f239d4|Girder A|2023-04-12||80|80|1260564.9999999995|8832.999999999998|1260564.9999999995|386719.9999999999|-1758.0|-3582.0|14004760.0|24|2|10|13|6|1,10;2,6;2,9;2,10;4,79;8,28;11,50;11,51;29,54;29,55;29,56;30,54;30,55;30,56;43,49;44,49;44,50;47,16;49,73;53,40;54,47;54,49;55,49;59,42
c0cda3d2-4d3d-45dc-a502-4d90d8b92150|Carola RPT C-subwindow 691644e8-73fe-4c1a-97aa-ffe2eac1319c|Girder A|2023-04-12||80|80|1260564.9999999995|8832.999999999998|1260564.9999999995|386719.9999999999|-1758.0|-3582.0|14004760.0|24|2|10|13|6|1,10;2,6;2,9;2,10;4,79;8,28;11,50;11,51;29,54;29,55;29,56;30,54;30,55;30,56;43,49;44,49;44,50;47,16;49,73;53,40;54,47;54,49;55,49;59,42
3bca287b-99bb-4c7a-a260-ce6256d092c3|Carola RPT C-subwindow 9978c280-4108-4c8b-9541-81260137691b|Girder A|2023-04-12||80|80|1260564.9999999995|8832.999999999998|1260564.9999999995|386719.9999999999|-1758.0|-3582.0|14004760.0|24|2|10|13|6|1,10;2,6;2,9;2,10;4,79;8,28;11,50;11,51;29,54;29,55;29,56;30,54;30,55;30,56;43,49;44,49;44,50;47,16;49,73;53,40;54,47;54,49;55,49;59,42
ae84c1c8-c8b6-42e7-bc8b-df9d19c12b7d|Carola RPT C-subwindow da3dd34f-a7eb-45c4-ae4d-e7e00ca57233|Girder A|2023-04-12||80|80|1260564.9999999995|8832.999999999998|1260564.9999999995|386719.9999999999|-1758.0|-3582.0|14004760.0|24|2|10|13|6|1,10;2,6;2,9;2,10;4,79;8,28;11,50;11,51;29,54;29,55;29,56;30,54;30,55;30,56;43,49;44,49;44,50;47,16;49,73;53,40;54,47;54,49;55,49;59,42
bac6a462-00d3-4641-8ab8-7e523d623084|Carola RPT A-full 3803bf22-891c-4077-ad80-793c7bce8fa0|Girder A|2023-04-16||80|80|2508468.9999999995|5243.5|2508468.9999999995|849361.0000000002|-1276.0|243.0|23854419.0|19|78|22|8|4|5,31;6,28;6,29;6,31;7,28;7,29;14,65;67,64;68,62;68,63;68,64;69,14;69,15;75,25;76,25;78,21;78,22;79,22;79,47
8ab1615f-db6c-44fb-9351-af1cc1b9c297|Carola RPT A-full 9f0d8bc0-21c8-4d8f-8ce7-2a41f3f239d4|Girder A|2023-04-16||80|80|2508468.9999999995|5243.5|2508468.9999999995|849361.0000000002|-1276.0|243.0|23854419.0|19|78|22|8|4|5,31;6,28;6,29;6,31;7,28;7,29;14,65;67,64;68,62;68,63;68,64;69,14;69,15;75,25;76,25;78,21;78,22;79,22;79,47
6ba3e102-fca1-4962-957f-4d76ed67429a|Carola RPT C-subwindow 691644e8-73fe-4c1a-97aa-ffe2eac1319c|Girder A|2023-04-16||80|80|2508468.9999999995|5243.5|2508468.9999999995|849361.0000000002|-1276.0|243.0|23854419.0|19|78|22|8|4|5,31;6,28;6,29;6,31;7,28;7,29;14,65;67,64;68,62;68,63;68,64;69,14;69,15;75,25;76,25;78,21;78,22;79,22;79,47
551e14c7-fdbb-468e-a4f5-84c9ee3c25fd|Carola RPT C-subwindow 9978c280-4108-4c8b-9541-81260137691b|Girder A|2023-04-16||80|80|2508468.9999999995|5243.5|2508468.9999999995|849361.0000000002|-1276.0|243.0|23854419.0|19|78|22|8|4|5,31;6,28;6,29;6,31;7,28;7,29;14,65;67,64;68,62;68,63;68,64;69,14;69,15;75,25;76,25;78,21;78,22;79,22;79,47
397e081a-9383-4995-b8fb-1b3beeed15f9|Carola RPT C-subwindow da3dd34f-a7eb-45c4-ae4d-e7e00ca57233|Girder A|2023-04-16||80|80|2508468.9999999995|5243.5|2508468.9999999995|849361.0000000002|-1276.0|243.0|23854419.0|19|78|22|8|4|5,31;6,28;6,29;6,31;7,28;7,29;14,65;67,64;68,62;68,63;68,64;69,14;69,15;75,25;76,25;78,21;78,22;79,22;79,47
36e5bf60-79e4-442e-a6bb-950965a91f9d|Carola RPT A-full 3803bf22-891c-4077-ad80-793c7bce8fa0|Girder A|2023-04-19||80|80|3477493.0|2649.9999999999986|3477493.0|1246864.0000000002|-1297.0|3354.0|6424983.0|3|66|71|1|3|66,70;66,71;67,71
e3302b47-5357-4518-a2f5-c029fb05f082|Carola RPT A-full 9f0d8bc0-21c8-4d8f-8ce7-2a41f3f239d4|Girder A|2023-04-19||80|80|3477493.0|2649.9999999999986|3477493.0|1246864.0000000002|-1297.0|3354.0|6424983.0|3|66|71|1|3|66,70;66,71;67,71
933a9c6f-c4a1-4d95-82c6-51e4f47a56fc|Carola RPT C-subwindow 691644e8-73fe-4c1a-97aa-ffe2eac1319c|Girder A|2023-04-19||80|80|3477493.0|2649.9999999999986|3477493.0|1246864.0000000002|-1297.0|3354.0|6424983.0|3|66|71|1|3|66,70;66,71;67,71
6c757b21-9b90-46bc-b5d4-df8271da866d|Carola RPT C-subwindow 9978c280-4108-4c8b-9541-81260137691b|Girder A|2023-04-19||80|80|3477493.0|2649.9999999999986|3477493.0|1246864.0000000002|-1297.0|3354.0|6424983.0|3|66|71|1|3|66,70;66,71;67,71
044aac9d-49c0-4321-90ca-c753f9245481|Carola RPT C-subwindow da3dd34f-a7eb-45c4-ae4d-e7e00ca57233|Girder A|2023-04-19||80|80|3477493.0|2649.9999999999986|3477493.0|1246864.0000000002|-1297.0|3354.0|6424983.0|3|66|71|1|3|66,70;66,71;67,71
82201ca1-568a-4291-acac-3a8d590ff24d|Carola RPT A-full 3803bf22-891c-4077-ad80-793c7bce8fa0|Girder A|2023-04-24||80|80|319129.00000000006|2452.0|319129.00000000006|97876.99999999999|-494.0|2618.0|2880552.0|20|2|9|9|10|0,52;1,7;2,7;2,8;2,9;2,10;3,8;3,9;3,10;4,10;4,11;5,18;12,17;15,9;41,4;54,42;54,43;54,48;55,48;55,51
f41f868f-c780-4476-9e5f-842d1fe30f0d|Carola RPT A-full 9f0d8bc0-21c8-4d8f-8ce7-2a41f3f239d4|Girder A|2023-04-24||80|80|319129.00000000006|2452.0|319129.00000000006|97876.99999999999|-494.0|2618.0|2880552.0|20|2|9|9|10|0,52;1,7;2,7;2,8;2,9;2,10;3,8;3,9;3,10;4,10;4,11;5,18;12,17;15,9;41,4;54,42;54,43;54,48;55,48;55,51
357b4ee9-0c31-40d0-ba62-f0404b794a9b|Carola RPT C-subwindow 691644e8-73fe-4c1a-97aa-ffe2eac1319c|Girder A|2023-04-24||80|80|319129.00000000006|2452.0|319129.00000000006|97876.99999999999|-494.0|2618.0|2880552.0|20|2|9|9|10|0,52;1,7;2,7;2,8;2,9;2,10;3,8;3,9;3,10;4,10;4,11;5,18;12,17;15,9;41,4;54,42;54,43;54,48;55,48;55,51
186f2355-c13d-45a8-9881-0a6866e4a600|Carola RPT C-subwindow 9978c280-4108-4c8b-9541-81260137691b|Girder A|2023-04-24||80|80|319129.00000000006|2452.0|319129.00000000006|97876.99999999999|-494.0|2618.0|2880552.0|20|2|9|9|10|0,52;1,7;2,7;2,8;2,9;2,10;3,8;3,9;3,10;4,10;4,11;5,18;12,17;15,9;41,4;54,42;54,43;54,48;55,48;55,51
93be8bf5-9a7e-4c1c-bcc3-5c981af478b2|Carola RPT C-subwindow da3dd34f-a7eb-45c4-ae4d-e7e00ca57233|Girder A|2023-04-24||80|80|319129.00000000006|2452.0|319129.00000000006|97876.99999999999|-494.0|2618.0|2880552.0|20|2|9|9|10|0,52;1,7;2,7;2,8;2,9;2,10;3,8;3,9;3,10;4,10;4,11;5,18;12,17;15,9;41,4;54,42;54,43;54,48;55,48;55,51
6ff480c6-97e2-41c2-8d90-65e4e97b93e6|Carola RPT A-full 3803bf22-891c-4077-ad80-793c7bce8fa0|Girder A|2023-04-28||80|80|1889155.9999999998|1480.9999999999998|1889155.9999999998|727042.0000000001|681.0|-6.0|6250625.0|5|52|12|2|4|5,61;51,11;51,12;52,11;52,12
dd810070-09b0-443c-a616-fceb425d72eb|Carola RPT A-full 9f0d8bc0-21c8-4d8f-8ce7-2a41f3f239d4|Girder A|2023-04-28||80|80|1889155.9999999998|1480.9999999999998|1889155.9999999998|727042.0000000001|681.0|-6.0|6250625.0|5|52|12|2|4|5,61;51,11;51,12;52,11;52,12
a3df5439-0490-40c7-bd29-62f839312ad3|Carola RPT C-subwindow 691644e8-73fe-4c1a-97aa-ffe2eac1319c|Girder A|2023-04-28||80|80|1889155.9999999998|1480.9999999999998|1889155.9999999998|727042.0000000001|681.0|-6.0|6250625.0|5|52|12|2|4|5,61;51,11;51,12;52,11;52,12
e0a2fcfa-833a-46bf-b1ce-1c5c6bfb2b15|Carola RPT C-subwindow 9978c280-4108-4c8b-9541-81260137691b|Girder A|2023-04-28||80|80|1889155.9999999998|1480.9999999999998|1889155.9999999998|727042.0000000001|681.0|-6.0|6250625.0|5|52|12|2|4|5,61;51,11;51,12;52,11;52,12
35c24fba-57e2-4b00-8a90-423cd579c4ef|Carola RPT C-subwindow da3dd34f-a7eb-45c4-ae4d-e7e00ca57233|Girder A|2023-04-28||80|80|1889155.9999999998|1480.9999999999998|1889155.9999999998|727042.0000000001|681.0|-6.0|6250625.0|5|52|12|2|4|5,61;51,11;51,12;52,11;52,12
79a2228e-cf62-4f69-ab78-e0245f2bc2b6|Carola RPT A-full 3803bf22-891c-4077-ad80-793c7bce8fa0|Girder A|2023-05-01||80|80|3360677.0|2626.0|3360677.0|2544656.0|1055.0|-2634.0|5905333.0|2|67|69|1|2|66,69;67,69
bb02a8c4-5c31-4782-8335-90ccec4b4d81|Carola RPT A-full 9f0d8bc0-21c8-4d8f-8ce7-2a41f3f239d4|Girder A|2023-05-01||80|80|3360677.0|2626.0|3360677.0|2544656.0|1055.0|-2634.0|5905333.0|2|67|69|1|2|66,69;67,69
29a9b907-cfee-49da-9fdd-d8ddc78f48a8|Carola RPT C-subwindow 691644e8-73fe-4c1a-97aa-ffe2eac1319c|Girder A|2023-05-01||80|80|3360677.0|2626.0|3360677.0|2544656.0|1055.0|-2634.0|5905333.0|2|67|69|1|2|66,69;67,69
a55e2524-62ee-49b6-89b4-2d2025dcc3bf|Carola RPT C-subwindow 9978c280-4108-4c8b-9541-81260137691b|Girder A|2023-05-01||80|80|3360677.0|2626.0|3360677.0|2544656.0|1055.0|-2634.0|5905333.0|2|67|69|1|2|66,69;67,69
26528f5d-6036-4c6a-ba39-7731e0027eb3|Carola RPT C-subwindow da3dd34f-a7eb-45c4-ae4d-e7e00ca57233|Girder A|2023-05-01||80|80|3360677.0|2626.0|3360677.0|2544656.0|1055.0|-2634.0|5905333.0|2|67|69|1|2|66,69;67,69
49e769b8-02cd-4d6f-811d-4277c1e36ffc|Carola RPT A-full 3803bf22-891c-4077-ad80-793c7bce8fa0|Girder A|2023-05-06||80|80|1077845.0|8071.499999999998|1077845.0|324818.00000000006|-296.0|4746.0|15259780.0|28|29|55|13|6|1,6;1,10;2,10;3,79;10,51;11,51;13,65;14,65;25,35;26,35;26,36;27,35;27,36;29,54;29,55;29,56;30,53;30,54;30,55;43,49;43,79;44,49;46,16;49,20;49,21;49,73;50,21;54,49
a091906a-53c2-4c6b-b995-5fbd7642efc8|Carola RPT A-full 9f0d8bc0-21c8-4d8f-8ce7-2a41f3f239d4|Girder A|2023-05-06||80|80|1077845.0|8071.499999999998|1077845.0|324818.00000000006|-296.0|4746.0|15259780.0|28|29|55|13|6|1,6;1,10;2,10;3,79;10,51;11,51;13,65;14,65;25,35;26,35;26,36;27,35;27,36;29,54;29,55;29,56;30,53;30,54;30,55;43,49;43,79;44,49;46,16;49,20;49,21;49,73;50,21;54,49
9bbb0774-f41e-4cae-a967-d3024a4bbe41|Carola RPT C-subwindow 691644e8-73fe-4c1a-97aa-ffe2eac1319c|Girder A|2023-05-06||80|80|1077845.0|8071.499999999998|1077845.0|324818.00000000006|-296.0|4746.0|15259780.0|28|29|55|13|6|1,6;1,10;2,10;3,79;10,51;11,51;13,65;14,65;25,35;26,35;26,36;27,35;27,36;29,54;29,55;29,56;30,53;30,54;30,55;43,49;43,79;44,49;46,16;49,20;49,21;49,73;50,21;54,49
2bbbb4f0-16ab-4b38-8d6f-b9ee3e9cf528|Carola RPT C-subwindow 9978c280-4108-4c8b-9541-81260137691b|Girder A|2023-05-06||80|80|1077845.0|8071.499999999998|1077845.0|324818.00000000006|-296.0|4746.0|15259780.0|28|29|55|13|6|1,6;1,10;2,10;3,79;10,51;11,51;13,65;14,65;25,35;26,35;26,36;27,35;27,36;29,54;29,55;29,56;30,53;30,54;30,55;43,49;43,79;44,49;46,16;49,20;49,21;49,73;50,21;54,49
8c7c8e44-6bbf-4a48-8e25-2c36d571a15c|Carola RPT C-subwindow da3dd34f-a7eb-45c4-ae4d-e7e00ca57233|Girder A|2023-05-06||80|80|1077845.0|8071.499999999998|1077845.0|324818.00000000006|-296.0|4746.0|15259780.0|28|29|55|13|6|1,6;1,10;2,10;3,79;10,51;11,51;13,65;14,65;25,35;26,35;26,36;27,35;27,36;29,54;29,55;29,56;30,53;30,54;30,55;43,49;43,79;44,49;46,16;49,20;49,21;49,73;50,21;54,49
81f105b8-87b4-4402-9497-9c073a16a890|Carola RPT A-full 3803bf22-891c-4077-ad80-793c7bce8fa0|Girder A|2023-05-10||80|80|7954453.0|6005.0|7954453.0|4664437.0|-393.0|4930.0|22848007.0|4|79|47|2|2|38,22;39,22;79,46;79,47
f6fefacd-2f3c-4033-87ca-4287a8f236f9|Carola RPT A-full 9f0d8bc0-21c8-4d8f-8ce7-2a41f3f239d4|Girder A|2023-05-10||80|80|7954453.0|6005.0|7954453.0|4664437.0|-393.0|4930.0|22848007.0|4|79|47|2|2|38,22;39,22;79,46;79,47
aee7fba7-831c-472d-a3ee-9229f63f6af1|Carola RPT C-subwindow 691644e8-73fe-4c1a-97aa-ffe2eac1319c|Girder A|2023-05-10||80|80|7954453.0|6005.0|7954453.0|4664437.0|-393.0|4930.0|22848007.0|4|79|47|2|2|38,22;39,22;79,46;79,47
8392ff81-8e00-4290-9558-5c9c02fbeca9|Carola RPT C-subwindow 9978c280-4108-4c8b-9541-81260137691b|Girder A|2023-05-10||80|80|7954453.0|6005.0|7954453.0|4664437.0|-393.0|4930.0|22848007.0|4|79|47|2|2|38,22;39,22;79,46;79,47
cdfd37c4-f99c-4750-b021-e2e89940276b|Carola RPT C-subwindow da3dd34f-a7eb-45c4-ae4d-e7e00ca57233|Girder A|2023-05-10||80|80|7954453.0|6005.0|7954453.0|4664437.0|-393.0|4930.0|22848007.0|4|79|47|2|2|38,22;39,22;79,46;79,47
e9e1d718-a23f-4936-b7f9-31f21dbefdd7|Carola RPT A-full 3803bf22-891c-4077-ad80-793c7bce8fa0|Girder A|2023-05-13||80|80|3732400.999999999|2525.0|3732400.999999999|1163060.0|2064.0|3257.0|6862061.0|3|68|69|1|3|67,69;68,69;68,70
41f55226-4392-4d82-8b03-85e1ec030b96|Carola RPT A-full 9f0d8bc0-21c8-4d8f-8ce7-2a41f3f239d4|Girder A|2023-05-13||80|80|3732400.999999999|2525.0|3732400.999999999|1163060.0|2064.0|3257.0|6862061.0|3|68|69|1|3|67,69;68,69;68,70
7ff46dd3-5b70-4209-b7cf-dcefd10e6b0f|Carola RPT C-subwindow 691644e8-73fe-4c1a-97aa-ffe2eac1319c|Girder A|2023-05-13||80|80|3732400.999999999|2525.0|3732400.999999999|1163060.0|2064.0|3257.0|6862061.0|3|68|69|1|3|67,69;68,69;68,70
8f47fab2-4a28-4542-8d7b-6113ac7af019|Carola RPT C-subwindow 9978c280-4108-4c8b-9541-81260137691b|Girder A|2023-05-13||80|80|3732400.999999999|2525.0|3732400.999999999|1163060.0|2064.0|3257.0|6862061.0|3|68|69|1|3|67,69;68,69;68,70
a85dc474-3b38-478b-905a-9c20b533e664|Carola RPT C-subwindow da3dd34f-a7eb-45c4-ae4d-e7e00ca57233|Girder A|2023-05-13||80|80|3732400.999999999|2525.0|3732400.999999999|1163060.0|2064.0|3257.0|6862061.0|3|68|69|1|3|67,69;68,69;68,70
4123d68b-2de7-4b42-9457-186b83b0d6e1|Carola RPT A-full 3803bf22-891c-4077-ad80-793c7bce8fa0|Girder A|2023-05-18||80|80|1373768.9999999998|8293.0|1373768.9999999998|436410.00000000006|-1331.0|-1051.0|11824046.0|16|49|20|6|6|1,9;2,9;11,50;26,34;26,35;27,34;27,35;29,53;29,54;29,55;30,53;30,54;30,55;47,15;49,20;50,20
7bde5471-0692-4a2b-89d9-57b2a7c501d4|Carola RPT A-full 9f0d8bc0-21c8-4d8f-8ce7-2a41f3f239d4|Girder A|2023-05-18||80|80|1373768.9999999998|8293.0|1373768.9999999998|436410.00000000006|-1331.0|-1051.0|11824046.0|16|49|20|6|6|1,9;2,9;11,50;26,34;26,35;27,34;27,35;29,53;29,54;29,55;30,53;30,54;30,55;47,15;49,20;50,20
a7a4ce93-c296-48f8-8d65-6f7290873bb4|Carola RPT C-subwindow 691644e8-73fe-4c1a-97aa-ffe2eac1319c|Girder A|2023-05-18||80|80|1373768.9999999998|8293.0|1373768.9999999998|436410.00000000006|-1331.0|-1051.0|11824046.0|16|49|20|6|6|1,9;2,9;11,50;26,34;26,35;27,34;27,35;29,53;29,54;29,55;30,53;30,54;30,55;47,15;49,20;50,20
88c5f1f7-404d-4dda-8d31-b6dad109ef0f|Carola RPT C-subwindow 9978c280-4108-4c8b-9541-81260137691b|Girder A|2023-05-18||80|80|1373768.9999999998|8293.0|1373768.9999999998|436410.00000000006|-1331.0|-1051.0|11824046.0|16|49|20|6|6|1,9;2,9;11,50;26,34;26,35;27,34;27,35;29,53;29,54;29,55;30,53;30,54;30,55;47,15;49,20;50,20
6ba8a6dd-2b2d-4281-8b12-9c26453351c2|Carola RPT C-subwindow da3dd34f-a7eb-45c4-ae4d-e7e00ca57233|Girder A|2023-05-18||80|80|1373768.9999999998|8293.0|1373768.9999999998|436410.00000000006|-1331.0|-1051.0|11824046.0|16|49|20|6|6|1,9;2,9;11,50;26,34;26,35;27,34;27,35;29,53;29,54;29,55;30,53;30,54;30,55;47,15;49,20;50,20
bb2719d3-97c5-4fa6-b93e-9f1dfa2e5f84|Carola RPT A-full 3803bf22-891c-4077-ad80-793c7bce8fa0|Girder A|2023-05-22||80|80|1793244.9999999995|6408.000000000001|1793244.9999999995|554948.0000000001|-3302.0|-541.0|23305949.0|25|70|27|11|5|5,31;6,28;6,31;7,28;7,29;16,53;36,3;43,40;60,21;65,30;65,31;66,30;68,62;68,64;69,15;69,62;69,63;69,64;70,14;70,15;70,26;70,27;71,26;71,27;79,47
030e15c8-16e7-41de-95de-0a217193ae02|Carola RPT A-full 9f0d8bc0-21c8-4d8f-8ce7-2a41f3f239d4|Girder A|2023-05-22||80|80|1793244.9999999995|6408.000000000001|1793244.9999999995|554948.0000000001|-3302.0|-541.0|23305949.0|25|70|27|11|5|5,31;6,28;6,31;7,28;7,29;16,53;36,3;43,40;60,21;65,30;65,31;66,30;68,62;68,64;69,15;69,62;69,63;69,64;70,14;70,15;70,26;70,27;71,26;71,27;79,47
63c01ddb-4547-4a3a-932e-edb60a5d3d98|Carola RPT C-subwindow 691644e8-73fe-4c1a-97aa-ffe2eac1319c|Girder A|2023-05-22||80|80|1793244.9999999995|6408.000000000001|1793244.9999999995|554948.0000000001|-3302.0|-541.0|23305949.0|25|70|27|11|5|5,31;6,28;6,31;7,28;7,29;16,53;36,3;43,40;60,21;65,30;65,31;66,30;68,62;68,64;69,15;69,62;69,63;69,64;70,14;70,15;70,26;70,27;71,26;71,27;79,47
ed3a390a-3780-4977-92fd-f383de72669e|Carola RPT C-subwindow 9978c280-4108-4c8b-9541-81260137691b|Girder A|2023-05-22||80|80|1793244.9999999995|6408.000000000001|1793244.9999999995|554948.0000000001|-3302.0|-541.0|23305949.0|25|70|27|11|5|5,31;6,28;6,31;7,28;7,29;16,53;36,3;43,40;60,21;65,30;65,31;66,30;68,62;68,64;69,15;69,62;69,63;69,64;70,14;70,15;70,26;70,27;71,26;71,27;79,47
20a7e2c6-0665-4f21-b99c-17f62edcc01c|Carola RPT C-subwindow da3dd34f-a7eb-45c4-ae4d-e7e00ca57233|Girder A|2023-05-22||80|80|1793244.9999999995|6408.000000000001|1793244.9999999995|554948.0000000001|-3302.0|-541.0|23305949.0|25|70|27|11|5|5,31;6,28;6,31;7,28;7,29;16,53;36,3;43,40;60,21;65,30;65,31;66,30;68,62;68,64;69,15;69,62;69,63;69,64;70,14;70,15;70,26;70,27;71,26;71,27;79,47
636f2034-c956-4c95-a7bc-398b089c807e|Carola RPT A-full 3803bf22-891c-4077-ad80-793c7bce8fa0|Girder A|2023-05-25||80|80|1428085.0000000007|12961.0|1428085.0000000007|438259.99999999994|-7163.0|-299.0|16688144.0|26|66|50|12|6|10,47;10,50;11,53;11,54;32,14;36,75;43,16;43,17;44,16;44,17;44,51;60,18;60,19;61,18;63,40;63,50;64,40;65,50;65,51;66,49;66,50;66,51;67,50;75,48;75,49;76,48
eca0ae4a-32e9-491e-8227-8c5188549959|Carola RPT A-full 9f0d8bc0-21c8-4d8f-8ce7-2a41f3f239d4|Girder A|2023-05-25||80|80|1428085.0000000007|12961.0|1428085.0000000007|438259.99999999994|-7163.0|-299.0|16688144.0|26|66|50|12|6|10,47;10,50;11,53;11,54;32,14;36,75;43,16;43,17;44,16;44,17;44,51;60,18;60,19;61,18;63,40;63,50;64,40;65,50;65,51;66,49;66,50;66,51;67,50;75,48;75,49;76,48
f7630435-b41a-433a-acae-98de2efaa2fc|Carola RPT C-subwindow 691644e8-73fe-4c1a-97aa-ffe2eac1319c|Girder A|2023-05-25||80|80|1428085.0000000007|12961.0|1428085.0000000007|438259.99999999994|-7163.0|-299.0|16688144.0|26|66|50|12|6|10,47;10,50;11,53;11,54;32,14;36,75;43,16;43,17;44,16;44,17;44,51;60,18;60,19;61,18;63,40;63,50;64,40;65,50;65,51;66,49;66,50;66,51;67,50;75,48;75,49;76,48
c57b0632-e0ab-4b53-8bc2-f890e1d93fa5|Carola RPT C-subwindow 9978c280-4108-4c8b-9541-81260137691b|Girder A|2023-05-25||80|80|1428085.0000000007|12961.0|1428085.0000000007|438259.99999999994|-7163.0|-299.0|16688144.0|26|66|50|12|6|10,47;10,50;11,53;11,54;32,14;36,75;43,16;43,17;44,16;44,17;44,51;60,18;60,19;61,18;63,40;63,50;64,40;65,50;65,51;66,49;66,50;66,51;67,50;75,48;75,49;76,48
9b3b0e13-970a-492d-bb41-dbf971402b19|Carola RPT C-subwindow da3dd34f-a7eb-45c4-ae4d-e7e00ca57233|Girder A|2023-05-25||80|80|1428085.0000000007|12961.0|1428085.0000000007|438259.99999999994|-7163.0|-299.0|16688144.0|26|66|50|12|6|10,47;10,50;11,53;11,54;32,14;36,75;43,16;43,17;44,16;44,17;44,51;60,18;60,19;61,18;63,40;63,50;64,40;65,50;65,51;66,49;66,50;66,51;67,50;75,48;75,49;76,48
6e3edd38-dd81-4c49-b66d-5e9835fcc789|Carola RPT A-full 3803bf22-891c-4077-ad80-793c7bce8fa0|Girder A|2023-05-30||80|80|1146056.0000000005|8522.999999999998|1146056.0000000005|345473.99999999994|753.0|1249.0|7910786.0|15|49|20|7|4|2,9;10,50;11,50;26,34;26,35;27,34;29,53;29,54;30,53;30,54;44,48;49,20;50,20;72,34;72,35
4cbbc13d-4891-4bb1-8eac-8d6b057655c2|Carola RPT A-full 9f0d8bc0-21c8-4d8f-8ce7-2a41f3f239d4|Girder A|2023-05-30||80|80|1146056.0000000005|8522.999999999998|1146056.0000000005|345473.99999999994|753.0|1249.0|7910786.0|15|49|20|7|4|2,9;10,50;11,50;26,34;26,35;27,34;29,53;29,54;30,53;30,54;44,48;49,20;50,20;72,34;72,35
a2b75fff-47df-4ef3-b788-125fcfe51524|Carola RPT C-subwindow 691644e8-73fe-4c1a-97aa-ffe2eac1319c|Girder A|2023-05-30||80|80|1146056.0000000005|8522.999999999998|1146056.0000000005|345473.99999999994|753.0|1249.0|7910786.0|15|49|20|7|4|2,9;10,50;11,50;26,34;26,35;27,34;29,53;29,54;30,53;30,54;44,48;49,20;50,20;72,34;72,35
eb60b91d-93d3-4867-9af4-224658000f20|Carola RPT C-subwindow 9978c280-4108-4c8b-9541-81260137691b|Girder A|2023-05-30||80|80|1146056.0000000005|8522.999999999998|1146056.0000000005|345473.99999999994|753.0|1249.0|7910786.0|15|49|20|7|4|2,9;10,50;11,50;26,34;26,35;27,34;29,53;29,54;30,53;30,54;44,48;49,20;50,20;72,34;72,35
6f648bf5-6021-4845-a0d3-0455ed51201a|Carola RPT C-subwindow da3dd34f-a7eb-45c4-ae4d-e7e00ca57233|Girder A|2023-05-30||80|80|1146056.0000000005|8522.999999999998|1146056.0000000005|345473.99999999994|753.0|1249.0|7910786.0|15|49|20|7|4|2,9;10,50;11,50;26,34;26,35;27,34;29,53;29,54;30,53;30,54;44,48;49,20;50,20;72,34;72,35
4bd4dc28-9f6e-4ffd-b706-f377203440e5|Carola RPT A-full 3803bf22-891c-4077-ad80-793c7bce8fa0|Girder A|2023-06-03||80|80|1209917.0000000002|1341.0|1209917.0000000002|391018.0000000001|1672.0|2575.0|8016455.0|13|51|12|4|6|11,56;11,57;11,58;11,59;12,58;12,60;19,46;20,46;51,11;51,12;52,11;52,12;67,64
6965fb17-73c2-4173-ae85-3a051f4f08d5|Carola RPT A-full 9f0d8bc0-21c8-4d8f-8ce7-2a41f3f239d4|Girder A|2023-06-03||80|80|1209917.0000000002|1341.0|1209917.0000000002|391018.0000000001|1672.0|2575.0|8016455.0|13|51|12|4|6|11,56;11,57;11,58;11,59;12,58;12,60;19,46;20,46;51,11;51,12;52,11;52,12;67,64
6c656482-35c9-4eeb-93c2-cdd1c77f51cb|Carola RPT C-subwindow 691644e8-73fe-4c1a-97aa-ffe2eac1319c|Girder A|2023-06-03||80|80|1209917.0000000002|1341.0|1209917.0000000002|391018.0000000001|1672.0|2575.0|8016455.0|13|51|12|4|6|11,56;11,57;11,58;11,59;12,58;12,60;19,46;20,46;51,11;51,12;52,11;52,12;67,64
c4de230a-ad7d-4558-aeb7-2adce81d8892|Carola RPT C-subwindow 9978c280-4108-4c8b-9541-81260137691b|Girder A|2023-06-03||80|80|1209917.0000000002|1341.0|1209917.0000000002|391018.0000000001|1672.0|2575.0|8016455.0|13|51|12|4|6|11,56;11,57;11,58;11,59;12,58;12,60;19,46;20,46;51,11;51,12;52,11;52,12;67,64
855effdb-3a70-411d-9660-df2aa481cbd7|Carola RPT C-subwindow da3dd34f-a7eb-45c4-ae4d-e7e00ca57233|Girder A|2023-06-03||80|80|1209917.0000000002|1341.0|1209917.0000000002|391018.0000000001|1672.0|2575.0|8016455.0|13|51|12|4|6|11,56;11,57;11,58;11,59;12,58;12,60;19,46;20,46;51,11;51,12;52,11;52,12;67,64
28b46388-d176-4774-9331-08304f93dab5|Carola RPT A-full 3803bf22-891c-4077-ad80-793c7bce8fa0|Girder A|2023-06-06||80|80|2737385.0000000005|2960.0000000000005|2737385.0000000005|1590048.0000000002|-3760.0|-2740.0|8369598.0|4|67|71|1|4|67,71;67,72;68,71;68,72
c11551cc-0e52-4243-aca9-cbac274729ed|Carola RPT A-full 9f0d8bc0-21c8-4d8f-8ce7-2a41f3f239d4|Girder A|2023-06-06||80|80|2737385.0000000005|2960.0000000000005|2737385.0000000005|1590048.0000000002|-3760.0|-2740.0|8369598.0|4|67|71|1|4|67,71;67,72;68,71;68,72
fa3bb64f-b204-4dbd-99ac-a569cf263ab9|Carola RPT C-subwindow 691644e8-73fe-4c1a-97aa-ffe2eac1319c|Girder A|2023-06-06||80|80|2737385.0000000005|2960.0000000000005|2737385.0000000005|1590048.0000000002|-3760.0|-2740.0|8369598.0|4|67|71|1|4|67,71;67,72;68,71;68,72
cdd523c5-4347-4a96-9e05-ad8a924c0f8f|Carola RPT C-subwindow 9978c280-4108-4c8b-9541-81260137691b|Girder A|2023-06-06||80|80|2737385.0000000005|2960.0000000000005|2737385.0000000005|1590048.0000000002|-3760.0|-2740.0|8369598.0|4|67|71|1|4|67,71;67,72;68,71;68,72
a523f0b3-efb6-4027-8c8f-0fb44d703d2f|Carola RPT C-subwindow da3dd34f-a7eb-45c4-ae4d-e7e00ca57233|Girder A|2023-06-06||80|80|2737385.0000000005|2960.0000000000005|2737385.0000000005|1590048.0000000002|-3760.0|-2740.0|8369598.0|4|67|71|1|4|67,71;67,72;68,71;68,72
063c879b-c6a5-48de-bc74-672360904732|Carola RPT A-full 3803bf22-891c-4077-ad80-793c7bce8fa0|Girder A|2023-06-11||80|80|224370.00000000003|2313.5|224370.00000000003|67636.00000000001|-4294.0|-1022.0|3344266.0|33|1|10|17|9|0,2;0,8;1,8;1,9;1,10;1,11;2,9;2,10;2,11;3,11;3,79;5,52;6,24;6,25;8,39;12,5;14,9;25,35;26,35;29,53;29,54;29,62;30,61;40,4;40,5;53,43;53,48;53,49;54,48;54,49;57,45;72,28;79,75
fe2b013e-9a84-4fa3-a803-fbfdc0e0d55a|Carola RPT A-full 9f0d8bc0-21c8-4d8f-8ce7-2a41f3f239d4|Girder A|2023-06-11||80|80|224370.00000000003|2313.5|224370.00000000003|67636.00000000001|-4294.0|-1022.0|3344266.0|33|1|10|17|9|0,2;0,8;1,8;1,9;1,10;1,11;2,9;2,10;2,11;3,11;3,79;5,52;6,24;6,25;8,39;12,5;14,9;25,35;26,35;29,53;29,54;29,62;30,61;40,4;40,5;53,43;53,48;53,49;54,48;54,49;57,45;72,28;79,75
7bf07834-15e9-40d4-afac-f40ff2211c0e|Carola RPT C-subwindow 691644e8-73fe-4c1a-97aa-ffe2eac1319c|Girder A|2023-06-11||80|80|224370.00000000003|2313.5|224370.00000000003|67636.00000000001|-4294.0|-1022.0|3344266.0|33|1|10|17|9|0,2;0,8;1,8;1,9;1,10;1,11;2,9;2,10;2,11;3,11;3,79;5,52;6,24;6,25;8,39;12,5;14,9;25,35;26,35;29,53;29,54;29,62;30,61;40,4;40,5;53,43;53,48;53,49;54,48;54,49;57,45;72,28;79,75
5cd87c76-e866-432b-b697-255aa3366866|Carola RPT C-subwindow 9978c280-4108-4c8b-9541-81260137691b|Girder A|2023-06-11||80|80|224370.00000000003|2313.5|224370.00000000003|67636.00000000001|-4294.0|-1022.0|3344266.0|33|1|10|17|9|0,2;0,8;1,8;1,9;1,10;1,11;2,9;2,10;2,11;3,11;3,79;5,52;6,24;6,25;8,39;12,5;14,9;25,35;26,35;29,53;29,54;29,62;30,61;40,4;40,5;53,43;53,48;53,49;54,48;54,49;57,45;72,28;79,75
1492ae90-8e88-4815-b5c3-fb5d47bcace3|Carola RPT C-subwindow da3dd34f-a7eb-45c4-ae4d-e7e00ca57233|Girder A|2023-06-11||80|80|224370.00000000003|2313.5|224370.00000000003|67636.00000000001|-4294.0|-1022.0|3344266.0|33|1|10|17|9|0,2;0,8;1,8;1,9;1,10;1,11;2,9;2,10;2,11;3,11;3,79;5,52;6,24;6,25;8,39;12,5;14,9;25,35;26,35;29,53;29,54;29,62;30,61;40,4;40,5;53,43;53,48;53,49;54,48;54,49;57,45;72,28;79,75
489c3d97-6068-495c-9162-9a8fc1a21601|Carola RPT A-full 3803bf22-891c-4077-ad80-793c7bce8fa0|Girder A|2023-06-15||80|80|3592624.9999999995|6003.5|3592624.9999999995|1231884.9999999995|3455.0|-151.0|10072490.0|5|79|47|5|1|6,31;7,28;68,64;70,26;79,47
8fe67110-80a8-4c9c-8690-d93474ea8742|Carola RPT A-full 9f0d8bc0-21c8-4d8f-8ce7-2a41f3f239d4|Girder A|2023-06-15||80|80|3592624.9999999995|6003.5|3592624.9999999995|1231884.9999999995|3455.0|-151.0|10072490.0|5|79|47|5|1|6,31;7,28;68,64;70,26;79,47
f9933d37-e7b8-43cf-8a92-100061845e4e|Carola RPT C-subwindow 691644e8-73fe-4c1a-97aa-ffe2eac1319c|Girder A|2023-06-15||80|80|3592624.9999999995|6003.5|3592624.9999999995|1231884.9999999995|3455.0|-151.0|10072490.0|5|79|47|5|1|6,31;7,28;68,64;70,26;79,47
b99a2349-8a9d-4868-9b03-a6362bfcdea5|Carola RPT C-subwindow 9978c280-4108-4c8b-9541-81260137691b|Girder A|2023-06-15||80|80|3592624.9999999995|6003.5|3592624.9999999995|1231884.9999999995|3455.0|-151.0|10072490.0|5|79|47|5|1|6,31;7,28;68,64;70,26;79,47
c7140f1e-4672-45da-9ba7-3e8d8790e855|Carola RPT C-subwindow da3dd34f-a7eb-45c4-ae4d-e7e00ca57233|Girder A|2023-06-15||80|80|3592624.9999999995|6003.5|3592624.9999999995|1231884.9999999995|3455.0|-151.0|10072490.0|5|79|47|5|1|6,31;7,28;68,64;70,26;79,47
0fc8fd28-db00-4b4c-81d6-9d9ceae90beb|Carola RPT A-full 3803bf22-891c-4077-ad80-793c7bce8fa0|Girder A|2023-06-18||80|80|3348777.9999999995|2720.0000000000005|3348777.9999999995|1060565.0000000005|-3551.0|361.0|6281608.0|3|67|69|1|3|66,69;67,68;67,69
fd346fee-7034-40a2-8666-592b18217ef7|Carola RPT A-full 9f0d8bc0-21c8-4d8f-8ce7-2a41f3f239d4|Girder A|2023-06-18||80|80|3348777.9999999995|2720.0000000000005|3348777.9999999995|1060565.0000000005|-3551.0|361.0|6281608.0|3|67|69|1|3|66,69;67,68;67,69
96b60931-d2ad-4e33-b0f2-a8a6f943afdb|Carola RPT C-subwindow 691644e8-73fe-4c1a-97aa-ffe2eac1319c|Girder A|2023-06-18||80|80|3348777.9999999995|2720.0000000000005|3348777.9999999995|1060565.0000000005|-3551.0|361.0|6281608.0|3|67|69|1|3|66,69;67,68;67,69
b792e953-05cf-4ee9-8cbf-69324e385043|Carola RPT C-subwindow 9978c280-4108-4c8b-9541-81260137691b|Girder A|2023-06-18||80|80|3348777.9999999995|2720.0000000000005|3348777.9999999995|1060565.0000000005|-3551.0|361.0|6281608.0|3|67|69|1|3|66,69;67,68;67,69
e02492cb-8014-4ee0-a545-0a5a6b847a9c|Carola RPT C-subwindow da3dd34f-a7eb-45c4-ae4d-e7e00ca57233|Girder A|2023-06-18||80|80|3348777.9999999995|2720.0000000000005|3348777.9999999995|1060565.0000000005|-3551.0|361.0|6281608.0|3|67|69|1|3|66,69;67,68;67,69
63284b67-637d-4311-ad17-44ae3a9b3200|Carola RPT A-full 3803bf22-891c-4077-ad80-793c7bce8fa0|Girder A|2023-06-23||80|80|1309669.0000000002|9119.5|1309669.0000000002|395587.9999999999|44.0|668.0|13798356.0|22|30|54|8|6|4,78;11,50;11,51;12,50;12,51;26,34;26,35;27,34;27,35;28,34;28,35;30,53;30,54;30,55;31,54;44,49;45,49;48,22;53,39;54,39;60,41;60,42
0ab663a8-9b07-43ad-9c63-4535a601c546|Carola RPT A-full 9f0d8bc0-21c8-4d8f-8ce7-2a41f3f239d4|Girder A|2023-06-23||80|80|1309669.0000000002|9119.5|1309669.0000000002|395587.9999999999|44.0|668.0|13798356.0|22|30|54|8|6|4,78;11,50;11,51;12,50;12,51;26,34;26,35;27,34;27,35;28,34;28,35;30,53;30,54;30,55;31,54;44,49;45,49;48,22;53,39;54,39;60,41;60,42
e5679a8e-4d70-458d-aa98-2c05d704f0df|Carola RPT C-subwindow 691644e8-73fe-4c1a-97aa-ffe2eac1319c|Girder A|2023-06-23||80|80|1309669.0000000002|9119.5|1309669.0000000002|395587.9999999999|44.0|668.0|13798356.0|22|30|54|8|6|4,78;11,50;11,51;12,50;12,51;26,34;26,35;27,34;27,35;28,34;28,35;30,53;30,54;30,55;31,54;44,49;45,49;48,22;53,39;54,39;60,41;60,42
2b27dcf7-dc46-4d43-8fa5-bb6d0d24b2a5|Carola RPT C-subwindow 9978c280-4108-4c8b-9541-81260137691b|Girder A|2023-06-23||80|80|1309669.0000000002|9119.5|1309669.0000000002|395587.9999999999|44.0|668.0|13798356.0|22|30|54|8|6|4,78;11,50;11,51;12,50;12,51;26,34;26,35;27,34;27,35;28,34;28,35;30,53;30,54;30,55;31,54;44,49;45,49;48,22;53,39;54,39;60,41;60,42
1b090118-39bd-479f-b928-9f4c205b6f7f|Carola RPT C-subwindow da3dd34f-a7eb-45c4-ae4d-e7e00ca57233|Girder A|2023-06-23||80|80|1309669.0000000002|9119.5|1309669.0000000002|395587.9999999999|44.0|668.0|13798356.0|22|30|54|8|6|4,78;11,50;11,51;12,50;12,51;26,34;26,35;27,34;27,35;28,34;28,35;30,53;30,54;30,55;31,54;44,49;45,49;48,22;53,39;54,39;60,41;60,42
b0948932-6ab1-4bcf-908b-eb071af0c024|Carola RPT A-full 3803bf22-891c-4077-ad80-793c7bce8fa0|Girder A|2023-06-27||80|80|2603779.9999999995|6989.000000000001|2603779.9999999995|782226.0|-2107.0|-311.0|23782846.0|18|70|27|7|5|7,29;39,22;40,22;40,23;67,64;68,64;68,65;69,15;69,63;69,64;70,15;70,26;70,27;76,26;78,22;78,23;79,22;79,23
6047073c-c058-4ac7-aa3d-daec0ad28902|Carola RPT A-full 9f0d8bc0-21c8-4d8f-8ce7-2a41f3f239d4|Girder A|2023-06-27||80|80|2603779.9999999995|6989.000000000001|2603779.9999999995|782226.0|-2107.0|-311.0|23782846.0|18|70|27|7|5|7,29;39,22;40,22;40,23;67,64;68,64;68,65;69,15;69,63;69,64;70,15;70,26;70,27;76,26;78,22;78,23;79,22;79,23
caa0cdb7-6229-4eb8-a2d0-0d5e3cd2634f|Carola RPT C-subwindow 691644e8-73fe-4c1a-97aa-ffe2eac1319c|Girder A|2023-06-27||80|80|2603779.9999999995|6989.000000000001|2603779.9999999995|782226.0|-2107.0|-311.0|23782846.0|18|70|27|7|5|7,29;39,22;40,22;40,23;67,64;68,64;68,65;69,15;69,63;69,64;70,15;70,26;70,27;76,26;78,22;78,23;79,22;79,23
9dafd2b9-773c-44bb-87c7-980abc63de0d|Carola RPT C-subwindow 9978c280-4108-4c8b-9541-81260137691b|Girder A|2023-06-27||80|80|2603779.9999999995|6989.000000000001|2603779.9999999995|782226.0|-2107.0|-311.0|23782846.0|18|70|27|7|5|7,29;39,22;40,22;40,23;67,64;68,64;68,65;69,15;69,63;69,64;70,15;70,26;70,27;76,26;78,22;78,23;79,22;79,23
f8ccf015-2111-4ffe-a205-0b57e6b90209|Carola RPT C-subwindow da3dd34f-a7eb-45c4-ae4d-e7e00ca57233|Girder A|2023-06-27||80|80|2603779.9999999995|6989.000000000001|2603779.9999999995|782226.0|-2107.0|-311.0|23782846.0|18|70|27|7|5|7,29;39,22;40,22;40,23;67,64;68,64;68,65;69,15;69,63;69,64;70,15;70,26;70,27;76,26;78,22;78,23;79,22;79,23
25e681b1-be5a-49c5-8971-49c613f4517b|Carola RPT A-full 3803bf22-891c-4077-ad80-793c7bce8fa0|Girder A|2023-06-30||80|80|1216016.0000000002|12808.000000000002|1216016.0000000002|365572.9999999999|2432.0|-1157.0|20939897.0|36|44|16|16|9|7,65;9,40;10,40;10,41;10,45;10,47;11,47;11,49;11,52;12,52;12,53;13,19;36,75;37,75;44,16;45,16;45,51;61,17;61,18;62,73;63,39;63,40;64,39;64,40;64,49;64,50;65,39;65,50;66,49;66,50;66,51;67,49;67,50;67,51;70,74;76,48
ef9463a6-c651-487c-ac79-97d556364ed3|Carola RPT A-full 9f0d8bc0-21c8-4d8f-8ce7-2a41f3f239d4|Girder A|2023-06-30||80|80|1216016.0000000002|12808.000000000002|1216016.0000000002|365572.9999999999|2432.0|-1157.0|20939897.0|36|44|16|16|9|7,65;9,40;10,40;10,41;10,45;10,47;11,47;11,49;11,52;12,52;12,53;13,19;36,75;37,75;44,16;45,16;45,51;61,17;61,18;62,73;63,39;63,40;64,39;64,40;64,49;64,50;65,39;65,50;66,49;66,50;66,51;67,49;67,50;67,51;70,74;76,48
99b7764d-e0ed-4087-ac2e-f02e34fabda0|Carola RPT C-subwindow 691644e8-73fe-4c1a-97aa-ffe2eac1319c|Girder A|2023-06-30||80|80|1216016.0000000002|12808.000000000002|1216016.0000000002|365572.9999999999|2432.0|-1157.0|20939897.0|36|44|16|16|9|7,65;9,40;10,40;10,41;10,45;10,47;11,47;11,49;11,52;12,52;12,53;13,19;36,75;37,75;44,16;45,16;45,51;61,17;61,18;62,73;63,39;63,40;64,39;64,40;64,49;64,50;65,39;65,50;66,49;66,50;66,51;67,49;67,50;67,51;70,74;76,48
56e7c95c-2cfe-45cc-9e5b-07be1e41e712|Carola RPT C-subwindow 9978c280-4108-4c8b-9541-81260137691b|Girder A|2023-06-30||80|80|1216016.0000000002|12808.000000000002|1216016.0000000002|365572.9999999999|2432.0|-1157.0|20939897.0|36|44|16|16|9|7,65;9,40;10,40;10,41;10,45;10,47;11,47;11,49;11,52;12,52;12,53;13,19;36,75;37,75;44,16;45,16;45,51;61,17;61,18;62,73;63,39;63,40;64,39;64,40;64,49;64,50;65,39;65,50;66,49;66,50;66,51;67,49;67,50;67,51;70,74;76,48
94a4998e-eb79-4704-aa25-90357e40d291|Carola RPT C-subwindow da3dd34f-a7eb-45c4-ae4d-e7e00ca57233|Girder A|2023-06-30||80|80|1216016.0000000002|12808.000000000002|1216016.0000000002|365572.9999999999|2432.0|-1157.0|20939897.0|36|44|16|16|9|7,65;9,40;10,40;10,41;10,45;10,47;11,47;11,49;11,52;12,52;12,53;13,19;36,75;37,75;44,16;45,16;45,51;61,17;61,18;62,73;63,39;63,40;64,39;64,40;64,49;64,50;65,39;65,50;66,49;66,50;66,51;67,49;67,50;67,51;70,74;76,48
0afaa183-1ac7-4d15-8a27-244a4b9667d9|Carola RPT A-full 3803bf22-891c-4077-ad80-793c7bce8fa0|Girder A|2023-07-05||80|80|1182194.0000000002|8465.0|1182194.0000000002|355505.0|1429.0|1124.0|11512395.0|18|27|35|6|6|5,39;11,51;26,35;27,34;27,35;27,36;28,34;28,35;29,54;29,55;30,53;30,54;30,55;49,20;49,21;50,20;50,21;54,47
2aee9f56-7136-4c58-8ee7-87d480d224e9|Carola RPT A-full 9f0d8bc0-21c8-4d8f-8ce7-2a41f3f239d4|Girder A|2023-07-05||80|80|1182194.0000000002|8465.0|1182194.0000000002|355505.0|1429.0|1124.0|11512395.0|18|27|35|6|6|5,39;11,51;26,35;27,34;27,35;27,36;28,34;28,35;29,54;29,55;30,53;30,54;30,55;49,20;49,21;50,20;50,21;54,47
d7163f61-5c6c-426d-8dde-3fe20ee5a0d0|Carola RPT C-subwindow 691644e8-73fe-4c1a-97aa-ffe2eac1319c|Girder A|2023-07-05||80|80|1182194.0000000002|8465.0|1182194.0000000002|355505.0|1429.0|1124.0|11512395.0|18|27|35|6|6|5,39;11,51;26,35;27,34;27,35;27,36;28,34;28,35;29,54;29,55;30,53;30,54;30,55;49,20;49,21;50,20;50,21;54,47
63daa990-0ccb-4182-8e8f-feb0f4c05e06|Carola RPT C-subwindow 9978c280-4108-4c8b-9541-81260137691b|Girder A|2023-07-05||80|80|1182194.0000000002|8465.0|1182194.0000000002|355505.0|1429.0|1124.0|11512395.0|18|27|35|6|6|5,39;11,51;26,35;27,34;27,35;27,36;28,34;28,35;29,54;29,55;30,53;30,54;30,55;49,20;49,21;50,20;50,21;54,47
db30cd5b-f4c9-4e4b-92dc-0156334418c8|Carola RPT C-subwindow da3dd34f-a7eb-45c4-ae4d-e7e00ca57233|Girder A|2023-07-05||80|80|1182194.0000000002|8465.0|1182194.0000000002|355505.0|1429.0|1124.0|11512395.0|18|27|35|6|6|5,39;11,51;26,35;27,34;27,35;27,36;28,34;28,35;29,54;29,55;30,53;30,54;30,55;49,20;49,21;50,20;50,21;54,47
27d57e0e-0f15-47e3-ad8c-a36c7c731100|Carola RPT A-full 3803bf22-891c-4077-ad80-793c7bce8fa0|Girder A|2023-07-09||80|80|2085267.9999999993|5904.5|2085267.9999999993|627272.0|-215.0|-1320.0|19502279.0|19|69|27|9|4|5,38;6,28;6,29;7,29;14,66;15,66;35,3;36,8;39,23;67,64;68,62;68,63;68,64;69,15;69,26;69,27;70,15;70,26;70,27
c7b83eec-f175-42bb-be93-437add327af8|Carola RPT A-full 9f0d8bc0-21c8-4d8f-8ce7-2a41f3f239d4|Girder A|2023-07-09||80|80|2085267.9999999993|5904.5|2085267.9999999993|627272.0|-215.0|-1320.0|19502279.0|19|69|27|9|4|5,38;6,28;6,29;7,29;14,66;15,66;35,3;36,8;39,23;67,64;68,62;68,63;68,64;69,15;69,26;69,27;70,15;70,26;70,27
614ea671-d172-4e32-a4ab-f2b8f5c4b0ae|Carola RPT C-subwindow 691644e8-73fe-4c1a-97aa-ffe2eac1319c|Girder A|2023-07-09||80|80|2085267.9999999993|5904.5|2085267.9999999993|627272.0|-215.0|-1320.0|19502279.0|19|69|27|9|4|5,38;6,28;6,29;7,29;14,66;15,66;35,3;36,8;39,23;67,64;68,62;68,63;68,64;69,15;69,26;69,27;70,15;70,26;70,27
8b30bdee-a6c7-4ed7-8fc3-bbb40b29056b|Carola RPT C-subwindow 9978c280-4108-4c8b-9541-81260137691b|Girder A|2023-07-09||80|80|2085267.9999999993|5904.5|2085267.9999999993|627272.0|-215.0|-1320.0|19502279.0|19|69|27|9|4|5,38;6,28;6,29;7,29;14,66;15,66;35,3;36,8;39,23;67,64;68,62;68,63;68,64;69,15;69,26;69,27;70,15;70,26;70,27
329692c4-c149-494e-9352-6536a4ab89c4|Carola RPT C-subwindow da3dd34f-a7eb-45c4-ae4d-e7e00ca57233|Girder A|2023-07-09||80|80|2085267.9999999993|5904.5|2085267.9999999993|627272.0|-215.0|-1320.0|19502279.0|19|69|27|9|4|5,38;6,28;6,29;7,29;14,66;15,66;35,3;36,8;39,23;67,64;68,62;68,63;68,64;69,15;69,26;69,27;70,15;70,26;70,27
bce47cc7-4b08-4d4e-b95c-7be9ae72b92f|Carola RPT A-full 3803bf22-891c-4077-ad80-793c7bce8fa0|Girder A|2023-07-12||80|80|1242040.9999999998|12808.5|1242040.9999999998|372769.9999999999|-1041.0|4677.0|25167400.0|41|11|50|17|11|3,74;9,29;10,42;10,50;11,47;11,48;11,50;12,50;13,20;36,76;37,75;37,76;40,37;44,16;44,17;45,16;45,17;45,55;52,38;55,30;60,77;61,18;61,19;62,18;62,19;63,40;64,40;64,50;64,51;65,50;65,51;65,52;66,50;66,51;66,52;67,50;67,51;67,52;76,49;77,48;77,49
5ed5f758-e808-4f33-8c21-6e803c279522|Carola RPT A-full 9f0d8bc0-21c8-4d8f-8ce7-2a41f3f239d4|Girder A|2023-07-12||80|80|1242040.9999999998|12808.5|1242040.9999999998|372769.9999999999|-1041.0|4677.0|25167400.0|41|11|50|17|11|3,74;9,29;10,42;10,50;11,47;11,48;11,50;12,50;13,20;36,76;37,75;37,76;40,37;44,16;44,17;45,16;45,17;45,55;52,38;55,30;60,77;61,18;61,19;62,18;62,19;63,40;64,40;64,50;64,51;65,50;65,51;65,52;66,50;66,51;66,52;67,50;67,51;67,52;76,49;77,48;77,49
bce361c0-58d8-48be-9e38-3c9decf910c9|Carola RPT C-subwindow 691644e8-73fe-4c1a-97aa-ffe2eac1319c|Girder A|2023-07-12||80|80|1242040.9999999998|12808.5|1242040.9999999998|372769.9999999999|-1041.0|4677.0|25167400.0|41|11|50|17|11|3,74;9,29;10,42;10,50;11,47;11,48;11,50;12,50;13,20;36,76;37,75;37,76;40,37;44,16;44,17;45,16;45,17;45,55;52,38;55,30;60,77;61,18;61,19;62,18;62,19;63,40;64,40;64,50;64,51;65,50;65,51;65,52;66,50;66,51;66,52;67,50;67,51;67,52;76,49;77,48;77,49
f4cdcecb-5ca2-42d8-a744-3b2963daa471|Carola RPT C-subwindow 9978c280-4108-4c8b-9541-81260137691b|Girder A|2023-07-12||80|80|1242040.9999999998|12808.5|1242040.9999999998|372769.9999999999|-1041.0|4677.0|25167400.0|41|11|50|17|11|3,74;9,29;10,42;10,50;11,47;11,48;11,50;12,50;13,20;36,76;37,75;37,76;40,37;44,16;44,17;45,16;45,17;45,55;52,38;55,30;60,77;61,18;61,19;62,18;62,19;63,40;64,40;64,50;64,51;65,50;65,51;65,52;66,50;66,51;66,52;67,50;67,51;67,52;76,49;77,48;77,49
c0e0fce2-f5ae-4b94-9beb-d07bc7251167|Carola RPT C-subwindow da3dd34f-a7eb-45c4-ae4d-e7e00ca57233|Girder A|2023-07-12||80|80|1242040.9999999998|12808.5|1242040.9999999998|372769.9999999999|-1041.0|4677.0|25167400.0|41|11|50|17|11|3,74;9,29;10,42;10,50;11,47;11,48;11,50;12,50;13,20;36,76;37,75;37,76;40,37;44,16;44,17;45,16;45,17;45,55;52,38;55,30;60,77;61,18;61,19;62,18;62,19;63,40;64,40;64,50;64,51;65,50;65,51;65,52;66,50;66,51;66,52;67,50;67,51;67,52;76,49;77,48;77,49
7b0aeec0-10ab-44e0-b3e2-dbbe4381166b|Carola RPT A-full 3803bf22-891c-4077-ad80-793c7bce8fa0|Girder A|2023-07-17||80|80|1330250.0|8329.5|1330250.0|403637.0|-1637.0|1344.0|11588817.0|17|28|34|6|5|11,50;11,51;12,50;12,51;27,34;27,35;28,34;28,35;29,34;30,53;30,54;30,55;37,26;44,49;49,20;50,20;50,21
b7c6069b-5caa-4a42-a3b2-23d8e69223aa|Carola RPT A-full 9f0d8bc0-21c8-4d8f-8ce7-2a41f3f239d4|Girder A|2023-07-17||80|80|1330250.0|8329.5|1330250.0|403637.0|-1637.0|1344.0|11588817.0|17|28|34|6|5|11,50;11,51;12,50;12,51;27,34;27,35;28,34;28,35;29,34;30,53;30,54;30,55;37,26;44,49;49,20;50,20;50,21
0b8ee10a-3d2e-4616-8ff0-2c276d058b17|Carola RPT C-subwindow 691644e8-73fe-4c1a-97aa-ffe2eac1319c|Girder A|2023-07-17||80|80|1330250.0|8329.5|1330250.0|403637.0|-1637.0|1344.0|11588817.0|17|28|34|6|5|11,50;11,51;12,50;12,51;27,34;27,35;28,34;28,35;29,34;30,53;30,54;30,55;37,26;44,49;49,20;50,20;50,21
ec812b7e-6ca3-44f0-a8db-8314e4b31964|Carola RPT C-subwindow 9978c280-4108-4c8b-9541-81260137691b|Girder A|2023-07-17||80|80|1330250.0|8329.5|1330250.0|403637.0|-1637.0|1344.0|11588817.0|17|28|34|6|5|11,50;11,51;12,50;12,51;27,34;27,35;28,34;28,35;29,34;30,53;30,54;30,55;37,26;44,49;49,20;50,20;50,21
2bfa103e-6e87-40fe-ad3a-7082d5692d22|Carola RPT C-subwindow da3dd34f-a7eb-45c4-ae4d-e7e00ca57233|Girder A|2023-07-17||80|80|1330250.0|8329.5|1330250.0|403637.0|-1637.0|1344.0|11588817.0|17|28|34|6|5|11,50;11,51;12,50;12,51;27,34;27,35;28,34;28,35;29,34;30,53;30,54;30,55;37,26;44,49;49,20;50,20;50,21
7e6358c1-fb55-4cf2-9b51-90bf5c09e19c|Carola RPT A-full 3803bf22-891c-4077-ad80-793c7bce8fa0|Girder A|2023-07-21||80|80|2236698.0000000005|1516.9999999999995|2236698.0000000005|2039869.0|106.0|-117.0|4276567.0|2|52|11|1|2|51,11;52,11
b300180e-d50d-40c0-a1f1-a5499ef5fee7|Carola RPT A-full 9f0d8bc0-21c8-4d8f-8ce7-2a41f3f239d4|Girder A|2023-07-21||80|80|2236698.0000000005|1516.9999999999995|2236698.0000000005|2039869.0|106.0|-117.0|4276567.0|2|52|11|1|2|51,11;52,11
f21824b8-26bd-404e-b5eb-88806a0b2bcc|Carola RPT C-subwindow 691644e8-73fe-4c1a-97aa-ffe2eac1319c|Girder A|2023-07-21||80|80|2236698.0000000005|1516.9999999999995|2236698.0000000005|2039869.0|106.0|-117.0|4276567.0|2|52|11|1|2|51,11;52,11
53d1a1d8-238d-4cc6-a5c5-5cbb823c1fdd|Carola RPT C-subwindow 9978c280-4108-4c8b-9541-81260137691b|Girder A|2023-07-21||80|80|2236698.0000000005|1516.9999999999995|2236698.0000000005|2039869.0|106.0|-117.0|4276567.0|2|52|11|1|2|51,11;52,11
d5eb8e8f-6c49-4fa7-bb65-bea6fae56d8d|Carola RPT C-subwindow da3dd34f-a7eb-45c4-ae4d-e7e00ca57233|Girder A|2023-07-21||80|80|2236698.0000000005|1516.9999999999995|2236698.0000000005|2039869.0|106.0|-117.0|4276567.0|2|52|11|1|2|51,11;52,11
11cc008c-d4a7-4e19-ac8b-0fabd1dd69f3|Carola RPT A-full 3803bf22-891c-4077-ad80-793c7bce8fa0|Girder A|2023-07-24||80|80|1038280.0000000001|12776.999999999996|1038280.0000000001|312963.99999999994|6400.0|5059.0|25847561.0|51|44|16|20|11|10,40;10,41;10,49;11,47;11,49;11,50;12,53;12,55;13,19;32,21;32,22;33,13;33,21;33,22;36,75;36,76;37,75;37,76;40,36;43,76;44,16;44,17;45,16;45,17;54,30;55,30;57,26;58,26;60,76;61,15;61,18;61,19;61,77;62,18;63,39;63,40;64,39;64,40;64,49;64,50;65,50;66,49;66,50;66,51;66,52;67,49;67,50;67,51;67,52;76,48;77,48
9e9d8853-5c53-44a0-913f-ba6713c7a1c4|Carola RPT A-full 9f0d8bc0-21c8-4d8f-8ce7-2a41f3f239d4|Girder A|2023-07-24||80|80|1038280.0000000001|12776.999999999996|1038280.0000000001|312963.99999999994|6400.0|5059.0|25847561.0|51|44|16|20|11|10,40;10,41;10,49;11,47;11,49;11,50;12,53;12,55;13,19;32,21;32,22;33,13;33,21;33,22;36,75;36,76;37,75;37,76;40,36;43,76;44,16;44,17;45,16;45,17;54,30;55,30;57,26;58,26;60,76;61,15;61,18;61,19;61,77;62,18;63,39;63,40;64,39;64,40;64,49;64,50;65,50;66,49;66,50;66,51;66,52;67,49;67,50;67,51;67,52;76,48;77,48
72b94374-0d08-40df-a42e-24dc9b79fac6|Carola RPT C-subwindow 691644e8-73fe-4c1a-97aa-ffe2eac1319c|Girder A|2023-07-24||80|80|1038280.0000000001|12776.999999999996|1038280.0000000001|312963.99999999994|6400.0|5059.0|25847561.0|51|44|16|20|11|10,40;10,41;10,49;11,47;11,49;11,50;12,53;12,55;13,19;32,21;32,22;33,13;33,21;33,22;36,75;36,76;37,75;37,76;40,36;43,76;44,16;44,17;45,16;45,17;54,30;55,30;57,26;58,26;60,76;61,15;61,18;61,19;61,77;62,18;63,39;63,40;64,39;64,40;64,49;64,50;65,50;66,49;66,50;66,51;66,52;67,49;67,50;67,51;67,52;76,48;77,48
2527aec4-d632-4e48-8d94-a91903de09ad|Carola RPT C-subwindow 9978c280-4108-4c8b-9541-81260137691b|Girder A|2023-07-24||80|80|1038280.0000000001|12776.999999999996|1038280.0000000001|312963.99999999994|6400.0|5059.0|25847561.0|51|44|16|20|11|10,40;10,41;10,49;11,47;11,49;11,50;12,53;12,55;13,19;32,21;32,22;33,13;33,21;33,22;36,75;36,76;37,75;37,76;40,36;43,76;44,16;44,17;45,16;45,17;54,30;55,30;57,26;58,26;60,76;61,15;61,18;61,19;61,77;62,18;63,39;63,40;64,39;64,40;64,49;64,50;65,50;66,49;66,50;66,51;66,52;67,49;67,50;67,51;67,52;76,48;77,48
dab36457-fcba-410f-b093-42e18490f5d7|Carola RPT C-subwindow da3dd34f-a7eb-45c4-ae4d-e7e00ca57233|Girder A|2023-07-24||80|80|1038280.0000000001|12776.999999999996|1038280.0000000001|312963.99999999994|6400.0|5059.0|25847561.0|51|44|16|20|11|10,40;10,41;10,49;11,47;11,49;11,50;12,53;12,55;13,19;32,21;32,22;33,13;33,21;33,22;36,75;36,76;37,75;37,76;40,36;43,76;44,16;44,17;45,16;45,17;54,30;55,30;57,26;58,26;60,76;61,15;61,18;61,19;61,77;62,18;63,39;63,40;64,39;64,40;64,49;64,50;65,50;66,49;66,50;66,51;66,52;67,49;67,50;67,51;67,52;76,48;77,48
a8a50aab-6e06-496f-b681-d46dd718aade|Carola RPT A-full 3803bf22-891c-4077-ad80-793c7bce8fa0|Girder A|2023-07-29||80|80|833012.9999999999|7842.000000000002|833012.9999999999|251924.0|-4429.0|1435.0|17602678.0|42|28|34|17|7|4,78;10,55;11,50;11,51;12,50;12,51;23,14;23,28;27,34;27,35;28,33;28,34;28,35;28,36;29,34;29,55;30,53;30,54;30,55;30,56;30,61;31,50;31,54;31,61;44,48;44,49;45,49;46,79;49,20;50,20;50,21;50,26;54,46;54,47;55,46;55,47;58,77;59,41;59,42;60,41;60,42;74,6
1f826f92-9720-46df-8490-212a676a547c|Carola RPT A-full 9f0d8bc0-21c8-4d8f-8ce7-2a41f3f239d4|Girder A|2023-07-29||80|80|833012.9999999999|7842.000000000002|833012.9999999999|251924.0|-4429.0|1435.0|17602678.0|42|28|34|17|7|4,78;10,55;11,50;11,51;12,50;12,51;23,14;23,28;27,34;27,35;28,33;28,34;28,35;28,36;29,34;29,55;30,53;30,54;30,55;30,56;30,61;31,50;31,54;31,61;44,48;44,49;45,49;46,79;49,20;50,20;50,21;50,26;54,46;54,47;55,46;55,47;58,77;59,41;59,42;60,41;60,42;74,6
6094834b-2d70-4dcb-9c22-f0dad0881d0d|Carola RPT C-subwindow 691644e8-73fe-4c1a-97aa-ffe2eac1319c|Girder A|2023-07-29||80|80|833012.9999999999|7842.000000000002|833012.9999999999|251924.0|-4429.0|1435.0|17602678.0|42|28|34|17|7|4,78;10,55;11,50;11,51;12,50;12,51;23,14;23,28;27,34;27,35;28,33;28,34;28,35;28,36;29,34;29,55;30,53;30,54;30,55;30,56;30,61;31,50;31,54;31,61;44,48;44,49;45,49;46,79;49,20;50,20;50,21;50,26;54,46;54,47;55,46;55,47;58,77;59,41;59,42;60,41;60,42;74,6
bc6dc812-f866-48a2-a05b-293b6da3429e|Carola RPT C-subwindow 9978c280-4108-4c8b-9541-81260137691b|Girder A|2023-07-29||80|80|833012.9999999999|7842.000000000002|833012.9999999999|251924.0|-4429.0|1435.0|17602678.0|42|28|34|17|7|4,78;10,55;11,50;11,51;12,50;12,51;23,14;23,28;27,34;27,35;28,33;28,34;28,35;28,36;29,34;29,55;30,53;30,54;30,55;30,56;30,61;31,50;31,54;31,61;44,48;44,49;45,49;46,79;49,20;50,20;50,21;50,26;54,46;54,47;55,46;55,47;58,77;59,41;59,42;60,41;60,42;74,6
f61b648c-f3ea-4e6e-a3b9-dc876dd4e401|Carola RPT C-subwindow da3dd34f-a7eb-45c4-ae4d-e7e00ca57233|Girder A|2023-07-29||80|80|833012.9999999999|7842.000000000002|833012.9999999999|251924.0|-4429.0|1435.0|17602678.0|42|28|34|17|7|4,78;10,55;11,50;11,51;12,50;12,51;23,14;23,28;27,34;27,35;28,33;28,34;28,35;28,36;29,34;29,55;30,53;30,54;30,55;30,56;30,61;31,50;31,54;31,61;44,48;44,49;45,49;46,79;49,20;50,20;50,21;50,26;54,46;54,47;55,46;55,47;58,77;59,41;59,42;60,41;60,42;74,6
b1a00532-d490-47b0-8f45-3377634c45b6|Carola RPT A-full 3803bf22-891c-4077-ad80-793c7bce8fa0|Girder A|2023-08-02||80|80|1700309.0000000002|1449.0|1700309.0000000002|656010.0|-338.0|1220.0|3105504.0|3|51|11|1|3|51,11;51,12;52,11
4f8e9621-137b-4131-8a9f-819106641fc7|Carola RPT A-full 9f0d8bc0-21c8-4d8f-8ce7-2a41f3f239d4|Girder A|2023-08-02||80|80|1700309.0000000002|1449.0|1700309.0000000002|656010.0|-338.0|1220.0|3105504.0|3|51|11|1|3|51,11;51,12;52,11
e510943f-ea46-43f2-be7e-5fff059d120e|Carola RPT C-subwindow 691644e8-73fe-4c1a-97aa-ffe2eac1319c|Girder A|2023-08-02||80|80|1700309.0000000002|1449.0|1700309.0000000002|656010.0|-338.0|1220.0|3105504.0|3|51|11|1|3|51,11;51,12;52,11
6815d54d-180e-4cab-9569-d04087921dfd|Carola RPT C-subwindow 9978c280-4108-4c8b-9541-81260137691b|Girder A|2023-08-02||80|80|1700309.0000000002|1449.0|1700309.0000000002|656010.0|-338.0|1220.0|3105504.0|3|51|11|1|3|51,11;51,12;52,11
6bdf6a37-799a-4349-8fd6-56bb1d7d0e8d|Carola RPT C-subwindow da3dd34f-a7eb-45c4-ae4d-e7e00ca57233|Girder A|2023-08-02||80|80|1700309.0000000002|1449.0|1700309.0000000002|656010.0|-338.0|1220.0|3105504.0|3|51|11|1|3|51,11;51,12;52,11
8e9d9d78-3034-473e-a5fc-74f65591735e|Carola RPT A-full 3803bf22-891c-4077-ad80-793c7bce8fa0|Girder A|2023-08-05||80|80|1348933.0000000002|12862.5|1348933.0000000002|418471.9999999999|-228.0|-1590.0|14248870.0|22|44|16|10|8|10,41;12,53;13,19;37,75;37,76;44,16;45,16;61,18;63,39;64,39;64,49;64,50;65,50;66,50;66,51;67,49;67,50;67,51;67,54;68,54;76,48;77,48
81ab724a-f904-45c8-a417-2980952d258a|Carola RPT A-full 9f0d8bc0-21c8-4d8f-8ce7-2a41f3f239d4|Girder A|2023-08-05||80|80|1348933.0000000002|12862.5|1348933.0000000002|418471.9999999999|-228.0|-1590.0|14248870.0|22|44|16|10|8|10,41;12,53;13,19;37,75;37,76;44,16;45,16;61,18;63,39;64,39;64,49;64,50;65,50;66,50;66,51;67,49;67,50;67,51;67,54;68,54;76,48;77,48
55f02365-fd9f-469d-9f2f-c8d191507f85|Carola RPT C-subwindow 691644e8-73fe-4c1a-97aa-ffe2eac1319c|Girder A|2023-08-05||80|80|1348933.0000000002|12862.5|1348933.0000000002|418471.9999999999|-228.0|-1590.0|14248870.0|22|44|16|10|8|10,41;12,53;13,19;37,75;37,76;44,16;45,16;61,18;63,39;64,39;64,49;64,50;65,50;66,50;66,51;67,49;67,50;67,51;67,54;68,54;76,48;77,48
8517f90a-1153-40e6-91e4-a19abbbc6569|Carola RPT C-subwindow 9978c280-4108-4c8b-9541-81260137691b|Girder A|2023-08-05||80|80|1348933.0000000002|12862.5|1348933.0000000002|418471.9999999999|-228.0|-1590.0|14248870.0|22|44|16|10|8|10,41;12,53;13,19;37,75;37,76;44,16;45,16;61,18;63,39;64,39;64,49;64,50;65,50;66,50;66,51;67,49;67,50;67,51;67,54;68,54;76,48;77,48
e043dc83-c4d8-4861-afc7-5ebaca79c705|Carola RPT C-subwindow da3dd34f-a7eb-45c4-ae4d-e7e00ca57233|Girder A|2023-08-05||80|80|1348933.0000000002|12862.5|1348933.0000000002|418471.9999999999|-228.0|-1590.0|14248870.0|22|44|16|10|8|10,41;12,53;13,19;37,75;37,76;44,16;45,16;61,18;63,39;64,39;64,49;64,50;65,50;66,50;66,51;67,49;67,50;67,51;67,54;68,54;76,48;77,48
a47bafee-9717-491a-93a1-8e0714a139c6|Carola RPT A-full 3803bf22-891c-4077-ad80-793c7bce8fa0|Girder A|2023-08-10||80|80|1240585.0|8078.499999999998|1240585.0|379028.00000000006|39.0|1789.0|12632186.0|19|27|35|6|8|11,51;11,52;26,35;27,34;27,35;27,36;28,34;28,35;28,36;28,37;29,55;30,54;30,55;44,49;44,50;47,16;47,17;49,21;50,21
58fbb37e-fd7e-442e-a6d0-a2296197b0a9|Carola RPT A-full 9f0d8bc0-21c8-4d8f-8ce7-2a41f3f239d4|Girder A|2023-08-10||80|80|1240585.0|8078.499999999998|1240585.0|379028.00000000006|39.0|1789.0|12632186.0|19|27|35|6|8|11,51;11,52;26,35;27,34;27,35;27,36;28,34;28,35;28,36;28,37;29,55;30,54;30,55;44,49;44,50;47,16;47,17;49,21;50,21
23bc50e4-4837-44e2-af84-7522b03073cd|Carola RPT C-subwindow 691644e8-73fe-4c1a-97aa-ffe2eac1319c|Girder A|2023-08-10||80|80|1240585.0|8078.499999999998|1240585.0|379028.00000000006|39.0|1789.0|12632186.0|19|27|35|6|8|11,51;11,52;26,35;27,34;27,35;27,36;28,34;28,35;28,36;28,37;29,55;30,54;30,55;44,49;44,50;47,16;47,17;49,21;50,21
4e4f20a4-3645-48d8-90c2-3c890fe95ddc|Carola RPT C-subwindow 9978c280-4108-4c8b-9541-81260137691b|Girder A|2023-08-10||80|80|1240585.0|8078.499999999998|1240585.0|379028.00000000006|39.0|1789.0|12632186.0|19|27|35|6|8|11,51;11,52;26,35;27,34;27,35;27,36;28,34;28,35;28,36;28,37;29,55;30,54;30,55;44,49;44,50;47,16;47,17;49,21;50,21
d190da0e-d1c0-438a-83a8-994b70dea960|Carola RPT C-subwindow da3dd34f-a7eb-45c4-ae4d-e7e00ca57233|Girder A|2023-08-10||80|80|1240585.0|8078.499999999998|1240585.0|379028.00000000006|39.0|1789.0|12632186.0|19|27|35|6|8|11,51;11,52;26,35;27,34;27,35;27,36;28,34;28,35;28,36;28,37;29,55;30,54;30,55;44,49;44,50;47,16;47,17;49,21;50,21
1d8a3aeb-90f3-4944-9777-ebc9bc9c1180|Carola RPT A-full 3803bf22-891c-4077-ad80-793c7bce8fa0|Girder A|2023-08-14||80|80|1888793.0|6162.999999999999|1888793.0|601284.9999999999|3043.0|-331.0|22595710.0|25|70|26|9|5|5,31;6,28;6,31;7,28;7,29;14,65;15,65;36,6;36,7;39,22;40,22;67,64;68,62;68,63;68,64;69,14;69,15;69,26;69,62;70,14;70,15;70,26;70,27;70,67;71,67
87423cc9-ae05-4f68-bfe5-2fc8ecdce4aa|Carola RPT A-full 9f0d8bc0-21c8-4d8f-8ce7-2a41f3f239d4|Girder A|2023-08-14||80|80|1888793.0|6162.999999999999|1888793.0|601284.9999999999|3043.0|-331.0|22595710.0|25|70|26|9|5|5,31;6,28;6,31;7,28;7,29;14,65;15,65;36,6;36,7;39,22;40,22;67,64;68,62;68,63;68,64;69,14;69,15;69,26;69,62;70,14;70,15;70,26;70,27;70,67;71,67
7e589fab-8417-4769-8243-f08b029d7827|Carola RPT C-subwindow 691644e8-73fe-4c1a-97aa-ffe2eac1319c|Girder A|2023-08-14||80|80|1888793.0|6162.999999999999|1888793.0|601284.9999999999|3043.0|-331.0|22595710.0|25|70|26|9|5|5,31;6,28;6,31;7,28;7,29;14,65;15,65;36,6;36,7;39,22;40,22;67,64;68,62;68,63;68,64;69,14;69,15;69,26;69,62;70,14;70,15;70,26;70,27;70,67;71,67
797b5475-4e97-4e2d-b748-769b091b94d8|Carola RPT C-subwindow 9978c280-4108-4c8b-9541-81260137691b|Girder A|2023-08-14||80|80|1888793.0|6162.999999999999|1888793.0|601284.9999999999|3043.0|-331.0|22595710.0|25|70|26|9|5|5,31;6,28;6,31;7,28;7,29;14,65;15,65;36,6;36,7;39,22;40,22;67,64;68,62;68,63;68,64;69,14;69,15;69,26;69,62;70,14;70,15;70,26;70,27;70,67;71,67
978b4a71-7892-4fba-91da-de8633190e92|Carola RPT C-subwindow da3dd34f-a7eb-45c4-ae4d-e7e00ca57233|Girder A|2023-08-14||80|80|1888793.0|6162.999999999999|1888793.0|601284.9999999999|3043.0|-331.0|22595710.0|25|70|26|9|5|5,31;6,28;6,31;7,28;7,29;14,65;15,65;36,6;36,7;39,22;40,22;67,64;68,62;68,63;68,64;69,14;69,15;69,26;69,62;70,14;70,15;70,26;70,27;70,67;71,67
a1eaf054-d898-4571-8780-8ed0aa89933a|Carola RPT A-full 3803bf22-891c-4077-ad80-793c7bce8fa0|Girder A|2023-08-17||80|80|2945533.0|12169.0|2945533.0|926045.0000000001|-1289.0|1710.0|5974503.0|4|58|26|3|2|45,16;57,26;58,26;67,49
53937397-3eef-44a3-a939-5a9f4d37a5ce|Carola RPT A-full 9f0d8bc0-21c8-4d8f-8ce7-2a41f3f239d4|Girder A|2023-08-17||80|80|2945533.0|12169.0|2945533.0|926045.0000000001|-1289.0|1710.0|5974503.0|4|58|26|3|2|45,16;57,26;58,26;67,49
f6802c51-9e44-463b-b7c3-3017c3997d8c|Carola RPT C-subwindow 691644e8-73fe-4c1a-97aa-ffe2eac1319c|Girder A|2023-08-17||80|80|2945533.0|12169.0|2945533.0|926045.0000000001|-1289.0|1710.0|5974503.0|4|58|26|3|2|45,16;57,26;58,26;67,49
4442c1af-856b-4a6e-b5fa-1ef9fe251328|Carola RPT C-subwindow 9978c280-4108-4c8b-9541-81260137691b|Girder A|2023-08-17||80|80|2945533.0|12169.0|2945533.0|926045.0000000001|-1289.0|1710.0|5974503.0|4|58|26|3|2|45,16;57,26;58,26;67,49
9c503f9f-6278-4fdc-8321-c3ab9bd2f8ef|Carola RPT C-subwindow da3dd34f-a7eb-45c4-ae4d-e7e00ca57233|Girder A|2023-08-17||80|80|2945533.0|12169.0|2945533.0|926045.0000000001|-1289.0|1710.0|5974503.0|4|58|26|3|2|45,16;57,26;58,26;67,49
2927e52a-9621-403f-aff1-49aeb688b51b|Carola RPT A-full 3803bf22-891c-4077-ad80-793c7bce8fa0|Girder A|2023-08-22||80|80|118585.00000000003|2192.0|118585.00000000003|36100.0|247.0|-1713.0|5341106.0|98|28|34|44|10|1,52;2,5;2,7;2,8;2,9;2,10;3,5;3,8;3,9;3,10;3,42;4,9;4,10;4,38;4,41;4,43;4,79;5,10;5,38;5,79;6,18;6,19;6,55;7,19;7,20;8,45;9,39;10,39;10,57;11,51;12,17;12,18;13,17;13,18;14,1;15,0;15,1;15,2;15,8;16,8;16,9;18,40;19,41;20,15;23,13;26,34;27,34;27,35;28,34;28,35;29,34;29,35;31,61;33,31;33,53;34,31;34,53;35,74;36,26;40,54;41,4;41,43;41,79;42,4;42,43;46,26;46,53;46,54;47,17;50,70;54,38;54,39;54,40;54,41;54,42;54,43;54,45;54,46;55,42;55,43;55,45;55,46;55,48;56,51;56,52;56,55;56,60;58,79;63,64;63,65;64,64;64,65;69,69;70,55;70,56;74,23;74,24;74,27
d5a7a12d-2b1f-4d16-b3af-43167857b056|Carola RPT A-full 9f0d8bc0-21c8-4d8f-8ce7-2a41f3f239d4|Girder A|2023-08-22||80|80|118585.00000000003|2192.0|118585.00000000003|36100.0|247.0|-1713.0|5341106.0|98|28|34|44|10|1,52;2,5;2,7;2,8;2,9;2,10;3,5;3,8;3,9;3,10;3,42;4,9;4,10;4,38;4,41;4,43;4,79;5,10;5,38;5,79;6,18;6,19;6,55;7,19;7,20;8,45;9,39;10,39;10,57;11,51;12,17;12,18;13,17;13,18;14,1;15,0;15,1;15,2;15,8;16,8;16,9;18,40;19,41;20,15;23,13;26,34;27,34;27,35;28,34;28,35;29,34;29,35;31,61;33,31;33,53;34,31;34,53;35,74;36,26;40,54;41,4;41,43;41,79;42,4;42,43;46,26;46,53;46,54;47,17;50,70;54,38;54,39;54,40;54,41;54,42;54,43;54,45;54,46;55,42;55,43;55,45;55,46;55,48;56,51;56,52;56,55;56,60;58,79;63,64;63,65;64,64;64,65;69,69;70,55;70,56;74,23;74,24;74,27
16b046d8-e044-401d-9e9e-f5591708e718|Carola RPT C-subwindow 691644e8-73fe-4c1a-97aa-ffe2eac1319c|Girder A|2023-08-22||80|80|118585.00000000003|2192.0|118585.00000000003|36100.0|247.0|-1713.0|5341106.0|98|28|34|44|10|1,52;2,5;2,7;2,8;2,9;2,10;3,5;3,8;3,9;3,10;3,42;4,9;4,10;4,38;4,41;4,43;4,79;5,10;5,38;5,79;6,18;6,19;6,55;7,19;7,20;8,45;9,39;10,39;10,57;11,51;12,17;12,18;13,17;13,18;14,1;15,0;15,1;15,2;15,8;16,8;16,9;18,40;19,41;20,15;23,13;26,34;27,34;27,35;28,34;28,35;29,34;29,35;31,61;33,31;33,53;34,31;34,53;35,74;36,26;40,54;41,4;41,43;41,79;42,4;42,43;46,26;46,53;46,54;47,17;50,70;54,38;54,39;54,40;54,41;54,42;54,43;54,45;54,46;55,42;55,43;55,45;55,46;55,48;56,51;56,52;56,55;56,60;58,79;63,64;63,65;64,64;64,65;69,69;70,55;70,56;74,23;74,24;74,27
fd88461c-526a-4443-a500-c851f75355b3|Carola RPT C-subwindow 9978c280-4108-4c8b-9541-81260137691b|Girder A|2023-08-22||80|80|118585.00000000003|2192.0|118585.00000000003|36100.0|247.0|-1713.0|5341106.0|98|28|34|44|10|1,52;2,5;2,7;2,8;2,9;2,10;3,5;3,8;3,9;3,10;3,42;4,9;4,10;4,38;4,41;4,43;4,79;5,10;5,38;5,79;6,18;6,19;6,55;7,19;7,20;8,45;9,39;10,39;10,57;11,51;12,17;12,18;13,17;13,18;14,1;15,0;15,1;15,2;15,8;16,8;16,9;18,40;19,41;20,15;23,13;26,34;27,34;27,35;28,34;28,35;29,34;29,35;31,61;33,31;33,53;34,31;34,53;35,74;36,26;40,54;41,4;41,43;41,79;42,4;42,43;46,26;46,53;46,54;47,17;50,70;54,38;54,39;54,40;54,41;54,42;54,43;54,45;54,46;55,42;55,43;55,45;55,46;55,48;56,51;56,52;56,55;56,60;58,79;63,64;63,65;64,64;64,65;69,69;70,55;70,56;74,23;74,24;74,27
0d7b430f-e905-4fe0-97e5-90980493cd2d|Carola RPT C-subwindow da3dd34f-a7eb-45c4-ae4d-e7e00ca57233|Girder A|2023-08-22||80|80|118585.00000000003|2192.0|118585.00000000003|36100.0|247.0|-1713.0|5341106.0|98|28|34|44|10|1,52;2,5;2,7;2,8;2,9;2,10;3,5;3,8;3,9;3,10;3,42;4,9;4,10;4,38;4,41;4,43;4,79;5,10;5,38;5,79;6,18;6,19;6,55;7,19;7,20;8,45;9,39;10,39;10,57;11,51;12,17;12,18;13,17;13,18;14,1;15,0;15,1;15,2;15,8;16,8;16,9;18,40;19,41;20,15;23,13;26,34;27,34;27,35;28,34;28,35;29,34;29,35;31,61;33,31;33,53;34,31;34,53;35,74;36,26;40,54;41,4;41,43;41,79;42,4;42,43;46,26;46,53;46,54;47,17;50,70;54,38;54,39;54,40;54,41;54,42;54,43;54,45;54,46;55,42;55,43;55,45;55,46;55,48;56,51;56,52;56,55;56,60;58,79;63,64;63,65;64,64;64,65;69,69;70,55;70,56;74,23;74,24;74,27
57c7b43e-3d23-4a7f-b9a6-118f043f076d|Carola RPT A-full 3803bf22-891c-4077-ad80-793c7bce8fa0|Girder A|2023-08-26||80|80|4717441.999999999|7785.5|4717441.999999999|2028394.0|775.0|-3254.0|8802617.0|3|79|22|1|3|78,22;79,21;79,22
7e98a37d-9fe8-457b-8f44-18246a825124|Carola RPT A-full 9f0d8bc0-21c8-4d8f-8ce7-2a41f3f239d4|Girder A|2023-08-26||80|80|4717441.999999999|7785.5|4717441.999999999|2028394.0|775.0|-3254.0|8802617.0|3|79|22|1|3|78,22;79,21;79,22
2c06166b-b763-4b64-ac0b-a8f27d86cf8e|Carola RPT C-subwindow 691644e8-73fe-4c1a-97aa-ffe2eac1319c|Girder A|2023-08-26||80|80|4717441.999999999|7785.5|4717441.999999999|2028394.0|775.0|-3254.0|8802617.0|3|79|22|1|3|78,22;79,21;79,22
dd48af29-1387-407d-a409-59a6affe1b8e|Carola RPT C-subwindow 9978c280-4108-4c8b-9541-81260137691b|Girder A|2023-08-26||80|80|4717441.999999999|7785.5|4717441.999999999|2028394.0|775.0|-3254.0|8802617.0|3|79|22|1|3|78,22;79,21;79,22
35906b27-0d0d-4e5e-b6f5-ec92a4624ecd|Carola RPT C-subwindow da3dd34f-a7eb-45c4-ae4d-e7e00ca57233|Girder A|2023-08-26||80|80|4717441.999999999|7785.5|4717441.999999999|2028394.0|775.0|-3254.0|8802617.0|3|79|22|1|3|78,22;79,21;79,22
ab6d49c5-011a-42dd-a789-fc499d1e68b2|Carola RPT A-full 3803bf22-891c-4077-ad80-793c7bce8fa0|Girder A|2023-08-29||80|80|2662465.0|13546.0|2662465.0|902045.0000000001|-2675.0|1167.0|16267656.0|13|79|2|6|4|41,76;42,16;43,16;55,26;56,26;65,49;65,50;65,51;78,2;79,0;79,1;79,2;79,4
fe232c18-c0ae-480b-a882-e5a8262ec0ac|Carola RPT A-full 9f0d8bc0-21c8-4d8f-8ce7-2a41f3f239d4|Girder A|2023-08-29||80|80|2662465.0|13546.0|2662465.0|902045.0000000001|-2675.0|1167.0|16267656.0|13|79|2|6|4|41,76;42,16;43,16;55,26;56,26;65,49;65,50;65,51;78,2;79,0;79,1;79,2;79,4
e2c48a68-13ba-4f79-b542-189b73d6748c|Carola RPT C-subwindow 691644e8-73fe-4c1a-97aa-ffe2eac1319c|Girder A|2023-08-29||80|80|2662465.0|13546.0|2662465.0|902045.0000000001|-2675.0|1167.0|16267656.0|13|79|2|6|4|41,76;42,16;43,16;55,26;56,26;65,49;65,50;65,51;78,2;79,0;79,1;79,2;79,4
9318b6b7-1ad0-4a91-a55b-7f4b9f8e22e2|Carola RPT C-subwindow 9978c280-4108-4c8b-9541-81260137691b|Girder A|2023-08-29||80|80|2662465.0|13546.0|2662465.0|902045.0000000001|-2675.0|1167.0|16267656.0|13|79|2|6|4|41,76;42,16;43,16;55,26;56,26;65,49;65,50;65,51;78,2;79,0;79,1;79,2;79,4
e7b96e2d-233c-4068-958f-4d23884b49fb|Carola RPT C-subwindow da3dd34f-a7eb-45c4-ae4d-e7e00ca57233|Girder A|2023-08-29||80|80|2662465.0|13546.0|2662465.0|902045.0000000001|-2675.0|1167.0|16267656.0|13|79|2|6|4|41,76;42,16;43,16;55,26;56,26;65,49;65,50;65,51;78,2;79,0;79,1;79,2;79,4
5ddf61ae-14f3-4edd-9b4a-4d112e66a3e9|Carola RPT A-full 3803bf22-891c-4077-ad80-793c7bce8fa0|Girder A|2023-09-03||80|80|141172.00000000006|2013.0|141172.00000000006|42353.999999999985|481.0|632.0|3727609.0|58|79|74|29|9|0,7;1,5;1,7;1,8;1,9;1,10;2,9;2,10;2,11;2,43;3,10;3,43;4,18;4,37;5,50;6,24;6,47;6,50;7,42;7,43;9,12;10,17;10,52;11,9;11,17;11,18;14,8;14,9;16,38;25,29;25,34;25,35;26,34;26,35;29,52;29,53;29,61;38,48;43,79;48,70;48,71;52,39;52,40;53,40;53,42;53,43;53,45;53,47;53,48;54,45;54,48;54,51;54,52;54,53;67,69;78,74;79,74;79,75
672fe29e-1d49-46fb-859e-175c47e028a4|Carola RPT A-full 9f0d8bc0-21c8-4d8f-8ce7-2a41f3f239d4|Girder A|2023-09-03||80|80|141172.00000000006|2013.0|141172.00000000006|42353.999999999985|481.0|632.0|3727609.0|58|79|74|29|9|0,7;1,5;1,7;1,8;1,9;1,10;2,9;2,10;2,11;2,43;3,10;3,43;4,18;4,37;5,50;6,24;6,47;6,50;7,42;7,43;9,12;10,17;10,52;11,9;11,17;11,18;14,8;14,9;16,38;25,29;25,34;25,35;26,34;26,35;29,52;29,53;29,61;38,48;43,79;48,70;48,71;52,39;52,40;53,40;53,42;53,43;53,45;53,47;53,48;54,45;54,48;54,51;54,52;54,53;67,69;78,74;79,74;79,75
3dd88f7a-ddc0-494d-9f92-0b7b0c7362d0|Carola RPT C-subwindow 691644e8-73fe-4c1a-97aa-ffe2eac1319c|Girder A|2023-09-03||80|80|141172.00000000006|2013.0|141172.00000000006|42353.999999999985|481.0|632.0|3727609.0|58|79|74|29|9|0,7;1,5;1,7;1,8;1,9;1,10;2,9;2,10;2,11;2,43;3,10;3,43;4,18;4,37;5,50;6,24;6,47;6,50;7,42;7,43;9,12;10,17;10,52;11,9;11,17;11,18;14,8;14,9;16,38;25,29;25,34;25,35;26,34;26,35;29,52;29,53;29,61;38,48;43,79;48,70;48,71;52,39;52,40;53,40;53,42;53,43;53,45;53,47;53,48;54,45;54,48;54,51;54,52;54,53;67,69;78,74;79,74;79,75
480ea07c-2b5d-497b-bcb1-1444b08587e3|Carola RPT C-subwindow 9978c280-4108-4c8b-9541-81260137691b|Girder A|2023-09-03||80|80|141172.00000000006|2013.0|141172.00000000006|42353.999999999985|481.0|632.0|3727609.0|58|79|74|29|9|0,7;1,5;1,7;1,8;1,9;1,10;2,9;2,10;2,11;2,43;3,10;3,43;4,18;4,37;5,50;6,24;6,47;6,50;7,42;7,43;9,12;10,17;10,52;11,9;11,17;11,18;14,8;14,9;16,38;25,29;25,34;25,35;26,34;26,35;29,52;29,53;29,61;38,48;43,79;48,70;48,71;52,39;52,40;53,40;53,42;53,43;53,45;53,47;53,48;54,45;54,48;54,51;54,52;54,53;67,69;78,74;79,74;79,75
cfd2a444-5c01-4f96-bee3-3f2ddd6d0ef5|Carola RPT C-subwindow da3dd34f-a7eb-45c4-ae4d-e7e00ca57233|Girder A|2023-09-03||80|80|141172.00000000006|2013.0|141172.00000000006|42353.999999999985|481.0|632.0|3727609.0|58|79|74|29|9|0,7;1,5;1,7;1,8;1,9;1,10;2,9;2,10;2,11;2,43;3,10;3,43;4,18;4,37;5,50;6,24;6,47;6,50;7,42;7,43;9,12;10,17;10,52;11,9;11,17;11,18;14,8;14,9;16,38;25,29;25,34;25,35;26,34;26,35;29,52;29,53;29,61;38,48;43,79;48,70;48,71;52,39;52,40;53,40;53,42;53,43;53,45;53,47;53,48;54,45;54,48;54,51;54,52;54,53;67,69;78,74;79,74;79,75
990fe369-48e0-45c9-89b3-1e9f00f71198|Carola RPT A-full 3803bf22-891c-4077-ad80-793c7bce8fa0|Girder A|2023-09-07||80|80|1480679.9999999995|1556.4999999999995|1480679.9999999995|524770.0|-1053.0|4928.0|10549245.0|12|52|11|2|8|11,54;11,55;11,56;11,57;12,55;12,56;12,57;12,58;51,11;51,12;52,11;52,12
75a32fc7-6e6b-43de-bfdf-4bc8314d9603|Carola RPT A-full 9f0d8bc0-21c8-4d8f-8ce7-2a41f3f239d4|Girder A|2023-09-07||80|80|1480679.9999999995|1556.4999999999995|1480679.9999999995|524770.0|-1053.0|4928.0|10549245.0|12|52|11|2|8|11,54;11,55;11,56;11,57;12,55;12,56;12,57;12,58;51,11;51,12;52,11;52,12
b20291f6-06d3-4550-8fc9-54d2b76bc513|Carola RPT C-subwindow 691644e8-73fe-4c1a-97aa-ffe2eac1319c|Girder A|2023-09-07||80|80|1480679.9999999995|1556.4999999999995|1480679.9999999995|524770.0|-1053.0|4928.0|10549245.0|12|52|11|2|8|11,54;11,55;11,56;11,57;12,55;12,56;12,57;12,58;51,11;51,12;52,11;52,12
d12b826f-3e9f-42c6-b653-a2e7d678cf3e|Carola RPT C-subwindow 9978c280-4108-4c8b-9541-81260137691b|Girder A|2023-09-07||80|80|1480679.9999999995|1556.4999999999995|1480679.9999999995|524770.0|-1053.0|4928.0|10549245.0|12|52|11|2|8|11,54;11,55;11,56;11,57;12,55;12,56;12,57;12,58;51,11;51,12;52,11;52,12
80920de7-5827-4aae-8fdc-566f4f812f5d|Carola RPT C-subwindow da3dd34f-a7eb-45c4-ae4d-e7e00ca57233|Girder A|2023-09-07||80|80|1480679.9999999995|1556.4999999999995|1480679.9999999995|524770.0|-1053.0|4928.0|10549245.0|12|52|11|2|8|11,54;11,55;11,56;11,57;12,55;12,56;12,57;12,58;51,11;51,12;52,11;52,12
857ab017-ae6e-4e21-a0e4-b0f3bb560e76|Carola RPT A-full 3803bf22-891c-4077-ad80-793c7bce8fa0|Girder A|2023-09-10||80|80|2337408.0|12147.999999999996|2337408.0|719680.0000000001|-1254.0|-4341.0|17603797.0|14|79|2|7|5|8,46;8,47;42,16;55,26;56,26;59,18;64,50;65,49;74,48;78,1;78,2;79,0;79,1;79,2
cd511879-3bfd-4b02-90a9-10fb283965d4|Carola RPT A-full 9f0d8bc0-21c8-4d8f-8ce7-2a41f3f239d4|Girder A|2023-09-10||80|80|2337408.0|12147.999999999996|2337408.0|719680.0000000001|-1254.0|-4341.0|17603797.0|14|79|2|7|5|8,46;8,47;42,16;55,26;56,26;59,18;64,50;65,49;74,48;78,1;78,2;79,0;79,1;79,2
bdd63b2f-fe91-4f79-9e46-2ae65944560e|Carola RPT C-subwindow 691644e8-73fe-4c1a-97aa-ffe2eac1319c|Girder A|2023-09-10||80|80|2337408.0|12147.999999999996|2337408.0|719680.0000000001|-1254.0|-4341.0|17603797.0|14|79|2|7|5|8,46;8,47;42,16;55,26;56,26;59,18;64,50;65,49;74,48;78,1;78,2;79,0;79,1;79,2
562c7e6f-1211-4d10-813d-6ac167b43555|Carola RPT C-subwindow 9978c280-4108-4c8b-9541-81260137691b|Girder A|2023-09-10||80|80|2337408.0|12147.999999999996|2337408.0|719680.0000000001|-1254.0|-4341.0|17603797.0|14|79|2|7|5|8,46;8,47;42,16;55,26;56,26;59,18;64,50;65,49;74,48;78,1;78,2;79,0;79,1;79,2
8c631e4d-19f1-449a-ae48-75392dfcdec0|Carola RPT C-subwindow da3dd34f-a7eb-45c4-ae4d-e7e00ca57233|Girder A|2023-09-10||80|80|2337408.0|12147.999999999996|2337408.0|719680.0000000001|-1254.0|-4341.0|17603797.0|14|79|2|7|5|8,46;8,47;42,16;55,26;56,26;59,18;64,50;65,49;74,48;78,1;78,2;79,0;79,1;79,2
64a34bca-de9e-4bdc-8afe-dfe43566f01d|Carola RPT A-full 3803bf22-891c-4077-ad80-793c7bce8fa0|Girder A|2023-09-15||80|80|1355161.9999999995|8365.5|1355161.9999999995|426361.00000000006|-2044.0|-2797.0|6826073.0|11|50|21|5|4|11,51;28,35;28,36;44,49;49,20;49,21;50,20;50,21;54,47;54,48;55,48
c7b2ae6f-124d-4554-a352-a9f9f226dfe2|Carola RPT A-full 9f0d8bc0-21c8-4d8f-8ce7-2a41f3f239d4|Girder A|2023-09-15||80|80|1355161.9999999995|8365.5|1355161.9999999995|426361.00000000006|-2044.0|-2797.0|6826073.0|11|50|21|5|4|11,51;28,35;28,36;44,49;49,20;49,21;50,20;50,21;54,47;54,48;55,48
3c0cc0dc-db3d-44c9-9a60-3faf27f0de22|Carola RPT C-subwindow 691644e8-73fe-4c1a-97aa-ffe2eac1319c|Girder A|2023-09-15||80|80|1355161.9999999995|8365.5|1355161.9999999995|426361.00000000006|-2044.0|-2797.0|6826073.0|11|50|21|5|4|11,51;28,35;28,36;44,49;49,20;49,21;50,20;50,21;54,47;54,48;55,48
cab633de-e85d-46c8-8068-bf668daec777|Carola RPT C-subwindow 9978c280-4108-4c8b-9541-81260137691b|Girder A|2023-09-15||80|80|1355161.9999999995|8365.5|1355161.9999999995|426361.00000000006|-2044.0|-2797.0|6826073.0|11|50|21|5|4|11,51;28,35;28,36;44,49;49,20;49,21;50,20;50,21;54,47;54,48;55,48
5dae9e2d-62bc-49ac-839b-6ab21cdbfee3|Carola RPT C-subwindow da3dd34f-a7eb-45c4-ae4d-e7e00ca57233|Girder A|2023-09-15||80|80|1355161.9999999995|8365.5|1355161.9999999995|426361.00000000006|-2044.0|-2797.0|6826073.0|11|50|21|5|4|11,51;28,35;28,36;44,49;49,20;49,21;50,20;50,21;54,47;54,48;55,48
f2fde1f8-2f39-4885-bf98-a32fa63520b3|Carola RPT A-full 3803bf22-891c-4077-ad80-793c7bce8fa0|Girder A|2023-09-19||80|80|2127985.0000000005|1584.9999999999998|2127985.0000000005|690017.0000000001|-5985.0|-2519.0|10917176.0|9|52|12|2|6|12,55;12,56;12,57;12,58;12,59;13,57;51,12;52,11;52,12
2da962a2-11f6-48de-9a6c-504671bb7a2f|Carola RPT A-full 9f0d8bc0-21c8-4d8f-8ce7-2a41f3f239d4|Girder A|2023-09-19||80|80|2127985.0000000005|1584.9999999999998|2127985.0000000005|690017.0000000001|-5985.0|-2519.0|10917176.0|9|52|12|2|6|12,55;12,56;12,57;12,58;12,59;13,57;51,12;52,11;52,12
9db35646-e08a-4125-b207-20a981f4c5a7|Carola RPT C-subwindow 691644e8-73fe-4c1a-97aa-ffe2eac1319c|Girder A|2023-09-19||80|80|2127985.0000000005|1584.9999999999998|2127985.0000000005|690017.0000000001|-5985.0|-2519.0|10917176.0|9|52|12|2|6|12,55;12,56;12,57;12,58;12,59;13,57;51,12;52,11;52,12
55bf8fa3-fceb-4240-9f7b-609fdf57262a|Carola RPT C-subwindow 9978c280-4108-4c8b-9541-81260137691b|Girder A|2023-09-19||80|80|2127985.0000000005|1584.9999999999998|2127985.0000000005|690017.0000000001|-5985.0|-2519.0|10917176.0|9|52|12|2|6|12,55;12,56;12,57;12,58;12,59;13,57;51,12;52,11;52,12
be5325ae-df43-4a9b-a224-c4c8cd7355dd|Carola RPT C-subwindow da3dd34f-a7eb-45c4-ae4d-e7e00ca57233|Girder A|2023-09-19||80|80|2127985.0000000005|1584.9999999999998|2127985.0000000005|690017.0000000001|-5985.0|-2519.0|10917176.0|9|52|12|2|6|12,55;12,56;12,57;12,58;12,59;13,57;51,12;52,11;52,12
68dff628-384e-4a2e-b946-1b8c69daefa9|Carola RPT A-full 3803bf22-891c-4077-ad80-793c7bce8fa0|Girder A|2023-09-22||80|80|1440115.9999999998|12960.5|1440115.9999999998|447805.00000000006|2248.0|2750.0|21215700.0|31|79|2|14|8|8,41;9,47;9,49;10,56;34,76;35,76;41,76;42,16;42,17;43,16;43,17;45,31;56,26;56,27;62,40;62,50;63,40;63,50;64,50;64,51;65,49;65,50;65,51;65,52;67,74;74,48;75,48;79,0;79,1;79,2;79,3
d3524f80-5d5d-4b48-a63e-027282d61f05|Carola RPT A-full 9f0d8bc0-21c8-4d8f-8ce7-2a41f3f239d4|Girder A|2023-09-22||80|80|1440115.9999999998|12960.5|1440115.9999999998|447805.00000000006|2248.0|2750.0|21215700.0|31|79|2|14|8|8,41;9,47;9,49;10,56;34,76;35,76;41,76;42,16;42,17;43,16;43,17;45,31;56,26;56,27;62,40;62,50;63,40;63,50;64,50;64,51;65,49;65,50;65,51;65,52;67,74;74,48;75,48;79,0;79,1;79,2;79,3
1ea032be-add8-456b-8536-46c2106040ea|Carola RPT C-subwindow 691644e8-73fe-4c1a-97aa-ffe2eac1319c|Girder A|2023-09-22||80|80|1440115.9999999998|12960.5|1440115.9999999998|447805.00000000006|2248.0|2750.0|21215700.0|31|79|2|14|8|8,41;9,47;9,49;10,56;34,76;35,76;41,76;42,16;42,17;43,16;43,17;45,31;56,26;56,27;62,40;62,50;63,40;63,50;64,50;64,51;65,49;65,50;65,51;65,52;67,74;74,48;75,48;79,0;79,1;79,2;79,3
8488bd98-c4ab-4f1f-ab2b-fbf20e92b6cf|Carola RPT C-subwindow 9978c280-4108-4c8b-9541-81260137691b|Girder A|2023-09-22||80|80|1440115.9999999998|12960.5|1440115.9999999998|447805.00000000006|2248.0|2750.0|21215700.0|31|79|2|14|8|8,41;9,47;9,49;10,56;34,76;35,76;41,76;42,16;42,17;43,16;43,17;45,31;56,26;56,27;62,40;62,50;63,40;63,50;64,50;64,51;65,49;65,50;65,51;65,52;67,74;74,48;75,48;79,0;79,1;79,2;79,3
28196b72-3998-477f-aa15-693cccd2f55d|Carola RPT C-subwindow da3dd34f-a7eb-45c4-ae4d-e7e00ca57233|Girder A|2023-09-22||80|80|1440115.9999999998|12960.5|1440115.9999999998|447805.00000000006|2248.0|2750.0|21215700.0|31|79|2|14|8|8,41;9,47;9,49;10,56;34,76;35,76;41,76;42,16;42,17;43,16;43,17;45,31;56,26;56,27;62,40;62,50;63,40;63,50;64,50;64,51;65,49;65,50;65,51;65,52;67,74;74,48;75,48;79,0;79,1;79,2;79,3
289cbb52-261d-46c0-bfa8-5906645f212d|Carola RPT A-full 3803bf22-891c-4077-ad80-793c7bce8fa0|Girder A|2023-09-27||80|80|983277.0|8368.999999999998|983277.0|297225.0|-3136.0|1099.0|11845803.0|24|28|35|10|6|2,10;11,50;11,51;12,50;27,34;27,35;28,35;28,36;30,53;30,54;30,55;30,56;30,61;31,54;31,55;44,49;49,20;50,20;50,21;51,21;54,47;55,47;56,56;78,67
9751189f-73e8-4ddf-a184-e792381ab653|Carola RPT A-full 9f0d8bc0-21c8-4d8f-8ce7-2a41f3f239d4|Girder A|2023-09-27||80|80|983277.0|8368.999999999998|983277.0|297225.0|-3136.0|1099.0|11845803.0|24|28|35|10|6|2,10;11,50;11,51;12,50;27,34;27,35;28,35;28,36;30,53;30,54;30,55;30,56;30,61;31,54;31,55;44,49;49,20;50,20;50,21;51,21;54,47;55,47;56,56;78,67
1d18efb1-53d8-4ef9-a5d0-4c99aa208bb8|Carola RPT C-subwindow 691644e8-73fe-4c1a-97aa-ffe2eac1319c|Girder A|2023-09-27||80|80|983277.0|8368.999999999998|983277.0|297225.0|-3136.0|1099.0|11845803.0|24|28|35|10|6|2,10;11,50;11,51;12,50;27,34;27,35;28,35;28,36;30,53;30,54;30,55;30,56;30,61;31,54;31,55;44,49;49,20;50,20;50,21;51,21;54,47;55,47;56,56;78,67
fee2a6c8-f334-4017-85c2-e71e0dc55deb|Carola RPT C-subwindow 9978c280-4108-4c8b-9541-81260137691b|Girder A|2023-09-27||80|80|983277.0|8368.999999999998|983277.0|297225.0|-3136.0|1099.0|11845803.0|24|28|35|10|6|2,10;11,50;11,51;12,50;27,34;27,35;28,35;28,36;30,53;30,54;30,55;30,56;30,61;31,54;31,55;44,49;49,20;50,20;50,21;51,21;54,47;55,47;56,56;78,67
95c4b754-d447-4aa4-a659-0a2eb9f9ce02|Carola RPT C-subwindow da3dd34f-a7eb-45c4-ae4d-e7e00ca57233|Girder A|2023-09-27||80|80|983277.0|8368.999999999998|983277.0|297225.0|-3136.0|1099.0|11845803.0|24|28|35|10|6|2,10;11,50;11,51;12,50;27,34;27,35;28,35;28,36;30,53;30,54;30,55;30,56;30,61;31,54;31,55;44,49;49,20;50,20;50,21;51,21;54,47;55,47;56,56;78,67
05af873e-9c24-4699-bea4-3f7203fa4e29|Carola RPT A-full 3803bf22-891c-4077-ad80-793c7bce8fa0|Girder A|2023-10-01||80|80|2012897.0|5481.0|2012897.0|635105.0000000001|3273.0|3744.0|22653139.0|22|70|26|11|3|5,31;6,28;7,28;7,29;12,56;15,65;36,7;36,8;39,22;40,22;42,40;43,40;44,52;45,52;67,64;68,61;68,62;68,64;69,26;69,62;70,26;70,27
315789c3-747d-49a0-beaf-07605ee3dfc6|Carola RPT A-full 9f0d8bc0-21c8-4d8f-8ce7-2a41f3f239d4|Girder A|2023-10-01||80|80|2012897.0|5481.0|2012897.0|635105.0000000001|3273.0|3744.0|22653139.0|22|70|26|11|3|5,31;6,28;7,28;7,29;12,56;15,65;36,7;36,8;39,22;40,22;42,40;43,40;44,52;45,52;67,64;68,61;68,62;68,64;69,26;69,62;70,26;70,27
30f0bcb5-c970-4ba2-80c5-acb8c810da53|Carola RPT C-subwindow 691644e8-73fe-4c1a-97aa-ffe2eac1319c|Girder A|2023-10-01||80|80|2012897.0|5481.0|2012897.0|635105.0000000001|3273.0|3744.0|22653139.0|22|70|26|11|3|5,31;6,28;7,28;7,29;12,56;15,65;36,7;36,8;39,22;40,22;42,40;43,40;44,52;45,52;67,64;68,61;68,62;68,64;69,26;69,62;70,26;70,27
6b5d57bd-3bbe-453a-b0d1-18687511438a|Carola RPT C-subwindow 9978c280-4108-4c8b-9541-81260137691b|Girder A|2023-10-01||80|80|2012897.0|5481.0|2012897.0|635105.0000000001|3273.0|3744.0|22653139.0|22|70|26|11|3|5,31;6,28;7,28;7,29;12,56;15,65;36,7;36,8;39,22;40,22;42,40;43,40;44,52;45,52;67,64;68,61;68,62;68,64;69,26;69,62;70,26;70,27
54b5e35d-e24d-4bfb-adbb-018324adaa38|Carola RPT C-subwindow da3dd34f-a7eb-45c4-ae4d-e7e00ca57233|Girder A|2023-10-01||80|80|2012897.0|5481.0|2012897.0|635105.0000000001|3273.0|3744.0|22653139.0|22|70|26|11|3|5,31;6,28;7,28;7,29;12,56;15,65;36,7;36,8;39,22;40,22;42,40;43,40;44,52;45,52;67,64;68,61;68,62;68,64;69,26;69,62;70,26;70,27
01d8eca6-3acb-4139-9123-8a6b7f077883|Carola RPT A-full 3803bf22-891c-4077-ad80-793c7bce8fa0|Girder A|2023-10-04||80|80|2770201.9999999995|2657.0|2770201.9999999995|848191.9999999999|-3154.0|-2075.0|6415093.0|4|66|69|1|4|65,69;66,68;66,69;67,69
caac6f03-2551-429f-aabe-7319e77354dd|Carola RPT A-full 9f0d8bc0-21c8-4d8f-8ce7-2a41f3f239d4|Girder A|2023-10-04||80|80|2770201.9999999995|2657.0|2770201.9999999995|848191.9999999999|-3154.0|-2075.0|6415093.0|4|66|69|1|4|65,69;66,68;66,69;67,69
e71f20d2-ba38-44bd-a8d5-d08d86508331|Carola RPT C-subwindow 691644e8-73fe-4c1a-97aa-ffe2eac1319c|Girder A|2023-10-04||80|80|2770201.9999999995|2657.0|2770201.9999999995|848191.9999999999|-3154.0|-2075.0|6415093.0|4|66|69|1|4|65,69;66,68;66,69;67,69
38d50cad-f913-426b-85af-40cd404cbacd|Carola RPT C-subwindow 9978c280-4108-4c8b-9541-81260137691b|Girder A|2023-10-04||80|80|2770201.9999999995|2657.0|2770201.9999999995|848191.9999999999|-3154.0|-2075.0|6415093.0|4|66|69|1|4|65,69;66,68;66,69;67,69
6d429f8b-b7c2-4ac2-bf61-98d1f5232e9d|Carola RPT C-subwindow da3dd34f-a7eb-45c4-ae4d-e7e00ca57233|Girder A|2023-10-04||80|80|2770201.9999999995|2657.0|2770201.9999999995|848191.9999999999|-3154.0|-2075.0|6415093.0|4|66|69|1|4|65,69;66,68;66,69;67,69
a2ac72c1-fe05-44f3-bfb2-614985441774|Carola RPT A-full 3803bf22-891c-4077-ad80-793c7bce8fa0|Girder A|2023-10-09||80|80|1002624.9999999999|9657.0|1002624.9999999999|301005.0|-897.0|-6248.0|30082025.0|65|30|54|27|9|1,10;2,10;3,79;10,51;10,55;11,50;11,51;13,8;14,33;15,33;23,6;23,16;24,16;25,35;25,57;26,29;26,34;26,35;26,38;27,36;27,37;27,38;28,36;28,37;29,53;29,54;29,55;29,56;30,53;30,54;30,55;40,77;40,78;43,48;43,49;43,50;44,49;45,26;45,79;47,22;48,22;48,23;49,20;49,26;49,27;50,27;52,17;52,21;52,22;52,39;52,40;53,39;53,40;53,43;54,47;54,48;54,49;54,50;55,49;55,50;58,42;59,42;60,56;79,75;79,76
4e45ae79-ca01-44b5-a974-d99d0b29d817|Carola RPT A-full 9f0d8bc0-21c8-4d8f-8ce7-2a41f3f239d4|Girder A|2023-10-09||80|80|1002624.9999999999|9657.0|1002624.9999999999|301005.0|-897.0|-6248.0|30082025.0|65|30|54|27|9|1,10;2,10;3,79;10,51;10,55;11,50;11,51;13,8;14,33;15,33;23,6;23,16;24,16;25,35;25,57;26,29;26,34;26,35;26,38;27,36;27,37;27,38;28,36;28,37;29,53;29,54;29,55;29,56;30,53;30,54;30,55;40,77;40,78;43,48;43,49;43,50;44,49;45,26;45,79;47,22;48,22;48,23;49,20;49,26;49,27;50,27;52,17;52,21;52,22;52,39;52,40;53,39;53,40;53,43;54,47;54,48;54,49;54,50;55,49;55,50;58,42;59,42;60,56;79,75;79,76
8eb52a64-8036-4aa1-96c7-dbcf642cb46d|Carola RPT C-subwindow 691644e8-73fe-4c1a-97aa-ffe2eac1319c|Girder A|2023-10-09||80|80|1002624.9999999999|9657.0|1002624.9999999999|301005.0|-897.0|-6248.0|30082025.0|65|30|54|27|9|1,10;2,10;3,79;10,51;10,55;11,50;11,51;13,8;14,33;15,33;23,6;23,16;24,16;25,35;25,57;26,29;26,34;26,35;26,38;27,36;27,37;27,38;28,36;28,37;29,53;29,54;29,55;29,56;30,53;30,54;30,55;40,77;40,78;43,48;43,49;43,50;44,49;45,26;45,79;47,22;48,22;48,23;49,20;49,26;49,27;50,27;52,17;52,21;52,22;52,39;52,40;53,39;53,40;53,43;54,47;54,48;54,49;54,50;55,49;55,50;58,42;59,42;60,56;79,75;79,76
8e2d8ad1-af69-48df-a923-b0b81ba9864e|Carola RPT C-subwindow 9978c280-4108-4c8b-9541-81260137691b|Girder A|2023-10-09||80|80|1002624.9999999999|9657.0|1002624.9999999999|301005.0|-897.0|-6248.0|30082025.0|65|30|54|27|9|1,10;2,10;3,79;10,51;10,55;11,50;11,51;13,8;14,33;15,33;23,6;23,16;24,16;25,35;25,57;26,29;26,34;26,35;26,38;27,36;27,37;27,38;28,36;28,37;29,53;29,54;29,55;29,56;30,53;30,54;30,55;40,77;40,78;43,48;43,49;43,50;44,49;45,26;45,79;47,22;48,22;48,23;49,20;49,26;49,27;50,27;52,17;52,21;52,22;52,39;52,40;53,39;53,40;53,43;54,47;54,48;54,49;54,50;55,49;55,50;58,42;59,42;60,56;79,75;79,76
f0f1e030-39b2-4e5d-93c6-d5615fc232de|Carola RPT C-subwindow da3dd34f-a7eb-45c4-ae4d-e7e00ca57233|Girder A|2023-10-09||80|80|1002624.9999999999|9657.0|1002624.9999999999|301005.0|-897.0|-6248.0|30082025.0|65|30|54|27|9|1,10;2,10;3,79;10,51;10,55;11,50;11,51;13,8;14,33;15,33;23,6;23,16;24,16;25,35;25,57;26,29;26,34;26,35;26,38;27,36;27,37;27,38;28,36;28,37;29,53;29,54;29,55;29,56;30,53;30,54;30,55;40,77;40,78;43,48;43,49;43,50;44,49;45,26;45,79;47,22;48,22;48,23;49,20;49,26;49,27;50,27;52,17;52,21;52,22;52,39;52,40;53,39;53,40;53,43;54,47;54,48;54,49;54,50;55,49;55,50;58,42;59,42;60,56;79,75;79,76
a5f39d50-743d-438f-a661-7ce4dbce1d7a|Carola RPT A-full 3803bf22-891c-4077-ad80-793c7bce8fa0|Girder A|2023-10-13||80|80|1681671.9999999998|1453.0|1681671.9999999998|512921.0000000001|-6413.0|370.0|12366007.0|12|52|12|2|10|11,55;11,56;11,57;11,58;12,56;12,57;12,58;12,59;12,60;13,58;51,12;52,12
03bf1bb3-1aa4-42ec-a405-75ba61584207|Carola RPT A-full 9f0d8bc0-21c8-4d8f-8ce7-2a41f3f239d4|Girder A|2023-10-13||80|80|1681671.9999999998|1453.0|1681671.9999999998|512921.0000000001|-6413.0|370.0|12366007.0|12|52|12|2|10|11,55;11,56;11,57;11,58;12,56;12,57;12,58;12,59;12,60;13,58;51,12;52,12
e4739e60-87a9-4cb7-9bad-17455414325f|Carola RPT C-subwindow 691644e8-73fe-4c1a-97aa-ffe2eac1319c|Girder A|2023-10-13||80|80|1681671.9999999998|1453.0|1681671.9999999998|512921.0000000001|-6413.0|370.0|12366007.0|12|52|12|2|10|11,55;11,56;11,57;11,58;12,56;12,57;12,58;12,59;12,60;13,58;51,12;52,12
0f9f1785-e15c-4c6f-a128-3a041034a19d|Carola RPT C-subwindow 9978c280-4108-4c8b-9541-81260137691b|Girder A|2023-10-13||80|80|1681671.9999999998|1453.0|1681671.9999999998|512921.0000000001|-6413.0|370.0|12366007.0|12|52|12|2|10|11,55;11,56;11,57;11,58;12,56;12,57;12,58;12,59;12,60;13,58;51,12;52,12
1fdb7ef0-3af9-45d9-a086-5e38b107962c|Carola RPT C-subwindow da3dd34f-a7eb-45c4-ae4d-e7e00ca57233|Girder A|2023-10-13||80|80|1681671.9999999998|1453.0|1681671.9999999998|512921.0000000001|-6413.0|370.0|12366007.0|12|52|12|2|10|11,55;11,56;11,57;11,58;12,56;12,57;12,58;12,59;12,60;13,58;51,12;52,12
a0b6340e-7e53-459e-8390-ded30bfa5543|Carola RPT A-full 3803bf22-891c-4077-ad80-793c7bce8fa0|Girder A|2023-10-16||80|80|1032489.0000000001|12491.5|1032489.0000000001|313704.0|-4106.0|4513.0|24453129.0|52|65|50|23|11|3,23;4,23;4,68;8,40;8,41;8,45;9,45;9,47;9,48;9,49;9,50;10,49;10,51;10,52;10,55;21,5;32,67;32,68;34,75;35,75;42,16;43,16;47,25;47,26;51,39;55,25;55,26;56,25;56,26;59,18;61,73;62,39;62,49;62,50;63,39;63,50;63,70;64,50;64,51;65,49;65,50;65,51;66,49;66,50;66,51;68,50;68,74;74,48;75,48;79,0;79,2;79,3
a5d052e3-68be-4beb-9a37-ce1a77ae79f6|Carola RPT A-full 9f0d8bc0-21c8-4d8f-8ce7-2a41f3f239d4|Girder A|2023-10-16||80|80|1032489.0000000001|12491.5|1032489.0000000001|313704.0|-4106.0|4513.0|24453129.0|52|65|50|23|11|3,23;4,23;4,68;8,40;8,41;8,45;9,45;9,47;9,48;9,49;9,50;10,49;10,51;10,52;10,55;21,5;32,67;32,68;34,75;35,75;42,16;43,16;47,25;47,26;51,39;55,25;55,26;56,25;56,26;59,18;61,73;62,39;62,49;62,50;63,39;63,50;63,70;64,50;64,51;65,49;65,50;65,51;66,49;66,50;66,51;68,50;68,74;74,48;75,48;79,0;79,2;79,3
5bf1632c-a82b-44f6-8634-5244f9a47720|Carola RPT C-subwindow 691644e8-73fe-4c1a-97aa-ffe2eac1319c|Girder A|2023-10-16||80|80|1032489.0000000001|12491.5|1032489.0000000001|313704.0|-4106.0|4513.0|24453129.0|52|65|50|23|11|3,23;4,23;4,68;8,40;8,41;8,45;9,45;9,47;9,48;9,49;9,50;10,49;10,51;10,52;10,55;21,5;32,67;32,68;34,75;35,75;42,16;43,16;47,25;47,26;51,39;55,25;55,26;56,25;56,26;59,18;61,73;62,39;62,49;62,50;63,39;63,50;63,70;64,50;64,51;65,49;65,50;65,51;66,49;66,50;66,51;68,50;68,74;74,48;75,48;79,0;79,2;79,3
ff53ccce-7f0b-4e28-9ce0-976a6ece88e5|Carola RPT C-subwindow 9978c280-4108-4c8b-9541-81260137691b|Girder A|2023-10-16||80|80|1032489.0000000001|12491.5|1032489.0000000001|313704.0|-4106.0|4513.0|24453129.0|52|65|50|23|11|3,23;4,23;4,68;8,40;8,41;8,45;9,45;9,47;9,48;9,49;9,50;10,49;10,51;10,52;10,55;21,5;32,67;32,68;34,75;35,75;42,16;43,16;47,25;47,26;51,39;55,25;55,26;56,25;56,26;59,18;61,73;62,39;62,49;62,50;63,39;63,50;63,70;64,50;64,51;65,49;65,50;65,51;66,49;66,50;66,51;68,50;68,74;74,48;75,48;79,0;79,2;79,3
0b0102dc-ab36-498e-89c2-cfa67f5fd28d|Carola RPT C-subwindow da3dd34f-a7eb-45c4-ae4d-e7e00ca57233|Girder A|2023-10-16||80|80|1032489.0000000001|12491.5|1032489.0000000001|313704.0|-4106.0|4513.0|24453129.0|52|65|50|23|11|3,23;4,23;4,68;8,40;8,41;8,45;9,45;9,47;9,48;9,49;9,50;10,49;10,51;10,52;10,55;21,5;32,67;32,68;34,75;35,75;42,16;43,16;47,25;47,26;51,39;55,25;55,26;56,25;56,26;59,18;61,73;62,39;62,49;62,50;63,39;63,50;63,70;64,50;64,51;65,49;65,50;65,51;66,49;66,50;66,51;68,50;68,74;74,48;75,48;79,0;79,2;79,3
d6d564f5-cad6-4f5c-a1aa-002afc32d06f|Carola RPT A-full 3803bf22-891c-4077-ad80-793c7bce8fa0|Girder A|2023-10-21||80|80|271489.00000000006|2227.9999999999995|271489.00000000006|82058.0|2833.0|-900.0|2896537.0|24|2|9|10|8|1,7;1,9;2,6;2,7;2,8;2,9;3,8;3,9;11,17;12,17;16,37;17,37;25,34;26,33;26,34;54,42;54,47;54,48;55,51;57,79;58,79;60,49;79,73;79,74
48ccc5ea-2950-408e-ba0e-8f3276d3c119|Carola RPT A-full 9f0d8bc0-21c8-4d8f-8ce7-2a41f3f239d4|Girder A|2023-10-21||80|80|271489.00000000006|2227.9999999999995|271489.00000000006|82058.0|2833.0|-900.0|2896537.0|24|2|9|10|8|1,7;1,9;2,6;2,7;2,8;2,9;3,8;3,9;11,17;12,17;16,37;17,37;25,34;26,33;26,34;54,42;54,47;54,48;55,51;57,79;58,79;60,49;79,73;79,74
96302bb2-b03a-44b1-b185-a3a6e0b3f10d|Carola RPT C-subwindow 691644e8-73fe-4c1a-97aa-ffe2eac1319c|Girder A|2023-10-21||80|80|271489.00000000006|2227.9999999999995|271489.00000000006|82058.0|2833.0|-900.0|2896537.0|24|2|9|10|8|1,7;1,9;2,6;2,7;2,8;2,9;3,8;3,9;11,17;12,17;16,37;17,37;25,34;26,33;26,34;54,42;54,47;54,48;55,51;57,79;58,79;60,49;79,73;79,74
0a08eb8f-5cda-4b41-bcbd-a50abd24e2f2|Carola RPT C-subwindow 9978c280-4108-4c8b-9541-81260137691b|Girder A|2023-10-21||80|80|271489.00000000006|2227.9999999999995|271489.00000000006|82058.0|2833.0|-900.0|2896537.0|24|2|9|10|8|1,7;1,9;2,6;2,7;2,8;2,9;3,8;3,9;11,17;12,17;16,37;17,37;25,34;26,33;26,34;54,42;54,47;54,48;55,51;57,79;58,79;60,49;79,73;79,74
5a0e1fee-7182-49bc-a254-e583fc80d077|Carola RPT C-subwindow da3dd34f-a7eb-45c4-ae4d-e7e00ca57233|Girder A|2023-10-21||80|80|271489.00000000006|2227.9999999999995|271489.00000000006|82058.0|2833.0|-900.0|2896537.0|24|2|9|10|8|1,7;1,9;2,6;2,7;2,8;2,9;3,8;3,9;11,17;12,17;16,37;17,37;25,34;26,33;26,34;54,42;54,47;54,48;55,51;57,79;58,79;60,49;79,73;79,74
ae220971-b8a5-4c6d-8157-06442bbc664b|Carola RPT A-full 3803bf22-891c-4077-ad80-793c7bce8fa0|Girder A|2023-10-25||80|80|2385085.0000000005|1508.0|2385085.0000000005|735421.0000000001|-5806.0|58.0|12437728.0|10|52|12|2|7|11,55;11,56;11,57;12,55;12,56;12,57;12,58;51,12;52,11;52,12
3ef324c4-c312-4f48-a528-d4584968739c|Carola RPT A-full 9f0d8bc0-21c8-4d8f-8ce7-2a41f3f239d4|Girder A|2023-10-25||80|80|2385085.0000000005|1508.0|2385085.0000000005|735421.0000000001|-5806.0|58.0|12437728.0|10|52|12|2|7|11,55;11,56;11,57;12,55;12,56;12,57;12,58;51,12;52,11;52,12
b95a5895-4cd7-4aae-918e-329e8aa02d4a|Carola RPT C-subwindow 691644e8-73fe-4c1a-97aa-ffe2eac1319c|Girder A|2023-10-25||80|80|2385085.0000000005|1508.0|2385085.0000000005|735421.0000000001|-5806.0|58.0|12437728.0|10|52|12|2|7|11,55;11,56;11,57;12,55;12,56;12,57;12,58;51,12;52,11;52,12
004ea26b-ea4d-4789-baed-ea375ec1a232|Carola RPT C-subwindow 9978c280-4108-4c8b-9541-81260137691b|Girder A|2023-10-25||80|80|2385085.0000000005|1508.0|2385085.0000000005|735421.0000000001|-5806.0|58.0|12437728.0|10|52|12|2|7|11,55;11,56;11,57;12,55;12,56;12,57;12,58;51,12;52,11;52,12
d1b9bf23-5a53-4b09-91ad-135c33563ae9|Carola RPT C-subwindow da3dd34f-a7eb-45c4-ae4d-e7e00ca57233|Girder A|2023-10-25||80|80|2385085.0000000005|1508.0|2385085.0000000005|735421.0000000001|-5806.0|58.0|12437728.0|10|52|12|2|7|11,55;11,56;11,57;12,55;12,56;12,57;12,58;51,12;52,11;52,12
31af3405-c2ff-4652-bb72-112404ef9d89|Carola RPT A-full 3803bf22-891c-4077-ad80-793c7bce8fa0|Girder A|2023-10-28||80|80|1103725.0|12673.000000000002|1103725.0|332468.99999999994|248.0|-1204.0|17122332.0|34|68|50|21|5|0,20;10,41;11,41;11,45;11,46;12,46;12,47;13,53;28,33;37,75;37,76;38,75;38,76;41,36;45,16;48,30;50,26;53,37;53,39;58,25;58,26;58,31;59,26;62,18;63,73;65,39;65,70;67,50;67,51;68,49;68,50;68,51;70,50;77,48
81b4054d-5638-4f3d-98dc-69031df24389|Carola RPT A-full 9f0d8bc0-21c8-4d8f-8ce7-2a41f3f239d4|Girder A|2023-10-28||80|80|1103725.0|12673.000000000002|1103725.0|332468.99999999994|248.0|-1204.0|17122332.0|34|68|50|21|5|0,20;10,41;11,41;11,45;11,46;12,46;12,47;13,53;28,33;37,75;37,76;38,75;38,76;41,36;45,16;48,30;50,26;53,37;53,39;58,25;58,26;58,31;59,26;62,18;63,73;65,39;65,70;67,50;67,51;68,49;68,50;68,51;70,50;77,48
881dce76-aa6b-4cfb-83a7-e65160be7bce|Carola RPT C-subwindow 691644e8-73fe-4c1a-97aa-ffe2eac1319c|Girder A|2023-10-28||80|80|1103725.0|12673.000000000002|1103725.0|332468.99999999994|248.0|-1204.0|17122332.0|34|68|50|21|5|0,20;10,41;11,41;11,45;11,46;12,46;12,47;13,53;28,33;37,75;37,76;38,75;38,76;41,36;45,16;48,30;50,26;53,37;53,39;58,25;58,26;58,31;59,26;62,18;63,73;65,39;65,70;67,50;67,51;68,49;68,50;68,51;70,50;77,48
f8c1f513-4bbf-4046-a898-dd711174f715|Carola RPT C-subwindow 9978c280-4108-4c8b-9541-81260137691b|Girder A|2023-10-28||80|80|1103725.0|12673.000000000002|1103725.0|332468.99999999994|248.0|-1204.0|17122332.0|34|68|50|21|5|0,20;10,41;11,41;11,45;11,46;12,46;12,47;13,53;28,33;37,75;37,76;38,75;38,76;41,36;45,16;48,30;50,26;53,37;53,39;58,25;58,26;58,31;59,26;62,18;63,73;65,39;65,70;67,50;67,51;68,49;68,50;68,51;70,50;77,48
db9713ac-a2db-4471-94cd-467199fef2fe|Carola RPT C-subwindow da3dd34f-a7eb-45c4-ae4d-e7e00ca57233|Girder A|2023-10-28||80|80|1103725.0|12673.000000000002|1103725.0|332468.99999999994|248.0|-1204.0|17122332.0|34|68|50|21|5|0,20;10,41;11,41;11,45;11,46;12,46;12,47;13,53;28,33;37,75;37,76;38,75;38,76;41,36;45,16;48,30;50,26;53,37;53,39;58,25;58,26;58,31;59,26;62,18;63,73;65,39;65,70;67,50;67,51;68,49;68,50;68,51;70,50;77,48
ee20b391-687c-46c0-9a28-b415d67e64c3|Carola RPT A-full 3803bf22-891c-4077-ad80-793c7bce8fa0|Girder A|2023-11-02||80|80|1583880.9999999998|8943.0|1583880.9999999998|484193.00000000006|2349.0|1818.0|16929125.0|23|25|34|13|4|1,9;1,10;3,79;4,38;4,39;10,50;25,29;25,34;25,35;26,34;26,38;28,54;29,53;29,54;29,55;39,77;40,77;43,48;43,49;52,39;52,40;58,41;79,75
8f3db690-7afb-438e-b52e-278f46396107|Carola RPT A-full 9f0d8bc0-21c8-4d8f-8ce7-2a41f3f239d4|Girder A|2023-11-02||80|80|1583880.9999999998|8943.0|1583880.9999999998|484193.00000000006|2349.0|1818.0|16929125.0|23|25|34|13|4|1,9;1,10;3,79;4,38;4,39;10,50;25,29;25,34;25,35;26,34;26,38;28,54;29,53;29,54;29,55;39,77;40,77;43,48;43,49;52,39;52,40;58,41;79,75
68b440f5-dd42-4e9a-b831-54185574f5f7|Carola RPT C-subwindow 691644e8-73fe-4c1a-97aa-ffe2eac1319c|Girder A|2023-11-02||80|80|1583880.9999999998|8943.0|1583880.9999999998|484193.00000000006|2349.0|1818.0|16929125.0|23|25|34|13|4|1,9;1,10;3,79;4,38;4,39;10,50;25,29;25,34;25,35;26,34;26,38;28,54;29,53;29,54;29,55;39,77;40,77;43,48;43,49;52,39;52,40;58,41;79,75
6abcc0ac-1d9a-4778-9673-e78c44342ccd|Carola RPT C-subwindow 9978c280-4108-4c8b-9541-81260137691b|Girder A|2023-11-02||80|80|1583880.9999999998|8943.0|1583880.9999999998|484193.00000000006|2349.0|1818.0|16929125.0|23|25|34|13|4|1,9;1,10;3,79;4,38;4,39;10,50;25,29;25,34;25,35;26,34;26,38;28,54;29,53;29,54;29,55;39,77;40,77;43,48;43,49;52,39;52,40;58,41;79,75
6a470f06-e7a7-42da-a76e-4c02502fc914|Carola RPT C-subwindow da3dd34f-a7eb-45c4-ae4d-e7e00ca57233|Girder A|2023-11-02||80|80|1583880.9999999998|8943.0|1583880.9999999998|484193.00000000006|2349.0|1818.0|16929125.0|23|25|34|13|4|1,9;1,10;3,79;4,38;4,39;10,50;25,29;25,34;25,35;26,34;26,38;28,54;29,53;29,54;29,55;39,77;40,77;43,48;43,49;52,39;52,40;58,41;79,75
dad6d5c5-42c9-4e08-a581-61a99b109323|Carola RPT A-full 3803bf22-891c-4077-ad80-793c7bce8fa0|Girder A|2023-11-06||80|80|2807053.0|5849.499999999999|2807053.0|859399.9999999999|-2327.0|4239.0|18524780.0|13|70|27|7|4|6,32;7,29;57,55;58,55;68,64;68,65;69,63;69,64;70,15;70,27;71,27;79,22;79,23
440de31f-432b-4f89-b8cb-504b9f8208fa|Carola RPT A-full 9f0d8bc0-21c8-4d8f-8ce7-2a41f3f239d4|Girder A|2023-11-06||80|80|2807053.0|5849.499999999999|2807053.0|859399.9999999999|-2327.0|4239.0|18524780.0|13|70|27|7|4|6,32;7,29;57,55;58,55;68,64;68,65;69,63;69,64;70,15;70,27;71,27;79,22;79,23
c02adab8-37a4-4ef3-87b5-3066420b550c|Carola RPT C-subwindow 691644e8-73fe-4c1a-97aa-ffe2eac1319c|Girder A|2023-11-06||80|80|2807053.0|5849.499999999999|2807053.0|859399.9999999999|-2327.0|4239.0|18524780.0|13|70|27|7|4|6,32;7,29;57,55;58,55;68,64;68,65;69,63;69,64;70,15;70,27;71,27;79,22;79,23
00f2945b-9f3a-41c0-8b65-071bb1488f74|Carola RPT C-subwindow 9978c280-4108-4c8b-9541-81260137691b|Girder A|2023-11-06||80|80|2807053.0|5849.499999999999|2807053.0|859399.9999999999|-2327.0|4239.0|18524780.0|13|70|27|7|4|6,32;7,29;57,55;58,55;68,64;68,65;69,63;69,64;70,15;70,27;71,27;79,22;79,23
ed6fd13e-c844-4edf-92cc-effd278374fb|Carola RPT C-subwindow da3dd34f-a7eb-45c4-ae4d-e7e00ca57233|Girder A|2023-11-06||80|80|2807053.0|5849.499999999999|2807053.0|859399.9999999999|-2327.0|4239.0|18524780.0|13|70|27|7|4|6,32;7,29;57,55;58,55;68,64;68,65;69,63;69,64;70,15;70,27;71,27;79,22;79,23
1f49a925-e36d-4510-ae3d-1d65e569f63a|Carola RPT A-full 3803bf22-891c-4077-ad80-793c7bce8fa0|Girder A|2023-11-09||80|80|2699892.0|2747.4999999999995|2699892.0|884042.0000000001|4037.0|775.0|7018740.0|4|65|69|1|4|65,68;65,69;66,68;66,69
1d6ed535-9268-4ef7-9bfb-23b23f83c1e4|Carola RPT A-full 9f0d8bc0-21c8-4d8f-8ce7-2a41f3f239d4|Girder A|2023-11-09||80|80|2699892.0|2747.4999999999995|2699892.0|884042.0000000001|4037.0|775.0|7018740.0|4|65|69|1|4|65,68;65,69;66,68;66,69
ec9a01e6-63da-4ef0-8caf-b499eed07670|Carola RPT C-subwindow 691644e8-73fe-4c1a-97aa-ffe2eac1319c|Girder A|2023-11-09||80|80|2699892.0|2747.4999999999995|2699892.0|884042.0000000001|4037.0|775.0|7018740.0|4|65|69|1|4|65,68;65,69;66,68;66,69
f88da040-849c-4b7b-acb2-56c864146c97|Carola RPT C-subwindow 9978c280-4108-4c8b-9541-81260137691b|Girder A|2023-11-09||80|80|2699892.0|2747.4999999999995|2699892.0|884042.0000000001|4037.0|775.0|7018740.0|4|65|69|1|4|65,68;65,69;66,68;66,69
53bee306-7d55-42e1-9e93-c59b6070f2d2|Carola RPT C-subwindow da3dd34f-a7eb-45c4-ae4d-e7e00ca57233|Girder A|2023-11-09||80|80|2699892.0|2747.4999999999995|2699892.0|884042.0000000001|4037.0|775.0|7018740.0|4|65|69|1|4|65,68;65,69;66,68;66,69
65d90a14-25b4-4aad-a167-a94db6141d0a|Carola RPT A-full 3803bf22-891c-4077-ad80-793c7bce8fa0|Girder A|2023-11-14||80|80|430226.0|2344.000000000001|430226.0|142925.00000000003|-1460.0|-1478.0|1869000.0|7|3|10|2|6|3,8;3,9;3,10;4,9;4,10;4,11;61,0
5cf32c45-34a8-4407-b8b3-81b1ffa6b825|Carola RPT A-full 9f0d8bc0-21c8-4d8f-8ce7-2a41f3f239d4|Girder A|2023-11-14||80|80|430226.0|2344.000000000001|430226.0|142925.00000000003|-1460.0|-1478.0|1869000.0|7|3|10|2|6|3,8;3,9;3,10;4,9;4,10;4,11;61,0
5ab650c6-d401-4415-8b32-4b58975310e7|Carola RPT C-subwindow 691644e8-73fe-4c1a-97aa-ffe2eac1319c|Girder A|2023-11-14||80|80|430226.0|2344.000000000001|430226.0|142925.00000000003|-1460.0|-1478.0|1869000.0|7|3|10|2|6|3,8;3,9;3,10;4,9;4,10;4,11;61,0
2aeba006-32e2-4f0b-ba7b-5287fce1127c|Carola RPT C-subwindow 9978c280-4108-4c8b-9541-81260137691b|Girder A|2023-11-14||80|80|430226.0|2344.000000000001|430226.0|142925.00000000003|-1460.0|-1478.0|1869000.0|7|3|10|2|6|3,8;3,9;3,10;4,9;4,10;4,11;61,0
90f2753a-1d02-4a5d-b266-74de70d02ff5|Carola RPT C-subwindow da3dd34f-a7eb-45c4-ae4d-e7e00ca57233|Girder A|2023-11-14||80|80|430226.0|2344.000000000001|430226.0|142925.00000000003|-1460.0|-1478.0|1869000.0|7|3|10|2|6|3,8;3,9;3,10;4,9;4,10;4,11;61,0
7d517c5f-71d1-4017-8821-2b6a2a2cf838|Carola RPT A-full 3803bf22-891c-4077-ad80-793c7bce8fa0|Girder A|2023-11-18||80|80|2737645.0|5695.999999999999|2737645.0|835576.9999999998|-3157.0|-2967.0|26784880.0|22|70|26|9|6|5,31;6,28;6,31;7,28;35,2;35,3;39,21;39,22;57,22;67,64;68,61;68,62;68,63;68,64;69,26;69,62;70,26;70,27;76,25;78,21;78,22;79,22
e781e9b1-6604-476c-b79b-b39d6d1f01d3|Carola RPT A-full 9f0d8bc0-21c8-4d8f-8ce7-2a41f3f239d4|Girder A|2023-11-18||80|80|2737645.0|5695.999999999999|2737645.0|835576.9999999998|-3157.0|-2967.0|26784880.0|22|70|26|9|6|5,31;6,28;6,31;7,28;35,2;35,3;39,21;39,22;57,22;67,64;68,61;68,62;68,63;68,64;69,26;69,62;70,26;70,27;76,25;78,21;78,22;79,22
c86ff01a-19da-4ea8-ba0a-9b3757e9d70f|Carola RPT C-subwindow 691644e8-73fe-4c1a-97aa-ffe2eac1319c|Girder A|2023-11-18||80|80|2737645.0|5695.999999999999|2737645.0|835576.9999999998|-3157.0|-2967.0|26784880.0|22|70|26|9|6|5,31;6,28;6,31;7,28;35,2;35,3;39,21;39,22;57,22;67,64;68,61;68,62;68,63;68,64;69,26;69,62;70,26;70,27;76,25;78,21;78,22;79,22
67dbaf12-42ea-4bc5-b7bb-707c5c39c524|Carola RPT C-subwindow 9978c280-4108-4c8b-9541-81260137691b|Girder A|2023-11-18||80|80|2737645.0|5695.999999999999|2737645.0|835576.9999999998|-3157.0|-2967.0|26784880.0|22|70|26|9|6|5,31;6,28;6,31;7,28;35,2;35,3;39,21;39,22;57,22;67,64;68,61;68,62;68,63;68,64;69,26;69,62;70,26;70,27;76,25;78,21;78,22;79,22
cb3c11e6-9d20-4fc9-bc52-3165450d19be|Carola RPT C-subwindow da3dd34f-a7eb-45c4-ae4d-e7e00ca57233|Girder A|2023-11-18||80|80|2737645.0|5695.999999999999|2737645.0|835576.9999999998|-3157.0|-2967.0|26784880.0|22|70|26|9|6|5,31;6,28;6,31;7,28;35,2;35,3;39,21;39,22;57,22;67,64;68,61;68,62;68,63;68,64;69,26;69,62;70,26;70,27;76,25;78,21;78,22;79,22
679a4bd1-6e11-4636-a8fc-868db2053338|Carola RPT A-full 3803bf22-891c-4077-ad80-793c7bce8fa0|Girder A|2023-11-21||80|80|1266577.0|13940.5|1266577.0|384657.99999999994|6294.0|1130.0|27037954.0|45|35|75|22|6|5,68;9,48;9,49;9,50;10,48;10,49;10,50;10,52;10,53;10,55;11,53;11,55;26,2;27,2;29,16;30,16;35,75;35,76;36,75;36,76;39,31;39,41;40,41;41,76;42,76;43,16;45,30;46,30;47,25;47,26;48,25;48,26;51,39;57,26;60,74;61,73;62,39;63,39;63,50;65,51;66,49;66,50;75,48;79,0;79,2
df7ec938-e028-4e1d-8841-cd1941944ea1|Carola RPT A-full 9f0d8bc0-21c8-4d8f-8ce7-2a41f3f239d4|Girder A|2023-11-21||80|80|1266577.0|13940.5|1266577.0|384657.99999999994|6294.0|1130.0|27037954.0|45|35|75|22|6|5,68;9,48;9,49;9,50;10,48;10,49;10,50;10,52;10,53;10,55;11,53;11,55;26,2;27,2;29,16;30,16;35,75;35,76;36,75;36,76;39,31;39,41;40,41;41,76;42,76;43,16;45,30;46,30;47,25;47,26;48,25;48,26;51,39;57,26;60,74;61,73;62,39;63,39;63,50;65,51;66,49;66,50;75,48;79,0;79,2
271387f9-da8a-491a-b6e1-d23a94156191|Carola RPT C-subwindow 691644e8-73fe-4c1a-97aa-ffe2eac1319c|Girder A|2023-11-21||80|80|1266577.0|13940.5|1266577.0|384657.99999999994|6294.0|1130.0|27037954.0|45|35|75|22|6|5,68;9,48;9,49;9,50;10,48;10,49;10,50;10,52;10,53;10,55;11,53;11,55;26,2;27,2;29,16;30,16;35,75;35,76;36,75;36,76;39,31;39,41;40,41;41,76;42,76;43,16;45,30;46,30;47,25;47,26;48,25;48,26;51,39;57,26;60,74;61,73;62,39;63,39;63,50;65,51;66,49;66,50;75,48;79,0;79,2
0bbea5f6-1217-4ddd-a0ca-171e06a5628d|Carola RPT C-subwindow 9978c280-4108-4c8b-9541-81260137691b|Girder A|2023-11-21||80|80|1266577.0|13940.5|1266577.0|384657.99999999994|6294.0|1130.0|27037954.0|45|35|75|22|6|5,68;9,48;9,49;9,50;10,48;10,49;10,50;10,52;10,53;10,55;11,53;11,55;26,2;27,2;29,16;30,16;35,75;35,76;36,75;36,76;39,31;39,41;40,41;41,76;42,76;43,16;45,30;46,30;47,25;47,26;48,25;48,26;51,39;57,26;60,74;61,73;62,39;63,39;63,50;65,51;66,49;66,50;75,48;79,0;79,2
12100157-b60d-4f44-814d-040b1d69813b|Carola RPT C-subwindow da3dd34f-a7eb-45c4-ae4d-e7e00ca57233|Girder A|2023-11-21||80|80|1266577.0|13940.5|1266577.0|384657.99999999994|6294.0|1130.0|27037954.0|45|35|75|22|6|5,68;9,48;9,49;9,50;10,48;10,49;10,50;10,52;10,53;10,55;11,53;11,55;26,2;27,2;29,16;30,16;35,75;35,76;36,75;36,76;39,31;39,41;40,41;41,76;42,76;43,16;45,30;46,30;47,25;47,26;48,25;48,26;51,39;57,26;60,74;61,73;62,39;63,39;63,50;65,51;66,49;66,50;75,48;79,0;79,2
dcb92bbd-f713-4a3c-870d-d7a36e21f84f|Carola RPT A-full 3803bf22-891c-4077-ad80-793c7bce8fa0|Girder A|2023-11-26||80|80|645124.0|2259.0|645124.0|222483.99999999994|-1409.0|-1679.0|2085612.0|6|3|10|1|6|2,8;2,10;3,8;3,9;3,10;4,10
be99cedc-5588-488f-adaf-d4356f1fc707|Carola RPT A-full 9f0d8bc0-21c8-4d8f-8ce7-2a41f3f239d4|Girder A|2023-11-26||80|80|645124.0|2259.0|645124.0|222483.99999999994|-1409.0|-1679.0|2085612.0|6|3|10|1|6|2,8;2,10;3,8;3,9;3,10;4,10
a9d337b8-36b7-4c3b-b18e-60a4fd1edfb2|Carola RPT C-subwindow 691644e8-73fe-4c1a-97aa-ffe2eac1319c|Girder A|2023-11-26||80|80|645124.0|2259.0|645124.0|222483.99999999994|-1409.0|-1679.0|2085612.0|6|3|10|1|6|2,8;2,10;3,8;3,9;3,10;4,10
bee84ccb-8b23-4820-9fe9-56bfaf3215ef|Carola RPT C-subwindow 9978c280-4108-4c8b-9541-81260137691b|Girder A|2023-11-26||80|80|645124.0|2259.0|645124.0|222483.99999999994|-1409.0|-1679.0|2085612.0|6|3|10|1|6|2,8;2,10;3,8;3,9;3,10;4,10
f177f6df-237a-4b00-ad9d-bb1cc8a8350e|Carola RPT C-subwindow da3dd34f-a7eb-45c4-ae4d-e7e00ca57233|Girder A|2023-11-26||80|80|645124.0|2259.0|645124.0|222483.99999999994|-1409.0|-1679.0|2085612.0|6|3|10|1|6|2,8;2,10;3,8;3,9;3,10;4,10
975bc049-2b24-4176-98d3-415b4113c695|Carola RPT A-full 3803bf22-891c-4077-ad80-793c7bce8fa0|Girder A|2023-11-30||80|80|2780179.9999999995|1561.0|2780179.9999999995|986504.0000000001|-6537.0|-4610.0|18757789.0|13|52|12|2|9|11,55;11,56;11,57;11,58;12,56;12,57;12,58;12,59;12,60;51,12;51,13;52,12;52,13
604f4c00-a670-4fa3-bf1c-316b15dfffd9|Carola RPT A-full 9f0d8bc0-21c8-4d8f-8ce7-2a41f3f239d4|Girder A|2023-11-30||80|80|2780179.9999999995|1561.0|2780179.9999999995|986504.0000000001|-6537.0|-4610.0|18757789.0|13|52|12|2|9|11,55;11,56;11,57;11,58;12,56;12,57;12,58;12,59;12,60;51,12;51,13;52,12;52,13
59011fe7-2522-42a1-b14d-1392adccff92|Carola RPT C-subwindow 691644e8-73fe-4c1a-97aa-ffe2eac1319c|Girder A|2023-11-30||80|80|2780179.9999999995|1561.0|2780179.9999999995|986504.0000000001|-6537.0|-4610.0|18757789.0|13|52|12|2|9|11,55;11,56;11,57;11,58;12,56;12,57;12,58;12,59;12,60;51,12;51,13;52,12;52,13
22273902-2e15-457c-a136-46f566d32df6|Carola RPT C-subwindow 9978c280-4108-4c8b-9541-81260137691b|Girder A|2023-11-30||80|80|2780179.9999999995|1561.0|2780179.9999999995|986504.0000000001|-6537.0|-4610.0|18757789.0|13|52|12|2|9|11,55;11,56;11,57;11,58;12,56;12,57;12,58;12,59;12,60;51,12;51,13;52,12;52,13
097c2272-7dc5-44c6-b205-0f685858b643|Carola RPT C-subwindow da3dd34f-a7eb-45c4-ae4d-e7e00ca57233|Girder A|2023-11-30||80|80|2780179.9999999995|1561.0|2780179.9999999995|986504.0000000001|-6537.0|-4610.0|18757789.0|13|52|12|2|9|11,55;11,56;11,57;11,58;12,56;12,57;12,58;12,59;12,60;51,12;51,13;52,12;52,13
3cb1e8e4-5950-4454-bd1e-f89af3fbc327|Carola RPT A-full 3803bf22-891c-4077-ad80-793c7bce8fa0|Girder A|2023-12-03||80|80|1137330.0|11516.500000000002|1137330.0|352237.0|-12203.0|5609.0|23225172.0|43|11|50|20|4|9,28;9,44;10,44;10,45;10,49;11,49;11,50;11,53;12,50;12,53;12,55;17,8;18,8;27,2;28,2;30,16;31,16;37,36;37,76;42,76;43,76;44,16;44,17;45,16;45,17;48,26;49,26;52,39;57,26;57,27;58,26;60,73;61,73;61,74;64,39;64,40;66,51;67,49;67,50;67,51;70,50;76,48;76,49
40b3f1d4-30e5-4cbf-a557-566b30f75a63|Carola RPT A-full 9f0d8bc0-21c8-4d8f-8ce7-2a41f3f239d4|Girder A|2023-12-03||80|80|1137330.0|11516.500000000002|1137330.0|352237.0|-12203.0|5609.0|23225172.0|43|11|50|20|4|9,28;9,44;10,44;10,45;10,49;11,49;11,50;11,53;12,50;12,53;12,55;17,8;18,8;27,2;28,2;30,16;31,16;37,36;37,76;42,76;43,76;44,16;44,17;45,16;45,17;48,26;49,26;52,39;57,26;57,27;58,26;60,73;61,73;61,74;64,39;64,40;66,51;67,49;67,50;67,51;70,50;76,48;76,49
29feac00-5b72-4340-a5ab-cc2986190ed6|Carola RPT C-subwindow 691644e8-73fe-4c1a-97aa-ffe2eac1319c|Girder A|2023-12-03||80|80|1137330.0|11516.500000000002|1137330.0|352237.0|-12203.0|5609.0|23225172.0|43|11|50|20|4|9,28;9,44;10,44;10,45;10,49;11,49;11,50;11,53;12,50;12,53;12,55;17,8;18,8;27,2;28,2;30,16;31,16;37,36;37,76;42,76;43,76;44,16;44,17;45,16;45,17;48,26;49,26;52,39;57,26;57,27;58,26;60,73;61,73;61,74;64,39;64,40;66,51;67,49;67,50;67,51;70,50;76,48;76,49
518d0b89-86c1-4a23-bf95-7d292ad8907c|Carola RPT C-subwindow 9978c280-4108-4c8b-9541-81260137691b|Girder A|2023-12-03||80|80|1137330.0|11516.500000000002|1137330.0|352237.0|-12203.0|5609.0|23225172.0|43|11|50|20|4|9,28;9,44;10,44;10,45;10,49;11,49;11,50;11,53;12,50;12,53;12,55;17,8;18,8;27,2;28,2;30,16;31,16;37,36;37,76;42,76;43,76;44,16;44,17;45,16;45,17;48,26;49,26;52,39;57,26;57,27;58,26;60,73;61,73;61,74;64,39;64,40;66,51;67,49;67,50;67,51;70,50;76,48;76,49
ba62aab4-dfe9-4745-a760-3a9fd2aab7d5|Carola RPT C-subwindow da3dd34f-a7eb-45c4-ae4d-e7e00ca57233|Girder A|2023-12-03||80|80|1137330.0|11516.500000000002|1137330.0|352237.0|-12203.0|5609.0|23225172.0|43|11|50|20|4|9,28;9,44;10,44;10,45;10,49;11,49;11,50;11,53;12,50;12,53;12,55;17,8;18,8;27,2;28,2;30,16;31,16;37,36;37,76;42,76;43,76;44,16;44,17;45,16;45,17;48,26;49,26;52,39;57,26;57,27;58,26;60,73;61,73;61,74;64,39;64,40;66,51;67,49;67,50;67,51;70,50;76,48;76,49
cb90ecfd-81e1-45cb-9f4f-2e3461644e02|Carola RPT A-full 3803bf22-891c-4077-ad80-793c7bce8fa0|Girder A|2023-12-08||80|80|1006729.9999999999|9257.5|1006729.9999999999|303064.99999999994|1428.0|5466.0|20556918.0|44|31|54|15|8|1,52;1,53;2,5;2,9;2,10;3,5;3,9;3,10;4,78;5,78;5,79;9,27;11,51;11,55;12,50;12,51;30,53;30,54;30,55;30,56;31,53;31,54;31,55;31,56;31,61;41,77;41,78;42,77;42,78;44,48;44,49;45,48;45,49;45,78;46,79;47,79;54,39;55,46;55,47;55,48;55,49;56,48;56,49;75,6
4a2c58b4-3f97-4246-9a08-9beed8b1885f|Carola RPT A-full 9f0d8bc0-21c8-4d8f-8ce7-2a41f3f239d4|Girder A|2023-12-08||80|80|1006729.9999999999|9257.5|1006729.9999999999|303064.99999999994|1428.0|5466.0|20556918.0|44|31|54|15|8|1,52;1,53;2,5;2,9;2,10;3,5;3,9;3,10;4,78;5,78;5,79;9,27;11,51;11,55;12,50;12,51;30,53;30,54;30,55;30,56;31,53;31,54;31,55;31,56;31,61;41,77;41,78;42,77;42,78;44,48;44,49;45,48;45,49;45,78;46,79;47,79;54,39;55,46;55,47;55,48;55,49;56,48;56,49;75,6
3ec08b5a-3a79-4b5f-bee9-b27b99e4657c|Carola RPT C-subwindow 691644e8-73fe-4c1a-97aa-ffe2eac1319c|Girder A|2023-12-08||80|80|1006729.9999999999|9257.5|1006729.9999999999|303064.99999999994|1428.0|5466.0|20556918.0|44|31|54|15|8|1,52;1,53;2,5;2,9;2,10;3,5;3,9;3,10;4,78;5,78;5,79;9,27;11,51;11,55;12,50;12,51;30,53;30,54;30,55;30,56;31,53;31,54;31,55;31,56;31,61;41,77;41,78;42,77;42,78;44,48;44,49;45,48;45,49;45,78;46,79;47,79;54,39;55,46;55,47;55,48;55,49;56,48;56,49;75,6
f12f470d-e17e-4bfb-b502-2ff3fdf3ee3c|Carola RPT C-subwindow 9978c280-4108-4c8b-9541-81260137691b|Girder A|2023-12-08||80|80|1006729.9999999999|9257.5|1006729.9999999999|303064.99999999994|1428.0|5466.0|20556918.0|44|31|54|15|8|1,52;1,53;2,5;2,9;2,10;3,5;3,9;3,10;4,78;5,78;5,79;9,27;11,51;11,55;12,50;12,51;30,53;30,54;30,55;30,56;31,53;31,54;31,55;31,56;31,61;41,77;41,78;42,77;42,78;44,48;44,49;45,48;45,49;45,78;46,79;47,79;54,39;55,46;55,47;55,48;55,49;56,48;56,49;75,6
34c0d4d8-5af9-4b04-9d07-f8872f24a80a|Carola RPT C-subwindow da3dd34f-a7eb-45c4-ae4d-e7e00ca57233|Girder A|2023-12-08||80|80|1006729.9999999999|9257.5|1006729.9999999999|303064.99999999994|1428.0|5466.0|20556918.0|44|31|54|15|8|1,52;1,53;2,5;2,9;2,10;3,5;3,9;3,10;4,78;5,78;5,79;9,27;11,51;11,55;12,50;12,51;30,53;30,54;30,55;30,56;31,53;31,54;31,55;31,56;31,61;41,77;41,78;42,77;42,78;44,48;44,49;45,48;45,49;45,78;46,79;47,79;54,39;55,46;55,47;55,48;55,49;56,48;56,49;75,6
ff0e58de-5a2f-4425-904c-b41ebc639de3|Carola RPT A-full 3803bf22-891c-4077-ad80-793c7bce8fa0|Girder A|2023-12-12||80|80|3812161.0000000005|6273.0|3812161.0000000005|1364893.0000000005|6299.0|-1222.0|22927181.0|11|6|31|6|3|5,31;6,30;6,31;7,28;57,22;58,22;68,63;70,26;78,21;79,21;79,22
c4c14a1d-ea2c-4aa4-8db4-cf95145c4915|Carola RPT A-full 9f0d8bc0-21c8-4d8f-8ce7-2a41f3f239d4|Girder A|2023-12-12||80|80|3812161.0000000005|6273.0|3812161.0000000005|1364893.0000000005|6299.0|-1222.0|22927181.0|11|6|31|6|3|5,31;6,30;6,31;7,28;57,22;58,22;68,63;70,26;78,21;79,21;79,22
f470984d-5ac4-47e3-89fe-1cbe7a5cc261|Carola RPT C-subwindow 691644e8-73fe-4c1a-97aa-ffe2eac1319c|Girder A|2023-12-12||80|80|3812161.0000000005|6273.0|3812161.0000000005|1364893.0000000005|6299.0|-1222.0|22927181.0|11|6|31|6|3|5,31;6,30;6,31;7,28;57,22;58,22;68,63;70,26;78,21;79,21;79,22
817878ac-7d5a-40fe-8780-0be89e201564|Carola RPT C-subwindow 9978c280-4108-4c8b-9541-81260137691b|Girder A|2023-12-12||80|80|3812161.0000000005|6273.0|3812161.0000000005|1364893.0000000005|6299.0|-1222.0|22927181.0|11|6|31|6|3|5,31;6,30;6,31;7,28;57,22;58,22;68,63;70,26;78,21;79,21;79,22
d68bbc56-5717-4886-9c6d-91f48adbb8ef|Carola RPT C-subwindow da3dd34f-a7eb-45c4-ae4d-e7e00ca57233|Girder A|2023-12-12||80|80|3812161.0000000005|6273.0|3812161.0000000005|1364893.0000000005|6299.0|-1222.0|22927181.0|11|6|31|6|3|5,31;6,30;6,31;7,28;57,22;58,22;68,63;70,26;78,21;79,21;79,22
8ab0ab17-0aae-4535-9966-a21848590e51|Carola RPT A-full 3803bf22-891c-4077-ad80-793c7bce8fa0|Girder A|2023-12-15||80|80|2135585.0|2833.999999999999|2135585.0|1525460.0000000002|230.0|-4026.0|7389922.0|4|67|69|1|4|67,68;67,69;68,68;68,69
608ac96a-3767-40f0-a4f7-ae3fac95790d|Carola RPT A-full 9f0d8bc0-21c8-4d8f-8ce7-2a41f3f239d4|Girder A|2023-12-15||80|80|2135585.0|2833.999999999999|2135585.0|1525460.0000000002|230.0|-4026.0|7389922.0|4|67|69|1|4|67,68;67,69;68,68;68,69
06304c61-9f95-4a4f-b291-4975833a765d|Carola RPT C-subwindow 691644e8-73fe-4c1a-97aa-ffe2eac1319c|Girder A|2023-12-15||80|80|2135585.0|2833.999999999999|2135585.0|1525460.0000000002|230.0|-4026.0|7389922.0|4|67|69|1|4|67,68;67,69;68,68;68,69
3d099384-c0dd-4118-be1c-4d58911bb66e|Carola RPT C-subwindow 9978c280-4108-4c8b-9541-81260137691b|Girder A|2023-12-15||80|80|2135585.0|2833.999999999999|2135585.0|1525460.0000000002|230.0|-4026.0|7389922.0|4|67|69|1|4|67,68;67,69;68,68;68,69
7bd322b3-0542-44af-b546-9827ef12ec76|Carola RPT C-subwindow da3dd34f-a7eb-45c4-ae4d-e7e00ca57233|Girder A|2023-12-15||80|80|2135585.0|2833.999999999999|2135585.0|1525460.0000000002|230.0|-4026.0|7389922.0|4|67|69|1|4|67,68;67,69;68,68;68,69
20c9b8d6-b949-49a2-9089-1aef761f5bef|Carola RPT A-full 3803bf22-891c-4077-ad80-793c7bce8fa0|Girder A|2023-12-20||80|80|602170.0|2313.9999999999995|602170.0|192041.00000000003|1664.0|795.0|2135599.0|6|3|10|2|5|3,8;3,9;3,10;4,9;4,10;61,0
c3313665-b1be-4154-93a2-d2eeb88c668d|Carola RPT A-full 9f0d8bc0-21c8-4d8f-8ce7-2a41f3f239d4|Girder A|2023-12-20||80|80|602170.0|2313.9999999999995|602170.0|192041.00000000003|1664.0|795.0|2135599.0|6|3|10|2|5|3,8;3,9;3,10;4,9;4,10;61,0
6abbe497-63b6-4079-ab53-115c06974b61|Carola RPT C-subwindow 691644e8-73fe-4c1a-97aa-ffe2eac1319c|Girder A|2023-12-20||80|80|602170.0|2313.9999999999995|602170.0|192041.00000000003|1664.0|795.0|2135599.0|6|3|10|2|5|3,8;3,9;3,10;4,9;4,10;61,0
358b1fee-e089-466f-9c1e-0ef21524191f|Carola RPT C-subwindow 9978c280-4108-4c8b-9541-81260137691b|Girder A|2023-12-20||80|80|602170.0|2313.9999999999995|602170.0|192041.00000000003|1664.0|795.0|2135599.0|6|3|10|2|5|3,8;3,9;3,10;4,9;4,10;61,0
51c3e175-bd7f-451c-8586-c8e8cd64c6bd|Carola RPT C-subwindow da3dd34f-a7eb-45c4-ae4d-e7e00ca57233|Girder A|2023-12-20||80|80|602170.0|2313.9999999999995|602170.0|192041.00000000003|1664.0|795.0|2135599.0|6|3|10|2|5|3,8;3,9;3,10;4,9;4,10;61,0
bf71da30-527a-4da4-8b27-3143c96ab6b2|Carola RPT A-full 3803bf22-891c-4077-ad80-793c7bce8fa0|Girder A|2023-12-24||80|80|1996297.0000000002|1681.5|1996297.0000000002|647119.9999999999|7873.0|-2325.0|18122944.0|14|51|11|2|11|11,54;11,55;11,56;11,57;11,58;11,59;12,55;12,56;12,57;12,58;12,59;51,11;51,12;52,11
4dc35f28-2c33-4b01-a1e4-ecede6003dc0|Carola RPT A-full 9f0d8bc0-21c8-4d8f-8ce7-2a41f3f239d4|Girder A|2023-12-24||80|80|1996297.0000000002|1681.5|1996297.0000000002|647119.9999999999|7873.0|-2325.0|18122944.0|14|51|11|2|11|11,54;11,55;11,56;11,57;11,58;11,59;12,55;12,56;12,57;12,58;12,59;51,11;51,12;52,11
4b98b2b7-222b-46bd-8893-f810487676e3|Carola RPT C-subwindow 691644e8-73fe-4c1a-97aa-ffe2eac1319c|Girder A|2023-12-24||80|80|1996297.0000000002|1681.5|1996297.0000000002|647119.9999999999|7873.0|-2325.0|18122944.0|14|51|11|2|11|11,54;11,55;11,56;11,57;11,58;11,59;12,55;12,56;12,57;12,58;12,59;51,11;51,12;52,11
357928fd-f6f7-4e2d-baa1-449a8b28b00d|Carola RPT C-subwindow 9978c280-4108-4c8b-9541-81260137691b|Girder A|2023-12-24||80|80|1996297.0000000002|1681.5|1996297.0000000002|647119.9999999999|7873.0|-2325.0|18122944.0|14|51|11|2|11|11,54;11,55;11,56;11,57;11,58;11,59;12,55;12,56;12,57;12,58;12,59;51,11;51,12;52,11
bdc1a54e-c4cc-40ca-bb33-435ffbde1825|Carola RPT C-subwindow da3dd34f-a7eb-45c4-ae4d-e7e00ca57233|Girder A|2023-12-24||80|80|1996297.0000000002|1681.5|1996297.0000000002|647119.9999999999|7873.0|-2325.0|18122944.0|14|51|11|2|11|11,54;11,55;11,56;11,57;11,58;11,59;12,55;12,56;12,57;12,58;12,59;51,11;51,12;52,11
be3373c8-c1d0-447d-84c1-5ddbf5b77cd6|Carola RPT A-full 3803bf22-891c-4077-ad80-793c7bce8fa0|Girder A|2023-12-27||80|80|2611890.0|13633.999999999998|2611890.0|797361.9999999999|-2846.0|-2069.0|11206543.0|9|23|4|5|5|9,45;21,5;22,5;23,3;23,4;24,4;35,75;43,16;79,2
78471ef6-8c25-4eda-a77a-dd56cd85b0d4|Carola RPT A-full 9f0d8bc0-21c8-4d8f-8ce7-2a41f3f239d4|Girder A|2023-12-27||80|80|2611890.0|13633.999999999998|2611890.0|797361.9999999999|-2846.0|-2069.0|11206543.0|9|23|4|5|5|9,45;21,5;22,5;23,3;23,4;24,4;35,75;43,16;79,2
8e6e0d7a-f90f-42e1-9ec0-9632fbd1deda|Carola RPT C-subwindow 691644e8-73fe-4c1a-97aa-ffe2eac1319c|Girder A|2023-12-27||80|80|2611890.0|13633.999999999998|2611890.0|797361.9999999999|-2846.0|-2069.0|11206543.0|9|23|4|5|5|9,45;21,5;22,5;23,3;23,4;24,4;35,75;43,16;79,2
2dc65970-d462-40cc-a797-bda53ad0f08c|Carola RPT C-subwindow 9978c280-4108-4c8b-9541-81260137691b|Girder A|2023-12-27||80|80|2611890.0|13633.999999999998|2611890.0|797361.9999999999|-2846.0|-2069.0|11206543.0|9|23|4|5|5|9,45;21,5;22,5;23,3;23,4;24,4;35,75;43,16;79,2
6faa9b8a-7eeb-4bed-a0ba-0fe8aef9403f|Carola RPT C-subwindow da3dd34f-a7eb-45c4-ae4d-e7e00ca57233|Girder A|2023-12-27||80|80|2611890.0|13633.999999999998|2611890.0|797361.9999999999|-2846.0|-2069.0|11206543.0|9|23|4|5|5|9,45;21,5;22,5;23,3;23,4;24,4;35,75;43,16;79,2
d009ae35-9689-4ae7-9f81-726b47b51c33|Carola RPT A-full 3803bf22-891c-4077-ad80-793c7bce8fa0|Girder A|2024-01-01||80|80|744964.9999999999|2234.0|744964.9999999999|232753.99999999997|1602.0|-1786.0|2496674.0|7|3|9|1|7|2,9;3,7;3,8;3,9;3,10;4,9;4,10
36da98c1-45be-45e9-95ab-31d48f2bd015|Carola RPT A-full 9f0d8bc0-21c8-4d8f-8ce7-2a41f3f239d4|Girder A|2024-01-01||80|80|744964.9999999999|2234.0|744964.9999999999|232753.99999999997|1602.0|-1786.0|2496674.0|7|3|9|1|7|2,9;3,7;3,8;3,9;3,10;4,9;4,10
fa2b52ef-eae7-43fb-9890-05f8a134b26b|Carola RPT C-subwindow 691644e8-73fe-4c1a-97aa-ffe2eac1319c|Girder A|2024-01-01||80|80|744964.9999999999|2234.0|744964.9999999999|232753.99999999997|1602.0|-1786.0|2496674.0|7|3|9|1|7|2,9;3,7;3,8;3,9;3,10;4,9;4,10
1466cfd2-6071-48ba-88aa-32bab0b67756|Carola RPT C-subwindow 9978c280-4108-4c8b-9541-81260137691b|Girder A|2024-01-01||80|80|744964.9999999999|2234.0|744964.9999999999|232753.99999999997|1602.0|-1786.0|2496674.0|7|3|9|1|7|2,9;3,7;3,8;3,9;3,10;4,9;4,10
c49fd4b5-730a-438f-a052-2c73766d59ad|Carola RPT C-subwindow da3dd34f-a7eb-45c4-ae4d-e7e00ca57233|Girder A|2024-01-01||80|80|744964.9999999999|2234.0|744964.9999999999|232753.99999999997|1602.0|-1786.0|2496674.0|7|3|9|1|7|2,9;3,7;3,8;3,9;3,10;4,9;4,10
93717374-9b0f-448c-9f14-ab981d2a2214|Carola RPT A-full 3803bf22-891c-4077-ad80-793c7bce8fa0|Girder A|2024-01-05||80|80|2632045.0|1459.9999999999998|2632045.0|854737.0000000001|2335.0|-6556.0|13729161.0|10|52|11|2|7|11,55;11,56;12,55;12,56;12,57;12,58;12,59;51,11;52,11;52,12
c2e7ff68-48a1-44c6-ab0c-9fd709aa8813|Carola RPT A-full 9f0d8bc0-21c8-4d8f-8ce7-2a41f3f239d4|Girder A|2024-01-05||80|80|2632045.0|1459.9999999999998|2632045.0|854737.0000000001|2335.0|-6556.0|13729161.0|10|52|11|2|7|11,55;11,56;12,55;12,56;12,57;12,58;12,59;51,11;52,11;52,12
96584276-b58e-4413-b1bc-23f0ec8d99f9|Carola RPT C-subwindow 691644e8-73fe-4c1a-97aa-ffe2eac1319c|Girder A|2024-01-05||80|80|2632045.0|1459.9999999999998|2632045.0|854737.0000000001|2335.0|-6556.0|13729161.0|10|52|11|2|7|11,55;11,56;12,55;12,56;12,57;12,58;12,59;51,11;52,11;52,12
bda71df9-a1e4-4519-9031-525e254fd683|Carola RPT C-subwindow 9978c280-4108-4c8b-9541-81260137691b|Girder A|2024-01-05||80|80|2632045.0|1459.9999999999998|2632045.0|854737.0000000001|2335.0|-6556.0|13729161.0|10|52|11|2|7|11,55;11,56;12,55;12,56;12,57;12,58;12,59;51,11;52,11;52,12
ffc0eff6-c947-4e6c-b9ae-3a1ef33aa931|Carola RPT C-subwindow da3dd34f-a7eb-45c4-ae4d-e7e00ca57233|Girder A|2024-01-05||80|80|2632045.0|1459.9999999999998|2632045.0|854737.0000000001|2335.0|-6556.0|13729161.0|10|52|11|2|7|11,55;11,56;12,55;12,56;12,57;12,58;12,59;51,11;52,11;52,12
5e51de91-25eb-45f7-bb47-875cae99a3e2|Carola RPT A-full 3803bf22-891c-4077-ad80-793c7bce8fa0|Girder A|2024-01-08||80|80|2721364.0|2525.0|2721364.0|1292465.0|789.0|4083.0|7811356.0|4|68|69|1|4|67,68;67,69;68,68;68,69
53edc452-9540-49c7-a1f7-e1c10df7df9f|Carola RPT A-full 9f0d8bc0-21c8-4d8f-8ce7-2a41f3f239d4|Girder A|2024-01-08||80|80|2721364.0|2525.0|2721364.0|1292465.0|789.0|4083.0|7811356.0|4|68|69|1|4|67,68;67,69;68,68;68,69
c50791ba-4b45-4000-9c2b-ea4f1d682024|Carola RPT C-subwindow 691644e8-73fe-4c1a-97aa-ffe2eac1319c|Girder A|2024-01-08||80|80|2721364.0|2525.0|2721364.0|1292465.0|789.0|4083.0|7811356.0|4|68|69|1|4|67,68;67,69;68,68;68,69
9c69dec2-2012-4672-8d9d-aff242316513|Carola RPT C-subwindow 9978c280-4108-4c8b-9541-81260137691b|Girder A|2024-01-08||80|80|2721364.0|2525.0|2721364.0|1292465.0|789.0|4083.0|7811356.0|4|68|69|1|4|67,68;67,69;68,68;68,69
5276c0ce-077d-4397-83ed-057bcebf6c38|Carola RPT C-subwindow da3dd34f-a7eb-45c4-ae4d-e7e00ca57233|Girder A|2024-01-08||80|80|2721364.0|2525.0|2721364.0|1292465.0|789.0|4083.0|7811356.0|4|68|69|1|4|67,68;67,69;68,68;68,69
44193526-2704-496f-9d63-92998c76dd05|Carola RPT A-full 3803bf22-891c-4077-ad80-793c7bce8fa0|Girder A|2024-01-13||80|80|460167.99999999994|2066.0|460167.99999999994|138185.0|-1839.0|-1461.0|2376940.0|9|4|9|2|8|3,7;3,8;3,9;3,10;4,7;4,8;4,9;4,10;61,0
a57d7bf2-f062-44d8-a66c-16a41840bb01|Carola RPT A-full 9f0d8bc0-21c8-4d8f-8ce7-2a41f3f239d4|Girder A|2024-01-13||80|80|460167.99999999994|2066.0|460167.99999999994|138185.0|-1839.0|-1461.0|2376940.0|9|4|9|2|8|3,7;3,8;3,9;3,10;4,7;4,8;4,9;4,10;61,0
a54bf1c9-e1dc-4d0a-aee0-35e1532df3ba|Carola RPT C-subwindow 691644e8-73fe-4c1a-97aa-ffe2eac1319c|Girder A|2024-01-13||80|80|460167.99999999994|2066.0|460167.99999999994|138185.0|-1839.0|-1461.0|2376940.0|9|4|9|2|8|3,7;3,8;3,9;3,10;4,7;4,8;4,9;4,10;61,0
5116eb25-8d92-4222-b809-6e7f53b94bd8|Carola RPT C-subwindow 9978c280-4108-4c8b-9541-81260137691b|Girder A|2024-01-13||80|80|460167.99999999994|2066.0|460167.99999999994|138185.0|-1839.0|-1461.0|2376940.0|9|4|9|2|8|3,7;3,8;3,9;3,10;4,7;4,8;4,9;4,10;61,0
a7d911f6-a886-4270-8047-0982347b41e3|Carola RPT C-subwindow da3dd34f-a7eb-45c4-ae4d-e7e00ca57233|Girder A|2024-01-13||80|80|460167.99999999994|2066.0|460167.99999999994|138185.0|-1839.0|-1461.0|2376940.0|9|4|9|2|8|3,7;3,8;3,9;3,10;4,7;4,8;4,9;4,10;61,0
7a7beaaf-92d3-45d3-9450-1787d69a631c|Carola RPT A-full 3803bf22-891c-4077-ad80-793c7bce8fa0|Girder A|2024-01-17||80|80|1829745.0000000002|5002.0|1829745.0000000002|551313.9999999998|3458.0|-1472.0|25926994.0|26|5|32|14|4|4,38;5,31;5,32;6,29;6,31;6,32;7,29;11,56;14,66;15,52;15,66;19,44;20,44;20,45;39,21;39,22;40,22;57,23;61,60;67,62;67,65;68,62;68,64;69,27;70,27;78,22
996edf58-1cbb-47b6-926a-b90fdcbbf9a1|Carola RPT A-full 9f0d8bc0-21c8-4d8f-8ce7-2a41f3f239d4|Girder A|2024-01-17||80|80|1829745.0000000002|5002.0|1829745.0000000002|551313.9999999998|3458.0|-1472.0|25926994.0|26|5|32|14|4|4,38;5,31;5,32;6,29;6,31;6,32;7,29;11,56;14,66;15,52;15,66;19,44;20,44;20,45;39,21;39,22;40,22;57,23;61,60;67,62;67,65;68,62;68,64;69,27;70,27;78,22
9355177b-0b30-44c7-a0ff-10efa5438d52|Carola RPT C-subwindow 691644e8-73fe-4c1a-97aa-ffe2eac1319c|Girder A|2024-01-17||80|80|1829745.0000000002|5002.0|1829745.0000000002|551313.9999999998|3458.0|-1472.0|25926994.0|26|5|32|14|4|4,38;5,31;5,32;6,29;6,31;6,32;7,29;11,56;14,66;15,52;15,66;19,44;20,44;20,45;39,21;39,22;40,22;57,23;61,60;67,62;67,65;68,62;68,64;69,27;70,27;78,22
5b8a22a2-9f69-4552-b9f8-47394fad4e80|Carola RPT C-subwindow 9978c280-4108-4c8b-9541-81260137691b|Girder A|2024-01-17||80|80|1829745.0000000002|5002.0|1829745.0000000002|551313.9999999998|3458.0|-1472.0|25926994.0|26|5|32|14|4|4,38;5,31;5,32;6,29;6,31;6,32;7,29;11,56;14,66;15,52;15,66;19,44;20,44;20,45;39,21;39,22;40,22;57,23;61,60;67,62;67,65;68,62;68,64;69,27;70,27;78,22
2b0e3a07-0ebd-422b-835f-0b1b5a373e73|Carola RPT C-subwindow da3dd34f-a7eb-45c4-ae4d-e7e00ca57233|Girder A|2024-01-17||80|80|1829745.0000000002|5002.0|1829745.0000000002|551313.9999999998|3458.0|-1472.0|25926994.0|26|5|32|14|4|4,38;5,31;5,32;6,29;6,31;6,32;7,29;11,56;14,66;15,52;15,66;19,44;20,44;20,45;39,21;39,22;40,22;57,23;61,60;67,62;67,65;68,62;68,64;69,27;70,27;78,22
ba1a9f50-c407-420b-a2ca-bb38d85d9a54|Carola RPT A-full 3803bf22-891c-4077-ad80-793c7bce8fa0|Girder A|2024-01-20||80|80|3040648.0000000005|2424.9999999999995|3040648.0000000005|1124824.9999999998|2307.0|-2408.0|6138373.0|3|68|69|1|3|68,68;68,69;69,69
168d3088-31d7-4b98-8628-637cb72f8cab|Carola RPT A-full 9f0d8bc0-21c8-4d8f-8ce7-2a41f3f239d4|Girder A|2024-01-20||80|80|3040648.0000000005|2424.9999999999995|3040648.0000000005|1124824.9999999998|2307.0|-2408.0|6138373.0|3|68|69|1|3|68,68;68,69;69,69
a16d3374-67fb-4755-9d0c-6b754e040ce7|Carola RPT C-subwindow 691644e8-73fe-4c1a-97aa-ffe2eac1319c|Girder A|2024-01-20||80|80|3040648.0000000005|2424.9999999999995|3040648.0000000005|1124824.9999999998|2307.0|-2408.0|6138373.0|3|68|69|1|3|68,68;68,69;69,69
eff07e3f-7c2a-4716-9fac-11bf3ce44076|Carola RPT C-subwindow 9978c280-4108-4c8b-9541-81260137691b|Girder A|2024-01-20||80|80|3040648.0000000005|2424.9999999999995|3040648.0000000005|1124824.9999999998|2307.0|-2408.0|6138373.0|3|68|69|1|3|68,68;68,69;69,69
b1779e8f-3a53-463a-a2eb-95190e15564e|Carola RPT C-subwindow da3dd34f-a7eb-45c4-ae4d-e7e00ca57233|Girder A|2024-01-20||80|80|3040648.0000000005|2424.9999999999995|3040648.0000000005|1124824.9999999998|2307.0|-2408.0|6138373.0|3|68|69|1|3|68,68;68,69;69,69
5ab629fc-ac6d-4fea-a25d-752af9603b51|Carola RPT A-full 3803bf22-891c-4077-ad80-793c7bce8fa0|Girder A|2024-01-25||80|80|884186.0|8977.5|884186.0|269080.99999999994|-2198.0|-1166.0|21637388.0|52|3|10|20|6|0,53;1,52;1,53;2,10;2,45;2,52;3,9;3,10;4,79;5,79;6,39;11,51;12,50;12,51;24,16;25,16;28,34;28,35;29,34;29,35;30,54;30,55;30,56;31,53;31,54;31,55;31,61;35,38;41,77;41,78;41,79;42,78;44,49;44,78;44,79;45,48;45,49;47,79;50,20;50,21;50,72;50,73;51,72;51,73;55,47;55,48;55,49;55,50;56,49;72,28;74,1;75,1
955b1bb0-be55-43be-974d-23a7deacedac|Carola RPT A-full 9f0d8bc0-21c8-4d8f-8ce7-2a41f3f239d4|Girder A|2024-01-25||80|80|884186.0|8977.5|884186.0|269080.99999999994|-2198.0|-1166.0|21637388.0|52|3|10|20|6|0,53;1,52;1,53;2,10;2,45;2,52;3,9;3,10;4,79;5,79;6,39;11,51;12,50;12,51;24,16;25,16;28,34;28,35;29,34;29,35;30,54;30,55;30,56;31,53;31,54;31,55;31,61;35,38;41,77;41,78;41,79;42,78;44,49;44,78;44,79;45,48;45,49;47,79;50,20;50,21;50,72;50,73;51,72;51,73;55,47;55,48;55,49;55,50;56,49;72,28;74,1;75,1
50a6302c-f708-4531-955c-26bf856791d3|Carola RPT C-subwindow 691644e8-73fe-4c1a-97aa-ffe2eac1319c|Girder A|2024-01-25||80|80|884186.0|8977.5|884186.0|269080.99999999994|-2198.0|-1166.0|21637388.0|52|3|10|20|6|0,53;1,52;1,53;2,10;2,45;2,52;3,9;3,10;4,79;5,79;6,39;11,51;12,50;12,51;24,16;25,16;28,34;28,35;29,34;29,35;30,54;30,55;30,56;31,53;31,54;31,55;31,61;35,38;41,77;41,78;41,79;42,78;44,49;44,78;44,79;45,48;45,49;47,79;50,20;50,21;50,72;50,73;51,72;51,73;55,47;55,48;55,49;55,50;56,49;72,28;74,1;75,1
20201f09-a882-4f57-8473-4306336998de|Carola RPT C-subwindow 9978c280-4108-4c8b-9541-81260137691b|Girder A|2024-01-25||80|80|884186.0|8977.5|884186.0|269080.99999999994|-2198.0|-1166.0|21637388.0|52|3|10|20|6|0,53;1,52;1,53;2,10;2,45;2,52;3,9;3,10;4,79;5,79;6,39;11,51;12,50;12,51;24,16;25,16;28,34;28,35;29,34;29,35;30,54;30,55;30,56;31,53;31,54;31,55;31,61;35,38;41,77;41,78;41,79;42,78;44,49;44,78;44,79;45,48;45,49;47,79;50,20;50,21;50,72;50,73;51,72;51,73;55,47;55,48;55,49;55,50;56,49;72,28;74,1;75,1
f1a18c9c-e5c5-49d6-be07-55b1c9a1f295|Carola RPT C-subwindow da3dd34f-a7eb-45c4-ae4d-e7e00ca57233|Girder A|2024-01-25||80|80|884186.0|8977.5|884186.0|269080.99999999994|-2198.0|-1166.0|21637388.0|52|3|10|20|6|0,53;1,52;1,53;2,10;2,45;2,52;3,9;3,10;4,79;5,79;6,39;11,51;12,50;12,51;24,16;25,16;28,34;28,35;29,34;29,35;30,54;30,55;30,56;31,53;31,54;31,55;31,61;35,38;41,77;41,78;41,79;42,78;44,49;44,78;44,79;45,48;45,49;47,79;50,20;50,21;50,72;50,73;51,72;51,73;55,47;55,48;55,49;55,50;56,49;72,28;74,1;75,1
ab36e470-b393-4043-a7e8-28191e5e2031|Carola RPT A-full 3803bf22-891c-4077-ad80-793c7bce8fa0|Girder A|2024-01-29||80|80|2488836.9999999995|5879.0|2488836.9999999995|775828.0|465.0|7829.0|27488424.0|22|70|26|10|4|4,37;5,30;5,31;6,27;6,28;6,30;6,31;7,28;57,22;61,59;62,59;67,63;67,64;68,61;68,63;69,14;69,25;69,26;70,25;70,26;78,21;78,22
3ebd4101-c0f2-4ddc-8dff-91bd36d17b8a|Carola RPT A-full 9f0d8bc0-21c8-4d8f-8ce7-2a41f3f239d4|Girder A|2024-01-29||80|80|2488836.9999999995|5879.0|2488836.9999999995|775828.0|465.0|7829.0|27488424.0|22|70|26|10|4|4,37;5,30;5,31;6,27;6,28;6,30;6,31;7,28;57,22;61,59;62,59;67,63;67,64;68,61;68,63;69,14;69,25;69,26;70,25;70,26;78,21;78,22
a777ece9-7fdb-4b4f-87c6-4763abfdffbb|Carola RPT C-subwindow 691644e8-73fe-4c1a-97aa-ffe2eac1319c|Girder A|2024-01-29||80|80|2488836.9999999995|5879.0|2488836.9999999995|775828.0|465.0|7829.0|27488424.0|22|70|26|10|4|4,37;5,30;5,31;6,27;6,28;6,30;6,31;7,28;57,22;61,59;62,59;67,63;67,64;68,61;68,63;69,14;69,25;69,26;70,25;70,26;78,21;78,22
05e9a216-f69d-4401-b0b3-945354431820|Carola RPT C-subwindow 9978c280-4108-4c8b-9541-81260137691b|Girder A|2024-01-29||80|80|2488836.9999999995|5879.0|2488836.9999999995|775828.0|465.0|7829.0|27488424.0|22|70|26|10|4|4,37;5,30;5,31;6,27;6,28;6,30;6,31;7,28;57,22;61,59;62,59;67,63;67,64;68,61;68,63;69,14;69,25;69,26;70,25;70,26;78,21;78,22
02230d85-9ec0-4303-9498-e8a152be9017|Carola RPT C-subwindow da3dd34f-a7eb-45c4-ae4d-e7e00ca57233|Girder A|2024-01-29||80|80|2488836.9999999995|5879.0|2488836.9999999995|775828.0|465.0|7829.0|27488424.0|22|70|26|10|4|4,37;5,30;5,31;6,27;6,28;6,30;6,31;7,28;57,22;61,59;62,59;67,63;67,64;68,61;68,63;69,14;69,25;69,26;70,25;70,26;78,21;78,22
c318a00e-e69c-48c4-8d9e-ae2c88359961|Carola RPT A-full 3803bf22-891c-4077-ad80-793c7bce8fa0|Girder A|2024-02-01||80|80|4097074.0|2770.0|4097074.0|1824565.0|-1219.0|2244.0|5921639.0|2|67|69|1|2|66,69;67,69
9a422259-99d5-4425-ab80-f04f3e08726f|Carola RPT A-full 9f0d8bc0-21c8-4d8f-8ce7-2a41f3f239d4|Girder A|2024-02-01||80|80|4097074.0|2770.0|4097074.0|1824565.0|-1219.0|2244.0|5921639.0|2|67|69|1|2|66,69;67,69
31fd194b-c332-49db-8d0e-176baa20d78e|Carola RPT C-subwindow 691644e8-73fe-4c1a-97aa-ffe2eac1319c|Girder A|2024-02-01||80|80|4097074.0|2770.0|4097074.0|1824565.0|-1219.0|2244.0|5921639.0|2|67|69|1|2|66,69;67,69
4ee3daa9-3b68-452d-926b-4dc1f759d030|Carola RPT C-subwindow 9978c280-4108-4c8b-9541-81260137691b|Girder A|2024-02-01||80|80|4097074.0|2770.0|4097074.0|1824565.0|-1219.0|2244.0|5921639.0|2|67|69|1|2|66,69;67,69
a3bc55f4-40a7-4e55-8d47-95fa57b3d8fb|Carola RPT C-subwindow da3dd34f-a7eb-45c4-ae4d-e7e00ca57233|Girder A|2024-02-01||80|80|4097074.0|2770.0|4097074.0|1824565.0|-1219.0|2244.0|5921639.0|2|67|69|1|2|66,69;67,69
46871c9a-270b-4d88-8d49-51084499940d|Carola RPT A-full 3803bf22-891c-4077-ad80-793c7bce8fa0|Girder A|2024-02-06||80|80|445795.9999999999|2420.500000000001|445795.9999999999|146605.0|1699.0|2009.0|2148568.0|7|3|10|2|6|2,8;2,9;2,10;3,8;3,9;3,10;60,0
3ff73d42-27f5-4a9b-9ccb-5abd43d0a4c1|Carola RPT A-full 9f0d8bc0-21c8-4d8f-8ce7-2a41f3f239d4|Girder A|2024-02-06||80|80|445795.9999999999|2420.500000000001|445795.9999999999|146605.0|1699.0|2009.0|2148568.0|7|3|10|2|6|2,8;2,9;2,10;3,8;3,9;3,10;60,0
71f14f15-cd0c-47e6-84fe-1982dbdeeffa|Carola RPT C-subwindow 691644e8-73fe-4c1a-97aa-ffe2eac1319c|Girder A|2024-02-06||80|80|445795.9999999999|2420.500000000001|445795.9999999999|146605.0|1699.0|2009.0|2148568.0|7|3|10|2|6|2,8;2,9;2,10;3,8;3,9;3,10;60,0
7044849f-2670-4759-b0c2-0616da9e1f7c|Carola RPT C-subwindow 9978c280-4108-4c8b-9541-81260137691b|Girder A|2024-02-06||80|80|445795.9999999999|2420.500000000001|445795.9999999999|146605.0|1699.0|2009.0|2148568.0|7|3|10|2|6|2,8;2,9;2,10;3,8;3,9;3,10;60,0
d7f78f6f-64b8-44d0-a4f1-a743e8d68365|Carola RPT C-subwindow da3dd34f-a7eb-45c4-ae4d-e7e00ca57233|Girder A|2024-02-06||80|80|445795.9999999999|2420.500000000001|445795.9999999999|146605.0|1699.0|2009.0|2148568.0|7|3|10|2|6|2,8;2,9;2,10;3,8;3,9;3,10;60,0
66be235d-6241-4177-add7-69f7ec255d58|Carola RPT A-full 3803bf22-891c-4077-ad80-793c7bce8fa0|Girder A|2024-02-10||80|80|1874048.0000000005|1681.0|1874048.0000000005|582341.0000000001|-3438.0|-7375.0|18147091.0|15|51|11|3|12|11,53;11,54;11,55;11,56;11,57;11,58;12,54;12,55;12,56;12,57;12,58;12,59;51,11;52,11;67,63
6fe39684-4542-4e53-96de-758395fad382|Carola RPT A-full 9f0d8bc0-21c8-4d8f-8ce7-2a41f3f239d4|Girder A|2024-02-10||80|80|1874048.0000000005|1681.0|1874048.0000000005|582341.0000000001|-3438.0|-7375.0|18147091.0|15|51|11|3|12|11,53;11,54;11,55;11,56;11,57;11,58;12,54;12,55;12,56;12,57;12,58;12,59;51,11;52,11;67,63
ce495451-1fc2-4284-8e5d-54d93e7cbf39|Carola RPT C-subwindow 691644e8-73fe-4c1a-97aa-ffe2eac1319c|Girder A|2024-02-10||80|80|1874048.0000000005|1681.0|1874048.0000000005|582341.0000000001|-3438.0|-7375.0|18147091.0|15|51|11|3|12|11,53;11,54;11,55;11,56;11,57;11,58;12,54;12,55;12,56;12,57;12,58;12,59;51,11;52,11;67,63
b3482251-03b5-4b92-a9ac-64d0eefa0537|Carola RPT C-subwindow 9978c280-4108-4c8b-9541-81260137691b|Girder A|2024-02-10||80|80|1874048.0000000005|1681.0|1874048.0000000005|582341.0000000001|-3438.0|-7375.0|18147091.0|15|51|11|3|12|11,53;11,54;11,55;11,56;11,57;11,58;12,54;12,55;12,56;12,57;12,58;12,59;51,11;52,11;67,63
03dafc1a-bf31-4dbd-91f4-7cc95be5e7fa|Carola RPT C-subwindow da3dd34f-a7eb-45c4-ae4d-e7e00ca57233|Girder A|2024-02-10||80|80|1874048.0000000005|1681.0|1874048.0000000005|582341.0000000001|-3438.0|-7375.0|18147091.0|15|51|11|3|12|11,53;11,54;11,55;11,56;11,57;11,58;12,54;12,55;12,56;12,57;12,58;12,59;51,11;52,11;67,63
c1ca7f29-e36f-4ed3-b608-e01e102e1374|Carola RPT A-full 3803bf22-891c-4077-ad80-793c7bce8fa0|Girder A|2024-02-13||80|80|1250434.0000000002|13625.0|1250434.0000000002|378739.9999999999|-4330.0|8349.0|18462319.0|31|23|6|12|10|0,20;10,41;12,52;12,53;13,53;23,5;23,6;24,5;24,6;25,5;25,6;26,3;26,4;26,5;26,6;31,16;38,35;43,26;44,16;45,16;62,18;64,63;66,50;67,50;67,51;67,52;68,49;68,50;68,51;68,52;77,48
30f3649c-bf0b-45df-8c40-084232b5ef0e|Carola RPT A-full 9f0d8bc0-21c8-4d8f-8ce7-2a41f3f239d4|Girder A|2024-02-13||80|80|1250434.0000000002|13625.0|1250434.0000000002|378739.9999999999|-4330.0|8349.0|18462319.0|31|23|6|12|10|0,20;10,41;12,52;12,53;13,53;23,5;23,6;24,5;24,6;25,5;25,6;26,3;26,4;26,5;26,6;31,16;38,35;43,26;44,16;45,16;62,18;64,63;66,50;67,50;67,51;67,52;68,49;68,50;68,51;68,52;77,48
2fb3d44a-1032-4326-9243-6217bd7d261c|Carola RPT C-subwindow 691644e8-73fe-4c1a-97aa-ffe2eac1319c|Girder A|2024-02-13||80|80|1250434.0000000002|13625.0|1250434.0000000002|378739.9999999999|-4330.0|8349.0|18462319.0|31|23|6|12|10|0,20;10,41;12,52;12,53;13,53;23,5;23,6;24,5;24,6;25,5;25,6;26,3;26,4;26,5;26,6;31,16;38,35;43,26;44,16;45,16;62,18;64,63;66,50;67,50;67,51;67,52;68,49;68,50;68,51;68,52;77,48
be11e3b3-f714-4ffc-bb80-a40ac28a409c|Carola RPT C-subwindow 9978c280-4108-4c8b-9541-81260137691b|Girder A|2024-02-13||80|80|1250434.0000000002|13625.0|1250434.0000000002|378739.9999999999|-4330.0|8349.0|18462319.0|31|23|6|12|10|0,20;10,41;12,52;12,53;13,53;23,5;23,6;24,5;24,6;25,5;25,6;26,3;26,4;26,5;26,6;31,16;38,35;43,26;44,16;45,16;62,18;64,63;66,50;67,50;67,51;67,52;68,49;68,50;68,51;68,52;77,48
0ed2d184-c0c8-4c90-a699-917f0348bdde|Carola RPT C-subwindow da3dd34f-a7eb-45c4-ae4d-e7e00ca57233|Girder A|2024-02-13||80|80|1250434.0000000002|13625.0|1250434.0000000002|378739.9999999999|-4330.0|8349.0|18462319.0|31|23|6|12|10|0,20;10,41;12,52;12,53;13,53;23,5;23,6;24,5;24,6;25,5;25,6;26,3;26,4;26,5;26,6;31,16;38,35;43,26;44,16;45,16;62,18;64,63;66,50;67,50;67,51;67,52;68,49;68,50;68,51;68,52;77,48
9a5ccd16-ad30-4c7d-aa80-61c5678cd2fc|Carola RPT A-full 3803bf22-891c-4077-ad80-793c7bce8fa0|Girder A|2024-02-18||80|80|576889.0000000001|2276.0|576889.0000000001|176741.0|2738.0|-621.0|2261967.0|7|3|9|1|7|3,7;3,8;3,9;3,10;4,8;4,9;4,10
ef9ed267-b8fd-4074-9d08-c3dda94fb061|Carola RPT A-full 9f0d8bc0-21c8-4d8f-8ce7-2a41f3f239d4|Girder A|2024-02-18||80|80|576889.0000000001|2276.0|576889.0000000001|176741.0|2738.0|-621.0|2261967.0|7|3|9|1|7|3,7;3,8;3,9;3,10;4,8;4,9;4,10
dbd751a5-7d87-4f03-a508-e8aea2ad6aba|Carola RPT C-subwindow 691644e8-73fe-4c1a-97aa-ffe2eac1319c|Girder A|2024-02-18||80|80|576889.0000000001|2276.0|576889.0000000001|176741.0|2738.0|-621.0|2261967.0|7|3|9|1|7|3,7;3,8;3,9;3,10;4,8;4,9;4,10
76a00b5c-21ef-4695-9252-ebd38a2a7e65|Carola RPT C-subwindow 9978c280-4108-4c8b-9541-81260137691b|Girder A|2024-02-18||80|80|576889.0000000001|2276.0|576889.0000000001|176741.0|2738.0|-621.0|2261967.0|7|3|9|1|7|3,7;3,8;3,9;3,10;4,8;4,9;4,10
172c7fe3-75c8-47a3-8f56-00ad90f62384|Carola RPT C-subwindow da3dd34f-a7eb-45c4-ae4d-e7e00ca57233|Girder A|2024-02-18||80|80|576889.0000000001|2276.0|576889.0000000001|176741.0|2738.0|-621.0|2261967.0|7|3|9|1|7|3,7;3,8;3,9;3,10;4,8;4,9;4,10
ac07f70b-eba2-47be-90a2-6f08a48f0f91|Carola RPT A-full 3803bf22-891c-4077-ad80-793c7bce8fa0|Girder A|2024-02-22||80|80|3481570.0|6151.0|3481570.0|1065265.0000000002|-202.0|-1616.0|20101624.0|11|70|26|6|3|5,31;6,28;6,31;7,28;69,14;69,26;70,26;76,25;78,21;78,22;79,22
4ae0178f-4d5c-424f-a79f-c9f7d075449e|Carola RPT A-full 9f0d8bc0-21c8-4d8f-8ce7-2a41f3f239d4|Girder A|2024-02-22||80|80|3481570.0|6151.0|3481570.0|1065265.0000000002|-202.0|-1616.0|20101624.0|11|70|26|6|3|5,31;6,28;6,31;7,28;69,14;69,26;70,26;76,25;78,21;78,22;79,22
18e8c9bb-b929-4be3-b600-712ea07af4c0|Carola RPT C-subwindow 691644e8-73fe-4c1a-97aa-ffe2eac1319c|Girder A|2024-02-22||80|80|3481570.0|6151.0|3481570.0|1065265.0000000002|-202.0|-1616.0|20101624.0|11|70|26|6|3|5,31;6,28;6,31;7,28;69,14;69,26;70,26;76,25;78,21;78,22;79,22
14231491-752e-43cc-9871-162bef33852c|Carola RPT C-subwindow 9978c280-4108-4c8b-9541-81260137691b|Girder A|2024-02-22||80|80|3481570.0|6151.0|3481570.0|1065265.0000000002|-202.0|-1616.0|20101624.0|11|70|26|6|3|5,31;6,28;6,31;7,28;69,14;69,26;70,26;76,25;78,21;78,22;79,22
989935e9-7a41-4b38-a21b-bd1982cc34ac|Carola RPT C-subwindow da3dd34f-a7eb-45c4-ae4d-e7e00ca57233|Girder A|2024-02-22||80|80|3481570.0|6151.0|3481570.0|1065265.0000000002|-202.0|-1616.0|20101624.0|11|70|26|6|3|5,31;6,28;6,31;7,28;69,14;69,26;70,26;76,25;78,21;78,22;79,22
b3aea295-bc23-46b1-845b-4b7dd9cef62d|Carola RPT A-full 3803bf22-891c-4077-ad80-793c7bce8fa0|Girder A|2024-02-25||80|80|815341.0000000001|12593.000000000002|815341.0000000001|247761.99999999997|2826.0|6071.0|30120225.0|78|65|51|40|10|1,74;2,74;4,68;4,69;4,70;5,68;5,69;8,27;8,33;8,41;8,42;9,42;9,47;9,49;10,52;10,53;11,57;16,8;20,6;21,6;28,78;29,1;29,16;30,1;31,13;31,14;35,36;35,70;35,76;36,36;37,38;39,78;40,26;42,9;42,16;42,17;43,16;43,17;47,26;47,27;50,38;53,36;56,68;57,38;58,38;58,63;59,18;59,19;59,63;59,64;60,18;60,19;60,73;60,74;61,70;63,50;64,50;64,51;64,52;65,50;65,51;65,52;66,50;66,51;66,52;66,54;66,72;67,73;69,75;71,77;74,49;75,48;75,49;76,45;79,1;79,2;79,3;79,4
fbec52e6-ca00-4e91-a0d0-1b3972c212d8|Carola RPT A-full 9f0d8bc0-21c8-4d8f-8ce7-2a41f3f239d4|Girder A|2024-02-25||80|80|815341.0000000001|12593.000000000002|815341.0000000001|247761.99999999997|2826.0|6071.0|30120225.0|78|65|51|40|10|1,74;2,74;4,68;4,69;4,70;5,68;5,69;8,27;8,33;8,41;8,42;9,42;9,47;9,49;10,52;10,53;11,57;16,8;20,6;21,6;28,78;29,1;29,16;30,1;31,13;31,14;35,36;35,70;35,76;36,36;37,38;39,78;40,26;42,9;42,16;42,17;43,16;43,17;47,26;47,27;50,38;53,36;56,68;57,38;58,38;58,63;59,18;59,19;59,63;59,64;60,18;60,19;60,73;60,74;61,70;63,50;64,50;64,51;64,52;65,50;65,51;65,52;66,50;66,51;66,52;66,54;66,72;67,73;69,75;71,77;74,49;75,48;75,49;76,45;79,1;79,2;79,3;79,4
f5fd5fa3-3150-46bf-995c-519e55020584|Carola RPT C-subwindow 691644e8-73fe-4c1a-97aa-ffe2eac1319c|Girder A|2024-02-25||80|80|815341.0000000001|12593.000000000002|815341.0000000001|247761.99999999997|2826.0|6071.0|30120225.0|78|65|51|40|10|1,74;2,74;4,68;4,69;4,70;5,68;5,69;8,27;8,33;8,41;8,42;9,42;9,47;9,49;10,52;10,53;11,57;16,8;20,6;21,6;28,78;29,1;29,16;30,1;31,13;31,14;35,36;35,70;35,76;36,36;37,38;39,78;40,26;42,9;42,16;42,17;43,16;43,17;47,26;47,27;50,38;53,36;56,68;57,38;58,38;58,63;59,18;59,19;59,63;59,64;60,18;60,19;60,73;60,74;61,70;63,50;64,50;64,51;64,52;65,50;65,51;65,52;66,50;66,51;66,52;66,54;66,72;67,73;69,75;71,77;74,49;75,48;75,49;76,45;79,1;79,2;79,3;79,4
2786dfd0-37ff-4b10-906f-6e4e57e7bf83|Carola RPT C-subwindow 9978c280-4108-4c8b-9541-81260137691b|Girder A|2024-02-25||80|80|815341.0000000001|12593.000000000002|815341.0000000001|247761.99999999997|2826.0|6071.0|30120225.0|78|65|51|40|10|1,74;2,74;4,68;4,69;4,70;5,68;5,69;8,27;8,33;8,41;8,42;9,42;9,47;9,49;10,52;10,53;11,57;16,8;20,6;21,6;28,78;29,1;29,16;30,1;31,13;31,14;35,36;35,70;35,76;36,36;37,38;39,78;40,26;42,9;42,16;42,17;43,16;43,17;47,26;47,27;50,38;53,36;56,68;57,38;58,38;58,63;59,18;59,19;59,63;59,64;60,18;60,19;60,73;60,74;61,70;63,50;64,50;64,51;64,52;65,50;65,51;65,52;66,50;66,51;66,52;66,54;66,72;67,73;69,75;71,77;74,49;75,48;75,49;76,45;79,1;79,2;79,3;79,4
b76aa9c9-ac2f-479b-a417-7fabeb0ed250|Carola RPT C-subwindow da3dd34f-a7eb-45c4-ae4d-e7e00ca57233|Girder A|2024-02-25||80|80|815341.0000000001|12593.000000000002|815341.0000000001|247761.99999999997|2826.0|6071.0|30120225.0|78|65|51|40|10|1,74;2,74;4,68;4,69;4,70;5,68;5,69;8,27;8,33;8,41;8,42;9,42;9,47;9,49;10,52;10,53;11,57;16,8;20,6;21,6;28,78;29,1;29,16;30,1;31,13;31,14;35,36;35,70;35,76;36,36;37,38;39,78;40,26;42,9;42,16;42,17;43,16;43,17;47,26;47,27;50,38;53,36;56,68;57,38;58,38;58,63;59,18;59,19;59,63;59,64;60,18;60,19;60,73;60,74;61,70;63,50;64,50;64,51;64,52;65,50;65,51;65,52;66,50;66,51;66,52;66,54;66,72;67,73;69,75;71,77;74,49;75,48;75,49;76,45;79,1;79,2;79,3;79,4
b2667f14-425c-4eca-a7bc-4ae5b663d275|Carola RPT A-full 3803bf22-891c-4077-ad80-793c7bce8fa0|Girder A|2024-03-01||80|80|464004.0|2351.0|464004.0|163781.00000000003|1062.0|1886.0|2731576.0|11|2|9|4|7|1,7;1,8;1,9;1,10;2,8;2,9;2,10;53,43;53,48;54,48;79,74
c975a25d-8dac-4bbc-bead-2edb38f92a38|Carola RPT A-full 9f0d8bc0-21c8-4d8f-8ce7-2a41f3f239d4|Girder A|2024-03-01||80|80|464004.0|2351.0|464004.0|163781.00000000003|1062.0|1886.0|2731576.0|11|2|9|4|7|1,7;1,8;1,9;1,10;2,8;2,9;2,10;53,43;53,48;54,48;79,74
ea8a16c2-b866-4925-92c5-848720dbaec3|Carola RPT C-subwindow 691644e8-73fe-4c1a-97aa-ffe2eac1319c|Girder A|2024-03-01||80|80|464004.0|2351.0|464004.0|163781.00000000003|1062.0|1886.0|2731576.0|11|2|9|4|7|1,7;1,8;1,9;1,10;2,8;2,9;2,10;53,43;53,48;54,48;79,74
be59536c-958e-4834-9daa-b992af28a6e3|Carola RPT C-subwindow 9978c280-4108-4c8b-9541-81260137691b|Girder A|2024-03-01||80|80|464004.0|2351.0|464004.0|163781.00000000003|1062.0|1886.0|2731576.0|11|2|9|4|7|1,7;1,8;1,9;1,10;2,8;2,9;2,10;53,43;53,48;54,48;79,74
5f02dec3-6c8c-4f8b-84e1-ce84ae45c8f7|Carola RPT C-subwindow da3dd34f-a7eb-45c4-ae4d-e7e00ca57233|Girder A|2024-03-01||80|80|464004.0|2351.0|464004.0|163781.00000000003|1062.0|1886.0|2731576.0|11|2|9|4|7|1,7;1,8;1,9;1,10;2,8;2,9;2,10;53,43;53,48;54,48;79,74
45817740-7b2d-4426-849b-efbf33a5d978|Carolabruecke 86d76128-c35e-4fae-a740-be452d85efa9|Girder A|2024-03-01||80|80|464004.0|2351.0|464004.0|163781.00000000003|1062.0|1886.0|2731576.0|11|2|9|4|7|1,7;1,8;1,9;1,10;2,8;2,9;2,10;53,43;53,48;54,48;79,74
b4434756-f311-4c2e-9d11-2f5780b044fc|Carola RPT A-full 3803bf22-891c-4077-ad80-793c7bce8fa0|Girder A|2024-03-05||80|80|2070421.0000000002|1377.5|2070421.0000000002|632194.0|4552.0|-4918.0|15287980.0|13|12|57|2|11|11,54;11,55;11,56;11,57;12,55;12,56;12,57;12,58;12,59;12,60;13,57;52,11;52,12
fbc15215-2cc3-42b5-b768-4a8a84815e42|Carola RPT A-full 9f0d8bc0-21c8-4d8f-8ce7-2a41f3f239d4|Girder A|2024-03-05||80|80|2070421.0000000002|1377.5|2070421.0000000002|632194.0|4552.0|-4918.0|15287980.0|13|12|57|2|11|11,54;11,55;11,56;11,57;12,55;12,56;12,57;12,58;12,59;12,60;13,57;52,11;52,12
acd78b60-1349-40d2-9edb-e579e78771f4|Carola RPT C-subwindow 691644e8-73fe-4c1a-97aa-ffe2eac1319c|Girder A|2024-03-05||80|80|2070421.0000000002|1377.5|2070421.0000000002|632194.0|4552.0|-4918.0|15287980.0|13|12|57|2|11|11,54;11,55;11,56;11,57;12,55;12,56;12,57;12,58;12,59;12,60;13,57;52,11;52,12
6aff1d85-4e0f-4e32-b0cd-ef05b8a37341|Carola RPT C-subwindow 9978c280-4108-4c8b-9541-81260137691b|Girder A|2024-03-05||80|80|2070421.0000000002|1377.5|2070421.0000000002|632194.0|4552.0|-4918.0|15287980.0|13|12|57|2|11|11,54;11,55;11,56;11,57;12,55;12,56;12,57;12,58;12,59;12,60;13,57;52,11;52,12
23450792-6ff1-49b2-8b80-79a25d7c5ea1|Carola RPT C-subwindow da3dd34f-a7eb-45c4-ae4d-e7e00ca57233|Girder A|2024-03-05||80|80|2070421.0000000002|1377.5|2070421.0000000002|632194.0|4552.0|-4918.0|15287980.0|13|12|57|2|11|11,54;11,55;11,56;11,57;12,55;12,56;12,57;12,58;12,59;12,60;13,57;52,11;52,12
fcabdc34-6305-4805-914d-994f6ce32995|Carolabruecke 86d76128-c35e-4fae-a740-be452d85efa9|Girder A|2024-03-05||80|80|2070421.0000000002|1377.5|2070421.0000000002|632194.0|4552.0|-4918.0|15287980.0|13|12|57|2|11|11,54;11,55;11,56;11,57;12,55;12,56;12,57;12,58;12,59;12,60;13,57;52,11;52,12
bbfb6236-fb9c-4229-8a43-e22c2c6bc0ec|Carola RPT A-full 3803bf22-891c-4077-ad80-793c7bce8fa0|Girder A|2024-03-08||80|80|1080137.0|12426.5|1080137.0|326389.0000000001|10477.0|-5625.0|23446244.0|47|78|2|21|8|0,74;1,74;7,41;7,42;8,46;9,53;9,54;15,8;19,6;20,6;27,16;28,16;30,14;34,36;35,36;39,26;41,16;41,17;42,16;42,17;57,43;58,18;58,77;59,18;59,74;60,73;63,50;63,51;64,49;64,50;64,51;64,52;65,49;65,50;65,55;67,74;70,77;73,49;74,48;74,49;78,0;78,1;78,2;78,3;79,1;79,2;79,3
ea841ce9-0cd1-4ad3-85bc-561082d9c289|Carola RPT A-full 9f0d8bc0-21c8-4d8f-8ce7-2a41f3f239d4|Girder A|2024-03-08||80|80|1080137.0|12426.5|1080137.0|326389.0000000001|10477.0|-5625.0|23446244.0|47|78|2|21|8|0,74;1,74;7,41;7,42;8,46;9,53;9,54;15,8;19,6;20,6;27,16;28,16;30,14;34,36;35,36;39,26;41,16;41,17;42,16;42,17;57,43;58,18;58,77;59,18;59,74;60,73;63,50;63,51;64,49;64,50;64,51;64,52;65,49;65,50;65,55;67,74;70,77;73,49;74,48;74,49;78,0;78,1;78,2;78,3;79,1;79,2;79,3
69cb1a45-384e-4093-8cc7-b917c08817a6|Carola RPT C-subwindow 691644e8-73fe-4c1a-97aa-ffe2eac1319c|Girder A|2024-03-08||80|80|1080137.0|12426.5|1080137.0|326389.0000000001|10477.0|-5625.0|23446244.0|47|78|2|21|8|0,74;1,74;7,41;7,42;8,46;9,53;9,54;15,8;19,6;20,6;27,16;28,16;30,14;34,36;35,36;39,26;41,16;41,17;42,16;42,17;57,43;58,18;58,77;59,18;59,74;60,73;63,50;63,51;64,49;64,50;64,51;64,52;65,49;65,50;65,55;67,74;70,77;73,49;74,48;74,49;78,0;78,1;78,2;78,3;79,1;79,2;79,3
6b0c4b4e-6541-482f-8fb0-00734a181ba8|Carola RPT C-subwindow 9978c280-4108-4c8b-9541-81260137691b|Girder A|2024-03-08||80|80|1080137.0|12426.5|1080137.0|326389.0000000001|10477.0|-5625.0|23446244.0|47|78|2|21|8|0,74;1,74;7,41;7,42;8,46;9,53;9,54;15,8;19,6;20,6;27,16;28,16;30,14;34,36;35,36;39,26;41,16;41,17;42,16;42,17;57,43;58,18;58,77;59,18;59,74;60,73;63,50;63,51;64,49;64,50;64,51;64,52;65,49;65,50;65,55;67,74;70,77;73,49;74,48;74,49;78,0;78,1;78,2;78,3;79,1;79,2;79,3
db4c5e98-6a29-433c-9ec8-20e9d4b4df42|Carola RPT C-subwindow da3dd34f-a7eb-45c4-ae4d-e7e00ca57233|Girder A|2024-03-08||80|80|1080137.0|12426.5|1080137.0|326389.0000000001|10477.0|-5625.0|23446244.0|47|78|2|21|8|0,74;1,74;7,41;7,42;8,46;9,53;9,54;15,8;19,6;20,6;27,16;28,16;30,14;34,36;35,36;39,26;41,16;41,17;42,16;42,17;57,43;58,18;58,77;59,18;59,74;60,73;63,50;63,51;64,49;64,50;64,51;64,52;65,49;65,50;65,55;67,74;70,77;73,49;74,48;74,49;78,0;78,1;78,2;78,3;79,1;79,2;79,3
3e9eab7d-4554-457c-b49d-0e047f744e0a|Carolabruecke 86d76128-c35e-4fae-a740-be452d85efa9|Girder A|2024-03-08||80|80|1080137.0|12426.5|1080137.0|326389.0000000001|10477.0|-5625.0|23446244.0|47|78|2|21|8|0,74;1,74;7,41;7,42;8,46;9,53;9,54;15,8;19,6;20,6;27,16;28,16;30,14;34,36;35,36;39,26;41,16;41,17;42,16;42,17;57,43;58,18;58,77;59,18;59,74;60,73;63,50;63,51;64,49;64,50;64,51;64,52;65,49;65,50;65,55;67,74;70,77;73,49;74,48;74,49;78,0;78,1;78,2;78,3;79,1;79,2;79,3
411fe4c9-cc99-4b30-a6dc-6b562aa3a5e3|Carola RPT A-full 3803bf22-891c-4077-ad80-793c7bce8fa0|Girder A|2024-03-13||80|80|444553.0|2290.0|444553.0|145224.99999999997|-1942.0|-472.0|2434276.0|10|1|9|4|7|0,7;0,8;0,9;1,7;1,8;1,9;2,9;16,41;53,47;78,74
c57d791c-0842-4755-8549-ca4ab29b931d|Carola RPT A-full 9f0d8bc0-21c8-4d8f-8ce7-2a41f3f239d4|Girder A|2024-03-13||80|80|444553.0|2290.0|444553.0|145224.99999999997|-1942.0|-472.0|2434276.0|10|1|9|4|7|0,7;0,8;0,9;1,7;1,8;1,9;2,9;16,41;53,47;78,74
ba5ca332-c789-498b-81dd-ba5359a117b4|Carola RPT C-subwindow 691644e8-73fe-4c1a-97aa-ffe2eac1319c|Girder A|2024-03-13||80|80|444553.0|2290.0|444553.0|145224.99999999997|-1942.0|-472.0|2434276.0|10|1|9|4|7|0,7;0,8;0,9;1,7;1,8;1,9;2,9;16,41;53,47;78,74
8c4bbb48-9b0b-4604-9449-f01a533ee5c0|Carola RPT C-subwindow 9978c280-4108-4c8b-9541-81260137691b|Girder A|2024-03-13||80|80|444553.0|2290.0|444553.0|145224.99999999997|-1942.0|-472.0|2434276.0|10|1|9|4|7|0,7;0,8;0,9;1,7;1,8;1,9;2,9;16,41;53,47;78,74
b3b0b5b9-0a17-40f6-a3a0-ce4e8c06a97e|Carola RPT C-subwindow da3dd34f-a7eb-45c4-ae4d-e7e00ca57233|Girder A|2024-03-13||80|80|444553.0|2290.0|444553.0|145224.99999999997|-1942.0|-472.0|2434276.0|10|1|9|4|7|0,7;0,8;0,9;1,7;1,8;1,9;2,9;16,41;53,47;78,74
26d072fd-da1c-4510-8f9d-e0d833c3c4b1|Carolabruecke 86d76128-c35e-4fae-a740-be452d85efa9|Girder A|2024-03-13||80|80|444553.0|2290.0|444553.0|145224.99999999997|-1942.0|-472.0|2434276.0|10|1|9|4|7|0,7;0,8;0,9;1,7;1,8;1,9;2,9;16,41;53,47;78,74
de85685f-ae3d-483b-b0ef-170bda5a3998|Carola RPT A-full 3803bf22-891c-4077-ad80-793c7bce8fa0|Girder A|2024-03-17||80|80|2160360.0|1436.4999999999998|2160360.0|765601.9999999999|3771.0|-7650.0|15690475.0|12|51|12|2|10|11,55;11,56;11,57;11,58;11,59;11,60;12,57;12,58;12,59;12,60;51,12;52,12
5b50958b-a7d6-45b7-83cb-53329ee38574|Carola RPT A-full 9f0d8bc0-21c8-4d8f-8ce7-2a41f3f239d4|Girder A|2024-03-17||80|80|2160360.0|1436.4999999999998|2160360.0|765601.9999999999|3771.0|-7650.0|15690475.0|12|51|12|2|10|11,55;11,56;11,57;11,58;11,59;11,60;12,57;12,58;12,59;12,60;51,12;52,12
4afae10e-ccee-40a7-aba1-e663d0917b15|Carola RPT C-subwindow 691644e8-73fe-4c1a-97aa-ffe2eac1319c|Girder A|2024-03-17||80|80|2160360.0|1436.4999999999998|2160360.0|765601.9999999999|3771.0|-7650.0|15690475.0|12|51|12|2|10|11,55;11,56;11,57;11,58;11,59;11,60;12,57;12,58;12,59;12,60;51,12;52,12
1444dbc2-44fa-4338-a0a0-ba3b6cb10a5e|Carola RPT C-subwindow 9978c280-4108-4c8b-9541-81260137691b|Girder A|2024-03-17||80|80|2160360.0|1436.4999999999998|2160360.0|765601.9999999999|3771.0|-7650.0|15690475.0|12|51|12|2|10|11,55;11,56;11,57;11,58;11,59;11,60;12,57;12,58;12,59;12,60;51,12;52,12
15dcc1da-e4a7-4681-80f2-cc2d7f136f0e|Carola RPT C-subwindow da3dd34f-a7eb-45c4-ae4d-e7e00ca57233|Girder A|2024-03-17||80|80|2160360.0|1436.4999999999998|2160360.0|765601.9999999999|3771.0|-7650.0|15690475.0|12|51|12|2|10|11,55;11,56;11,57;11,58;11,59;11,60;12,57;12,58;12,59;12,60;51,12;52,12
69f7ed3b-2509-4125-a70b-35fa8f467e34|Carolabruecke 86d76128-c35e-4fae-a740-be452d85efa9|Girder A|2024-03-17||80|80|2160360.0|1436.4999999999998|2160360.0|765601.9999999999|3771.0|-7650.0|15690475.0|12|51|12|2|10|11,55;11,56;11,57;11,58;11,59;11,60;12,57;12,58;12,59;12,60;51,12;52,12
2e9c1cb6-e251-4907-b1da-71f19e2e676d|Carola RPT A-full 3803bf22-891c-4077-ad80-793c7bce8fa0|Girder A|2024-03-20||80|80|1027044.9999999998|13384.999999999998|1027044.9999999998|308239.99999999994|-5779.0|-8177.0|30568054.0|67|66|51|32|10|2,73;2,74;4,28;5,68;5,69;9,40;9,41;10,47;10,49;10,50;11,49;11,50;16,78;17,8;22,5;22,6;30,16;32,23;35,62;36,36;36,62;36,76;37,35;37,36;38,6;38,38;39,6;40,26;41,26;41,27;43,16;43,17;43,79;44,11;44,16;44,17;44,51;44,52;51,39;52,39;58,38;60,18;60,77;61,18;61,38;61,71;61,74;64,50;65,50;65,51;66,49;66,50;66,51;66,52;66,54;67,49;67,50;67,51;67,54;67,55;67,56;68,55;75,48;75,49;76,48;76,49;79,2
e02f43a7-2431-43c2-95f7-383ecbc170af|Carola RPT A-full 9f0d8bc0-21c8-4d8f-8ce7-2a41f3f239d4|Girder A|2024-03-20||80|80|1027044.9999999998|13384.999999999998|1027044.9999999998|308239.99999999994|-5779.0|-8177.0|30568054.0|67|66|51|32|10|2,73;2,74;4,28;5,68;5,69;9,40;9,41;10,47;10,49;10,50;11,49;11,50;16,78;17,8;22,5;22,6;30,16;32,23;35,62;36,36;36,62;36,76;37,35;37,36;38,6;38,38;39,6;40,26;41,26;41,27;43,16;43,17;43,79;44,11;44,16;44,17;44,51;44,52;51,39;52,39;58,38;60,18;60,77;61,18;61,38;61,71;61,74;64,50;65,50;65,51;66,49;66,50;66,51;66,52;66,54;67,49;67,50;67,51;67,54;67,55;67,56;68,55;75,48;75,49;76,48;76,49;79,2
a0342ba9-7c21-4f46-8450-841e05b3bb80|Carola RPT C-subwindow 691644e8-73fe-4c1a-97aa-ffe2eac1319c|Girder A|2024-03-20||80|80|1027044.9999999998|13384.999999999998|1027044.9999999998|308239.99999999994|-5779.0|-8177.0|30568054.0|67|66|51|32|10|2,73;2,74;4,28;5,68;5,69;9,40;9,41;10,47;10,49;10,50;11,49;11,50;16,78;17,8;22,5;22,6;30,16;32,23;35,62;36,36;36,62;36,76;37,35;37,36;38,6;38,38;39,6;40,26;41,26;41,27;43,16;43,17;43,79;44,11;44,16;44,17;44,51;44,52;51,39;52,39;58,38;60,18;60,77;61,18;61,38;61,71;61,74;64,50;65,50;65,51;66,49;66,50;66,51;66,52;66,54;67,49;67,50;67,51;67,54;67,55;67,56;68,55;75,48;75,49;76,48;76,49;79,2
d4b76f65-fcfb-464d-81d9-8679c57eb1ad|Carola RPT C-subwindow 9978c280-4108-4c8b-9541-81260137691b|Girder A|2024-03-20||80|80|1027044.9999999998|13384.999999999998|1027044.9999999998|308239.99999999994|-5779.0|-8177.0|30568054.0|67|66|51|32|10|2,73;2,74;4,28;5,68;5,69;9,40;9,41;10,47;10,49;10,50;11,49;11,50;16,78;17,8;22,5;22,6;30,16;32,23;35,62;36,36;36,62;36,76;37,35;37,36;38,6;38,38;39,6;40,26;41,26;41,27;43,16;43,17;43,79;44,11;44,16;44,17;44,51;44,52;51,39;52,39;58,38;60,18;60,77;61,18;61,38;61,71;61,74;64,50;65,50;65,51;66,49;66,50;66,51;66,52;66,54;67,49;67,50;67,51;67,54;67,55;67,56;68,55;75,48;75,49;76,48;76,49;79,2
40a4d807-c716-4b0e-8e82-9b67485dfb0b|Carola RPT C-subwindow da3dd34f-a7eb-45c4-ae4d-e7e00ca57233|Girder A|2024-03-20||80|80|1027044.9999999998|13384.999999999998|1027044.9999999998|308239.99999999994|-5779.0|-8177.0|30568054.0|67|66|51|32|10|2,73;2,74;4,28;5,68;5,69;9,40;9,41;10,47;10,49;10,50;11,49;11,50;16,78;17,8;22,5;22,6;30,16;32,23;35,62;36,36;36,62;36,76;37,35;37,36;38,6;38,38;39,6;40,26;41,26;41,27;43,16;43,17;43,79;44,11;44,16;44,17;44,51;44,52;51,39;52,39;58,38;60,18;60,77;61,18;61,38;61,71;61,74;64,50;65,50;65,51;66,49;66,50;66,51;66,52;66,54;67,49;67,50;67,51;67,54;67,55;67,56;68,55;75,48;75,49;76,48;76,49;79,2
c9dcd053-59f5-4057-b32a-e6e79f3f82a8|Carolabruecke 86d76128-c35e-4fae-a740-be452d85efa9|Girder A|2024-03-20||80|80|1027044.9999999998|13384.999999999998|1027044.9999999998|308239.99999999994|-5779.0|-8177.0|30568054.0|67|66|51|32|10|2,73;2,74;4,28;5,68;5,69;9,40;9,41;10,47;10,49;10,50;11,49;11,50;16,78;17,8;22,5;22,6;30,16;32,23;35,62;36,36;36,62;36,76;37,35;37,36;38,6;38,38;39,6;40,26;41,26;41,27;43,16;43,17;43,79;44,11;44,16;44,17;44,51;44,52;51,39;52,39;58,38;60,18;60,77;61,18;61,38;61,71;61,74;64,50;65,50;65,51;66,49;66,50;66,51;66,52;66,54;67,49;67,50;67,51;67,54;67,55;67,56;68,55;75,48;75,49;76,48;76,49;79,2
a39c64ce-e696-49aa-8ea4-4a37d399e43f|Carola RPT A-full 3803bf22-891c-4077-ad80-793c7bce8fa0|Girder A|2024-03-25||80|80|1161009.9999999998|8451.0|1161009.9999999998|348377.0|2037.0|-5912.0|13864527.0|26|30|54|13|6|0,53;1,53;2,6;2,9;2,10;3,10;11,51;24,16;28,34;30,53;30,54;30,55;30,56;30,62;31,54;31,55;41,78;41,79;44,49;44,50;45,49;49,73;50,20;50,21;51,21;55,49
a61cb583-4877-4300-88dd-0c9f1b51d1f3|Carola RPT A-full 9f0d8bc0-21c8-4d8f-8ce7-2a41f3f239d4|Girder A|2024-03-25||80|80|1161009.9999999998|8451.0|1161009.9999999998|348377.0|2037.0|-5912.0|13864527.0|26|30|54|13|6|0,53;1,53;2,6;2,9;2,10;3,10;11,51;24,16;28,34;30,53;30,54;30,55;30,56;30,62;31,54;31,55;41,78;41,79;44,49;44,50;45,49;49,73;50,20;50,21;51,21;55,49
6cb8b497-58ac-46c8-89e6-1a4ad9c3b6cd|Carola RPT C-subwindow 691644e8-73fe-4c1a-97aa-ffe2eac1319c|Girder A|2024-03-25||80|80|1161009.9999999998|8451.0|1161009.9999999998|348377.0|2037.0|-5912.0|13864527.0|26|30|54|13|6|0,53;1,53;2,6;2,9;2,10;3,10;11,51;24,16;28,34;30,53;30,54;30,55;30,56;30,62;31,54;31,55;41,78;41,79;44,49;44,50;45,49;49,73;50,20;50,21;51,21;55,49
3078217d-a772-474f-b369-782abbae1447|Carola RPT C-subwindow 9978c280-4108-4c8b-9541-81260137691b|Girder A|2024-03-25||80|80|1161009.9999999998|8451.0|1161009.9999999998|348377.0|2037.0|-5912.0|13864527.0|26|30|54|13|6|0,53;1,53;2,6;2,9;2,10;3,10;11,51;24,16;28,34;30,53;30,54;30,55;30,56;30,62;31,54;31,55;41,78;41,79;44,49;44,50;45,49;49,73;50,20;50,21;51,21;55,49
6a006b04-1a44-4c06-b702-2d7b176cafa5|Carola RPT C-subwindow da3dd34f-a7eb-45c4-ae4d-e7e00ca57233|Girder A|2024-03-25||80|80|1161009.9999999998|8451.0|1161009.9999999998|348377.0|2037.0|-5912.0|13864527.0|26|30|54|13|6|0,53;1,53;2,6;2,9;2,10;3,10;11,51;24,16;28,34;30,53;30,54;30,55;30,56;30,62;31,54;31,55;41,78;41,79;44,49;44,50;45,49;49,73;50,20;50,21;51,21;55,49
5a27e248-3c8d-490f-a85b-48170da6cbb1|Carolabruecke 86d76128-c35e-4fae-a740-be452d85efa9|Girder A|2024-03-25||80|80|1161009.9999999998|8451.0|1161009.9999999998|348377.0|2037.0|-5912.0|13864527.0|26|30|54|13|6|0,53;1,53;2,6;2,9;2,10;3,10;11,51;24,16;28,34;30,53;30,54;30,55;30,56;30,62;31,54;31,55;41,78;41,79;44,49;44,50;45,49;49,73;50,20;50,21;51,21;55,49
f8f9899a-1f37-45ba-8fc5-2e31b842025b|Carola RPT A-full 3803bf22-891c-4077-ad80-793c7bce8fa0|Girder A|2024-03-29||80|80|1855633.0000000005|5438.5|1855633.0000000005|556937.0|-6055.0|4976.0|22542341.0|28|7|28|11|5|4,37;5,30;5,31;5,37;6,27;6,28;6,30;6,31;7,28;14,47;14,65;15,52;15,64;15,65;16,52;16,53;42,39;43,39;61,59;62,59;67,64;68,61;68,63;68,64;69,14;69,62;70,14;70,26
698e111a-e4f6-4fd4-84af-e28d156c82a9|Carola RPT A-full 9f0d8bc0-21c8-4d8f-8ce7-2a41f3f239d4|Girder A|2024-03-29||80|80|1855633.0000000005|5438.5|1855633.0000000005|556937.0|-6055.0|4976.0|22542341.0|28|7|28|11|5|4,37;5,30;5,31;5,37;6,27;6,28;6,30;6,31;7,28;14,47;14,65;15,52;15,64;15,65;16,52;16,53;42,39;43,39;61,59;62,59;67,64;68,61;68,63;68,64;69,14;69,62;70,14;70,26
c1258f88-c52a-4bea-aba3-fbeb29b52808|Carola RPT C-subwindow 691644e8-73fe-4c1a-97aa-ffe2eac1319c|Girder A|2024-03-29||80|80|1855633.0000000005|5438.5|1855633.0000000005|556937.0|-6055.0|4976.0|22542341.0|28|7|28|11|5|4,37;5,30;5,31;5,37;6,27;6,28;6,30;6,31;7,28;14,47;14,65;15,52;15,64;15,65;16,52;16,53;42,39;43,39;61,59;62,59;67,64;68,61;68,63;68,64;69,14;69,62;70,14;70,26
3c7cb43e-f290-4a4d-a0c2-f4c6d759a2a4|Carola RPT C-subwindow 9978c280-4108-4c8b-9541-81260137691b|Girder A|2024-03-29||80|80|1855633.0000000005|5438.5|1855633.0000000005|556937.0|-6055.0|4976.0|22542341.0|28|7|28|11|5|4,37;5,30;5,31;5,37;6,27;6,28;6,30;6,31;7,28;14,47;14,65;15,52;15,64;15,65;16,52;16,53;42,39;43,39;61,59;62,59;67,64;68,61;68,63;68,64;69,14;69,62;70,14;70,26
6e3faef4-2407-406d-86c4-11ce4efa8467|Carola RPT C-subwindow da3dd34f-a7eb-45c4-ae4d-e7e00ca57233|Girder A|2024-03-29||80|80|1855633.0000000005|5438.5|1855633.0000000005|556937.0|-6055.0|4976.0|22542341.0|28|7|28|11|5|4,37;5,30;5,31;5,37;6,27;6,28;6,30;6,31;7,28;14,47;14,65;15,52;15,64;15,65;16,52;16,53;42,39;43,39;61,59;62,59;67,64;68,61;68,63;68,64;69,14;69,62;70,14;70,26
4168648a-f65f-48e6-bb31-54b6e28b8def|Carolabruecke 86d76128-c35e-4fae-a740-be452d85efa9|Girder A|2024-03-29||80|80|1855633.0000000005|5438.5|1855633.0000000005|556937.0|-6055.0|4976.0|22542341.0|28|7|28|11|5|4,37;5,30;5,31;5,37;6,27;6,28;6,30;6,31;7,28;14,47;14,65;15,52;15,64;15,65;16,52;16,53;42,39;43,39;61,59;62,59;67,64;68,61;68,63;68,64;69,14;69,62;70,14;70,26
0a3ef9c8-e0b3-4351-90de-294664bb19a3|Carola RPT A-full 3803bf22-891c-4077-ad80-793c7bce8fa0|Girder A|2024-04-01||80|80|2870535.9999999995|2809.0|2870535.9999999995|1167897.9999999998|4321.0|-880.0|7814575.0|4|68|69|1|4|68,69;68,70;69,69;69,70
6915ebc2-ebf2-41d8-864d-e7661f57ae5c|Carola RPT A-full 9f0d8bc0-21c8-4d8f-8ce7-2a41f3f239d4|Girder A|2024-04-01||80|80|2870535.9999999995|2809.0|2870535.9999999995|1167897.9999999998|4321.0|-880.0|7814575.0|4|68|69|1|4|68,69;68,70;69,69;69,70
e3e266b3-582a-4aac-9d52-b45b34af8af4|Carola RPT C-subwindow 691644e8-73fe-4c1a-97aa-ffe2eac1319c|Girder A|2024-04-01||80|80|2870535.9999999995|2809.0|2870535.9999999995|1167897.9999999998|4321.0|-880.0|7814575.0|4|68|69|1|4|68,69;68,70;69,69;69,70
cf7ee886-7f18-497d-abc0-9a6ba5877ab7|Carola RPT C-subwindow 9978c280-4108-4c8b-9541-81260137691b|Girder A|2024-04-01||80|80|2870535.9999999995|2809.0|2870535.9999999995|1167897.9999999998|4321.0|-880.0|7814575.0|4|68|69|1|4|68,69;68,70;69,69;69,70
bbac943d-4f39-4d70-9b3c-ed0aceb6b713|Carola RPT C-subwindow da3dd34f-a7eb-45c4-ae4d-e7e00ca57233|Girder A|2024-04-01||80|80|2870535.9999999995|2809.0|2870535.9999999995|1167897.9999999998|4321.0|-880.0|7814575.0|4|68|69|1|4|68,69;68,70;69,69;69,70
dda2977b-2a27-4ede-823d-0acba66fb7a2|Carolabruecke 86d76128-c35e-4fae-a740-be452d85efa9|Girder A|2024-04-01||80|80|2870535.9999999995|2809.0|2870535.9999999995|1167897.9999999998|4321.0|-880.0|7814575.0|4|68|69|1|4|68,69;68,70;69,69;69,70
6a4f221b-302a-4dd8-a5d4-bb5a79773d5b|Carola RPT A-full 3803bf22-891c-4077-ad80-793c7bce8fa0|Girder A|2024-04-06||80|80|381315.99999999994|2487.5|381315.99999999994|117939.99999999999|-1915.0|267.0|2230812.0|12|3|10|4|7|2,8;2,9;2,10;2,11;2,43;3,9;3,10;3,11;3,43;55,52;55,53;79,75
be1ea2aa-7ef2-4ab6-8160-ab081e034721|Carola RPT A-full 9f0d8bc0-21c8-4d8f-8ce7-2a41f3f239d4|Girder A|2024-04-06||80|80|381315.99999999994|2487.5|381315.99999999994|117939.99999999999|-1915.0|267.0|2230812.0|12|3|10|4|7|2,8;2,9;2,10;2,11;2,43;3,9;3,10;3,11;3,43;55,52;55,53;79,75
a5c929ba-eddd-40d8-8db8-864dcd0952ce|Carola RPT C-subwindow 691644e8-73fe-4c1a-97aa-ffe2eac1319c|Girder A|2024-04-06||80|80|381315.99999999994|2487.5|381315.99999999994|117939.99999999999|-1915.0|267.0|2230812.0|12|3|10|4|7|2,8;2,9;2,10;2,11;2,43;3,9;3,10;3,11;3,43;55,52;55,53;79,75
88c67888-42e0-4ec5-9250-5ccd8667723b|Carola RPT C-subwindow 9978c280-4108-4c8b-9541-81260137691b|Girder A|2024-04-06||80|80|381315.99999999994|2487.5|381315.99999999994|117939.99999999999|-1915.0|267.0|2230812.0|12|3|10|4|7|2,8;2,9;2,10;2,11;2,43;3,9;3,10;3,11;3,43;55,52;55,53;79,75
66b8adc9-260c-4ded-8330-c1fdd951d738|Carola RPT C-subwindow da3dd34f-a7eb-45c4-ae4d-e7e00ca57233|Girder A|2024-04-06||80|80|381315.99999999994|2487.5|381315.99999999994|117939.99999999999|-1915.0|267.0|2230812.0|12|3|10|4|7|2,8;2,9;2,10;2,11;2,43;3,9;3,10;3,11;3,43;55,52;55,53;79,75
ab778ca9-c3fd-44d1-9e23-508c14f8f1f5|Carolabruecke 86d76128-c35e-4fae-a740-be452d85efa9|Girder A|2024-04-06||80|80|381315.99999999994|2487.5|381315.99999999994|117939.99999999999|-1915.0|267.0|2230812.0|12|3|10|4|7|2,8;2,9;2,10;2,11;2,43;3,9;3,10;3,11;3,43;55,52;55,53;79,75
cf916ddf-7c63-4041-84ab-6de2e8e28e31|Carola RPT A-full 3803bf22-891c-4077-ad80-793c7bce8fa0|Girder A|2024-04-10||80|80|2180218.0|1657.0|2180218.0|671796.0|4435.0|6851.0|13707842.0|13|51|11|2|10|10,55;11,54;11,55;11,56;11,57;11,58;11,59;12,56;12,57;12,59;51,11;51,12;52,11
04d71008-a89d-41bc-a55d-536733375be4|Carola RPT A-full 9f0d8bc0-21c8-4d8f-8ce7-2a41f3f239d4|Girder A|2024-04-10||80|80|2180218.0|1657.0|2180218.0|671796.0|4435.0|6851.0|13707842.0|13|51|11|2|10|10,55;11,54;11,55;11,56;11,57;11,58;11,59;12,56;12,57;12,59;51,11;51,12;52,11
2d76a722-da9c-43b5-8be9-8a24f62ba230|Carola RPT C-subwindow 691644e8-73fe-4c1a-97aa-ffe2eac1319c|Girder A|2024-04-10||80|80|2180218.0|1657.0|2180218.0|671796.0|4435.0|6851.0|13707842.0|13|51|11|2|10|10,55;11,54;11,55;11,56;11,57;11,58;11,59;12,56;12,57;12,59;51,11;51,12;52,11
58702047-804a-4535-bab3-e7b478b9443f|Carola RPT C-subwindow 9978c280-4108-4c8b-9541-81260137691b|Girder A|2024-04-10||80|80|2180218.0|1657.0|2180218.0|671796.0|4435.0|6851.0|13707842.0|13|51|11|2|10|10,55;11,54;11,55;11,56;11,57;11,58;11,59;12,56;12,57;12,59;51,11;51,12;52,11
852cae8c-11c0-40a7-9f88-cf41bf908508|Carola RPT C-subwindow da3dd34f-a7eb-45c4-ae4d-e7e00ca57233|Girder A|2024-04-10||80|80|2180218.0|1657.0|2180218.0|671796.0|4435.0|6851.0|13707842.0|13|51|11|2|10|10,55;11,54;11,55;11,56;11,57;11,58;11,59;12,56;12,57;12,59;51,11;51,12;52,11
d35a9d7d-ec16-4490-b4de-1358ca959c93|Carolabruecke 86d76128-c35e-4fae-a740-be452d85efa9|Girder A|2024-04-10||80|80|2180218.0|1657.0|2180218.0|671796.0|4435.0|6851.0|13707842.0|13|51|11|2|10|10,55;11,54;11,55;11,56;11,57;11,58;11,59;12,56;12,57;12,59;51,11;51,12;52,11
4d5f5705-7087-43c8-8387-899444f63a6a|Carola RPT A-full 3803bf22-891c-4077-ad80-793c7bce8fa0|Girder A|2024-04-13||80|80|2488193.9999999995|2721.0000000000005|2488193.9999999995|787140.0|2484.0|-1774.0|5581168.0|3|66|71|1|3|66,71;67,70;67,71
dccf11b5-a4c1-45f0-9552-6dc0c4811250|Carola RPT A-full 9f0d8bc0-21c8-4d8f-8ce7-2a41f3f239d4|Girder A|2024-04-13||80|80|2488193.9999999995|2721.0000000000005|2488193.9999999995|787140.0|2484.0|-1774.0|5581168.0|3|66|71|1|3|66,71;67,70;67,71
27c36f42-13db-4b3e-a7c7-d6d7f3c3bab3|Carola RPT C-subwindow 691644e8-73fe-4c1a-97aa-ffe2eac1319c|Girder A|2024-04-13||80|80|2488193.9999999995|2721.0000000000005|2488193.9999999995|787140.0|2484.0|-1774.0|5581168.0|3|66|71|1|3|66,71;67,70;67,71
c636df25-3853-454a-a92c-26ea72453c9f|Carola RPT C-subwindow 9978c280-4108-4c8b-9541-81260137691b|Girder A|2024-04-13||80|80|2488193.9999999995|2721.0000000000005|2488193.9999999995|787140.0|2484.0|-1774.0|5581168.0|3|66|71|1|3|66,71;67,70;67,71
08aec834-be0c-4e36-af0e-1114a69cc150|Carola RPT C-subwindow da3dd34f-a7eb-45c4-ae4d-e7e00ca57233|Girder A|2024-04-13||80|80|2488193.9999999995|2721.0000000000005|2488193.9999999995|787140.0|2484.0|-1774.0|5581168.0|3|66|71|1|3|66,71;67,70;67,71
3c1b98f4-2abe-468f-90b9-4bb5332eb085|Carolabruecke 86d76128-c35e-4fae-a740-be452d85efa9|Girder A|2024-04-13||80|80|2488193.9999999995|2721.0000000000005|2488193.9999999995|787140.0|2484.0|-1774.0|5581168.0|3|66|71|1|3|66,71;67,70;67,71
74346d9e-6932-40d0-9ac1-9764581d043d|Carola RPT A-full 3803bf22-891c-4077-ad80-793c7bce8fa0|Girder A|2024-04-18||80|80|312353.00000000006|2068.9999999999995|312353.00000000006|94978.0|-1512.0|-65.0|2478875.0|16|3|10|7|6|2,8;2,9;2,10;3,8;3,9;3,10;3,43;26,35;27,34;27,35;54,43;55,43;55,48;55,49;56,52;60,0
f000cdcd-f2f7-4518-b0c9-c95f03a9d812|Carola RPT A-full 9f0d8bc0-21c8-4d8f-8ce7-2a41f3f239d4|Girder A|2024-04-18||80|80|312353.00000000006|2068.9999999999995|312353.00000000006|94978.0|-1512.0|-65.0|2478875.0|16|3|10|7|6|2,8;2,9;2,10;3,8;3,9;3,10;3,43;26,35;27,34;27,35;54,43;55,43;55,48;55,49;56,52;60,0
dd3ad2db-a3ea-428c-a37f-1a49727ad762|Carola RPT C-subwindow 691644e8-73fe-4c1a-97aa-ffe2eac1319c|Girder A|2024-04-18||80|80|312353.00000000006|2068.9999999999995|312353.00000000006|94978.0|-1512.0|-65.0|2478875.0|16|3|10|7|6|2,8;2,9;2,10;3,8;3,9;3,10;3,43;26,35;27,34;27,35;54,43;55,43;55,48;55,49;56,52;60,0
a5348235-d0e2-410f-8133-85f7f74faed3|Carola RPT C-subwindow 9978c280-4108-4c8b-9541-81260137691b|Girder A|2024-04-18||80|80|312353.00000000006|2068.9999999999995|312353.00000000006|94978.0|-1512.0|-65.0|2478875.0|16|3|10|7|6|2,8;2,9;2,10;3,8;3,9;3,10;3,43;26,35;27,34;27,35;54,43;55,43;55,48;55,49;56,52;60,0
91ace474-80be-4184-a784-306714934b64|Carola RPT C-subwindow da3dd34f-a7eb-45c4-ae4d-e7e00ca57233|Girder A|2024-04-18||80|80|312353.00000000006|2068.9999999999995|312353.00000000006|94978.0|-1512.0|-65.0|2478875.0|16|3|10|7|6|2,8;2,9;2,10;3,8;3,9;3,10;3,43;26,35;27,34;27,35;54,43;55,43;55,48;55,49;56,52;60,0
60a375e3-3cf2-4548-825f-60c86b847fb1|Carolabruecke 86d76128-c35e-4fae-a740-be452d85efa9|Girder A|2024-04-18||80|80|312353.00000000006|2068.9999999999995|312353.00000000006|94978.0|-1512.0|-65.0|2478875.0|16|3|10|7|6|2,8;2,9;2,10;3,8;3,9;3,10;3,43;26,35;27,34;27,35;54,43;55,43;55,48;55,49;56,52;60,0
413989d6-0cd0-4ce3-b6db-68adc8ba5bfa|Carola RPT A-full 3803bf22-891c-4077-ad80-793c7bce8fa0|Girder A|2024-04-22||80|80|2637202.0000000005|1382.4999999999995|2637202.0000000005|802371.9999999999|1208.0|-6652.0|14946104.0|11|51|11|2|9|11,55;11,56;11,57;11,58;11,59;12,56;12,57;12,58;12,59;51,11;52,11
f8d367c6-4b8e-490a-aa01-84737fa45225|Carola RPT A-full 9f0d8bc0-21c8-4d8f-8ce7-2a41f3f239d4|Girder A|2024-04-22||80|80|2637202.0000000005|1382.4999999999995|2637202.0000000005|802371.9999999999|1208.0|-6652.0|14946104.0|11|51|11|2|9|11,55;11,56;11,57;11,58;11,59;12,56;12,57;12,58;12,59;51,11;52,11
51c2a1ff-fe6b-47d0-a8fb-c8aa8109b7e3|Carola RPT C-subwindow 691644e8-73fe-4c1a-97aa-ffe2eac1319c|Girder A|2024-04-22||80|80|2637202.0000000005|1382.4999999999995|2637202.0000000005|802371.9999999999|1208.0|-6652.0|14946104.0|11|51|11|2|9|11,55;11,56;11,57;11,58;11,59;12,56;12,57;12,58;12,59;51,11;52,11
0fa88ca3-12f4-4ebe-a076-311c1015a784|Carola RPT C-subwindow 9978c280-4108-4c8b-9541-81260137691b|Girder A|2024-04-22||80|80|2637202.0000000005|1382.4999999999995|2637202.0000000005|802371.9999999999|1208.0|-6652.0|14946104.0|11|51|11|2|9|11,55;11,56;11,57;11,58;11,59;12,56;12,57;12,58;12,59;51,11;52,11
645792ee-1a15-407b-bbc6-d31d52e2fa69|Carola RPT C-subwindow da3dd34f-a7eb-45c4-ae4d-e7e00ca57233|Girder A|2024-04-22||80|80|2637202.0000000005|1382.4999999999995|2637202.0000000005|802371.9999999999|1208.0|-6652.0|14946104.0|11|51|11|2|9|11,55;11,56;11,57;11,58;11,59;12,56;12,57;12,58;12,59;51,11;52,11
5325425d-013c-4e50-8d4c-f398924053b9|Carolabruecke 86d76128-c35e-4fae-a740-be452d85efa9|Girder A|2024-04-22||80|80|2637202.0000000005|1382.4999999999995|2637202.0000000005|802371.9999999999|1208.0|-6652.0|14946104.0|11|51|11|2|9|11,55;11,56;11,57;11,58;11,59;12,56;12,57;12,58;12,59;51,11;52,11
cb97ab0e-ee92-464e-baf6-7d24844b352f|Carola RPT A-full 3803bf22-891c-4077-ad80-793c7bce8fa0|Girder A|2024-04-25||80|80|1867730.0000000005|12773.499999999996|1867730.0000000005|592433.0|1249.0|4460.0|23330447.0|26|42|18|13|4|1,76;2,76;9,48;9,51;9,52;9,55;10,55;10,56;20,8;21,8;34,78;35,77;35,78;39,76;41,78;42,18;42,19;43,18;43,19;47,28;62,42;62,52;64,53;65,51;65,52;65,53
c254f8b1-fbd9-4bd8-8c3a-ce78f83b46e9|Carola RPT A-full 9f0d8bc0-21c8-4d8f-8ce7-2a41f3f239d4|Girder A|2024-04-25||80|80|1867730.0000000005|12773.499999999996|1867730.0000000005|592433.0|1249.0|4460.0|23330447.0|26|42|18|13|4|1,76;2,76;9,48;9,51;9,52;9,55;10,55;10,56;20,8;21,8;34,78;35,77;35,78;39,76;41,78;42,18;42,19;43,18;43,19;47,28;62,42;62,52;64,53;65,51;65,52;65,53
420d8c0f-601b-4782-8c06-4150231d147b|Carola RPT C-subwindow 691644e8-73fe-4c1a-97aa-ffe2eac1319c|Girder A|2024-04-25||80|80|1867730.0000000005|12773.499999999996|1867730.0000000005|592433.0|1249.0|4460.0|23330447.0|26|42|18|13|4|1,76;2,76;9,48;9,51;9,52;9,55;10,55;10,56;20,8;21,8;34,78;35,77;35,78;39,76;41,78;42,18;42,19;43,18;43,19;47,28;62,42;62,52;64,53;65,51;65,52;65,53
6eef21a3-32d9-408e-8d06-f0294a36b8ae|Carola RPT C-subwindow 9978c280-4108-4c8b-9541-81260137691b|Girder A|2024-04-25||80|80|1867730.0000000005|12773.499999999996|1867730.0000000005|592433.0|1249.0|4460.0|23330447.0|26|42|18|13|4|1,76;2,76;9,48;9,51;9,52;9,55;10,55;10,56;20,8;21,8;34,78;35,77;35,78;39,76;41,78;42,18;42,19;43,18;43,19;47,28;62,42;62,52;64,53;65,51;65,52;65,53
8258cbb1-9b51-46b2-9a4e-8b006effd926|Carola RPT C-subwindow da3dd34f-a7eb-45c4-ae4d-e7e00ca57233|Girder A|2024-04-25||80|80|1867730.0000000005|12773.499999999996|1867730.0000000005|592433.0|1249.0|4460.0|23330447.0|26|42|18|13|4|1,76;2,76;9,48;9,51;9,52;9,55;10,55;10,56;20,8;21,8;34,78;35,77;35,78;39,76;41,78;42,18;42,19;43,18;43,19;47,28;62,42;62,52;64,53;65,51;65,52;65,53
4aea7798-7f76-426a-bf07-66fbb6cafe94|Carolabruecke 86d76128-c35e-4fae-a740-be452d85efa9|Girder A|2024-04-25||80|80|1867730.0000000005|12773.499999999996|1867730.0000000005|592433.0|1249.0|4460.0|23330447.0|26|42|18|13|4|1,76;2,76;9,48;9,51;9,52;9,55;10,55;10,56;20,8;21,8;34,78;35,77;35,78;39,76;41,78;42,18;42,19;43,18;43,19;47,28;62,42;62,52;64,53;65,51;65,52;65,53
bda96ea1-fc02-411e-ae58-a4e0794a1c51|Carola RPT A-full 3803bf22-891c-4077-ad80-793c7bce8fa0|Girder A|2024-04-30||80|80|1442674.0000000005|8843.5|1442674.0000000005|450341.00000000006|1531.0|1997.0|5460194.0|8|49|20|5|3|2,9;11,50;46,79;49,19;49,20;50,20;54,46;54,47
b7c90fa5-0267-4a08-966f-ba46eac9cc12|Carola RPT A-full 9f0d8bc0-21c8-4d8f-8ce7-2a41f3f239d4|Girder A|2024-04-30||80|80|1442674.0000000005|8843.5|1442674.0000000005|450341.00000000006|1531.0|1997.0|5460194.0|8|49|20|5|3|2,9;11,50;46,79;49,19;49,20;50,20;54,46;54,47
2c69ff9d-7b56-4f10-84c4-30da837fbcd1|Carola RPT C-subwindow 691644e8-73fe-4c1a-97aa-ffe2eac1319c|Girder A|2024-04-30||80|80|1442674.0000000005|8843.5|1442674.0000000005|450341.00000000006|1531.0|1997.0|5460194.0|8|49|20|5|3|2,9;11,50;46,79;49,19;49,20;50,20;54,46;54,47
b216c860-982d-4835-9b28-18c69f67e98f|Carola RPT C-subwindow 9978c280-4108-4c8b-9541-81260137691b|Girder A|2024-04-30||80|80|1442674.0000000005|8843.5|1442674.0000000005|450341.00000000006|1531.0|1997.0|5460194.0|8|49|20|5|3|2,9;11,50;46,79;49,19;49,20;50,20;54,46;54,47
dd8523a3-523b-4e2e-832f-32ca277d9ca5|Carola RPT C-subwindow da3dd34f-a7eb-45c4-ae4d-e7e00ca57233|Girder A|2024-04-30||80|80|1442674.0000000005|8843.5|1442674.0000000005|450341.00000000006|1531.0|1997.0|5460194.0|8|49|20|5|3|2,9;11,50;46,79;49,19;49,20;50,20;54,46;54,47
cfb4faca-ba32-4210-b8e3-6e4aab969398|Carolabruecke 86d76128-c35e-4fae-a740-be452d85efa9|Girder A|2024-04-30||80|80|1442674.0000000005|8843.5|1442674.0000000005|450341.00000000006|1531.0|1997.0|5460194.0|8|49|20|5|3|2,9;11,50;46,79;49,19;49,20;50,20;54,46;54,47
11156740-4dd2-4fc0-b13e-7c07f6eb06c1|Carola RPT A-full 3803bf22-891c-4077-ad80-793c7bce8fa0|Girder A|2024-05-04||80|80|1884612.9999999995|1405.0000000000002|1884612.9999999995|567952.9999999999|4327.0|7554.0|19819007.0|16|12|57|2|12|11,55;11,56;11,57;11,58;11,59;12,55;12,56;12,57;12,58;12,59;12,60;13,60;51,11;51,12;52,11;52,12
2c376601-5254-42fd-92cd-0b2db9f68950|Carola RPT A-full 9f0d8bc0-21c8-4d8f-8ce7-2a41f3f239d4|Girder A|2024-05-04||80|80|1884612.9999999995|1405.0000000000002|1884612.9999999995|567952.9999999999|4327.0|7554.0|19819007.0|16|12|57|2|12|11,55;11,56;11,57;11,58;11,59;12,55;12,56;12,57;12,58;12,59;12,60;13,60;51,11;51,12;52,11;52,12
34b19e51-9f1a-488c-adbb-867a5ee80055|Carola RPT C-subwindow 691644e8-73fe-4c1a-97aa-ffe2eac1319c|Girder A|2024-05-04||80|80|1884612.9999999995|1405.0000000000002|1884612.9999999995|567952.9999999999|4327.0|7554.0|19819007.0|16|12|57|2|12|11,55;11,56;11,57;11,58;11,59;12,55;12,56;12,57;12,58;12,59;12,60;13,60;51,11;51,12;52,11;52,12
5d1c49f7-ca6d-4d03-844f-479fc46a9cfa|Carola RPT C-subwindow 9978c280-4108-4c8b-9541-81260137691b|Girder A|2024-05-04||80|80|1884612.9999999995|1405.0000000000002|1884612.9999999995|567952.9999999999|4327.0|7554.0|19819007.0|16|12|57|2|12|11,55;11,56;11,57;11,58;11,59;12,55;12,56;12,57;12,58;12,59;12,60;13,60;51,11;51,12;52,11;52,12
79d6066c-6d86-4041-9e3d-d1c03b111ef5|Carola RPT C-subwindow da3dd34f-a7eb-45c4-ae4d-e7e00ca57233|Girder A|2024-05-04||80|80|1884612.9999999995|1405.0000000000002|1884612.9999999995|567952.9999999999|4327.0|7554.0|19819007.0|16|12|57|2|12|11,55;11,56;11,57;11,58;11,59;12,55;12,56;12,57;12,58;12,59;12,60;13,60;51,11;51,12;52,11;52,12
8eaf5f65-e87d-4f8b-8059-67633afd4a51|Carolabruecke 86d76128-c35e-4fae-a740-be452d85efa9|Girder A|2024-05-04||80|80|1884612.9999999995|1405.0000000000002|1884612.9999999995|567952.9999999999|4327.0|7554.0|19819007.0|16|12|57|2|12|11,55;11,56;11,57;11,58;11,59;12,55;12,56;12,57;12,58;12,59;12,60;13,60;51,11;51,12;52,11;52,12
39a4d358-58be-4b16-99db-1dd0f44e9e1d|Carola RPT A-full 3803bf22-891c-4077-ad80-793c7bce8fa0|Girder A|2024-05-07||80|80|3455875.999999999|2536.0|3455875.999999999|1356565.0|-3168.0|1877.0|6209083.0|3|66|71|1|3|65,71;66,71;66,72
5ab32822-7145-4e62-91e6-f655b2648637|Carola RPT A-full 9f0d8bc0-21c8-4d8f-8ce7-2a41f3f239d4|Girder A|2024-05-07||80|80|3455875.999999999|2536.0|3455875.999999999|1356565.0|-3168.0|1877.0|6209083.0|3|66|71|1|3|65,71;66,71;66,72
1483e353-298d-4034-bd7a-865f1dfa2f7c|Carola RPT C-subwindow 691644e8-73fe-4c1a-97aa-ffe2eac1319c|Girder A|2024-05-07||80|80|3455875.999999999|2536.0|3455875.999999999|1356565.0|-3168.0|1877.0|6209083.0|3|66|71|1|3|65,71;66,71;66,72
34e97a33-ee83-4e0e-bbdd-11831342e250|Carola RPT C-subwindow 9978c280-4108-4c8b-9541-81260137691b|Girder A|2024-05-07||80|80|3455875.999999999|2536.0|3455875.999999999|1356565.0|-3168.0|1877.0|6209083.0|3|66|71|1|3|65,71;66,71;66,72
c9ea6a86-54db-48ec-be43-d6b5ba484f28|Carola RPT C-subwindow da3dd34f-a7eb-45c4-ae4d-e7e00ca57233|Girder A|2024-05-07||80|80|3455875.999999999|2536.0|3455875.999999999|1356565.0|-3168.0|1877.0|6209083.0|3|66|71|1|3|65,71;66,71;66,72
b2867849-ffdd-4672-95c8-baea3b36772f|Carolabruecke 86d76128-c35e-4fae-a740-be452d85efa9|Girder A|2024-05-07||80|80|3455875.999999999|2536.0|3455875.999999999|1356565.0|-3168.0|1877.0|6209083.0|3|66|71|1|3|65,71;66,71;66,72
fb5e6b78-dee7-4453-9a55-28486b2a9150|Carola RPT A-full 3803bf22-891c-4077-ad80-793c7bce8fa0|Girder A|2024-05-12||80|80|1617377.0000000007|8500.0|1617377.0000000007|559529.0000000001|2001.0|2220.0|7914817.0|10|50|21|4|4|11,51;12,51;30,54;30,55;31,54;31,55;49,21;50,20;50,21;55,47
9e86b59f-09e3-4538-a626-41ba56b18d10|Carola RPT A-full 9f0d8bc0-21c8-4d8f-8ce7-2a41f3f239d4|Girder A|2024-05-12||80|80|1617377.0000000007|8500.0|1617377.0000000007|559529.0000000001|2001.0|2220.0|7914817.0|10|50|21|4|4|11,51;12,51;30,54;30,55;31,54;31,55;49,21;50,20;50,21;55,47
aedb57e1-fcc5-4fa5-b8bd-d3f2abae21c1|Carola RPT C-subwindow 691644e8-73fe-4c1a-97aa-ffe2eac1319c|Girder A|2024-05-12||80|80|1617377.0000000007|8500.0|1617377.0000000007|559529.0000000001|2001.0|2220.0|7914817.0|10|50|21|4|4|11,51;12,51;30,54;30,55;31,54;31,55;49,21;50,20;50,21;55,47
fae32afc-056e-471c-878c-a624eeaf39d5|Carola RPT C-subwindow 9978c280-4108-4c8b-9541-81260137691b|Girder A|2024-05-12||80|80|1617377.0000000007|8500.0|1617377.0000000007|559529.0000000001|2001.0|2220.0|7914817.0|10|50|21|4|4|11,51;12,51;30,54;30,55;31,54;31,55;49,21;50,20;50,21;55,47
c4e1695f-f556-4e8c-8169-e85a38077ee4|Carola RPT C-subwindow da3dd34f-a7eb-45c4-ae4d-e7e00ca57233|Girder A|2024-05-12||80|80|1617377.0000000007|8500.0|1617377.0000000007|559529.0000000001|2001.0|2220.0|7914817.0|10|50|21|4|4|11,51;12,51;30,54;30,55;31,54;31,55;49,21;50,20;50,21;55,47
147c0d38-88b3-405b-a687-db958f0435c3|Carolabruecke 86d76128-c35e-4fae-a740-be452d85efa9|Girder A|2024-05-12||80|80|1617377.0000000007|8500.0|1617377.0000000007|559529.0000000001|2001.0|2220.0|7914817.0|10|50|21|4|4|11,51;12,51;30,54;30,55;31,54;31,55;49,21;50,20;50,21;55,47
fe8eb609-4386-4efc-8ff7-a3c1d6780f8d|Carola RPT A-full 3803bf22-891c-4077-ad80-793c7bce8fa0|Girder A|2024-05-16||80|80|2001721.0000000002|1561.0|2001721.0000000002|623108.0000000001|4051.0|3811.0|16260524.0|14|52|12|3|10|11,55;11,56;11,57;11,58;12,55;12,56;12,57;12,58;12,59;12,60;20,46;51,12;52,11;52,12
34ad56dd-725b-42d6-8d4e-61d2fbd6c290|Carola RPT A-full 9f0d8bc0-21c8-4d8f-8ce7-2a41f3f239d4|Girder A|2024-05-16||80|80|2001721.0000000002|1561.0|2001721.0000000002|623108.0000000001|4051.0|3811.0|16260524.0|14|52|12|3|10|11,55;11,56;11,57;11,58;12,55;12,56;12,57;12,58;12,59;12,60;20,46;51,12;52,11;52,12
7cb350f7-63f3-4b1f-b159-fbbdb37e6909|Carola RPT C-subwindow 691644e8-73fe-4c1a-97aa-ffe2eac1319c|Girder A|2024-05-16||80|80|2001721.0000000002|1561.0|2001721.0000000002|623108.0000000001|4051.0|3811.0|16260524.0|14|52|12|3|10|11,55;11,56;11,57;11,58;12,55;12,56;12,57;12,58;12,59;12,60;20,46;51,12;52,11;52,12
a5759e41-797e-4b20-8ce6-31c4237df124|Carola RPT C-subwindow 9978c280-4108-4c8b-9541-81260137691b|Girder A|2024-05-16||80|80|2001721.0000000002|1561.0|2001721.0000000002|623108.0000000001|4051.0|3811.0|16260524.0|14|52|12|3|10|11,55;11,56;11,57;11,58;12,55;12,56;12,57;12,58;12,59;12,60;20,46;51,12;52,11;52,12
210a16fb-1b0a-4b9f-a543-ee8515741095|Carola RPT C-subwindow da3dd34f-a7eb-45c4-ae4d-e7e00ca57233|Girder A|2024-05-16||80|80|2001721.0000000002|1561.0|2001721.0000000002|623108.0000000001|4051.0|3811.0|16260524.0|14|52|12|3|10|11,55;11,56;11,57;11,58;12,55;12,56;12,57;12,58;12,59;12,60;20,46;51,12;52,11;52,12
0f459932-39d4-4617-9fcb-9924750d7dd4|Carolabruecke 86d76128-c35e-4fae-a740-be452d85efa9|Girder A|2024-05-16||80|80|2001721.0000000002|1561.0|2001721.0000000002|623108.0000000001|4051.0|3811.0|16260524.0|14|52|12|3|10|11,55;11,56;11,57;11,58;12,55;12,56;12,57;12,58;12,59;12,60;20,46;51,12;52,11;52,12
78adcc0f-763d-444d-95df-771cae1ff677|Carola RPT A-full 3803bf22-891c-4077-ad80-793c7bce8fa0|Girder A|2024-05-19||80|80|2784321.9999999995|2643.0|2784321.9999999995|2731525.0|57.0|2592.0|5515847.0|2|68|72|1|2|67,72;68,72
5a4a96c5-486b-473c-96eb-1fbe63172e2c|Carola RPT A-full 9f0d8bc0-21c8-4d8f-8ce7-2a41f3f239d4|Girder A|2024-05-19||80|80|2784321.9999999995|2643.0|2784321.9999999995|2731525.0|57.0|2592.0|5515847.0|2|68|72|1|2|67,72;68,72
8bedeee7-6a64-4143-9228-cf98ea06aaae|Carola RPT C-subwindow 691644e8-73fe-4c1a-97aa-ffe2eac1319c|Girder A|2024-05-19||80|80|2784321.9999999995|2643.0|2784321.9999999995|2731525.0|57.0|2592.0|5515847.0|2|68|72|1|2|67,72;68,72
0948b178-b695-4128-b1bf-75520b5b136c|Carola RPT C-subwindow 9978c280-4108-4c8b-9541-81260137691b|Girder A|2024-05-19||80|80|2784321.9999999995|2643.0|2784321.9999999995|2731525.0|57.0|2592.0|5515847.0|2|68|72|1|2|67,72;68,72
f4977f7e-89cd-4870-91a9-57d333e291c8|Carola RPT C-subwindow da3dd34f-a7eb-45c4-ae4d-e7e00ca57233|Girder A|2024-05-19||80|80|2784321.9999999995|2643.0|2784321.9999999995|2731525.0|57.0|2592.0|5515847.0|2|68|72|1|2|67,72;68,72
16d92e5b-b633-406e-9540-f991d9f9853e|Carolabruecke 86d76128-c35e-4fae-a740-be452d85efa9|Girder A|2024-05-19||80|80|2784321.9999999995|2643.0|2784321.9999999995|2731525.0|57.0|2592.0|5515847.0|2|68|72|1|2|67,72;68,72
31997421-025a-4daa-95e5-02c1dc533a4e|Carola RPT A-full 3803bf22-891c-4077-ad80-793c7bce8fa0|Girder A|2024-05-24||80|80|1450929.9999999998|8354.5|1450929.9999999998|439423.99999999994|-565.0|-4395.0|11405378.0|14|30|55|6|5|11,51;11,52;14,66;29,55;29,56;30,54;30,55;30,56;49,21;49,22;49,74;50,21;50,22;54,48
bc4d5dcd-35c3-420e-a869-2d9a66aa19ec|Carola RPT A-full 9f0d8bc0-21c8-4d8f-8ce7-2a41f3f239d4|Girder A|2024-05-24||80|80|1450929.9999999998|8354.5|1450929.9999999998|439423.99999999994|-565.0|-4395.0|11405378.0|14|30|55|6|5|11,51;11,52;14,66;29,55;29,56;30,54;30,55;30,56;49,21;49,22;49,74;50,21;50,22;54,48
16262622-e543-4dde-a05a-799df14b869b|Carola RPT C-subwindow 691644e8-73fe-4c1a-97aa-ffe2eac1319c|Girder A|2024-05-24||80|80|1450929.9999999998|8354.5|1450929.9999999998|439423.99999999994|-565.0|-4395.0|11405378.0|14|30|55|6|5|11,51;11,52;14,66;29,55;29,56;30,54;30,55;30,56;49,21;49,22;49,74;50,21;50,22;54,48
425e4fc5-cb20-4582-8513-6b7f159cf87f|Carola RPT C-subwindow 9978c280-4108-4c8b-9541-81260137691b|Girder A|2024-05-24||80|80|1450929.9999999998|8354.5|1450929.9999999998|439423.99999999994|-565.0|-4395.0|11405378.0|14|30|55|6|5|11,51;11,52;14,66;29,55;29,56;30,54;30,55;30,56;49,21;49,22;49,74;50,21;50,22;54,48
ed274ea4-a13b-4fcc-984c-bad8547edd1b|Carola RPT C-subwindow da3dd34f-a7eb-45c4-ae4d-e7e00ca57233|Girder A|2024-05-24||80|80|1450929.9999999998|8354.5|1450929.9999999998|439423.99999999994|-565.0|-4395.0|11405378.0|14|30|55|6|5|11,51;11,52;14,66;29,55;29,56;30,54;30,55;30,56;49,21;49,22;49,74;50,21;50,22;54,48
ca700268-ef16-45fc-abdf-988c9774ddaa|Carolabruecke 86d76128-c35e-4fae-a740-be452d85efa9|Girder A|2024-05-24||80|80|1450929.9999999998|8354.5|1450929.9999999998|439423.99999999994|-565.0|-4395.0|11405378.0|14|30|55|6|5|11,51;11,52;14,66;29,55;29,56;30,54;30,55;30,56;49,21;49,22;49,74;50,21;50,22;54,48
e9247d69-8bce-4334-8d1a-cef6bb38b45c|Carola RPT A-full 3803bf22-891c-4077-ad80-793c7bce8fa0|Girder A|2024-05-28||80|80|6628391.999999999|9272.5|6628391.999999999|3027568.9999999995|-3074.0|3929.0|19285759.0|5|70|26|3|2|70,14;70,26;71,26;79,21;79,22
a6961aa4-0ad2-491b-99aa-d4a52a7a5bdf|Carola RPT A-full 9f0d8bc0-21c8-4d8f-8ce7-2a41f3f239d4|Girder A|2024-05-28||80|80|6628391.999999999|9272.5|6628391.999999999|3027568.9999999995|-3074.0|3929.0|19285759.0|5|70|26|3|2|70,14;70,26;71,26;79,21;79,22
2649cddd-dc76-4d63-9e8b-98652f4a240a|Carola RPT C-subwindow 691644e8-73fe-4c1a-97aa-ffe2eac1319c|Girder A|2024-05-28||80|80|6628391.999999999|9272.5|6628391.999999999|3027568.9999999995|-3074.0|3929.0|19285759.0|5|70|26|3|2|70,14;70,26;71,26;79,21;79,22
435d18c9-3272-452c-862d-aa05fa353959|Carola RPT C-subwindow 9978c280-4108-4c8b-9541-81260137691b|Girder A|2024-05-28||80|80|6628391.999999999|9272.5|6628391.999999999|3027568.9999999995|-3074.0|3929.0|19285759.0|5|70|26|3|2|70,14;70,26;71,26;79,21;79,22
c057acac-1d79-474f-8998-09d697456247|Carola RPT C-subwindow da3dd34f-a7eb-45c4-ae4d-e7e00ca57233|Girder A|2024-05-28||80|80|6628391.999999999|9272.5|6628391.999999999|3027568.9999999995|-3074.0|3929.0|19285759.0|5|70|26|3|2|70,14;70,26;71,26;79,21;79,22
5cc695bd-97c7-453e-a984-b0d791cace0c|Carolabruecke 86d76128-c35e-4fae-a740-be452d85efa9|Girder A|2024-05-28||80|80|6628391.999999999|9272.5|6628391.999999999|3027568.9999999995|-3074.0|3929.0|19285759.0|5|70|26|3|2|70,14;70,26;71,26;79,21;79,22
362114f3-c379-4fe9-9d05-574d08a5babc|Carola RPT A-full 3803bf22-891c-4077-ad80-793c7bce8fa0|Girder A|2024-05-31||80|80|974080.0000000002|12942.5|974080.0000000002|305369.9999999999|12052.0|-387.0|26857799.0|58|44|19|24|9|3,76;3,77;4,76;5,72;6,67;6,72;9,42;9,43;9,44;10,43;10,44;10,48;10,49;10,50;11,49;11,50;12,56;13,22;33,16;33,17;34,25;36,78;40,76;40,77;41,76;41,77;44,19;44,20;45,19;47,14;52,42;58,35;61,21;61,22;62,21;62,22;62,76;62,77;63,42;64,42;64,43;64,52;64,53;64,55;64,73;65,53;66,52;66,53;66,54;66,57;67,52;67,53;67,54;67,57;68,57;76,51;77,51;78,43
71a7ec03-d3f5-4f01-ae97-d802e347023b|Carola RPT A-full 9f0d8bc0-21c8-4d8f-8ce7-2a41f3f239d4|Girder A|2024-05-31||80|80|974080.0000000002|12942.5|974080.0000000002|305369.9999999999|12052.0|-387.0|26857799.0|58|44|19|24|9|3,76;3,77;4,76;5,72;6,67;6,72;9,42;9,43;9,44;10,43;10,44;10,48;10,49;10,50;11,49;11,50;12,56;13,22;33,16;33,17;34,25;36,78;40,76;40,77;41,76;41,77;44,19;44,20;45,19;47,14;52,42;58,35;61,21;61,22;62,21;62,22;62,76;62,77;63,42;64,42;64,43;64,52;64,53;64,55;64,73;65,53;66,52;66,53;66,54;66,57;67,52;67,53;67,54;67,57;68,57;76,51;77,51;78,43
4256406d-e26a-48c2-9349-d6fa33d356e3|Carola RPT C-subwindow 691644e8-73fe-4c1a-97aa-ffe2eac1319c|Girder A|2024-05-31||80|80|974080.0000000002|12942.5|974080.0000000002|305369.9999999999|12052.0|-387.0|26857799.0|58|44|19|24|9|3,76;3,77;4,76;5,72;6,67;6,72;9,42;9,43;9,44;10,43;10,44;10,48;10,49;10,50;11,49;11,50;12,56;13,22;33,16;33,17;34,25;36,78;40,76;40,77;41,76;41,77;44,19;44,20;45,19;47,14;52,42;58,35;61,21;61,22;62,21;62,22;62,76;62,77;63,42;64,42;64,43;64,52;64,53;64,55;64,73;65,53;66,52;66,53;66,54;66,57;67,52;67,53;67,54;67,57;68,57;76,51;77,51;78,43
7039effe-41fc-46a9-ad72-7c985e890fe4|Carola RPT C-subwindow 9978c280-4108-4c8b-9541-81260137691b|Girder A|2024-05-31||80|80|974080.0000000002|12942.5|974080.0000000002|305369.9999999999|12052.0|-387.0|26857799.0|58|44|19|24|9|3,76;3,77;4,76;5,72;6,67;6,72;9,42;9,43;9,44;10,43;10,44;10,48;10,49;10,50;11,49;11,50;12,56;13,22;33,16;33,17;34,25;36,78;40,76;40,77;41,76;41,77;44,19;44,20;45,19;47,14;52,42;58,35;61,21;61,22;62,21;62,22;62,76;62,77;63,42;64,42;64,43;64,52;64,53;64,55;64,73;65,53;66,52;66,53;66,54;66,57;67,52;67,53;67,54;67,57;68,57;76,51;77,51;78,43
074acc80-6278-425e-9136-7176d87170c1|Carola RPT C-subwindow da3dd34f-a7eb-45c4-ae4d-e7e00ca57233|Girder A|2024-05-31||80|80|974080.0000000002|12942.5|974080.0000000002|305369.9999999999|12052.0|-387.0|26857799.0|58|44|19|24|9|3,76;3,77;4,76;5,72;6,67;6,72;9,42;9,43;9,44;10,43;10,44;10,48;10,49;10,50;11,49;11,50;12,56;13,22;33,16;33,17;34,25;36,78;40,76;40,77;41,76;41,77;44,19;44,20;45,19;47,14;52,42;58,35;61,21;61,22;62,21;62,22;62,76;62,77;63,42;64,42;64,43;64,52;64,53;64,55;64,73;65,53;66,52;66,53;66,54;66,57;67,52;67,53;67,54;67,57;68,57;76,51;77,51;78,43
7c84228d-5534-42ca-af8a-bc62c6ca5cc8|Carolabruecke 86d76128-c35e-4fae-a740-be452d85efa9|Girder A|2024-05-31||80|80|974080.0000000002|12942.5|974080.0000000002|305369.9999999999|12052.0|-387.0|26857799.0|58|44|19|24|9|3,76;3,77;4,76;5,72;6,67;6,72;9,42;9,43;9,44;10,43;10,44;10,48;10,49;10,50;11,49;11,50;12,56;13,22;33,16;33,17;34,25;36,78;40,76;40,77;41,76;41,77;44,19;44,20;45,19;47,14;52,42;58,35;61,21;61,22;62,21;62,22;62,76;62,77;63,42;64,42;64,43;64,52;64,53;64,55;64,73;65,53;66,52;66,53;66,54;66,57;67,52;67,53;67,54;67,57;68,57;76,51;77,51;78,43
c39403e9-8359-4283-835d-3a284fd81656|Carola RPT A-full 3803bf22-891c-4077-ad80-793c7bce8fa0|Girder A|2024-06-05||80|80|426100.0|2249.0|426100.0|132205.00000000003|-1019.0|1977.0|1806372.0|8|2|11|3|6|2,10;2,11;2,12;3,10;3,11;3,12;6,20;54,41
5b4023b8-33f5-4005-b5a6-40f962f06685|Carola RPT A-full 9f0d8bc0-21c8-4d8f-8ce7-2a41f3f239d4|Girder A|2024-06-05||80|80|426100.0|2249.0|426100.0|132205.00000000003|-1019.0|1977.0|1806372.0|8|2|11|3|6|2,10;2,11;2,12;3,10;3,11;3,12;6,20;54,41
c22de801-e000-4c5c-96c5-a16806ae2c1f|Carola RPT C-subwindow 691644e8-73fe-4c1a-97aa-ffe2eac1319c|Girder A|2024-06-05||80|80|426100.0|2249.0|426100.0|132205.00000000003|-1019.0|1977.0|1806372.0|8|2|11|3|6|2,10;2,11;2,12;3,10;3,11;3,12;6,20;54,41
7d79cf36-4dc0-4c33-9fdf-c4fa81635df5|Carola RPT C-subwindow 9978c280-4108-4c8b-9541-81260137691b|Girder A|2024-06-05||80|80|426100.0|2249.0|426100.0|132205.00000000003|-1019.0|1977.0|1806372.0|8|2|11|3|6|2,10;2,11;2,12;3,10;3,11;3,12;6,20;54,41
7d262d83-e560-4bcb-8b03-bf6d11c4d3d1|Carola RPT C-subwindow da3dd34f-a7eb-45c4-ae4d-e7e00ca57233|Girder A|2024-06-05||80|80|426100.0|2249.0|426100.0|132205.00000000003|-1019.0|1977.0|1806372.0|8|2|11|3|6|2,10;2,11;2,12;3,10;3,11;3,12;6,20;54,41
eccf95dd-48cf-4fca-8e3f-23fb934acceb|Carolabruecke 86d76128-c35e-4fae-a740-be452d85efa9|Girder A|2024-06-05||80|80|426100.0|2249.0|426100.0|132205.00000000003|-1019.0|1977.0|1806372.0|8|2|11|3|6|2,10;2,11;2,12;3,10;3,11;3,12;6,20;54,41
0a253901-da5d-487f-a151-211106b9545e|Carola RPT A-full 3803bf22-891c-4077-ad80-793c7bce8fa0|Girder A|2024-06-09||80|80|2472488.0000000005|1382.4999999999995|2472488.0000000005|751592.0000000001|-830.0|7647.0|15960949.0|12|52|11|2|8|11,56;12,55;12,56;12,57;12,58;12,59;12,60;13,60;51,11;51,12;52,11;52,12
55e4007c-2e30-4bf1-b40f-ccca58227196|Carola RPT A-full 9f0d8bc0-21c8-4d8f-8ce7-2a41f3f239d4|Girder A|2024-06-09||80|80|2472488.0000000005|1382.4999999999995|2472488.0000000005|751592.0000000001|-830.0|7647.0|15960949.0|12|52|11|2|8|11,56;12,55;12,56;12,57;12,58;12,59;12,60;13,60;51,11;51,12;52,11;52,12
08b4142c-9745-4f28-99a7-67b14f96c93c|Carola RPT C-subwindow 691644e8-73fe-4c1a-97aa-ffe2eac1319c|Girder A|2024-06-09||80|80|2472488.0000000005|1382.4999999999995|2472488.0000000005|751592.0000000001|-830.0|7647.0|15960949.0|12|52|11|2|8|11,56;12,55;12,56;12,57;12,58;12,59;12,60;13,60;51,11;51,12;52,11;52,12
5cc20f2d-5104-4d33-84ce-07ce44c700e9|Carola RPT C-subwindow 9978c280-4108-4c8b-9541-81260137691b|Girder A|2024-06-09||80|80|2472488.0000000005|1382.4999999999995|2472488.0000000005|751592.0000000001|-830.0|7647.0|15960949.0|12|52|11|2|8|11,56;12,55;12,56;12,57;12,58;12,59;12,60;13,60;51,11;51,12;52,11;52,12
cd48cd30-ea9d-4eca-8435-abaf5b856974|Carola RPT C-subwindow da3dd34f-a7eb-45c4-ae4d-e7e00ca57233|Girder A|2024-06-09||80|80|2472488.0000000005|1382.4999999999995|2472488.0000000005|751592.0000000001|-830.0|7647.0|15960949.0|12|52|11|2|8|11,56;12,55;12,56;12,57;12,58;12,59;12,60;13,60;51,11;51,12;52,11;52,12
700e524b-1ffb-4003-93aa-5e494831e1c5|Carolabruecke 86d76128-c35e-4fae-a740-be452d85efa9|Girder A|2024-06-09||80|80|2472488.0000000005|1382.4999999999995|2472488.0000000005|751592.0000000001|-830.0|7647.0|15960949.0|12|52|11|2|8|11,56;12,55;12,56;12,57;12,58;12,59;12,60;13,60;51,11;51,12;52,11;52,12
b97c6075-ad61-4b06-a4e5-d41a2e38f198|Carola RPT A-full 3803bf22-891c-4077-ad80-793c7bce8fa0|Girder A|2024-06-12||80|80|1842074.0|12909.0|1842074.0|584897.0000000001|9651.0|-3559.0|15264936.0|18|9|48|8|4|8,48;9,47;9,48;10,55;10,56;11,55;11,56;43,19;56,34;57,34;60,21;64,53;65,52;65,53;66,52;75,51;79,4;79,5
d5f5b2c6-930c-4185-839f-bc5024e58f4d|Carola RPT A-full 9f0d8bc0-21c8-4d8f-8ce7-2a41f3f239d4|Girder A|2024-06-12||80|80|1842074.0|12909.0|1842074.0|584897.0000000001|9651.0|-3559.0|15264936.0|18|9|48|8|4|8,48;9,47;9,48;10,55;10,56;11,55;11,56;43,19;56,34;57,34;60,21;64,53;65,52;65,53;66,52;75,51;79,4;79,5
28667d7e-e83b-4ab8-9f53-c811baaac50a|Carola RPT C-subwindow 691644e8-73fe-4c1a-97aa-ffe2eac1319c|Girder A|2024-06-12||80|80|1842074.0|12909.0|1842074.0|584897.0000000001|9651.0|-3559.0|15264936.0|18|9|48|8|4|8,48;9,47;9,48;10,55;10,56;11,55;11,56;43,19;56,34;57,34;60,21;64,53;65,52;65,53;66,52;75,51;79,4;79,5
bf08ee28-2081-4135-b0c5-a97e03635a69|Carola RPT C-subwindow 9978c280-4108-4c8b-9541-81260137691b|Girder A|2024-06-12||80|80|1842074.0|12909.0|1842074.0|584897.0000000001|9651.0|-3559.0|15264936.0|18|9|48|8|4|8,48;9,47;9,48;10,55;10,56;11,55;11,56;43,19;56,34;57,34;60,21;64,53;65,52;65,53;66,52;75,51;79,4;79,5
bc9b7d1c-2948-4b8c-896c-ac9b3031dee8|Carola RPT C-subwindow da3dd34f-a7eb-45c4-ae4d-e7e00ca57233|Girder A|2024-06-12||80|80|1842074.0|12909.0|1842074.0|584897.0000000001|9651.0|-3559.0|15264936.0|18|9|48|8|4|8,48;9,47;9,48;10,55;10,56;11,55;11,56;43,19;56,34;57,34;60,21;64,53;65,52;65,53;66,52;75,51;79,4;79,5
2b9d2725-5b51-4c9a-93c1-46768f5de0b7|Carolabruecke 86d76128-c35e-4fae-a740-be452d85efa9|Girder A|2024-06-12||80|80|1842074.0|12909.0|1842074.0|584897.0000000001|9651.0|-3559.0|15264936.0|18|9|48|8|4|8,48;9,47;9,48;10,55;10,56;11,55;11,56;43,19;56,34;57,34;60,21;64,53;65,52;65,53;66,52;75,51;79,4;79,5
94344296-442a-40d4-b0ac-39d5db10669a|Carola RPT A-full 3803bf22-891c-4077-ad80-793c7bce8fa0|Girder A|2024-06-17||80|80|1630564.0000000002|8355.0|1630564.0000000002|521028.00000000006|-617.0|-4116.0|9978543.0|11|49|22|4|4|10,51;10,52;29,54;29,55;29,56;29,57;48,21;48,22;49,21;49,22;79,76
8e3332ef-dd11-490b-93f4-bfa663dfb268|Carola RPT A-full 9f0d8bc0-21c8-4d8f-8ce7-2a41f3f239d4|Girder A|2024-06-17||80|80|1630564.0000000002|8355.0|1630564.0000000002|521028.00000000006|-617.0|-4116.0|9978543.0|11|49|22|4|4|10,51;10,52;29,54;29,55;29,56;29,57;48,21;48,22;49,21;49,22;79,76
93c16c8a-4889-407b-a654-f972aa71d6fa|Carola RPT C-subwindow 691644e8-73fe-4c1a-97aa-ffe2eac1319c|Girder A|2024-06-17||80|80|1630564.0000000002|8355.0|1630564.0000000002|521028.00000000006|-617.0|-4116.0|9978543.0|11|49|22|4|4|10,51;10,52;29,54;29,55;29,56;29,57;48,21;48,22;49,21;49,22;79,76
16cfca4a-83d5-4614-b585-521c1b32b8e5|Carola RPT C-subwindow 9978c280-4108-4c8b-9541-81260137691b|Girder A|2024-06-17||80|80|1630564.0000000002|8355.0|1630564.0000000002|521028.00000000006|-617.0|-4116.0|9978543.0|11|49|22|4|4|10,51;10,52;29,54;29,55;29,56;29,57;48,21;48,22;49,21;49,22;79,76
dd09017d-a1ec-4355-863c-f0feab655bd1|Carola RPT C-subwindow da3dd34f-a7eb-45c4-ae4d-e7e00ca57233|Girder A|2024-06-17||80|80|1630564.0000000002|8355.0|1630564.0000000002|521028.00000000006|-617.0|-4116.0|9978543.0|11|49|22|4|4|10,51;10,52;29,54;29,55;29,56;29,57;48,21;48,22;49,21;49,22;79,76
e6850ecc-332b-4a0d-ae86-8b0f3276d077|Carolabruecke 86d76128-c35e-4fae-a740-be452d85efa9|Girder A|2024-06-17||80|80|1630564.0000000002|8355.0|1630564.0000000002|521028.00000000006|-617.0|-4116.0|9978543.0|11|49|22|4|4|10,51;10,52;29,54;29,55;29,56;29,57;48,21;48,22;49,21;49,22;79,76
2b37a32b-560f-48c1-9de9-a59f0e6e56d5|Carola RPT A-full 3803bf22-891c-4077-ad80-793c7bce8fa0|Girder A|2024-06-21||80|80|1728531.9999999998|5872.5|1728531.9999999998|529576.0|-29.0|1820.0|26012375.0|31|61|62|12|4|6,30;6,31;7,30;7,31;36,4;39,23;39,24;40,23;40,24;42,42;44,54;44,55;45,55;57,24;61,61;61,62;62,61;62,62;67,64;67,66;68,64;68,66;69,16;69,17;69,28;69,29;70,16;70,17;70,28;70,29;70,70
38f07a86-8dec-42ff-965c-9ae9a191f6a9|Carola RPT A-full 9f0d8bc0-21c8-4d8f-8ce7-2a41f3f239d4|Girder A|2024-06-21||80|80|1728531.9999999998|5872.5|1728531.9999999998|529576.0|-29.0|1820.0|26012375.0|31|61|62|12|4|6,30;6,31;7,30;7,31;36,4;39,23;39,24;40,23;40,24;42,42;44,54;44,55;45,55;57,24;61,61;61,62;62,61;62,62;67,64;67,66;68,64;68,66;69,16;69,17;69,28;69,29;70,16;70,17;70,28;70,29;70,70
462a61e2-96c0-4115-ac9a-2da828b53cc2|Carola RPT C-subwindow 691644e8-73fe-4c1a-97aa-ffe2eac1319c|Girder A|2024-06-21||80|80|1728531.9999999998|5872.5|1728531.9999999998|529576.0|-29.0|1820.0|26012375.0|31|61|62|12|4|6,30;6,31;7,30;7,31;36,4;39,23;39,24;40,23;40,24;42,42;44,54;44,55;45,55;57,24;61,61;61,62;62,61;62,62;67,64;67,66;68,64;68,66;69,16;69,17;69,28;69,29;70,16;70,17;70,28;70,29;70,70
5def2ce7-eb10-48a4-b13e-9f777a46355b|Carola RPT C-subwindow 9978c280-4108-4c8b-9541-81260137691b|Girder A|2024-06-21||80|80|1728531.9999999998|5872.5|1728531.9999999998|529576.0|-29.0|1820.0|26012375.0|31|61|62|12|4|6,30;6,31;7,30;7,31;36,4;39,23;39,24;40,23;40,24;42,42;44,54;44,55;45,55;57,24;61,61;61,62;62,61;62,62;67,64;67,66;68,64;68,66;69,16;69,17;69,28;69,29;70,16;70,17;70,28;70,29;70,70
4cc509ba-f725-44ea-9f3c-1640b34aff54|Carola RPT C-subwindow da3dd34f-a7eb-45c4-ae4d-e7e00ca57233|Girder A|2024-06-21||80|80|1728531.9999999998|5872.5|1728531.9999999998|529576.0|-29.0|1820.0|26012375.0|31|61|62|12|4|6,30;6,31;7,30;7,31;36,4;39,23;39,24;40,23;40,24;42,42;44,54;44,55;45,55;57,24;61,61;61,62;62,61;62,62;67,64;67,66;68,64;68,66;69,16;69,17;69,28;69,29;70,16;70,17;70,28;70,29;70,70
11d31e0c-c0f2-4710-b383-1ae191cec591|Carolabruecke 86d76128-c35e-4fae-a740-be452d85efa9|Girder A|2024-06-21||80|80|1728531.9999999998|5872.5|1728531.9999999998|529576.0|-29.0|1820.0|26012375.0|31|61|62|12|4|6,30;6,31;7,30;7,31;36,4;39,23;39,24;40,23;40,24;42,42;44,54;44,55;45,55;57,24;61,61;61,62;62,61;62,62;67,64;67,66;68,64;68,66;69,16;69,17;69,28;69,29;70,16;70,17;70,28;70,29;70,70
81dfc7d8-9ea4-4b05-8c50-177161ccceac|Carola RPT A-full 3803bf22-891c-4077-ad80-793c7bce8fa0|Girder A|2024-06-24||80|80|2085864.9999999998|2650.0000000000005|2085864.9999999998|1168985.0|2309.0|-3121.0|6332004.0|4|66|72|1|4|66,71;66,72;67,71;67,72
67e867ae-4525-4e49-9dcf-aff5707da9eb|Carola RPT A-full 9f0d8bc0-21c8-4d8f-8ce7-2a41f3f239d4|Girder A|2024-06-24||80|80|2085864.9999999998|2650.0000000000005|2085864.9999999998|1168985.0|2309.0|-3121.0|6332004.0|4|66|72|1|4|66,71;66,72;67,71;67,72
95f154f7-0255-498c-a0d8-ef6e9c3c210a|Carola RPT C-subwindow 691644e8-73fe-4c1a-97aa-ffe2eac1319c|Girder A|2024-06-24||80|80|2085864.9999999998|2650.0000000000005|2085864.9999999998|1168985.0|2309.0|-3121.0|6332004.0|4|66|72|1|4|66,71;66,72;67,71;67,72
8010222e-71ef-4be6-81a8-3af78d772c7a|Carola RPT C-subwindow 9978c280-4108-4c8b-9541-81260137691b|Girder A|2024-06-24||80|80|2085864.9999999998|2650.0000000000005|2085864.9999999998|1168985.0|2309.0|-3121.0|6332004.0|4|66|72|1|4|66,71;66,72;67,71;67,72
6a4e1dee-589c-4e2b-bf2d-201540e4f870|Carola RPT C-subwindow da3dd34f-a7eb-45c4-ae4d-e7e00ca57233|Girder A|2024-06-24||80|80|2085864.9999999998|2650.0000000000005|2085864.9999999998|1168985.0|2309.0|-3121.0|6332004.0|4|66|72|1|4|66,71;66,72;67,71;67,72
3ce9e277-cb60-4b21-8dc6-e6e13aabb59f|Carolabruecke 86d76128-c35e-4fae-a740-be452d85efa9|Girder A|2024-06-24||80|80|2085864.9999999998|2650.0000000000005|2085864.9999999998|1168985.0|2309.0|-3121.0|6332004.0|4|66|72|1|4|66,71;66,72;67,71;67,72
f163888c-3c5b-4fd9-875b-99b70971dcba|Carola RPT A-full 3803bf22-891c-4077-ad80-793c7bce8fa0|Girder A|2024-06-29||80|80|336400.0|2235.5|336400.0|100929.99999999999|-1187.0|1312.0|2717719.0|16|1|10|7|5|0,9;0,10;1,9;1,10;1,11;6,25;10,18;14,9;24,35;25,35;25,36;52,40;78,75;78,76;79,75;79,76
ccf41626-9c52-499e-a6eb-da56eac723f2|Carola RPT A-full 9f0d8bc0-21c8-4d8f-8ce7-2a41f3f239d4|Girder A|2024-06-29||80|80|336400.0|2235.5|336400.0|100929.99999999999|-1187.0|1312.0|2717719.0|16|1|10|7|5|0,9;0,10;1,9;1,10;1,11;6,25;10,18;14,9;24,35;25,35;25,36;52,40;78,75;78,76;79,75;79,76
cb31ccfc-c238-4b76-b0c1-954ec0501f6f|Carola RPT C-subwindow 691644e8-73fe-4c1a-97aa-ffe2eac1319c|Girder A|2024-06-29||80|80|336400.0|2235.5|336400.0|100929.99999999999|-1187.0|1312.0|2717719.0|16|1|10|7|5|0,9;0,10;1,9;1,10;1,11;6,25;10,18;14,9;24,35;25,35;25,36;52,40;78,75;78,76;79,75;79,76
6cc168b4-924e-4d74-86a7-d7642a21836d|Carola RPT C-subwindow 9978c280-4108-4c8b-9541-81260137691b|Girder A|2024-06-29||80|80|336400.0|2235.5|336400.0|100929.99999999999|-1187.0|1312.0|2717719.0|16|1|10|7|5|0,9;0,10;1,9;1,10;1,11;6,25;10,18;14,9;24,35;25,35;25,36;52,40;78,75;78,76;79,75;79,76
77dae3b8-557c-4610-a2f7-caf07df9a26a|Carola RPT C-subwindow da3dd34f-a7eb-45c4-ae4d-e7e00ca57233|Girder A|2024-06-29||80|80|336400.0|2235.5|336400.0|100929.99999999999|-1187.0|1312.0|2717719.0|16|1|10|7|5|0,9;0,10;1,9;1,10;1,11;6,25;10,18;14,9;24,35;25,35;25,36;52,40;78,75;78,76;79,75;79,76
d793745b-1eaa-4fe2-b98d-176773244ba7|Carolabruecke 86d76128-c35e-4fae-a740-be452d85efa9|Girder A|2024-06-29||80|80|336400.0|2235.5|336400.0|100929.99999999999|-1187.0|1312.0|2717719.0|16|1|10|7|5|0,9;0,10;1,9;1,10;1,11;6,25;10,18;14,9;24,35;25,35;25,36;52,40;78,75;78,76;79,75;79,76
4ce03ef6-66df-48b4-a6ab-7941bb77f745|Carola RPT A-full 3803bf22-891c-4077-ad80-793c7bce8fa0|Girder A|2024-07-03||80|80|2817410.0000000005|5920.0|2817410.0000000005|854361.9999999999|-1882.0|3868.0|18243842.0|13|79|22|7|3|7,28;7,29;40,22;61,60;68,64;69,64;70,26;70,27;71,26;76,25;77,25;78,22;79,22
fb155df8-4661-485b-a61b-3a446a2520c7|Carola RPT A-full 9f0d8bc0-21c8-4d8f-8ce7-2a41f3f239d4|Girder A|2024-07-03||80|80|2817410.0000000005|5920.0|2817410.0000000005|854361.9999999999|-1882.0|3868.0|18243842.0|13|79|22|7|3|7,28;7,29;40,22;61,60;68,64;69,64;70,26;70,27;71,26;76,25;77,25;78,22;79,22
d0f544c4-6730-4a98-a118-c1489e1a643d|Carola RPT C-subwindow 691644e8-73fe-4c1a-97aa-ffe2eac1319c|Girder A|2024-07-03||80|80|2817410.0000000005|5920.0|2817410.0000000005|854361.9999999999|-1882.0|3868.0|18243842.0|13|79|22|7|3|7,28;7,29;40,22;61,60;68,64;69,64;70,26;70,27;71,26;76,25;77,25;78,22;79,22
6bae4724-359d-4f41-978a-7fde5d7705ea|Carola RPT C-subwindow 9978c280-4108-4c8b-9541-81260137691b|Girder A|2024-07-03||80|80|2817410.0000000005|5920.0|2817410.0000000005|854361.9999999999|-1882.0|3868.0|18243842.0|13|79|22|7|3|7,28;7,29;40,22;61,60;68,64;69,64;70,26;70,27;71,26;76,25;77,25;78,22;79,22
c48da7e0-2562-420c-869c-3b75c037f830|Carola RPT C-subwindow da3dd34f-a7eb-45c4-ae4d-e7e00ca57233|Girder A|2024-07-03||80|80|2817410.0000000005|5920.0|2817410.0000000005|854361.9999999999|-1882.0|3868.0|18243842.0|13|79|22|7|3|7,28;7,29;40,22;61,60;68,64;69,64;70,26;70,27;71,26;76,25;77,25;78,22;79,22
83a2d724-831f-4f7a-904e-215640ebb184|Carolabruecke 86d76128-c35e-4fae-a740-be452d85efa9|Girder A|2024-07-03||80|80|2817410.0000000005|5920.0|2817410.0000000005|854361.9999999999|-1882.0|3868.0|18243842.0|13|79|22|7|3|7,28;7,29;40,22;61,60;68,64;69,64;70,26;70,27;71,26;76,25;77,25;78,22;79,22
14456354-53f7-4cd4-a5a3-d41d2a1420c4|Carola RPT A-full 3803bf22-891c-4077-ad80-793c7bce8fa0|Girder A|2024-07-06||80|80|2107165.0000000005|2835.9999999999995|2107165.0000000005|1164154.0|-3480.0|756.0|9177700.0|6|67|72|2|4|66,71;66,72;67,71;67,72;79,4;79,5
5748aad4-56f0-40e1-be0c-ff7efca08e18|Carola RPT A-full 9f0d8bc0-21c8-4d8f-8ce7-2a41f3f239d4|Girder A|2024-07-06||80|80|2107165.0000000005|2835.9999999999995|2107165.0000000005|1164154.0|-3480.0|756.0|9177700.0|6|67|72|2|4|66,71;66,72;67,71;67,72;79,4;79,5
8195aee7-4aa0-463b-bafd-c69ca59639aa|Carola RPT C-subwindow 691644e8-73fe-4c1a-97aa-ffe2eac1319c|Girder A|2024-07-06||80|80|2107165.0000000005|2835.9999999999995|2107165.0000000005|1164154.0|-3480.0|756.0|9177700.0|6|67|72|2|4|66,71;66,72;67,71;67,72;79,4;79,5
020f7dec-ccb9-480c-9745-e01ff2778707|Carola RPT C-subwindow 9978c280-4108-4c8b-9541-81260137691b|Girder A|2024-07-06||80|80|2107165.0000000005|2835.9999999999995|2107165.0000000005|1164154.0|-3480.0|756.0|9177700.0|6|67|72|2|4|66,71;66,72;67,71;67,72;79,4;79,5
1f17a247-f41b-4891-ab67-fc71542ad4f3|Carola RPT C-subwindow da3dd34f-a7eb-45c4-ae4d-e7e00ca57233|Girder A|2024-07-06||80|80|2107165.0000000005|2835.9999999999995|2107165.0000000005|1164154.0|-3480.0|756.0|9177700.0|6|67|72|2|4|66,71;66,72;67,71;67,72;79,4;79,5
9235ddac-c90e-4456-ab59-cf9a363366da|Carolabruecke 86d76128-c35e-4fae-a740-be452d85efa9|Girder A|2024-07-06||80|80|2107165.0000000005|2835.9999999999995|2107165.0000000005|1164154.0|-3480.0|756.0|9177700.0|6|67|72|2|4|66,71;66,72;67,71;67,72;79,4;79,5
97206402-df07-4017-9db1-72dc0c98e94c|Carola RPT A-full 3803bf22-891c-4077-ad80-793c7bce8fa0|Girder A|2024-07-11||80|80|1704369.9999999995|7963.0|1704369.9999999995|544833.9999999999|2502.0|1374.0|7913908.0|9|49|22|4|4|10,52;11,52;29,55;29,56;48,21;48,22;49,21;49,22;54,48
c171be43-31a6-4444-b1ef-3402f9ebe7b4|Carola RPT A-full 9f0d8bc0-21c8-4d8f-8ce7-2a41f3f239d4|Girder A|2024-07-11||80|80|1704369.9999999995|7963.0|1704369.9999999995|544833.9999999999|2502.0|1374.0|7913908.0|9|49|22|4|4|10,52;11,52;29,55;29,56;48,21;48,22;49,21;49,22;54,48
569f24ae-7a37-4fbc-9d7d-06d3beda1b20|Carola RPT C-subwindow 691644e8-73fe-4c1a-97aa-ffe2eac1319c|Girder A|2024-07-11||80|80|1704369.9999999995|7963.0|1704369.9999999995|544833.9999999999|2502.0|1374.0|7913908.0|9|49|22|4|4|10,52;11,52;29,55;29,56;48,21;48,22;49,21;49,22;54,48
ed204296-4865-4311-a6d4-4734bf43c3bb|Carola RPT C-subwindow 9978c280-4108-4c8b-9541-81260137691b|Girder A|2024-07-11||80|80|1704369.9999999995|7963.0|1704369.9999999995|544833.9999999999|2502.0|1374.0|7913908.0|9|49|22|4|4|10,52;11,52;29,55;29,56;48,21;48,22;49,21;49,22;54,48
70790776-82da-46ca-b2b4-7288668b5757|Carola RPT C-subwindow da3dd34f-a7eb-45c4-ae4d-e7e00ca57233|Girder A|2024-07-11||80|80|1704369.9999999995|7963.0|1704369.9999999995|544833.9999999999|2502.0|1374.0|7913908.0|9|49|22|4|4|10,52;11,52;29,55;29,56;48,21;48,22;49,21;49,22;54,48
82f31f43-251a-4e25-93de-256b18c27249|Carolabruecke 86d76128-c35e-4fae-a740-be452d85efa9|Girder A|2024-07-11||80|80|1704369.9999999995|7963.0|1704369.9999999995|544833.9999999999|2502.0|1374.0|7913908.0|9|49|22|4|4|10,52;11,52;29,55;29,56;48,21;48,22;49,21;49,22;54,48
509b3dcd-d56f-49b4-b1d3-c7803c7dd030|Carola RPT A-full 3803bf22-891c-4077-ad80-793c7bce8fa0|Girder A|2024-07-15||80|80|2856170.0|5945.0|2856170.0|865624.9999999999|551.0|-2311.0|19289370.0|15|45|54|8|4|7,30;7,31;40,24;44,54;44,55;45,54;45,55;61,62;62,61;62,62;68,64;70,28;76,27;78,24;79,24
5dbca5fe-dcb7-4866-9b4b-cf8a8948302f|Carola RPT A-full 9f0d8bc0-21c8-4d8f-8ce7-2a41f3f239d4|Girder A|2024-07-15||80|80|2856170.0|5945.0|2856170.0|865624.9999999999|551.0|-2311.0|19289370.0|15|45|54|8|4|7,30;7,31;40,24;44,54;44,55;45,54;45,55;61,62;62,61;62,62;68,64;70,28;76,27;78,24;79,24
df4d86ec-49c6-4ed8-8417-56a9ab73a438|Carola RPT C-subwindow 691644e8-73fe-4c1a-97aa-ffe2eac1319c|Girder A|2024-07-15||80|80|2856170.0|5945.0|2856170.0|865624.9999999999|551.0|-2311.0|19289370.0|15|45|54|8|4|7,30;7,31;40,24;44,54;44,55;45,54;45,55;61,62;62,61;62,62;68,64;70,28;76,27;78,24;79,24
78ef6e55-0e32-4102-8284-52715b597de2|Carola RPT C-subwindow 9978c280-4108-4c8b-9541-81260137691b|Girder A|2024-07-15||80|80|2856170.0|5945.0|2856170.0|865624.9999999999|551.0|-2311.0|19289370.0|15|45|54|8|4|7,30;7,31;40,24;44,54;44,55;45,54;45,55;61,62;62,61;62,62;68,64;70,28;76,27;78,24;79,24
77cca0b0-abaa-4ba6-9ec1-c36892dfa2e3|Carola RPT C-subwindow da3dd34f-a7eb-45c4-ae4d-e7e00ca57233|Girder A|2024-07-15||80|80|2856170.0|5945.0|2856170.0|865624.9999999999|551.0|-2311.0|19289370.0|15|45|54|8|4|7,30;7,31;40,24;44,54;44,55;45,54;45,55;61,62;62,61;62,62;68,64;70,28;76,27;78,24;79,24
17ed10c9-a5d7-4079-901c-ba3a9768af00|Carolabruecke 86d76128-c35e-4fae-a740-be452d85efa9|Girder A|2024-07-15||80|80|2856170.0|5945.0|2856170.0|865624.9999999999|551.0|-2311.0|19289370.0|15|45|54|8|4|7,30;7,31;40,24;44,54;44,55;45,54;45,55;61,62;62,61;62,62;68,64;70,28;76,27;78,24;79,24
5882791f-eb97-4137-a466-bde8bd3d0d9d|Carola RPT A-full 3803bf22-891c-4077-ad80-793c7bce8fa0|Girder A|2024-07-18||80|80|2624464.0000000005|2654.5|2624464.0000000005|1122210.0|1093.0|-2853.0|5049334.0|3|66|71|1|3|66,71;66,72;67,71
9af329e8-8a94-4b74-a465-77f6759824b1|Carola RPT A-full 9f0d8bc0-21c8-4d8f-8ce7-2a41f3f239d4|Girder A|2024-07-18||80|80|2624464.0000000005|2654.5|2624464.0000000005|1122210.0|1093.0|-2853.0|5049334.0|3|66|71|1|3|66,71;66,72;67,71
35757079-255b-48ff-83de-da661f300ad4|Carola RPT C-subwindow 691644e8-73fe-4c1a-97aa-ffe2eac1319c|Girder A|2024-07-18||80|80|2624464.0000000005|2654.5|2624464.0000000005|1122210.0|1093.0|-2853.0|5049334.0|3|66|71|1|3|66,71;66,72;67,71
ddf42f30-21f2-4b3d-95f9-40adcdf19b13|Carola RPT C-subwindow 9978c280-4108-4c8b-9541-81260137691b|Girder A|2024-07-18||80|80|2624464.0000000005|2654.5|2624464.0000000005|1122210.0|1093.0|-2853.0|5049334.0|3|66|71|1|3|66,71;66,72;67,71
f0b737a1-8671-4290-812b-8ae2cbd144a5|Carola RPT C-subwindow da3dd34f-a7eb-45c4-ae4d-e7e00ca57233|Girder A|2024-07-18||80|80|2624464.0000000005|2654.5|2624464.0000000005|1122210.0|1093.0|-2853.0|5049334.0|3|66|71|1|3|66,71;66,72;67,71
f496059f-7179-4c0d-aac6-a6d38a4f1118|Carolabruecke 86d76128-c35e-4fae-a740-be452d85efa9|Girder A|2024-07-18||80|80|2624464.0000000005|2654.5|2624464.0000000005|1122210.0|1093.0|-2853.0|5049334.0|3|66|71|1|3|66,71;66,72;67,71
84a9b808-dfdf-481b-b4e4-acb880eea1fa|Carola RPT A-full 3803bf22-891c-4077-ad80-793c7bce8fa0|Girder A|2024-07-23||80|80|274720.0|2114.5|274720.0|84109.0|-84.0|2614.0|3095812.0|19|2|10|7|6|1,9;1,10;1,11;2,9;2,10;2,11;25,35;25,36;26,35;26,36;29,54;37,27;53,46;54,46;59,0;59,1;60,0;79,75;79,76
4144f5c4-34d7-4fe3-bd4a-1d4aff15f050|Carola RPT A-full 9f0d8bc0-21c8-4d8f-8ce7-2a41f3f239d4|Girder A|2024-07-23||80|80|274720.0|2114.5|274720.0|84109.0|-84.0|2614.0|3095812.0|19|2|10|7|6|1,9;1,10;1,11;2,9;2,10;2,11;25,35;25,36;26,35;26,36;29,54;37,27;53,46;54,46;59,0;59,1;60,0;79,75;79,76
5f2cadda-1b71-4298-877a-ebd991e4ecfe|Carola RPT C-subwindow 691644e8-73fe-4c1a-97aa-ffe2eac1319c|Girder A|2024-07-23||80|80|274720.0|2114.5|274720.0|84109.0|-84.0|2614.0|3095812.0|19|2|10|7|6|1,9;1,10;1,11;2,9;2,10;2,11;25,35;25,36;26,35;26,36;29,54;37,27;53,46;54,46;59,0;59,1;60,0;79,75;79,76
221048dd-5ed0-4f51-a771-9b0f83a2b766|Carola RPT C-subwindow 9978c280-4108-4c8b-9541-81260137691b|Girder A|2024-07-23||80|80|274720.0|2114.5|274720.0|84109.0|-84.0|2614.0|3095812.0|19|2|10|7|6|1,9;1,10;1,11;2,9;2,10;2,11;25,35;25,36;26,35;26,36;29,54;37,27;53,46;54,46;59,0;59,1;60,0;79,75;79,76
178df072-0469-46b9-bb92-91d000606e26|Carola RPT C-subwindow da3dd34f-a7eb-45c4-ae4d-e7e00ca57233|Girder A|2024-07-23||80|80|274720.0|2114.5|274720.0|84109.0|-84.0|2614.0|3095812.0|19|2|10|7|6|1,9;1,10;1,11;2,9;2,10;2,11;25,35;25,36;26,35;26,36;29,54;37,27;53,46;54,46;59,0;59,1;60,0;79,75;79,76
da2ea07a-e4c9-4c40-95b3-1b621adcf249|Carolabruecke 86d76128-c35e-4fae-a740-be452d85efa9|Girder A|2024-07-23||80|80|274720.0|2114.5|274720.0|84109.0|-84.0|2614.0|3095812.0|19|2|10|7|6|1,9;1,10;1,11;2,9;2,10;2,11;25,35;25,36;26,35;26,36;29,54;37,27;53,46;54,46;59,0;59,1;60,0;79,75;79,76
9a52a499-8559-495e-8824-dad7383f4ba7|Carola RPT A-full 3803bf22-891c-4077-ad80-793c7bce8fa0|Girder A|2024-07-27||80|80|2258741.0|6003.5|2258741.0|698020.0|-2293.0|5310.0|23611969.0|20|39|22|11|4|5,31;6,28;6,29;7,29;11,56;39,22;39,23;40,22;44,47;62,5;67,62;67,64;68,62;68,64;69,15;69,26;69,27;70,26;70,27;78,22
749f5000-b18a-47f4-884d-0d53fc7a2c76|Carola RPT A-full 9f0d8bc0-21c8-4d8f-8ce7-2a41f3f239d4|Girder A|2024-07-27||80|80|2258741.0|6003.5|2258741.0|698020.0|-2293.0|5310.0|23611969.0|20|39|22|11|4|5,31;6,28;6,29;7,29;11,56;39,22;39,23;40,22;44,47;62,5;67,62;67,64;68,62;68,64;69,15;69,26;69,27;70,26;70,27;78,22
0cd9b58f-075a-4797-8fd9-65e01fb7e086|Carola RPT C-subwindow 691644e8-73fe-4c1a-97aa-ffe2eac1319c|Girder A|2024-07-27||80|80|2258741.0|6003.5|2258741.0|698020.0|-2293.0|5310.0|23611969.0|20|39|22|11|4|5,31;6,28;6,29;7,29;11,56;39,22;39,23;40,22;44,47;62,5;67,62;67,64;68,62;68,64;69,15;69,26;69,27;70,26;70,27;78,22
79b9c435-ec9e-4d6e-bb9f-d256ba37ee6a|Carola RPT C-subwindow 9978c280-4108-4c8b-9541-81260137691b|Girder A|2024-07-27||80|80|2258741.0|6003.5|2258741.0|698020.0|-2293.0|5310.0|23611969.0|20|39|22|11|4|5,31;6,28;6,29;7,29;11,56;39,22;39,23;40,22;44,47;62,5;67,62;67,64;68,62;68,64;69,15;69,26;69,27;70,26;70,27;78,22
3cdae28d-b225-43cf-ad38-ae9982bb61b0|Carola RPT C-subwindow da3dd34f-a7eb-45c4-ae4d-e7e00ca57233|Girder A|2024-07-27||80|80|2258741.0|6003.5|2258741.0|698020.0|-2293.0|5310.0|23611969.0|20|39|22|11|4|5,31;6,28;6,29;7,29;11,56;39,22;39,23;40,22;44,47;62,5;67,62;67,64;68,62;68,64;69,15;69,26;69,27;70,26;70,27;78,22
183166dc-711c-4a76-ad87-b1fb9621797b|Carolabruecke 86d76128-c35e-4fae-a740-be452d85efa9|Girder A|2024-07-27||80|80|2258741.0|6003.5|2258741.0|698020.0|-2293.0|5310.0|23611969.0|20|39|22|11|4|5,31;6,28;6,29;7,29;11,56;39,22;39,23;40,22;44,47;62,5;67,62;67,64;68,62;68,64;69,15;69,26;69,27;70,26;70,27;78,22
b4b79dc7-4129-4e1b-978a-0a1ed6051ff4|Carola RPT A-full 3803bf22-891c-4077-ad80-793c7bce8fa0|Girder A|2024-07-30||80|80|2256085.0|2625.999999999999|2256085.0|1219924.0|-208.0|-3935.0|6740623.0|4|67|71|1|4|67,71;67,72;68,71;68,72
247addc1-3e52-491c-a8d5-9238de20498e|Carola RPT A-full 9f0d8bc0-21c8-4d8f-8ce7-2a41f3f239d4|Girder A|2024-07-30||80|80|2256085.0|2625.999999999999|2256085.0|1219924.0|-208.0|-3935.0|6740623.0|4|67|71|1|4|67,71;67,72;68,71;68,72
a4e82875-1598-4f7f-b474-eec15a817240|Carola RPT C-subwindow 691644e8-73fe-4c1a-97aa-ffe2eac1319c|Girder A|2024-07-30||80|80|2256085.0|2625.999999999999|2256085.0|1219924.0|-208.0|-3935.0|6740623.0|4|67|71|1|4|67,71;67,72;68,71;68,72
ed9e00b0-c24a-4cb3-ae9a-b0f61b150f11|Carola RPT C-subwindow 9978c280-4108-4c8b-9541-81260137691b|Girder A|2024-07-30||80|80|2256085.0|2625.999999999999|2256085.0|1219924.0|-208.0|-3935.0|6740623.0|4|67|71|1|4|67,71;67,72;68,71;68,72
ad3fe420-2d4d-46d7-bfc1-a848b9fd34c0|Carola RPT C-subwindow da3dd34f-a7eb-45c4-ae4d-e7e00ca57233|Girder A|2024-07-30||80|80|2256085.0|2625.999999999999|2256085.0|1219924.0|-208.0|-3935.0|6740623.0|4|67|71|1|4|67,71;67,72;68,71;68,72
3e1d5241-e371-46bb-8e55-35b2da2ac22b|Carolabruecke 86d76128-c35e-4fae-a740-be452d85efa9|Girder A|2024-07-30||80|80|2256085.0|2625.999999999999|2256085.0|1219924.0|-208.0|-3935.0|6740623.0|4|67|71|1|4|67,71;67,72;68,71;68,72
a07bdd9c-2390-49c6-abff-01f15fe6b95f|Carola RPT A-full 3803bf22-891c-4077-ad80-793c7bce8fa0|Girder A|2024-08-04||80|80|1114090.0|9270.0|1114090.0|342548.0|-188.0|456.0|15459034.0|27|30|55|15|5|4,79;5,39;5,40;11,51;11,52;12,51;15,34;15,65;24,16;24,17;26,57;26,58;27,35;30,54;30,55;30,56;31,54;31,55;37,40;48,23;50,21;54,47;54,48;55,47;55,48;56,56;64,67
dcaf39dd-92ea-42dc-b2c9-a16c8c7f20d4|Carola RPT A-full 9f0d8bc0-21c8-4d8f-8ce7-2a41f3f239d4|Girder A|2024-08-04||80|80|3379193.0000000005|9481.5|3379193.0000000005|1114090.0|4970.0|360.0|7820622.0|4|0|4|2|3|0,3;0,4;0,5;31,64
a32ae6a1-8389-4132-8e86-92f4d8186f78|Carola RPT A-full 9f0d8bc0-21c8-4d8f-8ce7-2a41f3f239d4|Girder B|2024-08-04||80|80|1114090.0|9270.0|1114090.0|342548.0|-188.0|456.0|15459034.0|27|30|55|15|5|4,79;5,39;5,40;11,51;11,52;12,51;15,34;15,65;24,16;24,17;26,57;26,58;27,35;30,54;30,55;30,56;31,54;31,55;37,40;48,23;50,21;54,47;54,48;55,47;55,48;56,56;64,67
e7101b47-2af7-441a-b444-8cbd54ba196a|Carola RPT A-full 9f0d8bc0-21c8-4d8f-8ce7-2a41f3f239d4|Girder C|2024-08-04||80|80|1114090.0|9564.0|1114090.0|337096.00000000006|1230.0|5424.0|25290362.0|45|29|45|23|5|3,69;3,73;3,76;3,77;4,29;4,30;4,76;4,77;10,41;10,42;11,41;12,75;12,76;13,75;13,76;14,24;14,55;16,76;16,77;23,6;23,7;25,47;25,48;26,25;29,44;29,45;29,46;30,44;30,45;36,30;45,71;46,71;47,13;48,73;48,74;49,11;50,77;50,78;53,37;53,38;54,37;54,38;55,46;63,57;79,66
97a74852-7aeb-4a24-aed6-1bf86f7d2511|Carola RPT C-subwindow 691644e8-73fe-4c1a-97aa-ffe2eac1319c|Girder A|2024-08-04||80|80|1114090.0|9270.0|1114090.0|342548.0|-188.0|456.0|15459034.0|27|30|55|15|5|4,79;5,39;5,40;11,51;11,52;12,51;15,34;15,65;24,16;24,17;26,57;26,58;27,35;30,54;30,55;30,56;31,54;31,55;37,40;48,23;50,21;54,47;54,48;55,47;55,48;56,56;64,67
84d999f6-0fb4-4e91-addf-deaca886d371|Carola RPT C-subwindow 9978c280-4108-4c8b-9541-81260137691b|Girder A|2024-08-04||80|80|1114090.0|9270.0|1114090.0|342548.0|-188.0|456.0|15459034.0|27|30|55|15|5|4,79;5,39;5,40;11,51;11,52;12,51;15,34;15,65;24,16;24,17;26,57;26,58;27,35;30,54;30,55;30,56;31,54;31,55;37,40;48,23;50,21;54,47;54,48;55,47;55,48;56,56;64,67
2ef5d972-adad-4312-9061-28b353149764|Carola RPT C-subwindow da3dd34f-a7eb-45c4-ae4d-e7e00ca57233|Girder A|2024-08-04||80|80|1114090.0|9270.0|1114090.0|342548.0|-188.0|456.0|15459034.0|27|30|55|15|5|4,79;5,39;5,40;11,51;11,52;12,51;15,34;15,65;24,16;24,17;26,57;26,58;27,35;30,54;30,55;30,56;31,54;31,55;37,40;48,23;50,21;54,47;54,48;55,47;55,48;56,56;64,67
fd545118-d65f-4bd0-85f1-0c158c9bb9a5|Carolabruecke 86d76128-c35e-4fae-a740-be452d85efa9|Girder A|2024-08-04||80|80|1114090.0|9270.0|1114090.0|342548.0|-188.0|456.0|15459034.0|27|30|55|15|5|4,79;5,39;5,40;11,51;11,52;12,51;15,34;15,65;24,16;24,17;26,57;26,58;27,35;30,54;30,55;30,56;31,54;31,55;37,40;48,23;50,21;54,47;54,48;55,47;55,48;56,56;64,67
57931d43-b116-4d90-acea-07c1b7b02c95|Carola RPT A-full 3803bf22-891c-4077-ad80-793c7bce8fa0|Girder A|2024-08-08||80|80|3440978.0000000005|6260.000000000002|3440978.0000000005|1066490.0|2731.0|-1810.0|14877341.0|10|78|21|7|3|6,28;39,21;39,22;44,52;67,63;68,61;69,26;77,21;78,21;78,22
aca27864-ac77-4879-83ce-f5b923f0255d|Carola RPT A-full 9f0d8bc0-21c8-4d8f-8ce7-2a41f3f239d4|Girder A|2024-08-08||80|80|3440978.0000000005|6152.000000000001|3440978.0000000005|1066490.0|2676.0|-745.0|16014591.0|11|77|15|8|3|5,22;38,15;38,16;43,46;66,57;67,55;68,20;76,15;77,15;77,16;79,30
4f059ee0-ef58-4f83-89dd-bb99fc9c29bb|Carola RPT A-full 9f0d8bc0-21c8-4d8f-8ce7-2a41f3f239d4|Girder B|2024-08-08||80|80|3440978.0000000005|6260.000000000002|3440978.0000000005|1066490.0|2731.0|-1810.0|14877341.0|10|78|21|7|3|6,28;39,21;39,22;44,52;67,63;68,61;69,26;77,21;78,21;78,22
8af6819c-1e9d-4cbc-a5b4-d55c8ed5247d|Carola RPT A-full 9f0d8bc0-21c8-4d8f-8ce7-2a41f3f239d4|Girder C|2024-08-08||80|80|2150096.0|6353.0|2150096.0|648730.0000000001|2967.0|-2184.0|27662289.0|28|34|0|14|6|8,35;9,35;13,62;16,71;16,72;34,0;35,0;35,5;41,28;41,29;45,54;46,54;46,59;58,60;63,66;69,68;69,70;69,71;70,68;70,69;70,70;71,32;71,33;72,33;77,32;78,31;78,32;79,28
46631799-a42d-4076-baab-eda1fb274407|Carola RPT C-subwindow 691644e8-73fe-4c1a-97aa-ffe2eac1319c|Girder A|2024-08-08||80|80|3440978.0000000005|6260.000000000002|3440978.0000000005|1066490.0|2731.0|-1810.0|14877341.0|10|78|21|7|3|6,28;39,21;39,22;44,52;67,63;68,61;69,26;77,21;78,21;78,22
75e50cbd-76b3-450c-b42f-dd3bc0c0454d|Carola RPT C-subwindow 9978c280-4108-4c8b-9541-81260137691b|Girder A|2024-08-08||80|80|3440978.0000000005|6260.000000000002|3440978.0000000005|1066490.0|2731.0|-1810.0|14877341.0|10|78|21|7|3|6,28;39,21;39,22;44,52;67,63;68,61;69,26;77,21;78,21;78,22
194386f8-c606-411a-9318-1ab8a37689d1|Carola RPT C-subwindow da3dd34f-a7eb-45c4-ae4d-e7e00ca57233|Girder A|2024-08-08||80|80|3440978.0000000005|6260.000000000002|3440978.0000000005|1066490.0|2731.0|-1810.0|14877341.0|10|78|21|7|3|6,28;39,21;39,22;44,52;67,63;68,61;69,26;77,21;78,21;78,22
0a9d431e-ea19-443d-a9c5-e3b908363ea6|Carolabruecke 86d76128-c35e-4fae-a740-be452d85efa9|Girder A|2024-08-08||80|80|3440978.0000000005|6260.000000000002|3440978.0000000005|1066490.0|2731.0|-1810.0|14877341.0|10|78|21|7|3|6,28;39,21;39,22;44,52;67,63;68,61;69,26;77,21;78,21;78,22
1eb8039d-87b0-46e9-8421-989c51e3cbc6|Carola RPT A-full 3803bf22-891c-4077-ad80-793c7bce8fa0|Girder A|2024-08-11||80|80|2601096.9999999995|2733.4999999999995|2601096.9999999995|1369295.9999999998|1623.0|2910.0|5446283.0|3|68|69|1|3|67,69;68,69;68,70
a20eb9c9-fe92-424f-8405-3c4520f8ae23|Carola RPT A-full 9f0d8bc0-21c8-4d8f-8ce7-2a41f3f239d4|Girder A|2024-08-11||80|80|2601096.9999999995|2598.5|2601096.9999999995|1369295.9999999998|1623.0|2910.0|5446283.0|3|69|77|1|3|68,77;69,77;69,78
ae7b6e89-0e14-4c84-bbab-1a40b8158941|Carola RPT A-full 9f0d8bc0-21c8-4d8f-8ce7-2a41f3f239d4|Girder B|2024-08-11||80|80|2601096.9999999995|2733.4999999999995|2601096.9999999995|1369295.9999999998|1623.0|2910.0|5446283.0|3|68|69|1|3|67,69;68,69;68,70
4fccb6b7-8a35-4840-8e1d-cf3de5099640|Carola RPT A-full 9f0d8bc0-21c8-4d8f-8ce7-2a41f3f239d4|Girder C|2024-08-11||80|80|2601096.9999999995|2900.0|2601096.9999999995|1369295.9999999998|1623.0|2910.0|5446283.0|3|66|60|1|3|65,60;66,60;66,61
b449f0f3-63b3-4eef-a8f2-28d1909a44f2|Carola RPT C-subwindow 691644e8-73fe-4c1a-97aa-ffe2eac1319c|Girder A|2024-08-11||80|80|2601096.9999999995|2733.4999999999995|2601096.9999999995|1369295.9999999998|1623.0|2910.0|5446283.0|3|68|69|1|3|67,69;68,69;68,70
bbac90f0-6be9-4c49-aa9b-4011a30b424d|Carola RPT C-subwindow 9978c280-4108-4c8b-9541-81260137691b|Girder A|2024-08-11||80|80|2601096.9999999995|2733.4999999999995|2601096.9999999995|1369295.9999999998|1623.0|2910.0|5446283.0|3|68|69|1|3|67,69;68,69;68,70
34b59878-7fd9-4376-a26c-49864d7899f5|Carola RPT C-subwindow da3dd34f-a7eb-45c4-ae4d-e7e00ca57233|Girder A|2024-08-11||80|80|2601096.9999999995|2733.4999999999995|2601096.9999999995|1369295.9999999998|1623.0|2910.0|5446283.0|3|68|69|1|3|67,69;68,69;68,70
fbf95789-035f-4dbb-a5d2-2cfd0262fd9b|Carolabruecke 86d76128-c35e-4fae-a740-be452d85efa9|Girder A|2024-08-11||80|80|2601096.9999999995|2733.4999999999995|2601096.9999999995|1369295.9999999998|1623.0|2910.0|5446283.0|3|68|69|1|3|67,69;68,69;68,70
b1d87ec5-2d12-41f8-92da-897efbdc1612|Carola RPT A-full 3803bf22-891c-4077-ad80-793c7bce8fa0|Girder A|2024-08-16||80|80|1090466.0000000002|8518.5|1090466.0000000002|335530.0|155.0|925.0|11440014.0|20|55|47|8|6|5,79;11,51;12,50;12,51;30,54;30,55;31,53;31,54;31,55;31,56;32,50;38,26;50,20;50,21;51,20;51,21;55,47;55,48;56,47;57,56
dd7081fa-2399-4c2f-ad02-50b7338c3f0f|Carola RPT A-full 9f0d8bc0-21c8-4d8f-8ce7-2a41f3f239d4|Girder A|2024-08-16||80|80|4444129.999999999|8738.0|4444129.999999999|1347300.9999999995|-5686.0|1684.0|13240500.0|5|0|5|1|5|0,4;0,5;0,6;1,4;1,5
09f91daa-7bae-453b-90db-5e60c77db881|Carola RPT A-full 9f0d8bc0-21c8-4d8f-8ce7-2a41f3f239d4|Girder B|2024-08-16||80|80|1090466.0000000002|8518.5|1090466.0000000002|335530.0|155.0|925.0|11440014.0|20|55|47|8|6|5,79;11,51;12,50;12,51;30,54;30,55;31,53;31,54;31,55;31,56;32,50;38,26;50,20;50,21;51,20;51,21;55,47;55,48;56,47;57,56
5d378bdf-b8fa-4c14-8658-7029addc673a|Carola RPT A-full 9f0d8bc0-21c8-4d8f-8ce7-2a41f3f239d4|Girder C|2024-08-16||80|80|1090466.0000000002|8837.000000000002|1090466.0000000002|335530.0|-678.0|2382.0|17772166.0|33|53|38|13|6|2,77;2,78;3,70;3,74;3,77;3,78;4,76;4,77;9,42;10,41;10,42;12,76;12,77;28,45;28,46;29,44;29,45;29,46;29,47;30,41;36,17;45,71;45,72;48,11;48,12;49,11;49,12;49,77;50,77;53,38;53,39;54,38;55,47
db6fcbeb-85c9-40dc-a5bf-a99db910ab82|Carola RPT C-subwindow 691644e8-73fe-4c1a-97aa-ffe2eac1319c|Girder A|2024-08-16||80|80|1090466.0000000002|8518.5|1090466.0000000002|335530.0|155.0|925.0|11440014.0|20|55|47|8|6|5,79;11,51;12,50;12,51;30,54;30,55;31,53;31,54;31,55;31,56;32,50;38,26;50,20;50,21;51,20;51,21;55,47;55,48;56,47;57,56
1df7c159-d152-4f33-9db9-a6473fa049ab|Carola RPT C-subwindow 9978c280-4108-4c8b-9541-81260137691b|Girder A|2024-08-16||80|80|1090466.0000000002|8518.5|1090466.0000000002|335530.0|155.0|925.0|11440014.0|20|55|47|8|6|5,79;11,51;12,50;12,51;30,54;30,55;31,53;31,54;31,55;31,56;32,50;38,26;50,20;50,21;51,20;51,21;55,47;55,48;56,47;57,56
73ac4498-ecdd-40e9-a6ee-dcde3a978850|Carola RPT C-subwindow da3dd34f-a7eb-45c4-ae4d-e7e00ca57233|Girder A|2024-08-16||80|80|1090466.0000000002|8518.5|1090466.0000000002|335530.0|155.0|925.0|11440014.0|20|55|47|8|6|5,79;11,51;12,50;12,51;30,54;30,55;31,53;31,54;31,55;31,56;32,50;38,26;50,20;50,21;51,20;51,21;55,47;55,48;56,47;57,56
31a3347e-ef55-4539-bf10-35569dfbe3d5|Carolabruecke 86d76128-c35e-4fae-a740-be452d85efa9|Girder A|2024-08-16||80|80|1090466.0000000002|8518.5|1090466.0000000002|335530.0|155.0|925.0|11440014.0|20|55|47|8|6|5,79;11,51;12,50;12,51;30,54;30,55;31,53;31,54;31,55;31,56;32,50;38,26;50,20;50,21;51,20;51,21;55,47;55,48;56,47;57,56
8ed85d31-bc5d-4b04-b0e1-f161870e229b|Carola RPT A-full 3803bf22-891c-4077-ad80-793c7bce8fa0|Girder A|2024-08-20||80|80|1945205.0000000002|1551.9999999999998|1945205.0000000002|613465.0|-7962.0|-399.0|17076795.0|14|12|57|3|11|11,54;11,55;11,56;11,57;11,58;12,55;12,56;12,57;12,58;12,59;12,60;36,5;51,11;52,11
e3d34a81-098b-47a4-abdc-d38662222b7f|Carola RPT A-full 9f0d8bc0-21c8-4d8f-8ce7-2a41f3f239d4|Girder A|2024-08-20||80|80|1945205.0000000002|1512.9999999999998|1945205.0000000002|613465.0|-8727.0|-569.0|16462670.0|13|10|50|2|11|9,47;9,48;9,49;9,50;9,51;10,48;10,49;10,50;10,51;10,52;10,53;49,4;50,4
16afdb44-73e7-49d1-81f9-1deb18ee6c54|Carola RPT A-full 9f0d8bc0-21c8-4d8f-8ce7-2a41f3f239d4|Girder B|2024-08-20||80|80|1945205.0000000002|1551.9999999999998|1945205.0000000002|613465.0|-7962.0|-399.0|17076795.0|14|12|57|3|11|11,54;11,55;11,56;11,57;11,58;12,55;12,56;12,57;12,58;12,59;12,60;36,5;51,11;52,11
de279638-8bbd-418f-a8b6-77aea9f40ac3|Carola RPT A-full 9f0d8bc0-21c8-4d8f-8ce7-2a41f3f239d4|Girder C|2024-08-20||80|80|1945205.0000000002|1545.9999999999995|1945205.0000000002|613465.0|-7962.0|-399.0|17076795.0|14|14|63|3|11|13,60;13,61;13,62;13,63;13,64;14,61;14,62;14,63;14,64;14,65;14,66;38,11;53,17;54,17
dc91093c-0e0c-41c6-8524-dadd7af2b749|Carola RPT C-subwindow 691644e8-73fe-4c1a-97aa-ffe2eac1319c|Girder A|2024-08-20||80|80|1945205.0000000002|1551.9999999999998|1945205.0000000002|613465.0|-7962.0|-399.0|17076795.0|14|12|57|3|11|11,54;11,55;11,56;11,57;11,58;12,55;12,56;12,57;12,58;12,59;12,60;36,5;51,11;52,11
ef5f69ff-f4ff-4a66-b263-961b300fd466|Carola RPT C-subwindow 9978c280-4108-4c8b-9541-81260137691b|Girder A|2024-08-20||80|80|1945205.0000000002|1551.9999999999998|1945205.0000000002|613465.0|-7962.0|-399.0|17076795.0|14|12|57|3|11|11,54;11,55;11,56;11,57;11,58;12,55;12,56;12,57;12,58;12,59;12,60;36,5;51,11;52,11
47e2b6e3-fc83-41e1-a36f-a4f07f3f3307|Carola RPT C-subwindow da3dd34f-a7eb-45c4-ae4d-e7e00ca57233|Girder A|2024-08-20||80|80|1945205.0000000002|1551.9999999999998|1945205.0000000002|613465.0|-7962.0|-399.0|17076795.0|14|12|57|3|11|11,54;11,55;11,56;11,57;11,58;12,55;12,56;12,57;12,58;12,59;12,60;36,5;51,11;52,11
ce90f245-9bac-4a6d-b28e-a7d0e3cb5c06|Carolabruecke 86d76128-c35e-4fae-a740-be452d85efa9|Girder A|2024-08-20||80|80|1945205.0000000002|1551.9999999999998|1945205.0000000002|613465.0|-7962.0|-399.0|17076795.0|14|12|57|3|11|11,54;11,55;11,56;11,57;11,58;12,55;12,56;12,57;12,58;12,59;12,60;36,5;51,11;52,11
e567cb65-6c3f-457a-8816-b28cb38d8294|Carola RPT A-full 3803bf22-891c-4077-ad80-793c7bce8fa0|Girder A|2024-08-23||80|80|2516653.0000000005|2702.5|2516653.0000000005|921649.0000000001|-3102.0|880.0|5194470.0|3|68|69|1|3|68,69;68,70;69,69
6e7305e5-91fb-49d2-a063-cab9a09886e6|Carola RPT A-full 9f0d8bc0-21c8-4d8f-8ce7-2a41f3f239d4|Girder A|2024-08-23||80|80|2516653.0000000005|2600.0|2516653.0000000005|921649.0000000001|-3102.0|880.0|5194470.0|3|69|77|1|3|69,77;69,78;70,77
6ed085be-10d5-4738-a674-41aa27a1400f|Carola RPT A-full 9f0d8bc0-21c8-4d8f-8ce7-2a41f3f239d4|Girder B|2024-08-23||80|80|2516653.0000000005|2702.5|2516653.0000000005|921649.0000000001|-3102.0|880.0|5194470.0|3|68|69|1|3|68,69;68,70;69,69
7a3566e7-b0a9-4cf3-8342-ad87ac2b189a|Carola RPT A-full 9f0d8bc0-21c8-4d8f-8ce7-2a41f3f239d4|Girder C|2024-08-23||80|80|2516653.0000000005|2839.5|2516653.0000000005|921649.0000000001|-3102.0|880.0|5194470.0|3|66|60|1|3|66,60;66,61;67,60
bcc47cb0-fd4b-4257-be90-cb4eb43a67ab|Carola RPT C-subwindow 691644e8-73fe-4c1a-97aa-ffe2eac1319c|Girder A|2024-08-23||80|80|2516653.0000000005|2702.5|2516653.0000000005|921649.0000000001|-3102.0|880.0|5194470.0|3|68|69|1|3|68,69;68,70;69,69
c17c21a3-8883-49ed-b751-04adb9347944|Carola RPT C-subwindow 9978c280-4108-4c8b-9541-81260137691b|Girder A|2024-08-23||80|80|2516653.0000000005|2702.5|2516653.0000000005|921649.0000000001|-3102.0|880.0|5194470.0|3|68|69|1|3|68,69;68,70;69,69
b87246c1-ed6b-4bfd-92e7-936e11e94511|Carola RPT C-subwindow da3dd34f-a7eb-45c4-ae4d-e7e00ca57233|Girder A|2024-08-23||80|80|2516653.0000000005|2702.5|2516653.0000000005|921649.0000000001|-3102.0|880.0|5194470.0|3|68|69|1|3|68,69;68,70;69,69
f8e4e389-33bf-4969-b97b-fcae7cbbc6ce|Carolabruecke 86d76128-c35e-4fae-a740-be452d85efa9|Girder A|2024-08-23||80|80|2516653.0000000005|2702.5|2516653.0000000005|921649.0000000001|-3102.0|880.0|5194470.0|3|68|69|1|3|68,69;68,70;69,69
1a46305b-1460-4db5-aec8-e294da1bb5bf|Carola RPT A-full 3803bf22-891c-4077-ad80-793c7bce8fa0|Girder A|2024-08-28||80|80|1060893.0|8082.0|1060893.0|324756.99999999994|-1410.0|890.0|9479278.0|20|49|20|9|4|10,51;11,50;11,51;29,54;30,53;30,54;30,55;30,61;31,50;44,49;46,79;47,73;48,73;49,19;49,20;49,73;50,20;50,21;54,46;54,47
7726849f-d11c-40bb-b826-7eb9f848735b|Carola RPT A-full 9f0d8bc0-21c8-4d8f-8ce7-2a41f3f239d4|Girder A|2024-08-28||80|80|3720649.0|8407.5|3720649.0|1293170.0000000002|2773.0|-3725.0|7983304.0|3|0|4|1|3|0,3;0,4;0,5
5756c65b-d4d6-4daa-8e2f-61127742b71d|Carola RPT A-full 9f0d8bc0-21c8-4d8f-8ce7-2a41f3f239d4|Girder B|2024-08-28||80|80|1060893.0|8082.0|1060893.0|324756.99999999994|-1410.0|890.0|9479278.0|20|49|20|9|4|10,51;11,50;11,51;29,54;30,53;30,54;30,55;30,61;31,50;44,49;46,79;47,73;48,73;49,19;49,20;49,73;50,20;50,21;54,46;54,47
fc29e161-ac77-44ea-9dfa-53d64cb89bf3|Carola RPT A-full 9f0d8bc0-21c8-4d8f-8ce7-2a41f3f239d4|Girder C|2024-08-28||80|80|1060893.0|8323.0|1060893.0|324756.99999999994|-1313.0|-703.0|14298738.0|29|48|11|13|4|3,73;3,74;3,76;3,77;4,76;9,42;10,41;10,42;12,76;28,45;29,44;29,45;29,46;29,52;30,41;43,40;45,70;45,71;46,64;46,71;47,64;48,10;48,11;48,64;49,11;49,12;49,77;53,37;53,38
250379b9-1416-4175-b92e-1ef1959bdb62|Carola RPT C-subwindow 691644e8-73fe-4c1a-97aa-ffe2eac1319c|Girder A|2024-08-28||80|80|1060893.0|8082.0|1060893.0|324756.99999999994|-1410.0|890.0|9479278.0|20|49|20|9|4|10,51;11,50;11,51;29,54;30,53;30,54;30,55;30,61;31,50;44,49;46,79;47,73;48,73;49,19;49,20;49,73;50,20;50,21;54,46;54,47
f188c2d3-4d70-4e09-acde-82ef647fbbae|Carola RPT C-subwindow 9978c280-4108-4c8b-9541-81260137691b|Girder A|2024-08-28||80|80|1060893.0|8082.0|1060893.0|324756.99999999994|-1410.0|890.0|9479278.0|20|49|20|9|4|10,51;11,50;11,51;29,54;30,53;30,54;30,55;30,61;31,50;44,49;46,79;47,73;48,73;49,19;49,20;49,73;50,20;50,21;54,46;54,47
a5b9a6a0-7be0-45ed-949a-7e1cb609bf1c|Carola RPT C-subwindow da3dd34f-a7eb-45c4-ae4d-e7e00ca57233|Girder A|2024-08-28||80|80|1060893.0|8082.0|1060893.0|324756.99999999994|-1410.0|890.0|9479278.0|20|49|20|9|4|10,51;11,50;11,51;29,54;30,53;30,54;30,55;30,61;31,50;44,49;46,79;47,73;48,73;49,19;49,20;49,73;50,20;50,21;54,46;54,47
5d300fe2-3365-40f7-8905-3182932ba597|Carolabruecke 86d76128-c35e-4fae-a740-be452d85efa9|Girder A|2024-08-28||80|80|1060893.0|8082.0|1060893.0|324756.99999999994|-1410.0|890.0|9479278.0|20|49|20|9|4|10,51;11,50;11,51;29,54;30,53;30,54;30,55;30,61;31,50;44,49;46,79;47,73;48,73;49,19;49,20;49,73;50,20;50,21;54,46;54,47
6d72e515-26b3-4d66-8066-1a81f79d7a74|Carola RPT A-full 3803bf22-891c-4077-ad80-793c7bce8fa0|Girder A|2024-09-04||80|80|1540000.9999999998|12467.0|1540000.9999999998|475201.9999999998|-2640.0|266.0|17342900.0|25|41|74|15|7|3,74;9,41;10,46;13,20;32,14;33,14;36,76;40,74;41,74;44,17;45,72;52,40;58,32;58,33;61,18;61,19;64,40;65,51;66,50;66,51;66,52;67,50;67,51;67,52;76,49
8771c095-336e-4039-b1ca-ece94700eab2|Carola RPT A-full 9f0d8bc0-21c8-4d8f-8ce7-2a41f3f239d4|Girder A|2024-09-04||80|80|1069609.0000000002|11854.5|1069609.0000000002|322576.0000000001|-3961.0|7542.0|26550429.0|55|45|25|21|10|4,76;5,76;10,49;10,50;11,49;11,50;11,53;11,54;11,55;11,56;12,55;12,56;12,62;13,62;14,28;31,24;33,22;33,67;33,68;34,22;38,44;44,25;44,60;45,24;45,25;45,60;46,59;53,48;55,38;58,40;58,41;59,40;59,41;62,25;62,26;62,27;64,48;64,58;65,48;65,58;66,48;66,49;66,59;66,60;66,63;67,1;67,49;67,58;67,59;67,60;68,58;68,59;68,60;70,59;77,57
ba01dced-7335-414e-954e-acb449293bad|Carola RPT A-full 9f0d8bc0-21c8-4d8f-8ce7-2a41f3f239d4|Girder B|2024-09-04||80|80|1540000.9999999998|12467.0|1540000.9999999998|475201.9999999998|-2640.0|266.0|17342900.0|25|41|74|15|7|3,74;9,41;10,46;13,20;32,14;33,14;36,76;40,74;41,74;44,17;45,72;52,40;58,32;58,33;61,18;61,19;64,40;65,51;66,50;66,51;66,52;67,50;67,51;67,52;76,49
062cbc68-2b53-4d8e-b615-eef8302261ec|Carola RPT A-full 9f0d8bc0-21c8-4d8f-8ce7-2a41f3f239d4|Girder C|2024-09-04||80|80|1540000.9999999998|13061.500000000002|1540000.9999999998|475201.9999999998|-2796.0|-572.0|18069480.0|26|39|66|16|7|1,66;7,33;8,38;11,12;16,78;30,6;31,6;34,68;38,66;39,66;42,9;43,64;50,32;56,24;56,25;59,10;59,11;62,32;63,43;64,42;64,43;64,44;65,42;65,43;65,44;74,41
858b63f7-5829-4112-9357-e5ecbf8d9456|Carola RPT C-subwindow 691644e8-73fe-4c1a-97aa-ffe2eac1319c|Girder A|2024-09-04||80|80|1540000.9999999998|12467.0|1540000.9999999998|475201.9999999998|-2640.0|266.0|17342900.0|25|41|74|15|7|3,74;9,41;10,46;13,20;32,14;33,14;36,76;40,74;41,74;44,17;45,72;52,40;58,32;58,33;61,18;61,19;64,40;65,51;66,50;66,51;66,52;67,50;67,51;67,52;76,49
d0f8b22b-0c60-492d-88e5-4f3c26eeda5d|Carola RPT C-subwindow 9978c280-4108-4c8b-9541-81260137691b|Girder A|2024-09-04||80|80|1540000.9999999998|12467.0|1540000.9999999998|475201.9999999998|-2640.0|266.0|17342900.0|25|41|74|15|7|3,74;9,41;10,46;13,20;32,14;33,14;36,76;40,74;41,74;44,17;45,72;52,40;58,32;58,33;61,18;61,19;64,40;65,51;66,50;66,51;66,52;67,50;67,51;67,52;76,49
56c73e2c-b89f-4bdd-bf43-8f22454309be|Carola RPT C-subwindow da3dd34f-a7eb-45c4-ae4d-e7e00ca57233|Girder A|2024-09-04||80|80|1540000.9999999998|12467.0|1540000.9999999998|475201.9999999998|-2640.0|266.0|17342900.0|25|41|74|15|7|3,74;9,41;10,46;13,20;32,14;33,14;36,76;40,74;41,74;44,17;45,72;52,40;58,32;58,33;61,18;61,19;64,40;65,51;66,50;66,51;66,52;67,50;67,51;67,52;76,49
5cdc02ae-6498-4e7d-b7b6-62240b075ed1|Carolabruecke 86d76128-c35e-4fae-a740-be452d85efa9|Girder A|2024-09-04||80|80|1540000.9999999998|12467.0|1540000.9999999998|475201.9999999998|-2640.0|266.0|17342900.0|25|41|74|15|7|3,74;9,41;10,46;13,20;32,14;33,14;36,76;40,74;41,74;44,17;45,72;52,40;58,32;58,33;61,18;61,19;64,40;65,51;66,50;66,51;66,52;67,50;67,51;67,52;76,49
f1d4b8c6-40df-4533-b9a1-7a00545b6aeb|Carola RPT A-full 3803bf22-891c-4077-ad80-793c7bce8fa0|Girder A|2024-09-09||80|80|852136.0000000001|8487.000000000002|852136.0000000001|256272.99999999997|822.0|673.0|13985249.0|36|50|21|18|5|4,43;11,51;11,52;12,50;12,51;24,16;30,54;30,55;30,56;30,61;30,62;31,50;31,54;31,55;31,61;31,62;41,79;44,49;44,50;44,79;45,49;47,2;47,70;47,71;48,22;48,23;50,20;50,21;50,72;51,21;52,67;55,47;55,48;64,67;77,64;78,63
4a7c79bc-c0f6-41dd-b6dc-526fa7bd9e8d|Carola RPT A-full 9f0d8bc0-21c8-4d8f-8ce7-2a41f3f239d4|Girder A|2024-09-09||80|80|3453410.0000000005|8738.0|3453410.0000000005|1353097.0|1363.0|4345.0|7851788.0|3|0|4|1|3|0,3;0,4;0,5
61ecb286-551e-4014-a63d-6454e6dcc1e7|Carola RPT A-full 9f0d8bc0-21c8-4d8f-8ce7-2a41f3f239d4|Girder B|2024-09-09||80|80|852136.0000000001|8487.000000000002|852136.0000000001|256272.99999999997|822.0|673.0|13985249.0|36|50|21|18|5|4,43;11,51;11,52;12,50;12,51;24,16;30,54;30,55;30,56;30,61;30,62;31,50;31,54;31,55;31,61;31,62;41,79;44,49;44,50;44,79;45,49;47,2;47,70;47,71;48,22;48,23;50,20;50,21;50,72;51,21;52,67;55,47;55,48;64,67;77,64;78,63
e0b43a1b-84a1-4b40-bffd-5ca5954859b6|Carola RPT A-full 9f0d8bc0-21c8-4d8f-8ce7-2a41f3f239d4|Girder C|2024-09-09||80|80|1006010.0|9031.5|1006010.0|304642.00000000006|348.0|-4618.0|20915882.0|44|4|76|17|10|2,73;3,33;3,73;3,74;3,76;3,77;4,73;4,74;4,75;4,76;4,77;8,74;10,41;10,42;11,41;12,75;12,76;13,75;13,76;23,6;29,44;29,45;29,46;29,51;29,52;30,44;30,45;30,51;43,39;43,40;43,69;44,39;45,71;46,60;46,61;46,70;46,71;48,73;49,10;49,11;50,11;50,77;54,37;79,65
b4078368-88cb-44f6-8690-d6770dfc78f9|Carola RPT C-subwindow 691644e8-73fe-4c1a-97aa-ffe2eac1319c|Girder A|2024-09-09||80|80|852136.0000000001|8487.000000000002|852136.0000000001|256272.99999999997|822.0|673.0|13985249.0|36|50|21|18|5|4,43;11,51;11,52;12,50;12,51;24,16;30,54;30,55;30,56;30,61;30,62;31,50;31,54;31,55;31,61;31,62;41,79;44,49;44,50;44,79;45,49;47,2;47,70;47,71;48,22;48,23;50,20;50,21;50,72;51,21;52,67;55,47;55,48;64,67;77,64;78,63
a0ed81b4-f6be-4a39-9abf-5cb333a2d05f|Carola RPT C-subwindow 9978c280-4108-4c8b-9541-81260137691b|Girder A|2024-09-09||80|80|852136.0000000001|8487.000000000002|852136.0000000001|256272.99999999997|822.0|673.0|13985249.0|36|50|21|18|5|4,43;11,51;11,52;12,50;12,51;24,16;30,54;30,55;30,56;30,61;30,62;31,50;31,54;31,55;31,61;31,62;41,79;44,49;44,50;44,79;45,49;47,2;47,70;47,71;48,22;48,23;50,20;50,21;50,72;51,21;52,67;55,47;55,48;64,67;77,64;78,63
de83913e-3407-4793-8139-cc2c73be647c|Carola RPT C-subwindow da3dd34f-a7eb-45c4-ae4d-e7e00ca57233|Girder A|2024-09-09||80|80|852136.0000000001|8487.000000000002|852136.0000000001|256272.99999999997|822.0|673.0|13985249.0|36|50|21|18|5|4,43;11,51;11,52;12,50;12,51;24,16;30,54;30,55;30,56;30,61;30,62;31,50;31,54;31,55;31,61;31,62;41,79;44,49;44,50;44,79;45,49;47,2;47,70;47,71;48,22;48,23;50,20;50,21;50,72;51,21;52,67;55,47;55,48;64,67;77,64;78,63
7eeda620-2bce-4b77-a67e-643501ac383a|Carolabruecke 86d76128-c35e-4fae-a740-be452d85efa9|Girder A|2024-09-09||80|80|852136.0000000001|8487.000000000002|852136.0000000001|256272.99999999997|822.0|673.0|13985249.0|36|50|21|18|5|4,43;11,51;11,52;12,50;12,51;24,16;30,54;30,55;30,56;30,61;30,62;31,50;31,54;31,55;31,61;31,62;41,79;44,49;44,50;44,79;45,49;47,2;47,70;47,71;48,22;48,23;50,20;50,21;50,72;51,21;52,67;55,47;55,48;64,67;77,64;78,63
8b669e3f-90d1-400b-b54c-e19d91c2c44d|Carola RPT A-full 3803bf22-891c-4077-ad80-793c7bce8fa0|Girder A|2024-09-13||80|80|1912352.0000000002|5667.999999999999|1912352.0000000002|585866.0|-2865.0|-3232.0|14967231.0|17|7|28|9|3|6,27;6,28;7,28;14,64;15,48;15,64;15,65;35,1;36,2;36,7;39,21;40,20;40,21;57,22;61,59;67,63;68,63
ddd43014-68a3-443a-bb99-cc04b92a13e1|Carola RPT A-full 9f0d8bc0-21c8-4d8f-8ce7-2a41f3f239d4|Girder A|2024-09-13||80|80|1912352.0000000002|5455.0|1912352.0000000002|585866.0|-3466.0|-980.0|17378566.0|19|5|22|10|3|4,21;4,22;5,22;12,58;13,42;13,58;13,59;34,1;37,15;38,14;38,15;55,16;59,53;65,57;66,57;78,34;79,21;79,34;79,35
924a21bf-c3f4-422e-ac02-40059577d4f3|Carola RPT A-full 9f0d8bc0-21c8-4d8f-8ce7-2a41f3f239d4|Girder B|2024-09-13||80|80|1912352.0000000002|5667.999999999999|1912352.0000000002|585866.0|-2865.0|-3232.0|14967231.0|17|7|28|9|3|6,27;6,28;7,28;14,64;15,48;15,64;15,65;35,1;36,2;36,7;39,21;40,20;40,21;57,22;61,59;67,63;68,63
48d610ce-7e77-47ee-a7d6-ea0ed00c97b9|Carola RPT A-full 9f0d8bc0-21c8-4d8f-8ce7-2a41f3f239d4|Girder C|2024-09-13||80|80|1912352.0000000002|5680.499999999999|1912352.0000000002|585866.0|-2865.0|-3232.0|14967231.0|17|9|35|9|3|8,34;8,35;9,35;16,71;17,55;17,71;17,72;37,8;38,9;38,14;41,28;42,27;42,28;59,29;63,66;69,70;70,70
71d1dddd-3fec-4a66-9a2c-a87717303982|Carola RPT C-subwindow 691644e8-73fe-4c1a-97aa-ffe2eac1319c|Girder A|2024-09-13||80|80|1912352.0000000002|5667.999999999999|1912352.0000000002|585866.0|-2865.0|-3232.0|14967231.0|17|7|28|9|3|6,27;6,28;7,28;14,64;15,48;15,64;15,65;35,1;36,2;36,7;39,21;40,20;40,21;57,22;61,59;67,63;68,63
e0f97547-9e48-4b08-9bec-f10d7ee05384|Carola RPT C-subwindow 9978c280-4108-4c8b-9541-81260137691b|Girder A|2024-09-13||80|80|1912352.0000000002|5667.999999999999|1912352.0000000002|585866.0|-2865.0|-3232.0|14967231.0|17|7|28|9|3|6,27;6,28;7,28;14,64;15,48;15,64;15,65;35,1;36,2;36,7;39,21;40,20;40,21;57,22;61,59;67,63;68,63
f69dfe1e-135f-49ad-bb61-e39cad21ff59|Carola RPT C-subwindow da3dd34f-a7eb-45c4-ae4d-e7e00ca57233|Girder A|2024-09-13||80|80|1912352.0000000002|5667.999999999999|1912352.0000000002|585866.0|-2865.0|-3232.0|14967231.0|17|7|28|9|3|6,27;6,28;7,28;14,64;15,48;15,64;15,65;35,1;36,2;36,7;39,21;40,20;40,21;57,22;61,59;67,63;68,63
188db4c5-5af1-48e5-a9b7-3499f0536b1d|Carolabruecke 86d76128-c35e-4fae-a740-be452d85efa9|Girder A|2024-09-13||80|80|1912352.0000000002|5667.999999999999|1912352.0000000002|585866.0|-2865.0|-3232.0|14967231.0|17|7|28|9|3|6,27;6,28;7,28;14,64;15,48;15,64;15,65;35,1;36,2;36,7;39,21;40,20;40,21;57,22;61,59;67,63;68,63
e4fadf9c-2ef5-408e-974e-38eb75e043a2|Carola RPT A-full 3803bf22-891c-4077-ad80-793c7bce8fa0|Girder A|2024-09-16||80|80|3337450.0|2825.0|3337450.0|1367165.0000000002|1840.0|-3075.0|6310711.0|3|67|69|1|3|67,69;67,70;68,69
19c21f56-7fb6-4db7-8ac1-be3376cf060c|Carola RPT A-full 9f0d8bc0-21c8-4d8f-8ce7-2a41f3f239d4|Girder A|2024-09-16||80|80|3337450.0|2748.9999999999995|3337450.0|1367165.0000000002|1840.0|-3075.0|6310711.0|3|68|77|1|3|68,77;68,78;69,77
b59e0083-1984-4235-83be-c28e96aa5982|Carola RPT A-full 9f0d8bc0-21c8-4d8f-8ce7-2a41f3f239d4|Girder B|2024-09-16||80|80|3337450.0|2825.0|3337450.0|1367165.0000000002|1840.0|-3075.0|6310711.0|3|67|69|1|3|67,69;67,70;68,69
f1d21167-faaf-4be3-b3d7-6a102e4642de|Carola RPT A-full 9f0d8bc0-21c8-4d8f-8ce7-2a41f3f239d4|Girder C|2024-09-16||80|80|3337450.0|2922.5000000000005|3337450.0|1367165.0000000002|1840.0|-3075.0|6310711.0|3|66|61|1|3|66,61;66,62;67,61
22c386ca-30f9-40fe-a253-a24424db3fe8|Carola RPT C-subwindow 691644e8-73fe-4c1a-97aa-ffe2eac1319c|Girder A|2024-09-16||80|80|3337450.0|2825.0|3337450.0|1367165.0000000002|1840.0|-3075.0|6310711.0|3|67|69|1|3|67,69;67,70;68,69
b87ac863-cbc8-4fd1-aa0e-bbb7d668397d|Carola RPT C-subwindow 9978c280-4108-4c8b-9541-81260137691b|Girder A|2024-09-16||80|80|3337450.0|2825.0|3337450.0|1367165.0000000002|1840.0|-3075.0|6310711.0|3|67|69|1|3|67,69;67,70;68,69
3b1508ff-0855-4405-b3da-1c347154fdf1|Carola RPT C-subwindow da3dd34f-a7eb-45c4-ae4d-e7e00ca57233|Girder A|2024-09-16||80|80|3337450.0|2825.0|3337450.0|1367165.0000000002|1840.0|-3075.0|6310711.0|3|67|69|1|3|67,69;67,70;68,69
58f42ed5-cbf4-4e87-92a6-f64fc8aa72e7|Carolabruecke 86d76128-c35e-4fae-a740-be452d85efa9|Girder A|2024-09-16||80|80|3337450.0|2825.0|3337450.0|1367165.0000000002|1840.0|-3075.0|6310711.0|3|67|69|1|3|67,69;67,70;68,69
2013bd04-a82e-4de9-b713-d6441fe27ba5|Carola RPT A-full 3803bf22-891c-4077-ad80-793c7bce8fa0|Girder A|2024-09-21||80|80|861125.0|8124.999999999998|861125.0|258744.99999999994|-3054.0|99.0|12514767.0|29|29|54|13|5|1,5;3,79;9,55;10,50;10,51;11,50;11,51;28,54;29,53;29,54;29,55;30,50;30,51;30,54;43,49;43,78;43,79;46,15;46,16;46,17;47,16;47,17;49,20;49,21;53,47;54,47;54,48;55,53;79,75
e16b9c53-601c-4ecb-a7f8-c04fc72b7f9d|Carola RPT A-full 9f0d8bc0-21c8-4d8f-8ce7-2a41f3f239d4|Girder A|2024-09-21||80|80|2373920.0000000005|8422.499999999998|2373920.0000000005|764777.0|-4102.0|1266.0|7040988.0|5|0|4|3|3|0,3;0,4;0,5;31,63;56,56
5500de1e-adff-477c-94bc-d992b0e880df|Carola RPT A-full 9f0d8bc0-21c8-4d8f-8ce7-2a41f3f239d4|Girder B|2024-09-21||80|80|861125.0|8124.999999999998|861125.0|258744.99999999994|-3054.0|99.0|12514767.0|29|29|54|13|5|1,5;3,79;9,55;10,50;10,51;11,50;11,51;28,54;29,53;29,54;29,55;30,50;30,51;30,54;43,49;43,78;43,79;46,15;46,16;46,17;47,16;47,17;49,20;49,21;53,47;54,47;54,48;55,53;79,75
8af23d40-39c0-4ae1-836e-65cb6ac5f33d|Carola RPT A-full 9f0d8bc0-21c8-4d8f-8ce7-2a41f3f239d4|Girder C|2024-09-21||80|80|861125.0|8544.999999999998|861125.0|258744.99999999994|-1909.0|2275.0|19327732.0|45|28|44|18|5|1,73;2,69;2,73;2,77;3,73;8,45;9,40;9,41;10,40;10,41;11,75;11,76;12,75;12,76;27,44;28,43;28,44;28,45;29,40;29,41;29,44;42,39;42,68;42,69;44,70;44,71;45,5;45,6;45,7;45,70;46,6;46,7;46,73;47,73;48,10;48,11;48,76;48,77;49,76;49,77;52,37;53,37;53,38;54,43;78,65
e0a39eba-1cf5-4361-b73c-c159cfa7b911|Carola RPT C-subwindow 691644e8-73fe-4c1a-97aa-ffe2eac1319c|Girder A|2024-09-21||80|80|861125.0|8124.999999999998|861125.0|258744.99999999994|-3054.0|99.0|12514767.0|29|29|54|13|5|1,5;3,79;9,55;10,50;10,51;11,50;11,51;28,54;29,53;29,54;29,55;30,50;30,51;30,54;43,49;43,78;43,79;46,15;46,16;46,17;47,16;47,17;49,20;49,21;53,47;54,47;54,48;55,53;79,75
340fd6a5-d11d-488d-acf3-53e8bbf02019|Carola RPT C-subwindow 9978c280-4108-4c8b-9541-81260137691b|Girder A|2024-09-21||80|80|861125.0|8124.999999999998|861125.0|258744.99999999994|-3054.0|99.0|12514767.0|29|29|54|13|5|1,5;3,79;9,55;10,50;10,51;11,50;11,51;28,54;29,53;29,54;29,55;30,50;30,51;30,54;43,49;43,78;43,79;46,15;46,16;46,17;47,16;47,17;49,20;49,21;53,47;54,47;54,48;55,53;79,75
7826751e-fdf7-4429-81c1-8723c179c50a|Carola RPT C-subwindow da3dd34f-a7eb-45c4-ae4d-e7e00ca57233|Girder A|2024-09-21||80|80|861125.0|8124.999999999998|861125.0|258744.99999999994|-3054.0|99.0|12514767.0|29|29|54|13|5|1,5;3,79;9,55;10,50;10,51;11,50;11,51;28,54;29,53;29,54;29,55;30,50;30,51;30,54;43,49;43,78;43,79;46,15;46,16;46,17;47,16;47,17;49,20;49,21;53,47;54,47;54,48;55,53;79,75
baa096a6-a16b-4a50-9b61-355824e360c0|Carolabruecke 86d76128-c35e-4fae-a740-be452d85efa9|Girder A|2024-09-21||80|80|861125.0|8124.999999999998|861125.0|258744.99999999994|-3054.0|99.0|12514767.0|29|29|54|13|5|1,5;3,79;9,55;10,50;10,51;11,50;11,51;28,54;29,53;29,54;29,55;30,50;30,51;30,54;43,49;43,78;43,79;46,15;46,16;46,17;47,16;47,17;49,20;49,21;53,47;54,47;54,48;55,53;79,75
f1d8bbcc-a93e-4459-95eb-b754770ba566|Carola RPT A-full 3803bf22-891c-4077-ad80-793c7bce8fa0|Girder A|2024-09-25||80|80|1852441.9999999998|1450.0000000000002|1852441.9999999998|570320.0|8628.0|-2447.0|17553729.0|17|12|57|3|14|6,31;11,54;11,55;11,56;11,57;12,55;12,56;12,57;12,58;12,59;12,60;13,57;13,58;13,59;13,60;51,12;52,12
b60607f9-6b13-4b66-b4a0-27031fa77581|Carola RPT A-full 9f0d8bc0-21c8-4d8f-8ce7-2a41f3f239d4|Girder A|2024-09-25||80|80|1852441.9999999998|1445.0|1852441.9999999998|570320.0|8628.0|-2447.0|17553729.0|17|10|50|3|14|4,24;9,47;9,48;9,49;9,50;10,48;10,49;10,50;10,51;10,52;10,53;11,50;11,51;11,52;11,53;49,5;50,5
2e3ad05c-5937-4c91-988e-939ce03ec647|Carola RPT A-full 9f0d8bc0-21c8-4d8f-8ce7-2a41f3f239d4|Girder B|2024-09-25||80|80|1852441.9999999998|1450.0000000000002|1852441.9999999998|570320.0|8628.0|-2447.0|17553729.0|17|12|57|3|14|6,31;11,54;11,55;11,56;11,57;12,55;12,56;12,57;12,58;12,59;12,60;13,57;13,58;13,59;13,60;51,12;52,12
4ffd0730-9a81-4b81-a595-118ad254fc05|Carola RPT A-full 9f0d8bc0-21c8-4d8f-8ce7-2a41f3f239d4|Girder C|2024-09-25||80|80|1852441.9999999998|1429.0000000000007|1852441.9999999998|570320.0|8628.0|-2447.0|17553729.0|17|14|63|3|14|8,37;13,60;13,61;13,62;13,63;14,61;14,62;14,63;14,64;14,65;14,66;15,63;15,64;15,65;15,66;53,18;54,18
eb6dee74-d650-40b0-a46d-73770ac88ffb|Carola RPT C-subwindow 691644e8-73fe-4c1a-97aa-ffe2eac1319c|Girder A|2024-09-25||80|80|1852441.9999999998|1450.0000000000002|1852441.9999999998|570320.0|8628.0|-2447.0|17553729.0|17|12|57|3|14|6,31;11,54;11,55;11,56;11,57;12,55;12,56;12,57;12,58;12,59;12,60;13,57;13,58;13,59;13,60;51,12;52,12
5746302e-9213-4e14-9762-edd55808458f|Carola RPT C-subwindow 9978c280-4108-4c8b-9541-81260137691b|Girder A|2024-09-25||80|80|1852441.9999999998|1450.0000000000002|1852441.9999999998|570320.0|8628.0|-2447.0|17553729.0|17|12|57|3|14|6,31;11,54;11,55;11,56;11,57;12,55;12,56;12,57;12,58;12,59;12,60;13,57;13,58;13,59;13,60;51,12;52,12
02c2ae3f-7dc1-473d-a103-5cc9e6237660|Carola RPT C-subwindow da3dd34f-a7eb-45c4-ae4d-e7e00ca57233|Girder A|2024-09-25||80|80|1852441.9999999998|1450.0000000000002|1852441.9999999998|570320.0|8628.0|-2447.0|17553729.0|17|12|57|3|14|6,31;11,54;11,55;11,56;11,57;12,55;12,56;12,57;12,58;12,59;12,60;13,57;13,58;13,59;13,60;51,12;52,12
59f2a48e-5c3a-4dc7-827a-bc7cd39724a2|Carolabruecke 86d76128-c35e-4fae-a740-be452d85efa9|Girder A|2024-09-25||80|80|1852441.9999999998|1450.0000000000002|1852441.9999999998|570320.0|8628.0|-2447.0|17553729.0|17|12|57|3|14|6,31;11,54;11,55;11,56;11,57;12,55;12,56;12,57;12,58;12,59;12,60;13,57;13,58;13,59;13,60;51,12;52,12
00cc4593-1e4e-4ce7-a1a2-338365c5fe23|Carola RPT A-full 3803bf22-891c-4077-ad80-793c7bce8fa0|Girder A|2024-09-28||80|80|1480401.0000000005|12069.0|1480401.0000000005|454324.9999999999|1946.0|-3377.0|17597849.0|27|39|73|15|5|1,73;3,69;4,68;10,53;29,0;31,13;34,75;35,75;38,73;39,73;39,74;42,16;43,50;59,17;59,18;60,17;62,39;62,49;64,50;64,51;65,49;65,50;65,51;78,18;79,1;79,2;79,3
8ce33238-cb00-459a-8557-efbcf5197336|Carola RPT A-full 9f0d8bc0-21c8-4d8f-8ce7-2a41f3f239d4|Girder A|2024-09-28||80|80|946210.0|11194.0|946210.0|284713.0|2988.0|-814.0|25219814.0|57|67|58|24|10|4,79;5,78;6,77;6,78;10,50;11,55;11,57;11,58;11,62;12,62;12,65;12,66;13,28;13,66;14,2;15,2;15,3;22,14;31,9;32,9;32,22;33,22;44,24;44,25;45,25;45,59;45,60;49,35;52,48;55,44;58,40;58,41;61,26;61,27;62,26;62,27;63,48;64,48;64,58;64,79;65,49;65,58;65,59;66,1;66,49;66,58;66,59;66,60;67,1;67,50;67,58;67,59;67,60;68,58;76,57;77,57;79,27
ec0332b7-f274-466d-8d08-c5c0c981c34e|Carola RPT A-full 9f0d8bc0-21c8-4d8f-8ce7-2a41f3f239d4|Girder B|2024-09-28||80|80|1480401.0000000005|12069.0|1480401.0000000005|454324.9999999999|1946.0|-3377.0|17597849.0|27|39|73|15|5|1,73;3,69;4,68;10,53;29,0;31,13;34,75;35,75;38,73;39,73;39,74;42,16;43,50;59,17;59,18;60,17;62,39;62,49;64,50;64,51;65,49;65,50;65,51;78,18;79,1;79,2;79,3
c178f529-7dd5-4e89-a96c-69bb17ca28fe|Carola RPT A-full 9f0d8bc0-21c8-4d8f-8ce7-2a41f3f239d4|Girder C|2024-09-28||80|80|1480401.0000000005|12609.0|1480401.0000000005|454324.9999999999|4117.0|152.0|19077653.0|28|38|65|15|5|0,65;2,61;3,60;9,45;15,77;15,78;16,77;16,78;30,5;33,67;34,67;37,65;37,75;38,65;38,66;41,8;42,42;58,9;58,10;59,9;61,31;61,41;63,42;63,43;64,41;64,42;64,43;77,10
b08b33c8-dfed-43dd-a36f-29b22e1e3a54|Carola RPT C-subwindow 691644e8-73fe-4c1a-97aa-ffe2eac1319c|Girder A|2024-09-28||80|80|1480401.0000000005|12069.0|1480401.0000000005|454324.9999999999|1946.0|-3377.0|17597849.0|27|39|73|15|5|1,73;3,69;4,68;10,53;29,0;31,13;34,75;35,75;38,73;39,73;39,74;42,16;43,50;59,17;59,18;60,17;62,39;62,49;64,50;64,51;65,49;65,50;65,51;78,18;79,1;79,2;79,3
5be266f0-ac43-48b5-9dff-303bf479648f|Carola RPT C-subwindow 9978c280-4108-4c8b-9541-81260137691b|Girder A|2024-09-28||80|80|1480401.0000000005|12069.0|1480401.0000000005|454324.9999999999|1946.0|-3377.0|17597849.0|27|39|73|15|5|1,73;3,69;4,68;10,53;29,0;31,13;34,75;35,75;38,73;39,73;39,74;42,16;43,50;59,17;59,18;60,17;62,39;62,49;64,50;64,51;65,49;65,50;65,51;78,18;79,1;79,2;79,3
4ba8ba56-71b4-48d7-b350-6ca16612d9fc|Carola RPT C-subwindow da3dd34f-a7eb-45c4-ae4d-e7e00ca57233|Girder A|2024-09-28||80|80|1480401.0000000005|12069.0|1480401.0000000005|454324.9999999999|1946.0|-3377.0|17597849.0|27|39|73|15|5|1,73;3,69;4,68;10,53;29,0;31,13;34,75;35,75;38,73;39,73;39,74;42,16;43,50;59,17;59,18;60,17;62,39;62,49;64,50;64,51;65,49;65,50;65,51;78,18;79,1;79,2;79,3
283925a9-b59e-4b09-be2b-0716739962ba|Carola RPT A-full 3803bf22-891c-4077-ad80-793c7bce8fa0|Girder A|2024-10-03||80|80|872785.0|8500.5|872785.0|262676.0|-3582.0|2538.0|14533888.0|33|30|55|15|6|1,6;2,6;3,79;4,79;10,51;10,52;10,56;11,51;11,52;13,9;26,35;29,54;29,55;29,56;29,62;30,54;30,55;30,56;30,62;31,51;36,43;43,79;44,49;44,50;44,79;46,68;47,72;47,73;48,73;49,73;49,74;54,47;54,48
26a32a4f-2c58-46b3-a0b5-d09522ede52a|Carola RPT A-full 9f0d8bc0-21c8-4d8f-8ce7-2a41f3f239d4|Girder A|2024-10-03||80|80|3904419.9999999995|8657.999999999998|3904419.9999999995|1781712.0000000002|3863.0|-2833.0|8152382.0|3|0|4|1|3|0,3;0,4;0,5
3cf8ead8-7f51-41d4-94fa-76565b6ce171|Carola RPT A-full 9f0d8bc0-21c8-4d8f-8ce7-2a41f3f239d4|Girder B|2024-10-03||80|80|872785.0|8500.5|872785.0|262676.0|-3582.0|2538.0|14533888.0|33|30|55|15|6|1,6;2,6;3,79;4,79;10,51;10,52;10,56;11,51;11,52;13,9;26,35;29,54;29,55;29,56;29,62;30,54;30,55;30,56;30,62;31,51;36,43;43,79;44,49;44,50;44,79;46,68;47,72;47,73;48,73;49,73;49,74;54,47;54,48
88cb326a-c383-46c0-a9e7-90ddf9cbf6e2|Carola RPT A-full 9f0d8bc0-21c8-4d8f-8ce7-2a41f3f239d4|Girder C|2024-10-03||80|80|872785.0|8911.5|872785.0|262676.0|-3292.0|1373.0|22510369.0|54|29|45|20|6|2,69;2,73;2,74;2,78;3,69;3,70;3,73;3,74;3,77;3,78;9,41;9,42;9,46;10,41;10,42;12,76;13,77;15,76;15,77;16,76;16,77;25,25;28,44;28,45;28,46;28,52;29,44;29,45;29,46;29,52;30,41;35,33;42,69;43,39;43,40;43,69;45,58;45,70;45,71;46,62;46,63;47,63;47,74;47,75;47,76;48,63;48,64;48,74;49,76;49,77;49,78;50,77;53,37;53,38
f0f14fe8-c569-4a67-bec2-bb095754e0f5|Carola RPT C-subwindow 691644e8-73fe-4c1a-97aa-ffe2eac1319c|Girder A|2024-10-03||80|80|872785.0|8500.5|872785.0|262676.0|-3582.0|2538.0|14533888.0|33|30|55|15|6|1,6;2,6;3,79;4,79;10,51;10,52;10,56;11,51;11,52;13,9;26,35;29,54;29,55;29,56;29,62;30,54;30,55;30,56;30,62;31,51;36,43;43,79;44,49;44,50;44,79;46,68;47,72;47,73;48,73;49,73;49,74;54,47;54,48
3df7a1a5-14bf-46a4-b0c1-c5aa4d921cb5|Carola RPT C-subwindow 9978c280-4108-4c8b-9541-81260137691b|Girder A|2024-10-03||80|80|872785.0|8500.5|872785.0|262676.0|-3582.0|2538.0|14533888.0|33|30|55|15|6|1,6;2,6;3,79;4,79;10,51;10,52;10,56;11,51;11,52;13,9;26,35;29,54;29,55;29,56;29,62;30,54;30,55;30,56;30,62;31,51;36,43;43,79;44,49;44,50;44,79;46,68;47,72;47,73;48,73;49,73;49,74;54,47;54,48
1f6507b4-efb9-423e-8b8f-1b8eeac0785d|Carola RPT C-subwindow da3dd34f-a7eb-45c4-ae4d-e7e00ca57233|Girder A|2024-10-03||80|80|872785.0|8500.5|872785.0|262676.0|-3582.0|2538.0|14533888.0|33|30|55|15|6|1,6;2,6;3,79;4,79;10,51;10,52;10,56;11,51;11,52;13,9;26,35;29,54;29,55;29,56;29,62;30,54;30,55;30,56;30,62;31,51;36,43;43,79;44,49;44,50;44,79;46,68;47,72;47,73;48,73;49,73;49,74;54,47;54,48
b00726b2-04b6-44a5-b08b-a9d86787813e|Carola RPT A-full 3803bf22-891c-4077-ad80-793c7bce8fa0|Girder A|2024-10-07||80|80|3749549.000000001|5646.5|3749549.000000001|1188100.9999999998|-2082.0|-128.0|23410264.0|13|79|45|7|3|6,28;7,28;42,38;67,64;68,63;68,64;69,26;70,26;76,25;78,21;78,22;79,45;79,46
ae18ce78-3b62-4f96-8f24-92958a9cc99a|Carola RPT A-full 9f0d8bc0-21c8-4d8f-8ce7-2a41f3f239d4|Girder A|2024-10-07||80|80|6542049.999999999|5510.0|6542049.999999999|2045972.0000000007|1427.0|-2770.0|23288745.0|7|78|39|3|4|76,15;77,39;77,40;78,35;78,39;78,40;79,35
9fe38994-5a4c-4e50-8c46-99a0699b2b1c|Carola RPT A-full 9f0d8bc0-21c8-4d8f-8ce7-2a41f3f239d4|Girder B|2024-10-07||80|80|3749549.000000001|5646.5|3749549.000000001|1188100.9999999998|-2082.0|-128.0|23410264.0|13|79|45|7|3|6,28;7,28;42,38;67,64;68,63;68,64;69,26;70,26;76,25;78,21;78,22;79,45;79,46
70c16f8c-3456-45db-af54-68f06e019448|Carola RPT A-full 9f0d8bc0-21c8-4d8f-8ce7-2a41f3f239d4|Girder C|2024-10-07||80|80|1792032.9999999995|5641.000000000001|1792032.9999999995|543050.0000000001|-7802.0|-1901.0|23467595.0|23|44|45|11|6|7,38;8,35;9,35;16,72;17,72;34,0;35,0;41,28;43,45;44,45;61,27;69,70;69,71;70,68;70,69;70,70;70,71;71,33;72,33;75,40;77,32;78,31;78,32
b6d31719-3d13-4e47-ae5a-fe85b99bf3bf|Carola RPT C-subwindow 691644e8-73fe-4c1a-97aa-ffe2eac1319c|Girder A|2024-10-07||80|80|3749549.000000001|5646.5|3749549.000000001|1188100.9999999998|-2082.0|-128.0|23410264.0|13|79|45|7|3|6,28;7,28;42,38;67,64;68,63;68,64;69,26;70,26;76,25;78,21;78,22;79,45;79,46
ca26af1e-126e-45ae-aab9-986e7d8664ab|Carola RPT C-subwindow 9978c280-4108-4c8b-9541-81260137691b|Girder A|2024-10-07||80|80|3749549.000000001|5646.5|3749549.000000001|1188100.9999999998|-2082.0|-128.0|23410264.0|13|79|45|7|3|6,28;7,28;42,38;67,64;68,63;68,64;69,26;70,26;76,25;78,21;78,22;79,45;79,46
9dcc134f-b733-4bf6-b9c7-fbc902b6ed41|Carola RPT C-subwindow da3dd34f-a7eb-45c4-ae4d-e7e00ca57233|Girder A|2024-10-07||80|80|3749549.000000001|5646.5|3749549.000000001|1188100.9999999998|-2082.0|-128.0|23410264.0|13|79|45|7|3|6,28;7,28;42,38;67,64;68,63;68,64;69,26;70,26;76,25;78,21;78,22;79,45;79,46
4f974c8d-860b-4773-a8f6-1f480e31be37|Carola RPT A-full 3803bf22-891c-4077-ad80-793c7bce8fa0|Girder A|2024-10-10||80|80|1389865.9999999998|12789.5|1389865.9999999998|429507.9999999999|-679.0|6428.0|20299675.0|33|40|74|14|8|2,69;3,69;10,46;10,47;10,48;22,6;30,1;36,76;40,73;40,74;41,74;43,16;43,17;44,16;44,17;46,11;57,32;58,32;60,18;60,19;61,18;61,19;64,40;64,50;64,54;65,50;65,51;66,49;66,50;66,51;66,52;67,50;76,48
7b909029-91d8-4ac4-97b1-df02b9fd2d8e|Carola RPT A-full 9f0d8bc0-21c8-4d8f-8ce7-2a41f3f239d4|Girder A|2024-10-10||80|80|1117818.0|12107.5|1117818.0|339354.00000000006|3223.0|2184.0|23672501.0|45|67|58|14|10|3,77;4,76;4,77;9,36;10,36;11,54;11,55;11,56;11,57;15,2;22,14;23,14;31,9;44,24;44,25;45,24;45,25;47,19;58,40;58,41;59,40;61,26;61,27;62,26;62,27;63,59;63,61;64,47;64,48;64,58;64,62;65,48;65,58;65,62;65,63;66,58;66,59;66,63;67,57;67,58;67,59;67,60;68,58;76,56;77,56
0f3a67a5-a2ae-4f3d-9a37-2cb351ef0465|Carola RPT A-full 9f0d8bc0-21c8-4d8f-8ce7-2a41f3f239d4|Girder B|2024-10-10||80|80|1389865.9999999998|12789.5|1389865.9999999998|429507.9999999999|-679.0|6428.0|20299675.0|33|40|74|14|8|2,69;3,69;10,46;10,47;10,48;22,6;30,1;36,76;40,73;40,74;41,74;43,16;43,17;44,16;44,17;46,11;57,32;58,32;60,18;60,19;61,18;61,19;64,40;64,50;64,54;65,50;65,51;66,49;66,50;66,51;66,52;67,50;76,48
d1257029-df3f-4417-982d-f4c72e418ac4|Carola RPT A-full 9f0d8bc0-21c8-4d8f-8ce7-2a41f3f239d4|Girder C|2024-10-10||80|80|1389865.9999999998|13379.5|1389865.9999999998|440122.0000000001|-1696.0|5043.0|22328361.0|35|39|65|14|8|1,60;2,60;9,37;9,38;9,39;14,73;17,76;17,77;17,78;35,67;39,64;39,65;40,65;42,7;42,8;43,7;43,8;45,2;56,23;57,23;59,9;59,10;60,9;60,10;63,31;63,41;63,45;64,41;64,42;65,40;65,41;65,42;65,43;66,41;75,39
6b940758-802d-4f71-b19a-1f868140270a|Carola RPT C-subwindow 691644e8-73fe-4c1a-97aa-ffe2eac1319c|Girder A|2024-10-10||80|80|1389865.9999999998|12789.5|1389865.9999999998|429507.9999999999|-679.0|6428.0|20299675.0|33|40|74|14|8|2,69;3,69;10,46;10,47;10,48;22,6;30,1;36,76;40,73;40,74;41,74;43,16;43,17;44,16;44,17;46,11;57,32;58,32;60,18;60,19;61,18;61,19;64,40;64,50;64,54;65,50;65,51;66,49;66,50;66,51;66,52;67,50;76,48
e8ad212e-b5fc-4e5f-ab69-d217eecf7895|Carola RPT C-subwindow 9978c280-4108-4c8b-9541-81260137691b|Girder A|2024-10-10||80|80|1389865.9999999998|12789.5|1389865.9999999998|429507.9999999999|-679.0|6428.0|20299675.0|33|40|74|14|8|2,69;3,69;10,46;10,47;10,48;22,6;30,1;36,76;40,73;40,74;41,74;43,16;43,17;44,16;44,17;46,11;57,32;58,32;60,18;60,19;61,18;61,19;64,40;64,50;64,54;65,50;65,51;66,49;66,50;66,51;66,52;67,50;76,48
a039d7da-2345-44fd-a1fa-5a92dcf4fd19|Carola RPT C-subwindow da3dd34f-a7eb-45c4-ae4d-e7e00ca57233|Girder A|2024-10-10||80|80|1389865.9999999998|12789.5|1389865.9999999998|429507.9999999999|-679.0|6428.0|20299675.0|33|40|74|14|8|2,69;3,69;10,46;10,47;10,48;22,6;30,1;36,76;40,73;40,74;41,74;43,16;43,17;44,16;44,17;46,11;57,32;58,32;60,18;60,19;61,18;61,19;64,40;64,50;64,54;65,50;65,51;66,49;66,50;66,51;66,52;67,50;76,48
546fccc9-f99c-413f-98d0-e387d6d74065|Carola RPT A-full 3803bf22-891c-4077-ad80-793c7bce8fa0|Girder A|2024-10-15||80|80|841241.0|8308.0|841241.0|255789.00000000003|-3028.0|-3902.0|19801648.0|49|44|49|17|7|1,6;2,5;2,6;3,78;3,79;4,79;10,51;10,55;11,50;11,51;14,64;14,65;15,65;22,14;26,34;26,35;27,54;29,54;29,55;29,56;30,53;30,54;30,55;30,56;30,61;31,50;31,51;40,79;43,49;43,78;43,79;44,48;44,49;44,50;44,78;44,79;45,79;46,79;47,73;47,74;48,73;49,72;49,73;50,73;54,46;54,47;55,47;55,56;56,56
f336405c-b9eb-4b5f-867e-ec40da5f7710|Carola RPT A-full 9f0d8bc0-21c8-4d8f-8ce7-2a41f3f239d4|Girder A|2024-10-15||80|80|4983937.999999999|8398.5|4983937.999999999|1985794.0000000005|4698.0|2943.0|10962289.0|3|0|5|1|3|0,4;0,5;0,6
091f3c23-7480-4716-973b-f7602874088d|Carola RPT A-full 9f0d8bc0-21c8-4d8f-8ce7-2a41f3f239d4|Girder B|2024-10-15||80|80|841241.0|8308.0|841241.0|255789.00000000003|-3028.0|-3902.0|19801648.0|49|44|49|17|7|1,6;2,5;2,6;3,78;3,79;4,79;10,51;10,55;11,50;11,51;14,64;14,65;15,65;22,14;26,34;26,35;27,54;29,54;29,55;29,56;30,53;30,54;30,55;30,56;30,61;31,50;31,51;40,79;43,49;43,78;43,79;44,48;44,49;44,50;44,78;44,79;45,79;46,79;47,73;47,74;48,73;49,72;49,73;50,73;54,46;54,47;55,47;55,56;56,56
59e40c86-23d2-41de-a878-866f81b69de1|Carola RPT A-full 9f0d8bc0-21c8-4d8f-8ce7-2a41f3f239d4|Girder C|2024-10-15||80|80|841241.0|8514.499999999998|841241.0|262593.99999999994|-1072.0|-3256.0|25970964.0|62|43|40|21|8|2,69;2,70;2,74;3,70;3,74;9,42;9,46;10,41;10,42;11,76;12,76;12,77;13,55;13,56;13,76;13,77;14,56;16,76;16,77;21,5;25,25;25,26;26,45;28,45;28,46;28,47;29,44;29,45;29,46;29,47;29,52;30,41;30,42;39,70;42,40;42,69;42,70;43,39;43,40;43,41;43,69;43,70;44,70;45,70;45,71;45,72;46,64;46,65;47,64;47,74;48,63;48,64;48,74;49,64;49,77;49,78;50,78;53,37;53,38;54,38;54,47;55,47
e99a298b-7e01-4210-b266-13d01a081411|Carola RPT C-subwindow 691644e8-73fe-4c1a-97aa-ffe2eac1319c|Girder A|2024-10-15||80|80|841241.0|8308.0|841241.0|255789.00000000003|-3028.0|-3902.0|19801648.0|49|44|49|17|7|1,6;2,5;2,6;3,78;3,79;4,79;10,51;10,55;11,50;11,51;14,64;14,65;15,65;22,14;26,34;26,35;27,54;29,54;29,55;29,56;30,53;30,54;30,55;30,56;30,61;31,50;31,51;40,79;43,49;43,78;43,79;44,48;44,49;44,50;44,78;44,79;45,79;46,79;47,73;47,74;48,73;49,72;49,73;50,73;54,46;54,47;55,47;55,56;56,56
89540a17-8735-4844-95a1-3a9ea409de51|Carola RPT C-subwindow 9978c280-4108-4c8b-9541-81260137691b|Girder A|2024-10-15||80|80|841241.0|8308.0|841241.0|255789.00000000003|-3028.0|-3902.0|19801648.0|49|44|49|17|7|1,6;2,5;2,6;3,78;3,79;4,79;10,51;10,55;11,50;11,51;14,64;14,65;15,65;22,14;26,34;26,35;27,54;29,54;29,55;29,56;30,53;30,54;30,55;30,56;30,61;31,50;31,51;40,79;43,49;43,78;43,79;44,48;44,49;44,50;44,78;44,79;45,79;46,79;47,73;47,74;48,73;49,72;49,73;50,73;54,46;54,47;55,47;55,56;56,56
b36644bc-04e7-46d4-93d6-5e2ee9559360|Carola RPT C-subwindow da3dd34f-a7eb-45c4-ae4d-e7e00ca57233|Girder A|2024-10-15||80|80|841241.0|8308.0|841241.0|255789.00000000003|-3028.0|-3902.0|19801648.0|49|44|49|17|7|1,6;2,5;2,6;3,78;3,79;4,79;10,51;10,55;11,50;11,51;14,64;14,65;15,65;22,14;26,34;26,35;27,54;29,54;29,55;29,56;30,53;30,54;30,55;30,56;30,61;31,50;31,51;40,79;43,49;43,78;43,79;44,48;44,49;44,50;44,78;44,79;45,79;46,79;47,73;47,74;48,73;49,72;49,73;50,73;54,46;54,47;55,47;55,56;56,56
c62fa6ee-2327-4561-b109-264c64f4a39d|Carola RPT A-full 3803bf22-891c-4077-ad80-793c7bce8fa0|Girder A|2024-10-19||80|80|2376845.0|5785.000000000001|2376845.0|726930.0|1480.0|576.0|21179474.0|19|70|26|9|4|6,28;7,28;15,65;39,21;40,21;41,33;50,71;50,72;51,71;51,72;61,59;62,59;68,61;68,63;68,64;69,62;70,26;71,26;79,44
19d2cec3-07c4-4086-8ea4-854de5a86800|Carola RPT A-full 9f0d8bc0-21c8-4d8f-8ce7-2a41f3f239d4|Girder A|2024-10-19||80|80|3658117.000000001|5757.0|3658117.000000001|1492432.0|1486.0|-4773.0|19501487.0|9|78|38|5|3|5,22;37,15;38,15;68,20;78,38;78,39;79,34;79,35;79,38
0a764b98-589f-4c1d-9b98-118a1d1255b0|Carola RPT A-full 9f0d8bc0-21c8-4d8f-8ce7-2a41f3f239d4|Girder B|2024-10-19||80|80|2376845.0|5785.000000000001|2376845.0|726930.0|1480.0|576.0|21179474.0|19|70|26|9|4|6,28;7,28;15,65;39,21;40,21;41,33;50,71;50,72;51,71;51,72;61,59;62,59;68,61;68,63;68,64;69,62;70,26;71,26;79,44
4c9a4692-2f65-4c9b-9aed-53aa6ea9725a|Carola RPT A-full 9f0d8bc0-21c8-4d8f-8ce7-2a41f3f239d4|Girder C|2024-10-19||80|80|2376845.0|5739.5|2376845.0|731521.0000000001|1891.0|-171.0|20452544.0|18|72|33|8|4|8,35;9,35;17,72;41,28;42,28;43,40;52,78;52,79;53,78;53,79;63,66;64,66;70,68;70,70;70,71;71,69;72,33;73,33
9e7e02b3-de6c-49da-9ccd-c4366e0095af|Carola RPT C-subwindow 691644e8-73fe-4c1a-97aa-ffe2eac1319c|Girder A|2024-10-19||80|80|2376845.0|5785.000000000001|2376845.0|726930.0|1480.0|576.0|21179474.0|19|70|26|9|4|6,28;7,28;15,65;39,21;40,21;41,33;50,71;50,72;51,71;51,72;61,59;62,59;68,61;68,63;68,64;69,62;70,26;71,26;79,44
f72c513a-34aa-42b7-845c-9f6b7e869f15|Carola RPT C-subwindow 9978c280-4108-4c8b-9541-81260137691b|Girder A|2024-10-19||80|80|2376845.0|5785.000000000001|2376845.0|726930.0|1480.0|576.0|21179474.0|19|70|26|9|4|6,28;7,28;15,65;39,21;40,21;41,33;50,71;50,72;51,71;51,72;61,59;62,59;68,61;68,63;68,64;69,62;70,26;71,26;79,44
9dffae36-49a4-4433-a9d1-63812113732d|Carola RPT C-subwindow da3dd34f-a7eb-45c4-ae4d-e7e00ca57233|Girder A|2024-10-19||80|80|2376845.0|5785.000000000001|2376845.0|726930.0|1480.0|576.0|21179474.0|19|70|26|9|4|6,28;7,28;15,65;39,21;40,21;41,33;50,71;50,72;51,71;51,72;61,59;62,59;68,61;68,63;68,64;69,62;70,26;71,26;79,44
59a85974-da2c-4f95-acad-0a605973c565|Carola RPT A-full 3803bf22-891c-4077-ad80-793c7bce8fa0|Girder A|2024-10-22||80|80|3652908.9999999995|2605.5|3652908.9999999995|1156352.0|1204.0|3294.0|6381102.0|3|68|69|1|3|68,69;68,70;69,69
19ac0b9c-e2ad-442d-94e8-d0524a5585a5|Carola RPT A-full 9f0d8bc0-21c8-4d8f-8ce7-2a41f3f239d4|Girder A|2024-10-22||80|80|3652908.9999999995|2500.0|3652908.9999999995|1156352.0|1204.0|3294.0|6381102.0|3|69|77|1|3|69,77;69,78;70,77
270640c0-505c-44fe-b83c-5205d6b18bdf|Carola RPT A-full 9f0d8bc0-21c8-4d8f-8ce7-2a41f3f239d4|Girder B|2024-10-22||80|80|3652908.9999999995|2605.5|3652908.9999999995|1156352.0|1204.0|3294.0|6381102.0|3|68|69|1|3|68,69;68,70;69,69
9749087b-f111-4223-ad45-c815a064125b|Carola RPT A-full 9f0d8bc0-21c8-4d8f-8ce7-2a41f3f239d4|Girder C|2024-10-22||80|80|3652908.9999999995|2704.5|3652908.9999999995|1156352.0|1204.0|3294.0|6381102.0|3|67|61|1|3|67,61;67,62;68,61
6dda6013-5d61-41e1-a9d8-0ac6ab27244b|Carola RPT C-subwindow 691644e8-73fe-4c1a-97aa-ffe2eac1319c|Girder A|2024-10-22||80|80|3652908.9999999995|2605.5|3652908.9999999995|1156352.0|1204.0|3294.0|6381102.0|3|68|69|1|3|68,69;68,70;69,69
f55838a1-2b28-46d4-a09f-0beefeec2504|Carola RPT C-subwindow 9978c280-4108-4c8b-9541-81260137691b|Girder A|2024-10-22||80|80|3652908.9999999995|2605.5|3652908.9999999995|1156352.0|1204.0|3294.0|6381102.0|3|68|69|1|3|68,69;68,70;69,69
c1eb1189-00ed-492e-a18d-5406018e473b|Carola RPT C-subwindow da3dd34f-a7eb-45c4-ae4d-e7e00ca57233|Girder A|2024-10-22||80|80|3652908.9999999995|2605.5|3652908.9999999995|1156352.0|1204.0|3294.0|6381102.0|3|68|69|1|3|68,69;68,70;69,69
507f225a-3e34-4768-ab6b-d025432a44cf|Carola RPT A-full 3803bf22-891c-4077-ad80-793c7bce8fa0|Girder A|2024-10-27||80|80|1248714.0|8177.000000000001|1248714.0|401213.0|1744.0|2270.0|10266976.0|17|50|21|9|3|3,6;12,51;15,65;16,65;30,54;31,54;31,55;47,67;48,16;48,17;49,73;50,20;50,21;50,73;51,21;55,47;55,48
4dcf823f-88fc-4ea0-81cc-1b92832454e2|Carola RPT A-full 9f0d8bc0-21c8-4d8f-8ce7-2a41f3f239d4|Girder A|2024-10-27||80|80|4933624.999999999|8296.5|4933624.999999999|1985285.0000000002|3120.0|-5118.0|12291564.0|4|1|4|1|4|1,3;1,4;1,5;2,4
172bd47b-1eff-4e88-a07e-c498d33c49d6|Carola RPT A-full 9f0d8bc0-21c8-4d8f-8ce7-2a41f3f239d4|Girder B|2024-10-27||80|80|1248714.0|8177.000000000001|1248714.0|401213.0|1744.0|2270.0|10266976.0|17|50|21|9|3|3,6;12,51;15,65;16,65;30,54;31,54;31,55;47,67;48,16;48,17;49,73;50,20;50,21;50,73;51,21;55,47;55,48
ac6babc9-710d-48ff-ba03-99aab33f173d|Carola RPT A-full 9f0d8bc0-21c8-4d8f-8ce7-2a41f3f239d4|Girder C|2024-10-27||80|80|1248714.0|8692.000000000002|1248714.0|398143.99999999994|2474.0|1277.0|12568639.0|22|49|11|12|3|4,73;11,41;13,76;14,55;14,76;15,55;17,76;29,44;30,44;30,45;46,57;46,70;46,71;47,6;47,7;48,63;49,10;49,11;49,63;50,11;54,37;54,38
2be44db0-2e98-45fa-812c-543dcfa1139c|Carola RPT C-subwindow 691644e8-73fe-4c1a-97aa-ffe2eac1319c|Girder A|2024-10-27||80|80|1248714.0|8177.000000000001|1248714.0|401213.0|1744.0|2270.0|10266976.0|17|50|21|9|3|3,6;12,51;15,65;16,65;30,54;31,54;31,55;47,67;48,16;48,17;49,73;50,20;50,21;50,73;51,21;55,47;55,48
cf670273-fc6f-46ad-b48a-1fb387322120|Carola RPT C-subwindow 9978c280-4108-4c8b-9541-81260137691b|Girder A|2024-10-27||80|80|1248714.0|8177.000000000001|1248714.0|401213.0|1744.0|2270.0|10266976.0|17|50|21|9|3|3,6;12,51;15,65;16,65;30,54;31,54;31,55;47,67;48,16;48,17;49,73;50,20;50,21;50,73;51,21;55,47;55,48
a1f48517-acf6-4e40-8a90-ceb255baaf1e|Carola RPT C-subwindow da3dd34f-a7eb-45c4-ae4d-e7e00ca57233|Girder A|2024-10-27||80|80|1248714.0|8177.000000000001|1248714.0|401213.0|1744.0|2270.0|10266976.0|17|50|21|9|3|3,6;12,51;15,65;16,65;30,54;31,54;31,55;47,67;48,16;48,17;49,73;50,20;50,21;50,73;51,21;55,47;55,48
ce4212b1-ca56-4c31-b939-61203fb17d8b|Carola RPT A-full 3803bf22-891c-4077-ad80-793c7bce8fa0|Girder A|2024-10-31||80|80|1855066.0|1555.9999999999995|1855066.0|577825.0000000001|8019.0|986.0|20987167.0|18|12|57|4|12|5,31;5,35;11,54;11,55;11,56;11,57;11,58;11,59;12,55;12,56;12,57;12,58;12,59;12,60;51,11;51,12;52,11;52,12
88bac5c7-f505-4715-9062-4d785b3c4b10|Carola RPT A-full 9f0d8bc0-21c8-4d8f-8ce7-2a41f3f239d4|Girder A|2024-10-31||80|80|1855066.0|1525.0|1855066.0|577825.0000000001|8720.0|1367.0|21623729.0|19|10|50|5|12|3,24;3,28;9,47;9,48;9,49;9,50;9,51;9,52;10,48;10,49;10,50;10,51;10,52;10,53;49,4;49,5;50,4;50,5;78,38
473b3054-41a7-4f79-81c3-92630b6929ce|Carola RPT A-full 9f0d8bc0-21c8-4d8f-8ce7-2a41f3f239d4|Girder B|2024-10-31||80|80|1855066.0|1555.9999999999995|1855066.0|577825.0000000001|8019.0|986.0|20987167.0|18|12|57|4|12|5,31;5,35;11,54;11,55;11,56;11,57;11,58;11,59;12,55;12,56;12,57;12,58;12,59;12,60;51,11;51,12;52,11;52,12
4e836875-d97c-4921-8a6a-5c798db239f3|Carola RPT A-full 9f0d8bc0-21c8-4d8f-8ce7-2a41f3f239d4|Girder C|2024-10-31||80|80|1855066.0|1529.9999999999998|1855066.0|577825.0000000001|8019.0|986.0|20987167.0|18|14|63|4|12|7,37;7,41;13,60;13,61;13,62;13,63;13,64;13,65;14,61;14,62;14,63;14,64;14,65;14,66;53,17;53,18;54,17;54,18
7c9f164a-59b0-4f61-bd69-ef4a7a9865b7|Carola RPT C-subwindow 691644e8-73fe-4c1a-97aa-ffe2eac1319c|Girder A|2024-10-31||80|80|1855066.0|1555.9999999999995|1855066.0|577825.0000000001|8019.0|986.0|20987167.0|18|12|57|4|12|5,31;5,35;11,54;11,55;11,56;11,57;11,58;11,59;12,55;12,56;12,57;12,58;12,59;12,60;51,11;51,12;52,11;52,12
f2ea418b-60c4-4775-b4bf-7bf6f26b4aab|Carola RPT C-subwindow 9978c280-4108-4c8b-9541-81260137691b|Girder A|2024-10-31||80|80|1855066.0|1555.9999999999995|1855066.0|577825.0000000001|8019.0|986.0|20987167.0|18|12|57|4|12|5,31;5,35;11,54;11,55;11,56;11,57;11,58;11,59;12,55;12,56;12,57;12,58;12,59;12,60;51,11;51,12;52,11;52,12
d22799e5-b315-43a8-9ba2-998ab11b24b7|Carola RPT C-subwindow da3dd34f-a7eb-45c4-ae4d-e7e00ca57233|Girder A|2024-10-31||80|80|1855066.0|1555.9999999999995|1855066.0|577825.0000000001|8019.0|986.0|20987167.0|18|12|57|4|12|5,31;5,35;11,54;11,55;11,56;11,57;11,58;11,59;12,55;12,56;12,57;12,58;12,59;12,60;51,11;51,12;52,11;52,12
7ca811c9-1fa1-4ea9-978b-6a7a48c62604|Carola RPT A-full 9f0d8bc0-21c8-4d8f-8ce7-2a41f3f239d4|Girder A|2024-11-03||80|80|1084049.0|11815.0|1084049.0|325253.0|-10702.0|109.0|21482469.0|42|67|59|22|8|0,28;0,29;2,58;4,16;10,50;11,37;11,50;11,55;11,57;11,58;12,58;12,61;12,62;13,62;15,2;16,2;23,14;31,24;34,31;38,44;42,35;44,25;45,24;45,25;53,42;53,48;58,41;59,40;59,41;61,27;62,26;62,27;65,58;66,59;67,1;67,58;67,59;67,60;68,58;68,59;68,60;77,57
007fe2ce-9d53-4d1b-9c30-c542fc97e2ec|Carola RPT A-full 9f0d8bc0-21c8-4d8f-8ce7-2a41f3f239d4|Girder B|2024-11-03||80|80|1084049.0|12243.999999999996|1084049.0|325253.0|-8742.0|2600.0|23514806.0|44|66|51|24|8|1,50;3,8;3,74;9,42;10,29;10,42;10,47;10,49;10,50;11,50;11,53;11,54;12,54;22,6;30,16;33,23;36,76;37,36;40,74;40,75;41,27;41,74;43,17;44,16;44,17;52,34;52,40;57,33;58,32;58,33;60,19;61,18;61,19;62,74;64,50;65,51;66,50;66,51;66,52;67,50;67,51;67,52;70,75;76,49
86b688ee-4af4-4eed-a04f-6a4fbd57529f|Carola RPT A-full 9f0d8bc0-21c8-4d8f-8ce7-2a41f3f239d4|Girder C|2024-11-03||80|80|1084049.0|12757.0|1084049.0|325253.0|-5527.0|1729.0|25139944.0|46|64|42|26|8|1,65;7,33;8,20;8,33;8,38;8,40;8,41;9,41;9,44;9,45;10,45;16,77;28,7;31,14;34,67;35,27;37,75;38,65;38,66;39,18;39,65;41,8;42,7;42,8;45,74;50,25;50,31;55,24;55,73;56,23;56,24;58,10;59,9;59,10;60,65;62,41;63,42;64,41;64,42;64,43;65,41;65,42;65,43;65,78;68,66;74,40
05823f83-343e-427c-b42e-8434abf6e16d|Carola RPT A-full 9f0d8bc0-21c8-4d8f-8ce7-2a41f3f239d4|Girder A|2024-11-08||80|80|4709951.999999999|8669.0|4709951.999999999|1741971.9999999998|7603.0|3817.0|17814664.0|6|1|4|1|6|0,3;0,4;0,5;1,3;1,4;1,5
26e369db-fd61-493b-977f-fee180740fa7|Carola RPT A-full 9f0d8bc0-21c8-4d8f-8ce7-2a41f3f239d4|Girder B|2024-11-08||80|80|990245.0000000002|8514.499999999998|990245.0000000002|302705.0|1872.0|-3607.0|13624371.0|29|50|21|14|7|1,52;2,45;4,79;11,51;12,51;15,64;15,65;16,65;30,54;30,55;30,56;30,57;31,54;31,55;31,56;31,62;32,51;44,79;45,79;47,16;48,16;49,73;50,20;50,21;50,62;50,63;50,73;51,21;55,49
92cca825-edb4-4d63-a970-4da7a1f7a43b|Carola RPT A-full 9f0d8bc0-21c8-4d8f-8ce7-2a41f3f239d4|Girder C|2024-11-08||80|80|990245.0000000002|8971.0|990245.0000000002|300469.0|1546.0|-4088.0|21830646.0|49|49|11|21|7|0,42;1,35;3,69;3,73;3,74;3,78;4,73;4,74;4,76;4,77;10,41;11,41;13,76;14,54;14,55;14,76;15,55;16,76;16,77;29,44;29,45;29,46;29,47;30,44;30,45;30,46;30,52;31,41;43,69;44,69;45,70;45,71;46,6;46,70;46,71;47,6;48,63;48,74;49,10;49,11;49,52;49,53;49,63;49,76;50,11;50,76;54,39;79,65;79,66
7ce3eafc-efc6-4a03-a41f-faef688057d6|Carola RPT A-full 9f0d8bc0-21c8-4d8f-8ce7-2a41f3f239d4|Girder A|2024-11-12||80|80|6404785.000000002|5785.000000000001|6404785.000000002|1939508.0000000002|-2254.0|6950.0|28860186.0|9|78|39|5|4|37,16;68,20;76,16;77,38;77,39;78,35;78,38;78,39;79,35
1f6f07bd-0593-432d-acc2-dcfa7a5066e0|Carola RPT A-full 9f0d8bc0-21c8-4d8f-8ce7-2a41f3f239d4|Girder B|2024-11-12||80|80|4056609.999999999|5994.0|4056609.999999999|1224196.0000000002|-7586.0|2592.0|20829294.0|10|79|45|6|2|6,28;39,21;39,22;67,64;68,64;69,26;70,26;78,22;79,44;79,45
7eedb6ed-0b0a-43b0-9ad3-81fb2dff1234|Carola RPT A-full 9f0d8bc0-21c8-4d8f-8ce7-2a41f3f239d4|Girder C|2024-11-12||80|80|2077504.9999999998|5923.999999999999|2077504.9999999998|659820.9999999999|-4044.0|3719.0|23478367.0|22|41|28|11|4|7,37;8,34;8,35;9,34;9,35;16,71;17,71;41,27;41,28;42,28;43,39;44,44;61,68;69,70;70,68;70,70;71,32;71,33;72,32;72,33;77,31;78,31
47d9a1b8-7bc3-4fd9-8a6c-e4bbedc0b7a3|Carola RPT A-full 9f0d8bc0-21c8-4d8f-8ce7-2a41f3f239d4|Girder A|2024-11-15||80|80|2248370.0000000005|13512.5|2248370.0000000005|712828.9999999999|-1123.0|1155.0|8823228.0|8|41|75|3|4|40,75;41,74;41,75;58,40;66,59;67,57;67,58;67,59
e3ff5fd6-4c63-45a3-b9c1-7a7c385b881b|Carola RPT A-full 9f0d8bc0-21c8-4d8f-8ce7-2a41f3f239d4|Girder B|2024-11-15||80|80|2248370.0000000005|13936.5|2248370.0000000005|712828.9999999999|-1728.0|2096.0|10074734.0|9|40|67|4|4|39,67;40,66;40,67;40,73;57,32;65,51;66,49;66,50;66,51
9ccfbeec-4317-456e-b130-102e895f031c|Carola RPT A-full 9f0d8bc0-21c8-4d8f-8ce7-2a41f3f239d4|Girder C|2024-11-15||80|80|2248370.0000000005|14292.499999999996|2248370.0000000005|699434.0|-1294.0|3672.0|11554610.0|11|39|59|5|4|16,77;17,77;38,59;39,58;39,59;39,65;56,24;64,43;65,41;65,42;65,43
8bc967c3-b863-4cc3-a40e-b19be3343ef9|Carola RPT A-full 9f0d8bc0-21c8-4d8f-8ce7-2a41f3f239d4|Girder A|2024-11-20||80|80|803648.0000000001|2329.5|803648.0000000001|250489.99999999994|-1089.0|2897.0|2734764.0|5|4|20|2|4|0,4;3,19;3,20;4,19;4,20
f2db45c5-1e09-4d3c-ae7a-ac75145dfa53|Carola RPT A-full 9f0d8bc0-21c8-4d8f-8ce7-2a41f3f239d4|Girder B|2024-11-20||80|80|803648.0000000001|2210.0|803648.0000000001|400916.0000000001|-1148.0|2400.0|2484274.0|4|3|10|1|4|2,9;2,10;3,9;3,10
185b583c-40c2-44f3-93d6-2f9e7384120b|Carola RPT A-full 9f0d8bc0-21c8-4d8f-8ce7-2a41f3f239d4|Girder C|2024-11-20||80|80|803648.0000000001|2249.5|803648.0000000001|522977.0|-696.0|1209.0|1326625.0|2|1|0|1|2|0,0;1,0
6ac0d1cf-a3f2-462c-9f14-70ef01294582|Carola RPT A-full 9f0d8bc0-21c8-4d8f-8ce7-2a41f3f239d4|Girder A|2024-11-24||80|80|2592364.9999999995|1764.0|2592364.9999999995|811596.9999999999|-6642.0|5328.0|21199932.0|15|49|5|3|10|9,48;9,49;9,50;9,51;9,52;10,49;10,50;10,51;10,52;10,53;49,4;49,5;50,4;50,5;78,38
02840400-995c-4c5c-9dae-86606c2d610b|Carola RPT A-full 9f0d8bc0-21c8-4d8f-8ce7-2a41f3f239d4|Girder B|2024-11-24||80|80|2592364.9999999995|1773.0|2592364.9999999995|811596.9999999999|-5770.0|6144.0|19773692.0|14|51|12|2|10|11,55;11,56;11,57;11,58;11,59;12,56;12,57;12,58;12,59;12,60;51,11;51,12;52,11;52,12
f8c24e30-e862-4e69-b0bb-2bc80d42f8ca|Carola RPT A-full 9f0d8bc0-21c8-4d8f-8ce7-2a41f3f239d4|Girder C|2024-11-24||80|80|2592364.9999999995|1750.0|2592364.9999999995|811596.9999999999|-5770.0|6144.0|19773692.0|14|53|18|2|10|13,61;13,62;13,63;13,64;13,65;14,62;14,63;14,64;14,65;14,66;53,17;53,18;54,17;54,18
084f875c-1a5f-4377-b129-50ee830038d2|Carola RPT A-full 9f0d8bc0-21c8-4d8f-8ce7-2a41f3f239d4|Girder A|2024-11-27||80|80|3477504.9999999995|2731.5|3477504.9999999995|1185039.9999999998|616.0|3238.0|6449122.0|3|68|77|1|3|68,76;68,77;69,77
677c9448-abc1-4907-a5a7-4f67aceca25c|Carola RPT A-full 9f0d8bc0-21c8-4d8f-8ce7-2a41f3f239d4|Girder B|2024-11-27||80|80|3477504.9999999995|2806.5|3477504.9999999995|1185039.9999999998|616.0|3238.0|6449122.0|3|67|69|1|3|67,68;67,69;68,69
f398596e-d054-4f1a-8d68-e16e45b0d9c3|Carola RPT A-full 9f0d8bc0-21c8-4d8f-8ce7-2a41f3f239d4|Girder C|2024-11-27||80|80|3477504.9999999995|2918.5000000000005|3477504.9999999995|1185039.9999999998|616.0|3238.0|6449122.0|3|65|61|1|3|65,60;65,61;66,61
c3919888-d498-42bb-943e-55b046935ca3|Carola RPT A-full 9f0d8bc0-21c8-4d8f-8ce7-2a41f3f239d4|Girder A|2024-12-02||80|80|1059185.0|2425.0|1059185.0|334258.0|-725.0|-2392.0|2965687.0|5|4|20|1|5|3,19;3,20;4,19;4,20;5,20
f6a8246a-7b7d-4699-8706-b3e01040df9b|Carola RPT A-full 9f0d8bc0-21c8-4d8f-8ce7-2a41f3f239d4|Girder B|2024-12-02||80|80|1059185.0|2287.5|1059185.0|334258.0|-725.0|-2392.0|2965687.0|5|3|10|1|5|2,9;2,10;3,9;3,10;4,10
fefdb4c7-1d6f-476e-b9b3-f3d365db98f3|Carola RPT A-full 9f0d8bc0-21c8-4d8f-8ce7-2a41f3f239d4|Girder C|2024-12-02||80|80|1059185.0|2249.0|1059185.0|334258.0|-725.0|-2392.0|2965687.0|5|1|1|1|5|0,0;0,1;1,0;1,1;2,1
a75fdef6-54f4-4441-a40b-cebf9104e8a3|Carola RPT A-full 9f0d8bc0-21c8-4d8f-8ce7-2a41f3f239d4|Girder A|2024-12-06||80|80|11934484.999999998|7878.500000000002|11934484.999999998|4311385.999999999|13314.0|3906.0|56820054.0|8|79|34|3|4|67,20;68,19;68,20;78,34;78,35;78,38;79,34;79,35
07327faa-3f09-459c-97ae-f873c158b7ac|Carola RPT A-full 9f0d8bc0-21c8-4d8f-8ce7-2a41f3f239d4|Girder B|2024-12-06||80|80|9175940.0|8121.0|9175940.0|3381299.9999999995|4396.0|1542.0|24278572.0|4|70|26|1|4|69,25;69,26;70,25;70,26
39677b5e-0f77-4772-be10-9050c0c7696f|Carola RPT A-full 9f0d8bc0-21c8-4d8f-8ce7-2a41f3f239d4|Girder C|2024-12-06||80|80|9175940.0|8144.499999999997|9175940.0|3381299.9999999995|4396.0|1542.0|24278572.0|4|72|33|1|4|71,32;71,33;72,32;72,33
45365062-78dd-41e9-8213-ecf50d0a09dd|Carola RPT A-full 9f0d8bc0-21c8-4d8f-8ce7-2a41f3f239d4|Girder A|2024-12-09||80|80|3410353.0000000005|2600.0|3410353.0000000005|2127473.0|-2280.0|836.0|5537826.0|2|68|77|1|2|68,77;69,77
e8ea1b06-1054-4e43-b64f-edd3c92e73b9|Carola RPT A-full 9f0d8bc0-21c8-4d8f-8ce7-2a41f3f239d4|Girder B|2024-12-09||80|80|3410353.0000000005|2668.9999999999995|3410353.0000000005|2127473.0|-2280.0|836.0|5537826.0|2|67|69|1|2|67,69;68,69
1724419f-85aa-4fa7-918d-0fe6c540139e|Carola RPT A-full 9f0d8bc0-21c8-4d8f-8ce7-2a41f3f239d4|Girder C|2024-12-09||80|80|3410353.0000000005|2799.0|3410353.0000000005|2127473.0|-2280.0|836.0|5537826.0|2|66|61|1|2|66,61;67,61
8fb3556a-a314-4846-95ad-c8923729dd68|Carola RPT A-full 9f0d8bc0-21c8-4d8f-8ce7-2a41f3f239d4|Girder A|2024-12-14||80|80|965924.0000000001|2405.0000000000005|965924.0000000001|554467.9999999999|2324.0|-1286.0|2966524.0|4|5|20|1|4|4,19;4,20;5,19;5,20
1f1a100a-0613-4b9e-8b83-b7359bcba448|Carola RPT A-full 9f0d8bc0-21c8-4d8f-8ce7-2a41f3f239d4|Girder B|2024-12-14||80|80|965924.0000000001|2264.5|965924.0000000001|554467.9999999999|2324.0|-1286.0|2966524.0|4|4|10|1|4|3,9;3,10;4,9;4,10
4dbd0010-2e52-4810-a539-576a0efc0c72|Carola RPT A-full 9f0d8bc0-21c8-4d8f-8ce7-2a41f3f239d4|Girder C|2024-12-14||80|80|965924.0000000001|2259.0|965924.0000000001|815690.0000000002|1317.0|-663.0|1781614.0|2|2|0|1|2|1,0;2,0
c5607aaf-8662-47d8-ae8c-dffd5330899f|Carola RPT A-full 9f0d8bc0-21c8-4d8f-8ce7-2a41f3f239d4|Girder A|2024-12-18||80|80|2589665.000000001|5618.000000000001|2589665.000000001|823456.0000000001|-5706.0|1364.0|21652254.0|16|78|38|9|4|4,22;5,22;16,65;37,15;40,33;66,57;67,20;68,20;76,15;77,15;78,34;78,35;78,38;79,34;79,35;79,38
5aa7cab1-268a-475a-a58f-b3cda09b1766|Carola RPT A-full 9f0d8bc0-21c8-4d8f-8ce7-2a41f3f239d4|Girder B|2024-12-18||80|80|1768768.0000000002|5800.000000000001|1768768.0000000002|555074.0|1458.0|-5243.0|24421649.0|30|70|27|16|4|4,38;5,32;6,28;6,29;6,32;7,29;14,48;14,66;15,65;15,66;18,72;18,73;35,3;39,22;40,22;42,40;43,40;57,23;60,63;61,60;67,64;68,62;68,64;69,27;69,63;70,27;78,22;78,23;79,22;79,45
3a4ac9e1-313c-4784-8659-6850272c8d3d|Carola RPT A-full 9f0d8bc0-21c8-4d8f-8ce7-2a41f3f239d4|Girder C|2024-12-18||80|80|1768768.0000000002|5785.000000000001|1768768.0000000002|555074.0|2757.0|-3502.0|21096693.0|26|72|33|14|4|6,44;7,38;8,34;8,35;8,38;9,35;16,54;16,72;17,71;17,72;20,78;20,79;37,9;41,28;42,28;44,46;45,46;59,29;62,69;63,66;69,70;70,68;70,70;71,33;71,69;72,33
5093e06b-8b55-4ffc-9d63-84dbabbcc2f6|Carola RPT A-full 9f0d8bc0-21c8-4d8f-8ce7-2a41f3f239d4|Girder A|2024-12-21||80|80|3214573.0|2705.0|3214573.0|1328210.0|58.0|-3351.0|6971107.0|3|68|77|1|3|68,76;68,77;69,77
0e558cad-4c07-4281-8230-0dbae019d8a1|Carola RPT A-full 9f0d8bc0-21c8-4d8f-8ce7-2a41f3f239d4|Girder B|2024-12-21||80|80|3214573.0|2817.0000000000005|3214573.0|1328210.0|58.0|-3351.0|6971107.0|3|67|69|1|3|67,68;67,69;68,69
955ee1ba-1548-46cf-bde4-a142deb110c1|Carola RPT A-full 9f0d8bc0-21c8-4d8f-8ce7-2a41f3f239d4|Girder C|2024-12-21||80|80|3214573.0|2982.0|3214573.0|1328210.0|58.0|-3351.0|6971107.0|3|66|61|1|3|66,60;66,61;67,61
d4dfbcde-8869-491c-b192-792262fac4b8|Carola RPT A-full 9f0d8bc0-21c8-4d8f-8ce7-2a41f3f239d4|Girder A|2024-12-26||80|80|5149138.0|8279.0|5149138.0|1829293.0|5290.0|-1739.0|11110087.0|3|0|4|1|3|0,3;0,4;0,5
90f007bf-fab8-4710-9ea9-c2c80c04d376|Carola RPT A-full 9f0d8bc0-21c8-4d8f-8ce7-2a41f3f239d4|Girder B|2024-12-26||80|80|1018435.9999999999|8065.999999999999|1018435.9999999999|309506.0|2829.0|4682.0|22968117.0|46|48|71|20|8|0,52;0,53;1,53;2,5;3,5;4,78;4,79;5,78;5,79;10,57;11,50;11,51;12,50;12,51;14,46;15,64;15,65;26,29;30,53;30,54;30,55;30,56;31,53;31,54;31,55;31,56;31,61;37,40;44,78;44,79;45,49;45,78;46,66;47,66;47,71;48,70;48,71;48,72;48,73;49,70;50,20;50,60;50,72;50,73;55,47;56,55
30c87691-73c4-4029-b932-450a4cf36da6|Carola RPT A-full 9f0d8bc0-21c8-4d8f-8ce7-2a41f3f239d4|Girder C|2024-12-26||80|80|1018435.9999999999|8357.0|1018435.9999999999|306853.0|4620.0|3751.0|27889409.0|58|46|62|26|8|2,69;2,70;2,73;2,74;3,69;3,70;3,74;8,48;9,41;9,42;10,41;10,42;11,76;12,37;12,76;13,55;13,56;15,76;15,77;16,76;16,77;24,20;28,44;28,45;28,46;28,47;29,44;29,45;29,46;29,47;29,52;35,31;42,69;42,70;43,40;43,69;44,57;44,71;45,57;45,62;45,71;46,61;46,62;46,63;46,64;47,61;47,74;48,11;48,51;48,63;48,64;48,77;49,77;53,38;54,46;78,11;78,66;79,66
e9e83080-80c3-45bc-81ca-47245972bef3|Carola RPT A-full 9f0d8bc0-21c8-4d8f-8ce7-2a41f3f239d4|Girder A|2024-12-30||80|80|1936089.9999999998|1357.0|1936089.9999999998|600629.0|6660.0|3949.0|15768085.0|15|9|50|3|11|9,48;9,49;9,50;9,51;9,52;9,53;10,49;10,50;10,51;10,52;10,53;49,4;49,5;50,5;78,38
c0547118-81b6-4d6c-a585-b11bb7f0c42a|Carola RPT A-full 9f0d8bc0-21c8-4d8f-8ce7-2a41f3f239d4|Girder B|2024-12-30||80|80|1936089.9999999998|1370.0000000000005|1936089.9999999998|600629.0|5938.0|4262.0|15148832.0|14|11|56|2|11|11,54;11,55;11,56;11,57;11,58;11,59;12,55;12,56;12,57;12,58;12,59;51,10;51,11;52,11
81146f01-77bb-491d-93c2-237b7aa66327|Carola RPT A-full 9f0d8bc0-21c8-4d8f-8ce7-2a41f3f239d4|Girder C|2024-12-30||80|80|1936089.9999999998|1323.4999999999998|1936089.9999999998|600629.0|5938.0|4262.0|15148832.0|14|13|63|2|11|13,61;13,62;13,63;13,64;13,65;13,66;14,62;14,63;14,64;14,65;14,66;53,17;53,18;54,18
bf64fdf4-ca69-46c2-9e22-cf21805a0b3b|Carola RPT A-full 9f0d8bc0-21c8-4d8f-8ce7-2a41f3f239d4|Girder A|2025-01-02||80|80|3319876.999999999|2580.9999999999995|3319876.999999999|1088041.0|-2175.0|2501.0|6698530.0|3|69|77|1|3|68,77;69,76;69,77
444cb8b0-83de-4594-a9c1-9160fe372e93|Carola RPT A-full 9f0d8bc0-21c8-4d8f-8ce7-2a41f3f239d4|Girder B|2025-01-02||80|80|3319876.999999999|2690.0|3319876.999999999|1088041.0|-2175.0|2501.0|6698530.0|3|67|69|1|3|66,69;67,68;67,69
e8753157-f111-40ea-863e-baed896ac1d6|Carola RPT A-full 9f0d8bc0-21c8-4d8f-8ce7-2a41f3f239d4|Girder C|2025-01-02||80|80|3319876.999999999|2809.5|3319876.999999999|1088041.0|-2175.0|2501.0|6698530.0|3|66|61|1|3|65,61;66,60;66,61
509a7f54-3677-4b66-a8ad-3f7fb4b0eb1c|Carola RPT A-full 9f0d8bc0-21c8-4d8f-8ce7-2a41f3f239d4|Girder A|2025-01-07||80|80|5717042.0|8725.000000000002|5717042.0|2761972.0|5101.0|-3176.0|12549431.0|3|0|4|1|3|0,3;0,4;0,5
f7add8b7-f96e-4fe5-95d0-58a9ecdc52b7|Carola RPT A-full 9f0d8bc0-21c8-4d8f-8ce7-2a41f3f239d4|Girder B|2025-01-07||80|80|899488.0|8553.5|899488.0|270538.0|-989.0|-1481.0|21740596.0|50|30|55|19|8|0,53;1,53;1,54;2,5;2,6;3,6;4,79;5,79;11,51;11,52;12,51;12,52;15,65;16,65;26,30;27,60;30,54;30,55;30,56;30,57;30,62;31,54;31,55;31,56;31,61;31,62;41,79;44,49;44,50;44,79;45,49;45,50;45,79;46,67;47,66;47,67;47,79;48,70;48,71;48,72;48,73;48,74;49,70;49,71;49,73;50,21;50,60;55,48;55,49;64,67
53a7c1fe-c646-430c-8998-8c780ef64cd8|Carola RPT A-full 9f0d8bc0-21c8-4d8f-8ce7-2a41f3f239d4|Girder C|2025-01-07||80|80|899488.0|8976.5|899488.0|270730.0|-60.0|2017.0|30760139.0|71|28|45|23|8|2,69;2,70;2,73;2,74;3,69;3,70;3,73;3,74;9,41;9,42;10,41;10,42;10,75;11,75;11,76;12,76;13,55;13,76;13,77;14,55;15,76;24,20;25,50;28,44;28,45;28,46;28,47;28,52;29,44;29,45;29,46;29,51;29,52;39,69;42,39;42,40;42,69;43,39;43,40;43,69;44,57;44,70;44,71;45,56;45,57;45,69;45,70;45,71;46,60;46,61;46,62;46,63;46,64;47,60;47,61;47,63;47,74;48,11;48,50;48,76;49,76;49,77;53,38;53,39;62,57;78,10;78,11;78,65;78,66;79,65;79,66
34dbd4a1-a58d-484b-b854-d9b82278c610|Carola RPT A-full 9f0d8bc0-21c8-4d8f-8ce7-2a41f3f239d4|Girder A|2025-01-11||80|80|2477690.0|6729.000000000002|2477690.0|775999.9999999999|3227.0|11928.0|45806453.0|33|68|19|14|4|2,31;3,24;3,25;4,21;4,24;4,25;5,21;16,65;37,14;37,15;38,14;38,15;47,58;47,59;48,58;48,59;58,55;66,55;66,57;67,19;67,20;68,19;68,20;74,18;76,15;77,15;78,34;78,37;78,38;78,39;79,33;79,34;79,37
f591b3d3-fe8c-46cc-b400-0b51f9cb1cde|Carola RPT A-full 9f0d8bc0-21c8-4d8f-8ce7-2a41f3f239d4|Girder B|2025-01-11||80|80|2477690.0|6840.5|2477690.0|775999.9999999999|1458.0|9472.0|35943536.0|26|70|25|12|4|4,37;5,30;5,31;6,27;6,30;6,31;7,27;18,71;39,20;39,21;40,20;40,21;49,64;49,65;50,64;50,65;60,61;68,61;68,63;69,25;69,26;70,25;70,26;76,24;78,21;79,21
5c2dd322-43e7-4817-8054-1c6e9264e013|Carola RPT A-full 9f0d8bc0-21c8-4d8f-8ce7-2a41f3f239d4|Girder C|2025-01-11||80|80|2477690.0|6777.999999999999|2477690.0|775999.9999999999|1021.0|7705.0|32356702.0|24|72|32|11|4|6,44;7,37;7,38;8,34;8,37;8,38;9,34;20,78;41,27;41,28;42,27;42,28;51,71;51,72;52,71;52,72;62,68;70,68;70,70;71,32;71,33;72,32;72,33;78,31
b69b55b6-82f0-4acc-a7ee-6156a7f05f28|Carola RPT A-full 9f0d8bc0-21c8-4d8f-8ce7-2a41f3f239d4|Girder A|2025-01-14||80|80|1101685.0|11550.5|1101685.0|334522.00000000006|-5874.0|-1525.0|14796593.0|27|59|43|19|4|0,31;6,70;10,53;10,56;10,57;11,53;11,56;11,57;12,65;12,68;13,65;13,68;18,19;23,17;31,27;33,25;38,46;38,47;45,27;53,50;58,43;59,43;60,61;67,4;68,53;68,61;74,5
b8b57044-32b9-4820-8d82-67ca363cd649|Carola RPT A-full 9f0d8bc0-21c8-4d8f-8ce7-2a41f3f239d4|Girder B|2025-01-14||80|80|1972383.9999999998|12058.000000000002|1972383.9999999998|603457.9999999999|-6589.0|1240.0|13500963.0|13|40|75|6|4|9,47;10,47;10,48;11,56;36,77;36,78;37,38;40,75;40,76;41,75;41,76;57,34;58,34
391c649a-cdb8-427b-8892-6648a02a4cc5|Carola RPT A-full 9f0d8bc0-21c8-4d8f-8ce7-2a41f3f239d4|Girder C|2025-01-14||80|80|1972383.9999999998|12812.5|1972383.9999999998|603457.9999999999|-7254.0|533.0|14443037.0|14|39|67|7|4|8,39;9,39;9,40;10,48;17,79;35,69;35,70;36,30;39,67;39,68;40,67;40,68;56,26;57,26
dc56a386-558d-4c2a-9d63-bc63649bd8f2|Carola RPT A-full 9f0d8bc0-21c8-4d8f-8ce7-2a41f3f239d4|Girder A|2025-01-19||80|80|5669760.999999998|8428.999999999998|5669760.999999998|2069324.9999999998|-5874.0|-2023.0|13993051.0|4|0|4|1|4|0,3;0,4;0,5;1,4
e4c039d6-e26d-47f1-8d20-b8f3687d7530|Carola RPT A-full 9f0d8bc0-21c8-4d8f-8ce7-2a41f3f239d4|Girder B|2025-01-19||80|80|950093.0|8340.5|950093.0|288493.00000000006|-375.0|980.0|16560143.0|34|30|55|14|8|0,53;2,6;3,79;4,79;11,51;14,65;15,65;25,30;26,30;29,54;29,55;29,56;30,53;30,54;30,55;30,56;43,79;44,49;44,50;44,79;46,66;46,67;46,79;47,71;47,72;48,70;48,71;48,72;48,73;49,70;49,73;54,48;55,49;56,56
baba3bf3-7984-481e-839a-64a62b9a3c1d|Carola RPT A-full 9f0d8bc0-21c8-4d8f-8ce7-2a41f3f239d4|Girder C|2025-01-19||80|80|950093.0|9123.999999999998|950093.0|288493.00000000006|-399.0|1224.0|23258637.0|49|29|45|18|8|2,69;2,73;3,69;3,70;3,73;3,74;10,41;11,75;12,76;13,55;13,76;14,55;16,76;24,20;25,20;28,44;28,45;28,46;29,43;29,44;29,45;29,46;42,69;43,39;43,40;43,69;45,56;45,57;45,69;45,70;45,71;46,61;46,62;47,60;47,61;47,62;47,63;47,73;47,74;48,60;48,63;48,74;49,76;49,77;53,38;54,39;55,46;79,65;79,66
6dba81ad-474e-471b-bb8e-e86ddbb2c0dd|Carola RPT A-full 9f0d8bc0-21c8-4d8f-8ce7-2a41f3f239d4|Girder A|2025-01-23||80|80|1959252.9999999995|1462.5|1959252.9999999995|661652.9999999999|-8529.0|571.0|18391890.0|15|49|5|3|12|9,48;9,49;9,50;9,51;9,52;9,53;10,49;10,50;10,51;10,52;10,53;10,54;49,5;50,5;78,38
a2574a38-7bfc-47e1-8a48-9b8df52fc211|Carola RPT A-full 9f0d8bc0-21c8-4d8f-8ce7-2a41f3f239d4|Girder B|2025-01-23||80|80|1959252.9999999995|1480.0000000000002|1959252.9999999995|679538.0|-8427.0|1378.0|17730237.0|14|51|11|2|12|11,54;11,55;11,56;11,57;11,58;11,59;12,55;12,56;12,57;12,58;12,59;12,60;51,11;52,11
58833b06-cbca-4443-a8e9-20d444451964|Carola RPT A-full 9f0d8bc0-21c8-4d8f-8ce7-2a41f3f239d4|Girder C|2025-01-23||80|80|1959252.9999999995|1469.0|1959252.9999999995|679538.0|-8427.0|1378.0|17730237.0|14|53|17|2|12|13,60;13,61;13,62;13,63;13,64;13,65;14,61;14,62;14,63;14,64;14,65;14,66;53,17;54,17
f334b4f7-8e7e-42a0-8554-65968ebba439|Carola RPT A-full 9f0d8bc0-21c8-4d8f-8ce7-2a41f3f239d4|Girder A|2025-01-26||80|80|2437802.0000000005|2602.0000000000005|2437802.0000000005|1493824.9999999998|-2160.0|3343.0|7834173.0|4|69|78|1|4|68,77;68,78;69,77;69,78
ccaaa8dd-de1a-4549-8174-fe96c5516e06|Carola RPT A-full 9f0d8bc0-21c8-4d8f-8ce7-2a41f3f239d4|Girder B|2025-01-26||80|80|2437802.0000000005|2741.0000000000005|2437802.0000000005|1493824.9999999998|-2160.0|3343.0|7834173.0|4|68|69|1|4|67,68;67,69;68,68;68,69
ccc2dcc4-518e-4d8d-99a2-cf3a7c139eff|Carola RPT A-full 9f0d8bc0-21c8-4d8f-8ce7-2a41f3f239d4|Girder C|2025-01-26||80|80|2437802.0000000005|2863.5|2437802.0000000005|1493824.9999999998|-2160.0|3343.0|7834173.0|4|66|61|1|4|65,60;65,61;66,60;66,61
347868fb-e4c9-4f59-9200-50419220ed78|Carola RPT A-full 9f0d8bc0-21c8-4d8f-8ce7-2a41f3f239d4|Girder A|2025-01-31||80|80|5629625.000000001|8987.5|5629625.000000001|3003004.9999999995|3845.0|-4351.0|11866968.0|3|0|4|1|3|0,3;0,4;0,5
71419100-3191-4880-8195-932636b7c6e1|Carola RPT A-full 9f0d8bc0-21c8-4d8f-8ce7-2a41f3f239d4|Girder B|2025-01-31||80|80|975825.0|8851.999999999998|975825.0|298657.0|4706.0|1693.0|19086409.0|42|30|55|17|8|0,53;0,54;3,79;4,79;10,51;10,52;11,51;11,52;14,65;15,65;23,16;23,17;24,16;25,30;26,30;29,54;29,55;29,56;29,57;30,54;30,55;30,56;30,57;30,62;40,78;40,79;43,79;44,79;47,71;47,72;48,71;48,72;49,21;49,73;49,74;54,47;54,48;55,54;71,5;79,20;79,21;79,76
04127154-d573-4416-bbad-ef6fbcb04847|Carola RPT A-full 9f0d8bc0-21c8-4d8f-8ce7-2a41f3f239d4|Girder C|2025-01-31||80|80|975825.0|9195.000000000004|975825.0|295060.0000000001|3326.0|-2138.0|27551414.0|61|29|45|20|8|2,69;2,70;2,73;2,74;3,69;3,70;3,73;3,74;9,41;9,42;10,41;10,42;11,75;11,76;12,76;13,55;13,76;13,77;14,55;16,76;16,77;22,6;22,7;23,6;24,20;25,20;28,44;28,45;28,46;28,47;29,44;29,45;29,46;29,47;29,52;39,68;39,69;42,69;43,69;43,70;44,70;45,71;46,61;46,62;47,61;47,62;48,11;48,63;48,64;48,77;49,76;49,77;53,37;53,38;54,44;78,10;78,11;78,66;79,66;79,77;79,78
4ca09c2f-e0ba-49c9-a836-dd803508407b|Carola RPT A-full 9f0d8bc0-21c8-4d8f-8ce7-2a41f3f239d4|Girder A|2025-02-04||80|80|2433250.0|1345.0|2433250.0|751090.0|-6502.0|4252.0|14460196.0|11|50|5|2|9|9,48;9,49;9,50;10,48;10,49;10,50;10,51;10,52;10,53;49,5;50,5
f0e4b240-a252-4a98-a961-4d4115205cbf|Carola RPT A-full 9f0d8bc0-21c8-4d8f-8ce7-2a41f3f239d4|Girder B|2025-02-04||80|80|2433250.0|1313.4999999999995|2433250.0|751090.0|-6502.0|4252.0|14460196.0|11|52|11|2|9|11,54;11,55;11,56;12,54;12,55;12,56;12,57;12,58;12,59;51,11;52,11
fc0531d4-21b5-4c4b-9a1c-31939a1f9784|Carola RPT A-full 9f0d8bc0-21c8-4d8f-8ce7-2a41f3f239d4|Girder C|2025-02-04||80|80|2433250.0|1297.0|2433250.0|751090.0|-6502.0|4252.0|14460196.0|11|54|17|2|9|13,60;13,61;13,62;14,60;14,61;14,62;14,63;14,64;14,65;53,17;54,17
6bde7340-70c5-480d-9d22-54967330ecbc|Carola RPT A-full 9f0d8bc0-21c8-4d8f-8ce7-2a41f3f239d4|Girder A|2025-02-07||80|80|3707655.999999999|2578.0|3707655.999999999|1865596.9999999995|-1883.0|-1636.0|5573253.0|2|69|77|1|2|68,77;69,77
54554878-3a1f-4c71-9d69-f06deeee17be|Carola RPT A-full 9f0d8bc0-21c8-4d8f-8ce7-2a41f3f239d4|Girder B|2025-02-07||80|80|3707655.999999999|2733.4999999999995|3707655.999999999|1865596.9999999995|-1883.0|-1636.0|5573253.0|2|67|69|1|2|66,69;67,69
5ab02af7-cbca-4785-9087-0be5f91482a9|Carola RPT A-full 9f0d8bc0-21c8-4d8f-8ce7-2a41f3f239d4|Girder C|2025-02-07||80|80|3707655.999999999|2839.5|3707655.999999999|1865596.9999999995|-1883.0|-1636.0|5573253.0|2|66|61|1|2|65,61;66,61
f92b58e8-cf2b-4638-bd7e-4364acf7d10f|Carola RPT A-full 9f0d8bc0-21c8-4d8f-8ce7-2a41f3f239d4|Girder A|2025-02-12||80|80|4575253.000000001|9373.500000000004|4575253.000000001|2594369.0000000005|-5178.0|-1525.0|9936863.0|3|0|4|1|3|0,3;0,4;0,5
e3553592-34d3-4b3b-81a4-73e321331323|Carola RPT A-full 9f0d8bc0-21c8-4d8f-8ce7-2a41f3f239d4|Girder B|2025-02-12||80|80|1222073.0000000002|9146.0|1222073.0000000002|377609.00000000006|332.0|1698.0|12858470.0|21|30|55|12|5|4,79;11,51;11,52;12,51;15,65;26,35;30,54;30,55;30,56;31,54;31,55;37,40;38,27;41,77;44,79;45,79;53,40;54,48;55,48;55,49;56,56
702cc174-b30d-42dd-b2c5-df0eaee838ab|Carola RPT A-full 9f0d8bc0-21c8-4d8f-8ce7-2a41f3f239d4|Girder C|2025-02-12||80|80|1222073.0000000002|9509.000000000002|1222073.0000000002|377609.00000000006|3701.0|1404.0|21819643.0|38|29|45|20|5|3,69;3,70;3,73;3,77;10,41;10,42;11,41;11,75;12,76;13,75;13,76;13,77;14,55;16,76;16,77;25,25;29,44;29,45;29,46;30,44;30,45;36,30;37,17;40,67;43,69;44,69;45,71;46,71;48,74;49,76;49,77;50,77;52,30;53,38;54,38;54,39;55,46;79,66
18749cd6-0f8d-47d6-8e60-470c1bfb6e60|Carola RPT A-full 9f0d8bc0-21c8-4d8f-8ce7-2a41f3f239d4|Girder A|2025-02-16||80|80|1895075.9999999998|1108.9999999999995|1895075.9999999998|584180.0|7998.0|2698.0|15840758.0|16|10|50|4|11|3,28;9,47;9,48;9,49;9,50;9,51;10,48;10,49;10,50;10,51;10,52;10,53;49,5;50,4;50,5;78,38
4932f4c1-4f0d-4815-9bea-9132a568d3b6|Carola RPT A-full 9f0d8bc0-21c8-4d8f-8ce7-2a41f3f239d4|Girder B|2025-02-16||80|80|1895075.9999999998|1138.0000000000002|1895075.9999999998|584180.0|7562.0|1930.0|15060838.0|15|12|57|3|11|5,35;11,54;11,55;11,56;11,57;11,58;12,55;12,56;12,57;12,58;12,59;12,60;51,12;52,11;52,12
22cbd7cd-30e9-4658-9e2a-fbcb142f5430|Carola RPT A-full 9f0d8bc0-21c8-4d8f-8ce7-2a41f3f239d4|Girder C|2025-02-16||80|80|1895075.9999999998|1156.9999999999998|1895075.9999999998|584180.0|7562.0|1930.0|15060838.0|15|14|63|3|11|7,41;13,60;13,61;13,62;13,63;13,64;14,61;14,62;14,63;14,64;14,65;14,66;53,18;54,17;54,18
33d206ca-6613-4ed3-863d-a9c3830cafa0|Carola RPT A-full 9f0d8bc0-21c8-4d8f-8ce7-2a41f3f239d4|Girder A|2025-02-19||80|80|3331540.9999999995|2516.0|3331540.9999999995|1368793.0|195.0|-3440.0|6664467.0|3|69|77|1|3|69,77;69,78;70,77
f7412092-e430-4e1f-9767-504e0dc2cd06|Carola RPT A-full 9f0d8bc0-21c8-4d8f-8ce7-2a41f3f239d4|Girder B|2025-02-19||80|80|3331540.9999999995|2614.5000000000005|3331540.9999999995|1368793.0|195.0|-3440.0|6664467.0|3|68|69|1|3|68,69;68,70;69,69
a2f2f6ad-5f2a-47f2-8526-10b77ab3543d|Carola RPT A-full 9f0d8bc0-21c8-4d8f-8ce7-2a41f3f239d4|Girder C|2025-02-19||80|80|3331540.9999999995|2788.0000000000005|3331540.9999999995|1368793.0|195.0|-3440.0|6664467.0|3|67|60|1|3|67,60;67,61;68,60
b09b7f3c-6d52-4d58-8f97-2d125bbbaa7b|Carola RPT A-full 9f0d8bc0-21c8-4d8f-8ce7-2a41f3f239d4|Girder A|2025-02-24||80|80|1024805.0000000002|2437.000000000001|1024805.0000000002|329225.00000000006|-2100.0|-3025.0|3522695.0|6|5|19|1|6|4,18;4,19;4,20;5,18;5,19;5,20
4f9736de-7dac-4251-b8b9-4116c164c40b|Carola RPT A-full 9f0d8bc0-21c8-4d8f-8ce7-2a41f3f239d4|Girder B|2025-02-24||80|80|1024805.0000000002|2351.0|1024805.0000000002|329225.00000000006|-2100.0|-3025.0|3522695.0|6|3|10|1|6|2,9;2,10;2,11;3,9;3,10;3,11
4a0c9849-a822-4ba0-a31d-0d3f2954c292|Carola RPT A-full 9f0d8bc0-21c8-4d8f-8ce7-2a41f3f239d4|Girder C|2025-02-24||80|80|1024805.0000000002|2389.0|1024805.0000000002|449496.9999999999|-1433.0|-2304.0|2797425.0|4|2|0|1|4|1,0;1,1;2,0;2,1
4a4992dc-c012-4035-a580-339f4ad140b5|Carola RPT A-full 9f0d8bc0-21c8-4d8f-8ce7-2a41f3f239d4|Girder A|2025-02-28||80|80|4572053.0|5337.5|4572053.0|1372925.0|-523.0|-3264.0|30791909.0|14|3|25|9|3|3,24;3,25;4,25;5,22;38,15;60,53;68,20;74,19;77,15;77,16;78,38;79,34;79,35;79,38
5046b237-e546-453a-a8b7-98562c2b5c41|Carola RPT A-full 9f0d8bc0-21c8-4d8f-8ce7-2a41f3f239d4|Girder B|2025-02-28||80|80|4572053.0|5408.000000000002|4572053.0|1372925.0|3968.0|-2160.0|22057250.0|10|5|31|7|3|5,30;5,31;6,31;7,28;40,21;62,59;70,26;76,25;79,21;79,22
c9880f4e-8928-4c07-9f10-889d251027cb|Carola RPT A-full 9f0d8bc0-21c8-4d8f-8ce7-2a41f3f239d4|Girder C|2025-02-28||80|80|4572053.0|5673.0|4572053.0|1372925.0|4231.0|457.0|18553976.0|8|7|38|6|3|7,37;7,38;8,38;9,35;42,28;64,66;72,33;78,32
b5dbfe41-2dfe-45e2-a5e1-09c7eb0faeb1|Carola RPT A-full 9f0d8bc0-21c8-4d8f-8ce7-2a41f3f239d4|Girder A|2025-03-03||80|80|3181825.000000001|2738.0000000000005|3181825.000000001|1184236.9999999998|-1611.0|3919.0|8219624.0|4|69|77|1|4|68,77;68,78;69,77;69,78
e6914e7b-cce4-40c2-a01f-942b0ab33776|Carola RPT A-full 9f0d8bc0-21c8-4d8f-8ce7-2a41f3f239d4|Girder B|2025-03-03||80|80|3181825.000000001|2845.0|3181825.000000001|1184236.9999999998|-1611.0|3919.0|8219624.0|4|68|69|1|4|67,69;67,70;68,69;68,70
09ce4808-4849-4080-8b7c-c5eaf234233e|Carola RPT A-full 9f0d8bc0-21c8-4d8f-8ce7-2a41f3f239d4|Girder C|2025-03-03||80|80|3181825.000000001|3042.0000000000005|3181825.000000001|1184236.9999999998|-1611.0|3919.0|8219624.0|4|66|60|1|4|65,60;65,61;66,60;66,61
99420204-95ca-42eb-9232-1a51de104002|Carola RPT A-full 9f0d8bc0-21c8-4d8f-8ce7-2a41f3f239d4|Girder A|2025-03-08||80|80|3578080.9999999995|8498.5|3578080.9999999995|1162034.0|-499.0|-4995.0|8640876.0|4|0|4|2|3|0,3;0,4;0,5;50,70
814a7c9b-84b8-4186-a465-54c9ae7d3ffc|Carola RPT A-full 9f0d8bc0-21c8-4d8f-8ce7-2a41f3f239d4|Girder B|2025-03-08||80|80|1162034.0|8219.0|1162034.0|352937.0|-1862.0|-1123.0|11898663.0|23|49|61|11|4|4,79;11,51;12,51;15,65;30,55;30,56;37,26;44,49;44,79;45,79;47,16;48,16;48,17;48,61;49,20;49,60;49,61;49,62;50,20;50,21;55,48;55,49;55,50
b4079f95-36a7-4802-aa73-4c8eb802924b|Carola RPT A-full 9f0d8bc0-21c8-4d8f-8ce7-2a41f3f239d4|Girder C|2025-03-08||80|80|1162034.0|8468.500000000002|1162034.0|352937.0|-2971.0|-2506.0|18745605.0|36|48|51|17|4|3,69;3,73;4,73;10,41;11,41;12,76;13,76;14,55;14,76;16,76;29,45;29,46;36,16;43,39;43,69;44,69;46,6;47,6;47,7;47,51;48,10;48,50;48,51;48,52;48,73;49,10;49,11;49,76;49,77;50,76;50,77;54,38;54,39;54,40;79,65;79,66
55033727-c13f-48f4-97cb-9c21fc764b91|Carola RPT A-full 9f0d8bc0-21c8-4d8f-8ce7-2a41f3f239d4|Girder A|2025-03-12||80|80|4632624.999999999|5133.0|4632624.999999999|1513944.9999999998|-3390.0|2808.0|16062914.0|7|79|35|6|2|4,25;5,22;68,20;74,21;78,38;79,35;79,38
c3631e79-cb1f-4ff3-8be8-d40f3ac6a0f3|Carola RPT A-full 9f0d8bc0-21c8-4d8f-8ce7-2a41f3f239d4|Girder B|2025-03-12||80|80|2102778.0|5293.5|2102778.0|644948.0000000001|-3412.0|4387.0|26600381.0|25|70|26|13|4|5,31;5,37;6,28;6,31;7,28;7,29;15,48;15,65;16,53;39,22;40,22;43,40;56,55;62,59;62,60;63,60;68,64;69,62;69,63;69,64;70,26;70,27;71,26;76,27;77,27
971e7623-2da3-440f-9796-46e7653f54e5|Carola RPT A-full 9f0d8bc0-21c8-4d8f-8ce7-2a41f3f239d4|Girder C|2025-03-12||80|80|2102778.0|5433.0|2102778.0|644948.0000000001|-3412.0|4387.0|26600381.0|25|72|32|13|4|7,37;7,43;8,34;8,37;9,34;9,35;17,54;17,71;18,59;41,28;42,28;45,46;58,61;64,65;64,66;65,66;70,70;71,68;71,69;71,70;72,32;72,33;73,32;78,33;79,33
9f5ed087-21ac-471a-bc03-13466f36cef0|Carola RPT A-full 9f0d8bc0-21c8-4d8f-8ce7-2a41f3f239d4|Girder A|2025-03-15||80|80|1006361.0000000002|12934.5|1006361.0000000002|308933.0|5599.0|5502.0|23817025.0|50|67|58|24|10|2,73;2,74;5,66;5,67;8,5;9,50;10,50;10,55;10,58;11,58;11,62;12,62;14,2;15,2;22,14;26,43;27,43;31,9;32,22;33,22;37,44;38,44;40,75;44,24;44,25;45,43;46,43;47,39;52,48;57,41;58,40;58,41;60,27;61,26;61,27;64,58;64,59;65,59;65,63;66,1;66,58;66,59;66,60;67,58;67,59;67,60;67,61;76,56;76,57;76,58
a8709b71-0b63-4a84-9354-9b724f624029|Carola RPT A-full 9f0d8bc0-21c8-4d8f-8ce7-2a41f3f239d4|Girder B|2025-03-15||80|80|1006361.0000000002|13642.500000000004|1006361.0000000002|308933.0|4493.0|4266.0|24814103.0|52|66|49|26|10|1,64;1,65;2,73;4,57;4,58;8,41;9,41;9,46;9,49;10,49;10,53;11,53;21,5;25,34;26,34;30,0;31,13;32,13;35,75;36,35;36,75;37,35;39,66;39,73;43,15;43,16;44,34;45,34;46,30;51,39;56,32;57,31;57,32;59,18;60,17;60,18;61,73;63,49;63,50;64,50;64,54;65,49;65,50;65,51;66,49;66,50;66,51;66,52;75,47;75,48;75,49;79,2
045ecdf4-e5c7-4b7e-967d-5c17f8be7966|Carola RPT A-full 9f0d8bc0-21c8-4d8f-8ce7-2a41f3f239d4|Girder C|2025-03-15||80|80|1006361.0000000002|14090.0|1006361.0000000002|308933.0|4906.0|7513.0|26361845.0|55|64|41|28|10|0,65;2,49;2,50;6,33;7,33;7,38;7,41;8,41;8,45;9,45;15,77;16,77;23,26;24,26;29,5;30,5;33,67;34,27;34,67;35,27;36,75;37,58;37,65;38,77;39,76;41,7;41,8;42,26;43,26;44,22;49,31;54,24;55,23;55,24;57,10;58,9;58,10;59,65;61,41;61,42;62,42;62,46;63,41;63,42;63,43;64,41;64,42;64,43;64,44;66,77;67,75;73,39;73,40;73,41;79,2
982d9fd4-f105-4cb5-8f44-8f814daee43a|Carola RPT A-full 9f0d8bc0-21c8-4d8f-8ce7-2a41f3f239d4|Girder A|2025-03-20||80|80|5591168.0|8955.5|5591168.0|2024797.0000000002|-2782.0|-8933.0|20624021.0|6|0|4|1|6|0,3;0,4;0,5;1,3;1,4;1,5
0c4b1b3b-2df1-455f-8f9f-210ca42fecbc|Carola RPT A-full 9f0d8bc0-21c8-4d8f-8ce7-2a41f3f239d4|Girder B|2025-03-20||80|80|1009621.0|8751.0|1009621.0|304500.99999999994|1111.0|-1778.0|14436533.0|32|50|20|19|4|0,52;2,4;4,78;5,38;11,50;11,51;12,50;15,64;16,1;30,53;30,54;30,55;31,49;35,23;37,26;44,48;44,49;44,78;46,78;46,79;47,15;47,16;47,78;48,15;49,19;49,20;49,72;50,19;50,20;50,72;55,48;77,15
5846dee2-bfa1-474c-9c63-48318e66e67e|Carola RPT A-full 9f0d8bc0-21c8-4d8f-8ce7-2a41f3f239d4|Girder C|2025-03-20||80|80|1009621.0|9017.5|1009621.0|304500.99999999994|2489.0|-2105.0|24047224.0|51|49|11|23|4|2,73;3,69;3,73;3,76;3,77;4,29;4,76;4,77;10,41;10,42;11,41;12,76;13,76;13,77;14,55;14,76;16,76;16,77;29,44;29,45;29,46;30,40;34,14;36,17;43,39;43,40;43,69;45,69;45,70;45,71;46,6;46,7;46,69;47,6;47,74;48,10;48,11;48,63;48,73;48,74;49,10;49,11;49,63;49,76;49,77;50,76;50,77;54,39;76,6;79,65;79,66
d6922bfb-f016-4195-8b11-74ceb977d119|Carola RPT A-full 9f0d8bc0-21c8-4d8f-8ce7-2a41f3f239d4|Girder A|2025-03-24||80|80|2138525.0|1415.0|2138525.0|750346.0|3031.0|6965.0|15992660.0|13|49|5|2|11|9,48;9,49;9,50;9,51;9,52;9,53;10,49;10,50;10,51;10,52;10,53;49,5;50,5
2eef329d-16fd-497f-b904-d39f2a3b5fcf|Carola RPT A-full 9f0d8bc0-21c8-4d8f-8ce7-2a41f3f239d4|Girder B|2025-03-24||80|80|2138525.0|1480.0000000000002|2138525.0|750346.0|3031.0|6965.0|15992660.0|13|51|11|2|11|11,54;11,55;11,56;11,57;11,58;11,59;12,55;12,56;12,57;12,58;12,59;51,11;52,11
a5c7f82c-ec7c-4efc-9fb5-ed4d989a375f|Carola RPT A-full 9f0d8bc0-21c8-4d8f-8ce7-2a41f3f239d4|Girder C|2025-03-24||80|80|2138525.0|1500.5|2138525.0|750346.0|3031.0|6965.0|15992660.0|13|53|18|2|11|13,61;13,62;13,63;13,64;13,65;13,66;14,62;14,63;14,64;14,65;14,66;53,18;54,18
a5faba51-2138-479c-a57f-763df4a8efc4|Carola RPT A-full 9f0d8bc0-21c8-4d8f-8ce7-2a41f3f239d4|Girder A|2025-03-27||80|80|3661287.999999999|2705.0|3661287.999999999|1102121.0000000002|-2160.0|-677.0|6018329.0|3|69|77|1|3|68,77;69,77;70,77
7d0762e1-d344-419d-869f-dae5764e7f00|Carola RPT A-full 9f0d8bc0-21c8-4d8f-8ce7-2a41f3f239d4|Girder B|2025-03-27||80|80|3661287.999999999|2788.5|3661287.999999999|1102121.0000000002|-2160.0|-677.0|6018329.0|3|67|69|1|3|66,69;67,69;68,69
a35228da-b07f-4bff-b721-b5e2f4f8baac|Carola RPT A-full 9f0d8bc0-21c8-4d8f-8ce7-2a41f3f239d4|Girder C|2025-03-27||80|80|3661287.999999999|2931.0|3661287.999999999|1102121.0000000002|-2160.0|-677.0|6018329.0|3|66|61|1|3|65,61;66,61;67,61
1cde06ac-02f7-4e6a-ad3b-7a7058799ac7|Carola RPT A-full 9f0d8bc0-21c8-4d8f-8ce7-2a41f3f239d4|Girder A|2025-03-30||80|80|2230484.0|1130.0000000000002|2230484.0|690373.0|6523.0|-955.0|12518922.0|10|76|4|5|4|4,2;54,38;55,22;55,23;56,22;56,23;73,35;73,36;76,4;77,4
aa4285f8-7f61-4efb-bbf7-0122f2822c59|Carola RPT A-full 9f0d8bc0-21c8-4d8f-8ce7-2a41f3f239d4|Girder B|2025-03-30||80|80|2230484.0|1138.0000000000002|2230484.0|690373.0|6523.0|-955.0|12518922.0|10|78|10|5|4|6,8;56,44;57,28;57,29;58,28;58,29;75,41;75,42;78,10;79,10
65db43fd-0797-4f48-9054-789bb8141a6e|Carola RPT A-full 9f0d8bc0-21c8-4d8f-8ce7-2a41f3f239d4|Girder C|2025-03-30||80|80|1894426.0000000005|1145.0|1894426.0000000005|574289.0|5169.0|-734.0|13701745.0|15|60|35|8|4|8,15;58,51;58,52;59,35;59,36;60,35;60,36;75,45;76,19;76,20;77,48;77,49;78,49;79,17;79,20
72ce0437-4f71-4c89-b2f4-c5fb1db4bfb8|Carola RPT A-full 9f0d8bc0-21c8-4d8f-8ce7-2a41f3f239d4|Girder A|2025-04-01||80|80|943764.9999999998|2393.0000000000005|943764.9999999998|318799.99999999994|2193.0|-1312.0|2206331.0|4|3|19|1|4|3,18;3,19;3,20;4,19
0144e1bb-c515-447a-b9f5-34ae704d34cc|Carola RPT A-full 9f0d8bc0-21c8-4d8f-8ce7-2a41f3f239d4|Girder B|2025-04-01||80|80|943764.9999999998|2314.0|943764.9999999998|318799.99999999994|2193.0|-1312.0|2206331.0|4|2|10|1|4|2,9;2,10;2,11;3,10
50ce6a4e-1b12-4849-900d-196a8e9d3841|Carola RPT A-full 9f0d8bc0-21c8-4d8f-8ce7-2a41f3f239d4|Girder C|2025-04-01||80|80|943764.9999999998|2353.000000000001|943764.9999999998|318799.99999999994|1765.0|-697.0|1644922.0|3|0|0|1|3|0,0;0,1;1,0
c84b0dab-a6f5-4c30-ba1a-9456357b8440|Carola RPT A-full 9f0d8bc0-21c8-4d8f-8ce7-2a41f3f239d4|Girder A|2025-04-02||80|80|1071264.9999999998|10877.0|1071264.9999999998|321696.00000000006|6692.0|-2272.0|19102534.0|38|45|23|16|6|0,26;10,35;10,48;11,35;11,52;11,53;11,54;12,53;12,54;12,59;12,60;13,59;13,60;23,12;33,20;34,20;44,23;45,22;45,23;46,41;46,78;53,46;58,38;58,39;59,38;59,39;62,24;62,25;66,57;67,56;67,57;67,58;68,56;68,57;68,60;69,60;77,54;77,55
a0301a81-bccd-4cf0-9e83-768790435675|Carola RPT A-full 9f0d8bc0-21c8-4d8f-8ce7-2a41f3f239d4|Girder B|2025-04-02||80|80|1071264.9999999998|11595.000000000002|1071264.9999999998|321696.00000000006|7574.0|-1670.0|19910292.0|40|43|15|18|6|2,72;8,27;8,40;9,27;9,44;9,45;9,46;10,45;10,46;10,51;10,52;11,51;11,52;21,4;31,12;32,12;39,72;42,15;43,14;43,15;44,33;44,70;51,38;56,30;56,31;57,30;57,31;60,16;60,17;61,72;64,49;65,48;65,49;65,50;66,48;66,49;66,52;67,52;75,46;75,47
d51b88ef-1b2e-449c-a9ab-691b1bf42e94|Carola RPT A-full 9f0d8bc0-21c8-4d8f-8ce7-2a41f3f239d4|Girder C|2025-04-02||80|80|1790420.0|12105.0|1790420.0|552500.0000000001|4398.0|-7210.0|18007306.0|21|37|74|8|5|8,36;8,37;9,43;10,43;16,76;16,77;16,78;17,76;17,77;37,74;37,75;38,74;38,75;42,6;42,7;56,22;56,23;64,40;64,41;65,40;74,39
092b8015-7654-41c8-8b9a-9524a7c8e7d1|Carola RPT A-full 9f0d8bc0-21c8-4d8f-8ce7-2a41f3f239d4|Girder A|2025-04-05||80|80|3546697.9999999995|5521.0|3546697.9999999995|1089324.9999999998|5607.0|1332.0|30392941.0|15|40|32|8|5|4,24;4,25;5,22;37,15;40,31;40,32;40,33;41,32;41,33;68,20;78,38;78,40;79,34;79,35;79,38
d28f9f3d-1197-411b-b5ab-ae06e52feba8|Carola RPT A-full 9f0d8bc0-21c8-4d8f-8ce7-2a41f3f239d4|Girder B|2025-04-05||80|80|3546697.9999999995|5525.0|3546697.9999999995|1089324.9999999998|735.0|2682.0|20013839.0|11|42|38|6|5|6,30;6,31;7,28;36,2;39,21;42,37;42,38;42,39;43,38;43,39;70,26
0599cbd8-e529-4c64-a55d-e5fa16fdbe48|Carola RPT A-full 9f0d8bc0-21c8-4d8f-8ce7-2a41f3f239d4|Girder C|2025-04-05||80|80|3546697.9999999995|5656.499999999999|3546697.9999999995|1089324.9999999998|360.0|1522.0|21500064.0|12|44|45|7|5|8,37;8,38;9,35;35,0;38,9;41,28;44,44;44,45;44,46;45,45;45,46;72,33
45082b90-a814-4aca-9941-4275d56a1d1f|Carola RPT A-full 9f0d8bc0-21c8-4d8f-8ce7-2a41f3f239d4|Girder A|2025-04-08||80|80|2546857.0000000005|2788.5|2546857.0000000005|1157265.0000000002|4150.0|153.0|7313453.0|4|68|77|1|4|67,77;67,78;68,77;68,78
c2e2882c-6122-44eb-944a-5abce0719f68|Carola RPT A-full 9f0d8bc0-21c8-4d8f-8ce7-2a41f3f239d4|Girder B|2025-04-08||80|80|2546857.0000000005|2965.0|2546857.0000000005|1157265.0000000002|4150.0|153.0|7313453.0|4|67|68|1|4|66,68;66,69;67,68;67,69
d9545d7a-4593-4a2e-8288-362440e2d5f2|Carola RPT A-full 9f0d8bc0-21c8-4d8f-8ce7-2a41f3f239d4|Girder C|2025-04-08||80|80|2546857.0000000005|3046.9999999999995|2546857.0000000005|1157265.0000000002|4150.0|153.0|7313453.0|4|65|60|1|4|64,60;64,61;65,60;65,61
6f471948-1bdb-4acc-8411-dc5c7c3d4174|Carola RPT A-full 9f0d8bc0-21c8-4d8f-8ce7-2a41f3f239d4|Girder A|2025-04-11||80|80|2122658.0|1245.0|2122658.0|639880.0000000001|3764.0|-782.0|16690534.0|15|56|22|7|4|4,1;4,2;5,2;55,38;56,22;56,23;57,22;57,23;72,32;74,35;74,36;76,4;76,7;77,4;77,5
c92dc84f-d65b-42f6-9bac-3e792b4bcd3c|Carola RPT A-full 9f0d8bc0-21c8-4d8f-8ce7-2a41f3f239d4|Girder B|2025-04-11||80|80|2122658.0|1216.9999999999998|2122658.0|639880.0000000001|3764.0|-782.0|16690534.0|15|58|28|7|4|6,7;6,8;7,8;57,44;58,28;58,29;59,28;59,29;74,38;76,41;76,42;78,10;78,13;79,10;79,11
4b3e3333-a053-4e91-a50e-c3a66344baf3|Carola RPT A-full 9f0d8bc0-21c8-4d8f-8ce7-2a41f3f239d4|Girder C|2025-04-11||80|80|2122658.0|1186.0000000000002|2122658.0|639880.0000000001|955.0|-3610.0|12371807.0|11|60|34|5|4|8,13;8,14;9,14;59,50;60,34;60,35;61,34;61,35;76,44;78,47;78,48
a06003ac-eaa0-4a04-a97f-70d36a0c2468|Carola RPT A-full 9f0d8bc0-21c8-4d8f-8ce7-2a41f3f239d4|Girder A|2025-04-13||80|80|1020785.0000000001|2474.0000000000005|1020785.0000000001|343865.0|1687.0|1325.0|2631360.0|4|3|20|1|4|2,20;3,19;3,20;4,20
fdba6bac-6edd-43fd-9972-5588ecbf54d7|Carola RPT A-full 9f0d8bc0-21c8-4d8f-8ce7-2a41f3f239d4|Girder B|2025-04-13||80|80|1020785.0000000001|2389.0|1020785.0000000001|343865.0|1687.0|1325.0|2631360.0|4|2|11|1|4|1,11;2,10;2,11;3,11
54751e94-a376-4433-8a05-c256f17a62ec|Carola RPT A-full 9f0d8bc0-21c8-4d8f-8ce7-2a41f3f239d4|Girder C|2025-04-13||80|80|1020785.0000000001|2386.0|1020785.0000000001|391865.00000000006|1218.0|1677.0|2287495.0|3|0|1|1|3|0,0;0,1;1,1
9a4066e2-5897-45f1-b9dc-e3f177ed0f93|Carola RPT A-full 9f0d8bc0-21c8-4d8f-8ce7-2a41f3f239d4|Girder A|2025-04-14||80|80|1244679.9999999998|10659.0|1244679.9999999998|376370.00000000006|-7372.0|-1881.0|12581455.0|23|44|24|11|5|1,71;4,66;5,66;9,52;9,53;10,53;10,54;10,55;11,60;11,61;12,61;43,24;44,18;44,24;44,79;45,18;61,25;61,26;65,58;66,0;66,57;67,57;76,56
b4d4b8a2-39a5-4a23-99c4-298e67e2045c|Carola RPT A-full 9f0d8bc0-21c8-4d8f-8ce7-2a41f3f239d4|Girder B|2025-04-14||80|80|1853584.9999999995|11403.5|1853584.9999999995|559773.0|-5867.0|-1239.0|12041748.0|11|78|1|6|4|3,57;8,44;9,51;9,52;41,15;42,15;64,48;78,0;78,1;79,0;79,1
0ca02f86-f520-4518-965b-211b9d02b330|Carola RPT A-full 9f0d8bc0-21c8-4d8f-8ce7-2a41f3f239d4|Girder C|2025-04-14||80|80|1511890.0|12022.499999999998|1511890.0|502404.99999999994|3560.0|3561.0|17535581.0|22|36|74|10|5|2,49;7,36;8,43;8,44;12,72;13,72;14,76;15,76;15,77;15,78;35,74;35,75;36,74;36,75;37,75;40,7;41,7;42,1;58,9;62,41;63,40;64,40
89783e45-12d8-4041-83a0-4a42e3a8e619|Carola RPT A-full 9f0d8bc0-21c8-4d8f-8ce7-2a41f3f239d4|Girder A|2025-04-17||80|80|2245328.0000000005|1459.9999999999998|2245328.0000000005|725688.9999999999|-6094.0|4912.0|17884002.0|15|50|5|3|10|3,54;10,48;10,49;10,50;10,51;10,52;10,53;11,50;11,51;11,52;11,53;50,4;50,5;51,4;51,5
4e8b9494-8ba6-479b-854b-124a147517be|Carola RPT A-full 9f0d8bc0-21c8-4d8f-8ce7-2a41f3f239d4|Girder B|2025-04-17||80|80|2245328.0000000005|1480.4999999999998|2245328.0000000005|725688.9999999999|-6094.0|4912.0|17884002.0|15|51|12|3|10|4,61;11,55;11,56;11,57;11,58;11,59;11,60;12,57;12,58;12,59;12,60;51,11;51,12;52,11;52,12
36f63f93-87f4-41c6-91e4-c332a5e7f3f5|Carola RPT A-full 9f0d8bc0-21c8-4d8f-8ce7-2a41f3f239d4|Girder C|2025-04-17||80|80|2245328.0000000005|1515.4999999999995|2245328.0000000005|725688.9999999999|-6094.0|4912.0|17884002.0|15|53|18|3|10|6,67;13,61;13,62;13,63;13,64;13,65;13,66;14,63;14,64;14,65;14,66;53,17;53,18;54,17;54,18
33b8f162-a8a3-40fe-b54a-c28b687bcf52|Carola RPT A-full 9f0d8bc0-21c8-4d8f-8ce7-2a41f3f239d4|Girder A|2025-04-20||80|80|1771316.0|12213.499999999996|1771316.0|536825.0000000001|-2857.0|4940.0|11541677.0|14|44|25|6|5|11,55;12,62;44,24;44,25;45,24;45,25;61,27;62,27;66,59;66,60;67,1;67,58;67,59;68,58
53048103-9333-4555-9f51-30d75e4f3943|Carola RPT A-full 9f0d8bc0-21c8-4d8f-8ce7-2a41f3f239d4|Girder B|2025-04-20||80|80|1771316.0|12963.0|1771316.0|536825.0000000001|-3322.0|5549.0|10954571.0|13|43|16|5|5|10,46;11,53;43,15;43,16;44,15;44,16;60,18;61,18;65,50;65,51;66,49;66,50;67,49
4cefb971-8f42-46f1-98ff-50bef76eb704|Carola RPT A-full 9f0d8bc0-21c8-4d8f-8ce7-2a41f3f239d4|Girder C|2025-04-20||80|80|2079025.0000000005|13690.000000000002|2079025.0000000005|662057.9999999999|-7367.0|2535.0|16209080.0|14|38|76|6|4|9,38;10,45;17,77;17,78;37,75;37,76;38,75;38,76;42,8;43,7;43,8;65,41;65,42;66,41
76f8b2fb-fc31-4b7f-be1d-7e7bf132439e|Carola RPT A-full 9f0d8bc0-21c8-4d8f-8ce7-2a41f3f239d4|Girder A|2025-04-23||80|80|4826233.0|5617.0|4826233.0|1514664.0|1728.0|7717.0|35419509.0|13|73|36|4|4|32,31;33,31;33,32;51,17;51,18;52,17;52,18;73,35;73,36;74,35;74,36;75,7;76,7
db6d11c4-222f-40b1-9ff3-97026669254c|Carola RPT A-full 9f0d8bc0-21c8-4d8f-8ce7-2a41f3f239d4|Girder B|2025-04-23||80|80|4826233.0|5612.5|4826233.0|1514664.0|1728.0|7717.0|35419509.0|13|75|43|4|4|34,38;35,38;35,39;53,24;53,25;54,24;54,25;75,42;75,43;76,42;76,43;77,14;78,14
04511d84-34fa-49c1-a9ef-8b09fbd91903|Carola RPT A-full 9f0d8bc0-21c8-4d8f-8ce7-2a41f3f239d4|Girder C|2025-04-23||80|80|4826233.0|5782.5|4826233.0|1514664.0|2148.0|6281.0|33181013.0|12|77|49|4|4|36,44;37,44;37,45;55,30;55,31;56,30;56,31;77,48;77,49;78,48;78,49;79,20
51b9154a-b550-44c6-b4a9-e54493696c90|Carola RPT A-full 9f0d8bc0-21c8-4d8f-8ce7-2a41f3f239d4|Girder A|2025-04-25||80|80|3704419.999999999|8692.5|3704419.999999999|1955330.0000000005|-4720.0|-729.0|7984235.0|3|0|5|1|3|0,4;0,5;0,6
7a8ec12a-63e2-45a5-8ad1-4cf820ac5ee2|Carola RPT A-full 9f0d8bc0-21c8-4d8f-8ce7-2a41f3f239d4|Girder B|2025-04-25||80|80|1062568.0|8488.5|1062568.0|324559.99999999994|1369.0|-5054.0|16029259.0|30|30|55|14|8|4,79;11,51;11,52;12,51;15,65;15,66;24,28;30,53;30,54;30,55;30,56;30,57;31,54;31,55;31,56;41,78;44,49;44,79;45,49;45,79;48,71;49,73;50,21;50,73;51,21;55,47;55,48;55,49;56,53;77,16
072ba69f-3486-4188-b2f3-9c0a76688115|Carola RPT A-full 9f0d8bc0-21c8-4d8f-8ce7-2a41f3f239d4|Girder C|2025-04-25||80|80|1062568.0|8761.5|1062568.0|324559.99999999994|-1358.0|-5286.0|23137100.0|46|28|46|22|8|2,70;2,74;2,78;3,74;3,77;9,42;9,43;10,42;12,76;12,77;13,56;13,57;15,77;15,78;22,19;28,44;28,45;28,46;28,47;28,48;29,45;29,46;29,47;39,69;42,40;42,70;43,40;43,70;44,72;45,71;45,72;46,62;47,64;47,74;47,75;48,12;48,64;49,12;49,78;53,38;53,39;53,40;54,44;75,7;78,67;79,67
7912c98d-93c2-428b-a1a6-7f6c09d9d925|Carola RPT A-full 9f0d8bc0-21c8-4d8f-8ce7-2a41f3f239d4|Girder A|2025-04-26||80|80|2694970.0|2066.0|2694970.0|1465570.0|1060.0|2008.0|4160540.0|2|70|76|1|2|69,76;70,76
b96bd667-83f5-407d-9928-4361d73d9d21|Carola RPT A-full 9f0d8bc0-21c8-4d8f-8ce7-2a41f3f239d4|Girder B|2025-04-26||80|80|2694970.0|2197.0|2694970.0|1465570.0|1060.0|2008.0|4160540.0|2|69|68|1|2|68,68;69,68
a5f50d3a-40e4-41ac-ad8e-32dc57ca801b|Carola RPT A-full 9f0d8bc0-21c8-4d8f-8ce7-2a41f3f239d4|Girder C|2025-04-26||80|80|2694970.0|2308.0|2694970.0|1465570.0|1060.0|2008.0|4160540.0|2|68|60|1|2|67,60;68,60
fee34509-5cdf-4900-9df2-95ea4d387602|Carola RPT A-full 9f0d8bc0-21c8-4d8f-8ce7-2a41f3f239d4|Girder A|2025-05-01||80|80|779101.0000000001|1942.5|779101.0000000001|246825.00000000003|2555.0|-1335.0|2912092.0|6|4|19|2|5|0,4;3,18;3,19;4,18;4,19;4,20
bc4d5754-26d7-4a5a-a7b2-a4631f536197|Carola RPT A-full 9f0d8bc0-21c8-4d8f-8ce7-2a41f3f239d4|Girder B|2025-05-01||80|80|779101.0000000001|1850.0000000000002|779101.0000000001|250549.0|2759.0|-882.0|2665267.0|5|2|10|1|5|1,9;1,10;2,9;2,10;2,11
e02bd865-21ab-4dc5-aa80-7ba9a36eee8b|Carola RPT A-full 9f0d8bc0-21c8-4d8f-8ce7-2a41f3f239d4|Girder C|2025-05-01||80|80|779101.0000000001|1873.5|779101.0000000001|250549.0|1727.0|-473.0|1743324.0|3|1|0|1|3|0,0;1,0;1,1
e61ce795-8c62-46ff-bd1e-ed606afad4ae|Carola RPT A-full 9f0d8bc0-21c8-4d8f-8ce7-2a41f3f239d4|Girder A|2025-05-02||80|80|900709.0|12445.5|900709.0|273169.00000000006|4263.0|4129.0|27546052.0|59|44|27|25|10|3,75;4,75;4,76;5,68;6,68;6,75;7,75;9,51;10,51;10,55;10,56;10,57;11,56;11,57;11,64;12,63;12,64;13,64;15,3;18,18;32,5;33,24;37,46;42,67;43,67;44,26;44,27;45,26;45,27;45,61;45,64;46,61;49,36;58,42;58,43;58,78;59,42;61,25;61,28;61,29;62,28;62,29;64,50;64,60;65,50;66,3;66,60;66,61;66,62;67,3;67,59;67,60;67,61;67,62;68,60;68,61;69,61;76,59;77,59
2bb4c5af-7883-4686-865e-eb5713f95102|Carola RPT A-full 9f0d8bc0-21c8-4d8f-8ce7-2a41f3f239d4|Girder B|2025-05-02||80|80|1470628.0000000007|13050.000000000002|1470628.0000000007|443133.0000000001|4371.0|690.0|20812281.0|33|79|4|18|5|1,76;2,67;5,67;8,43;8,47;8,48;9,48;9,49;10,56;31,16;35,38;40,59;41,59;42,18;42,19;43,19;43,74;47,28;56,34;57,34;59,21;60,20;60,21;62,52;64,53;65,51;65,52;65,53;65,54;67,53;78,4;79,4;79,5
58237d7d-23c4-4d23-86c7-7f2fa9c6db9d|Carola RPT A-full 9f0d8bc0-21c8-4d8f-8ce7-2a41f3f239d4|Girder C|2025-05-02||80|80|2127106.0000000005|13444.500000000004|2127106.0000000005|641692.9999999998|3073.0|5148.0|12775693.0|13|37|78|8|4|1,59;7,40;9,48;36,78;36,79;37,78;37,79;39,51;40,51;41,11;42,11;55,26;64,44
704d648b-f70c-42db-904e-cfe840684228|Carola RPT A-full 9f0d8bc0-21c8-4d8f-8ce7-2a41f3f239d4|Girder A|2025-05-05||80|80|5072692.0|5443.0|5072692.0|1887235.9999999998|-8060.0|-7451.0|33631097.0|12|72|34|5|4|32,29;32,30;49,58;50,16;51,16;72,34;72,35;73,34;73,35;74,5;74,6;75,6
ceeb327c-5322-4998-afd6-39e258728f49|Carola RPT A-full 9f0d8bc0-21c8-4d8f-8ce7-2a41f3f239d4|Girder B|2025-05-05||80|80|5072692.0|5219.999999999999|5072692.0|1887235.9999999998|-8060.0|-7451.0|33631097.0|12|75|41|5|4|35,36;35,37;52,65;53,23;54,23;75,41;75,42;76,41;76,42;77,12;77,13;78,13
59f0d748-a306-4671-a5c3-ec045f916101|Carola RPT A-full 9f0d8bc0-21c8-4d8f-8ce7-2a41f3f239d4|Girder C|2025-05-05||80|80|5072692.0|5359.5|5072692.0|1887235.9999999998|-6603.0|-7019.0|31321624.0|11|77|47|5|4|37,42;37,43;54,71;55,29;56,29;77,47;77,48;78,47;78,48;79,18;79,19
dda38599-c39a-4226-a9bc-baa45821ce2f|Carola RPT A-full 9f0d8bc0-21c8-4d8f-8ce7-2a41f3f239d4|Girder A|2025-05-07||80|80|771626.0000000001|2157.0|771626.0000000001|285850.0|383.0|-2965.0|2908994.0|5|3|19|1|5|3,18;3,19;3,20;4,19;4,20
04f258bc-ebb1-4268-923e-ed6ef0148ab5|Carola RPT A-full 9f0d8bc0-21c8-4d8f-8ce7-2a41f3f239d4|Girder B|2025-05-07||80|80|771626.0000000001|2073.9999999999995|771626.0000000001|285850.0|383.0|-2965.0|2908994.0|5|2|10|1|5|2,9;2,10;2,11;3,10;3,11
0885c35a-9f0d-4c7a-b053-53c9993b380d|Carola RPT A-full 9f0d8bc0-21c8-4d8f-8ce7-2a41f3f239d4|Girder C|2025-05-07||80|80|771626.0000000001|2028.9999999999995|771626.0000000001|242104.99999999997|526.0|-2933.0|2865249.0|5|0|0|2|4|0,0;0,1;1,0;1,1;1,75
76a4974f-aa6f-4c5d-89e2-76d9cee0f2ce|Carola RPT A-full 9f0d8bc0-21c8-4d8f-8ce7-2a41f3f239d4|Girder A|2025-05-08||80|80|1292145.9999999998|10639.5|1292145.9999999998|390004.0|-6610.0|4907.0|13285847.0|22|58|39|12|4|4,72;10,52;11,53;11,60;12,60;13,26;22,2;23,2;23,3;33,20;44,23;57,38;57,39;58,38;58,39;61,24;61,25;61,29;62,25;67,56;67,57;76,55
06c5c0ab-fe56-4f9c-8dd9-1d6626e597f3|Carola RPT A-full 9f0d8bc0-21c8-4d8f-8ce7-2a41f3f239d4|Girder B|2025-05-08||80|80|1292145.9999999998|10979.999999999998|1292145.9999999998|390004.0|-4638.0|4379.0|14537487.0|23|57|31|14|4|2,72;3,64;9,44;10,45;10,52;11,52;12,18;32,12;43,15;56,30;56,31;57,30;57,31;60,16;60,17;60,21;61,17;66,48;66,49;68,72;75,47;79,0;79,1
c25869ad-897e-40c1-8138-fe5b7524220c|Carola RPT A-full 9f0d8bc0-21c8-4d8f-8ce7-2a41f3f239d4|Girder C|2025-05-08||80|80|1313449.9999999998|11243.0|1313449.9999999998|398185.0|-7249.0|5838.0|20582939.0|30|38|75|16|5|1,64;2,56;8,36;9,37;9,44;10,44;11,10;16,76;16,77;17,76;17,77;17,78;31,4;37,74;37,75;38,74;38,75;42,7;44,73;45,73;55,22;55,23;56,22;56,23;59,8;59,9;59,13;65,40;67,64;74,39
a84fb992-984b-44cc-932e-8527c8452afa|Carola RPT A-full 9f0d8bc0-21c8-4d8f-8ce7-2a41f3f239d4|Girder A|2025-05-11||80|80|1763018.0000000002|1345.0|1763018.0000000002|533305.0|-7104.0|70.0|14316054.0|14|10|52|2|10|9,48;9,49;9,50;9,51;9,52;10,49;10,50;10,51;10,52;10,53;49,4;49,5;50,4;50,5
e7ad396a-5d2f-4cfd-8fe1-b25e07bb858a|Carola RPT A-full 9f0d8bc0-21c8-4d8f-8ce7-2a41f3f239d4|Girder B|2025-05-11||80|80|1763018.0000000002|1371.5|1763018.0000000002|533305.0|-7104.0|70.0|14316054.0|14|12|59|2|10|11,55;11,56;11,57;11,58;11,59;12,56;12,57;12,58;12,59;12,60;51,11;51,12;52,11;52,12
8da6c2f7-4b78-4711-8430-b3ef3dbaf11e|Carola RPT A-full 9f0d8bc0-21c8-4d8f-8ce7-2a41f3f239d4|Girder C|2025-05-11||80|80|1763018.0000000002|1369.0|1763018.0000000002|533305.0|-7104.0|70.0|14316054.0|14|14|65|2|10|13,61;13,62;13,63;13,64;13,65;14,62;14,63;14,64;14,65;14,66;53,17;53,18;54,17;54,18
382dea1d-5330-496b-8d39-6c6b84bb5af1|Carola RPT A-full 9f0d8bc0-21c8-4d8f-8ce7-2a41f3f239d4|Girder A|2025-05-13||80|80|723573.0000000001|1908.0|723573.0000000001|266050.0|-973.0|2926.0|3001603.0|7|4|19|2|6|0,4;3,18;3,19;3,20;4,18;4,19;4,20
ec6fd760-3d95-49f4-ae30-e849b70d5ae0|Carola RPT A-full 9f0d8bc0-21c8-4d8f-8ce7-2a41f3f239d4|Girder B|2025-05-13||80|80|723573.0000000001|1844.0|723573.0000000001|297986.00000000006|-1456.0|2745.0|2735553.0|6|3|10|1|6|2,9;2,10;2,11;3,9;3,10;3,11
83bf0ffb-0137-4848-ba51-eb424b2a1a04|Carola RPT A-full 9f0d8bc0-21c8-4d8f-8ce7-2a41f3f239d4|Girder C|2025-05-13||80|80|723573.0000000001|1779.9999999999995|723573.0000000001|352308.99999999994|-941.0|1985.0|2102326.0|4|1|0|1|4|0,0;0,1;1,0;1,1
9b70a6e2-f18f-4039-8b44-e603aa90c34a|Carola RPT A-full 9f0d8bc0-21c8-4d8f-8ce7-2a41f3f239d4|Girder A|2025-05-14||80|80|3020200.9999999995|2665.0|3020200.9999999995|1018889.0|2160.0|32.0|4039090.0|2|68|79|1|2|68,79;69,79
b3ba134b-69f1-4611-a2ee-88ecf444dfce|Carola RPT A-full 9f0d8bc0-21c8-4d8f-8ce7-2a41f3f239d4|Girder B|2025-05-14||80|80|3020200.9999999995|2767.999999999999|3020200.9999999995|1018889.0|3222.0|-536.0|5489558.0|3|66|71|1|3|66,71;66,72;67,71
f1461930-9c11-40fa-ae30-7594ca23905e|Carola RPT A-full 9f0d8bc0-21c8-4d8f-8ce7-2a41f3f239d4|Girder C|2025-05-14||80|80|3020200.9999999995|2882.5000000000005|3020200.9999999995|1018889.0|3222.0|-536.0|5489558.0|3|65|63|1|3|65,63;65,64;66,63
a0ace09c-7d32-4665-88c6-f17c58d7e87f|Carola RPT A-full 9f0d8bc0-21c8-4d8f-8ce7-2a41f3f239d4|Girder A|2025-05-17||80|80|2181961.0|1124.0000000000002|2181961.0|694525.0|-896.0|-5073.0|12229591.0|10|55|21|5|4|3,0;3,1;53,37;54,21;54,22;55,21;55,22;75,3;75,6;76,3
cc37b8a3-8a0a-4ae0-9a71-4f1b83419001|Carola RPT A-full 9f0d8bc0-21c8-4d8f-8ce7-2a41f3f239d4|Girder B|2025-05-17||80|80|2181961.0|1076.0000000000002|2181961.0|694525.0|-896.0|-5073.0|12229591.0|10|58|27|5|4|6,6;6,7;56,43;57,27;57,28;58,27;58,28;78,9;78,12;79,9
d92277d2-6cfd-4738-968d-b717395f443f|Carola RPT A-full 9f0d8bc0-21c8-4d8f-8ce7-2a41f3f239d4|Girder C|2025-05-17||80|80|2181961.0|1097.5|2181961.0|694525.0|-3576.0|-3718.0|8879672.0|7|60|34|3|4|8,13;8,14;58,50;59,34;59,35;60,34;60,35
b2668756-3e66-4a2d-bd86-51e6580e3297|Carola RPT A-full 9f0d8bc0-21c8-4d8f-8ce7-2a41f3f239d4|Girder A|2025-05-19||80|80|2412340.9999999995|8353.5|2412340.9999999995|728050.0|33.0|1973.0|10540836.0|9|0|4|4|4|0,3;0,4;0,5;0,6;12,61;31,64;31,65;51,30;51,31
a16d24de-bf91-4007-8a97-c35a269c2990|Carola RPT A-full 9f0d8bc0-21c8-4d8f-8ce7-2a41f3f239d4|Girder B|2025-05-19||80|80|1163801.0|8309.0|1163801.0|351185.0|-2875.0|270.0|14773487.0|26|30|55|10|6|10,58;11,51;11,52;14,66;15,66;29,55;30,54;30,55;30,56;30,57;31,55;44,49;44,50;44,79;47,71;47,72;48,71;48,72;49,21;49,22;50,21;50,22;50,64;54,47;54,48;55,47
f1a1f4e6-f093-4b11-bb42-92c52da61cb7|Carola RPT A-full 9f0d8bc0-21c8-4d8f-8ce7-2a41f3f239d4|Girder C|2025-05-19||80|80|1163801.0|8854.5|1163801.0|351185.0|-2897.0|-411.0|23302954.0|44|28|45|18|6|2,74;2,76;2,77;2,78;3,76;3,77;8,48;9,41;9,42;11,76;12,56;12,76;13,56;15,76;15,77;27,45;28,44;28,45;28,46;28,47;29,45;42,39;42,40;42,69;42,70;44,71;45,61;45,62;46,61;46,62;46,74;47,11;47,12;47,74;48,11;48,12;48,54;48,77;49,77;49,78;52,37;52,38;53,37;78,66
fc7e01f5-cbd3-4f1c-82dc-f5b090b43742|Carola RPT A-full 9f0d8bc0-21c8-4d8f-8ce7-2a41f3f239d4|Girder A|2025-05-20||80|80|1178621.0|10457.0|1178621.0|355688.99999999994|-5641.0|6768.0|12655059.0|24|44|23|12|5|9,30;10,52;10,53;10,54;11,60;12,60;12,63;13,26;22,2;22,3;43,23;44,23;44,24;52,46;57,39;58,38;58,39;61,25;65,57;66,56;66,57;66,58;67,56;76,55
1196d0a0-01d5-47a5-b778-e7527ebec775|Carola RPT A-full 9f0d8bc0-21c8-4d8f-8ce7-2a41f3f239d4|Girder B|2025-05-20||80|80|1178621.0|10843.0|1178621.0|355688.99999999994|-4420.0|6047.0|12273487.0|23|43|15|12|5|8,22;9,44;9,45;9,46;10,52;11,52;11,55;12,18;42,15;42,79;43,15;43,16;51,38;56,31;57,30;57,31;60,17;64,49;65,48;65,49;65,50;66,48;75,47
294b67f6-a9c0-4d22-b287-13fedf174452|Carola RPT A-full 9f0d8bc0-21c8-4d8f-8ce7-2a41f3f239d4|Girder C|2025-05-20||80|80|1911937.0000000005|11129.0|1911937.0000000005|576833.0000000001|-11133.0|131.0|13556652.0|15|36|75|6|5|7,36;7,37;7,38;8,44;15,76;15,77;15,78;16,77;16,78;36,74;36,75;37,75;40,7;41,7;55,23
19c01b42-fd69-4196-bbd0-1105ffc2e136|Carola RPT A-full 9f0d8bc0-21c8-4d8f-8ce7-2a41f3f239d4|Girder A|2025-05-23||80|80|1734538.0000000005|1417.9999999999998|1734538.0000000005|541216.9999999999|3205.0|-5881.0|13950008.0|14|10|50|2|12|9,49;9,50;10,48;10,49;10,50;10,51;10,52;10,53;11,50;11,51;11,52;11,53;50,4;51,4
e254b2b6-ef2d-49e5-81a7-3eefd3dad24a|Carola RPT A-full 9f0d8bc0-21c8-4d8f-8ce7-2a41f3f239d4|Girder B|2025-05-23||80|80|1734538.0000000005|1416.9999999999998|1734538.0000000005|541216.9999999999|3205.0|-5881.0|13950008.0|14|12|57|2|12|11,56;11,57;12,55;12,56;12,57;12,58;12,59;12,60;13,57;13,58;13,59;13,60;52,11;53,11
46768784-0188-4038-9199-51e4008df3dc|Carola RPT A-full 9f0d8bc0-21c8-4d8f-8ce7-2a41f3f239d4|Girder C|2025-05-23||80|80|1734538.0000000005|1405.0000000000002|1734538.0000000005|541216.9999999999|3205.0|-5881.0|13950008.0|14|14|63|2|12|13,62;13,63;14,61;14,62;14,63;14,64;14,65;14,66;15,63;15,64;15,65;15,66;54,17;55,17
73f945af-da8e-4be2-acbd-38f85cd12f6b|Carola RPT A-full 9f0d8bc0-21c8-4d8f-8ce7-2a41f3f239d4|Girder A|2025-06-01||80|80|1045368.9999999999|11677.0|1045368.9999999999|314020.99999999994|-1870.0|3103.0|25561903.0|54|44|23|28|11|2,3;3,3;5,28;6,70;7,70;8,3;9,46;9,51;10,51;10,54;10,55;11,55;11,62;12,62;13,26;13,27;14,1;15,1;17,15;22,3;22,13;23,3;31,6;31,7;33,70;35,9;43,23;44,23;44,24;48,33;55,43;57,33;58,39;60,53;61,45;63,46;63,47;63,57;64,46;64,47;64,57;65,57;66,0;66,57;66,58;66,59;67,49;67,56;67,57;67,58;67,59;67,60;76,55;76,56
d963a967-ccf9-4ea3-abd1-058bb3cb2566|Carola RPT A-full 9f0d8bc0-21c8-4d8f-8ce7-2a41f3f239d4|Girder B|2025-06-01||80|80|1284565.0000000002|12319.5|1284565.0000000002|401461.0|-793.0|-770.0|18957417.0|31|41|75|18|5|5,62;6,62;9,47;10,47;10,54;11,54;12,18;12,19;21,5;35,75;36,75;41,75;42,75;42,79;43,15;43,16;47,25;57,31;59,72;63,39;63,49;65,49;65,50;66,41;66,48;66,49;66,51;75,47;75,48;79,1;79,2
f39e3585-12b0-4e0b-9346-ff0433fbfaaf|Carola RPT A-full 9f0d8bc0-21c8-4d8f-8ce7-2a41f3f239d4|Girder C|2025-06-01||80|80|1942129.9999999993|13039.500000000002|1942129.9999999993|583949.0|803.0|-1338.0|16332833.0|18|37|75|11|2|4,54;5,54;8,39;9,46;10,46;16,76;16,77;16,79;37,75;38,75;40,67;41,67;42,7;42,8;62,41;65,41;69,72;70,72
c7b81488-f0e3-4e98-a063-d3a19e8d2a19|Carola RPT A-full 9f0d8bc0-21c8-4d8f-8ce7-2a41f3f239d4|Girder A|2025-06-04||80|80|5895378.000000001|6109.0|5895378.000000001|4096130.0|311.0|1057.0|14563606.0|3|37|16|2|2|37,16;38,16;79,35
043f9710-4d14-4d07-b6da-4be2ff423c3f|Carola RPT A-full 9f0d8bc0-21c8-4d8f-8ce7-2a41f3f239d4|Girder B|2025-06-04||80|80|5895378.000000001|6061.500000000001|5895378.000000001|4572098.000000002|-140.0|-916.0|10467476.0|2|39|22|1|2|39,22;40,22
63eaeb1f-b6cf-4bf5-894e-25c93535610a|Carola RPT A-full 9f0d8bc0-21c8-4d8f-8ce7-2a41f3f239d4|Girder C|2025-06-04||80|80|5895378.000000001|6067.0|5895378.000000001|4572098.000000002|-140.0|-916.0|10467476.0|2|41|28|1|2|41,28;42,28
3f3da12c-29e9-4a24-a17e-8c51c1df41c8|Carola RPT A-full 9f0d8bc0-21c8-4d8f-8ce7-2a41f3f239d4|Girder A|2025-06-06||80|80|4053327.9999999986|7260.999999999999|4053327.9999999986|1295320.9999999998|-106.0|-5432.0|10388292.0|4|0|3|1|4|0,3;0,4;0,5;1,3
bfe8c67d-ae39-40f3-89c2-3cf059ca6ced|Carola RPT A-full 9f0d8bc0-21c8-4d8f-8ce7-2a41f3f239d4|Girder B|2025-06-06||80|80|1040425.9999999998|7091.000000000001|1040425.9999999998|320812.99999999994|1203.0|2176.0|8199553.0|16|49|19|9|4|0,79;2,4;11,49;11,50;29,53;29,54;30,53;30,54;44,48;44,78;46,79;49,19;49,20;49,72;50,19;50,20
d4bf9e80-0e66-4636-a76e-c22f460fc700|Carola RPT A-full 9f0d8bc0-21c8-4d8f-8ce7-2a41f3f239d4|Girder C|2025-06-06||80|80|1040425.9999999998|7221.499999999999|1040425.9999999998|320812.99999999994|2842.0|592.0|13689684.0|28|48|10|13|4|3,73;3,75;3,76;4,75;4,76;10,40;10,41;12,75;12,76;13,76;28,44;28,45;29,44;29,45;43,39;43,69;45,70;45,71;47,73;48,10;48,11;48,63;48,73;49,10;49,11;49,76;49,77;79,65
cb9fd2c9-6478-4e15-9734-7f4f6a0b67c7|Carola RPT A-full 9f0d8bc0-21c8-4d8f-8ce7-2a41f3f239d4|Girder A|2025-06-07||80|80|1892057.0|2475.5000000000005|1892057.0|1600249.9999999998|2005.0|282.0|3492307.0|2|69|79|1|2|68,79;69,79
975c3f31-2acb-466e-b651-7cdea20ea845|Carola RPT A-full 9f0d8bc0-21c8-4d8f-8ce7-2a41f3f239d4|Girder B|2025-06-07||80|80|1892057.0|2560.9999999999995|1892057.0|1277354.0|3863.0|432.0|6361799.0|4|67|71|1|4|66,71;66,72;67,71;67,72
741afaf8-c44a-4842-83e3-88baf268ebf4|Carola RPT A-full 9f0d8bc0-21c8-4d8f-8ce7-2a41f3f239d4|Girder C|2025-06-07||80|80|1892057.0|2660.5|1892057.0|1277354.0|3863.0|432.0|6361799.0|4|66|63|1|4|65,63;65,64;66,63;66,64
7595361c-e546-4b71-ae34-07d863363828|Carola RPT A-full 9f0d8bc0-21c8-4d8f-8ce7-2a41f3f239d4|Girder A|2025-06-10||80|80|3210210.0000000005|1129.9999999999998|3210210.0000000005|1002376.9999999998|-2447.0|-2709.0|6311652.0|3|55|17|1|3|54,17;55,17;55,18
0d73be88-897e-4683-9da1-045bf5c09266|Carola RPT A-full 9f0d8bc0-21c8-4d8f-8ce7-2a41f3f239d4|Girder B|2025-06-10||80|80|3210210.0000000005|1129.9999999999998|3210210.0000000005|1002376.9999999998|-3681.0|-4260.0|12069747.0|7|58|23|3|3|6,2;6,3;7,3;57,23;58,23;58,24;79,5
9bec0341-df38-4ba3-a186-911d23a87dd5|Carola RPT A-full 9f0d8bc0-21c8-4d8f-8ce7-2a41f3f239d4|Girder C|2025-06-10||80|80|3210210.0000000005|1141.5|3210210.0000000005|1002376.9999999998|-2529.0|-4138.0|10727759.0|6|60|30|2|3|8,9;8,10;9,10;59,30;60,30;60,31
df9615d3-d3f6-4d95-8bf0-d5ced33d7ce1|Carola RPT A-full 9f0d8bc0-21c8-4d8f-8ce7-2a41f3f239d4|Girder A|2025-06-12||80|80|728429.0|2331.5|728429.0|239581.00000000006|2278.0|-1759.0|2843493.0|5|4|20|1|5|3,19;3,20;3,21;4,20;4,21
66493c2f-f19b-46e2-a19a-80bd68d78406|Carola RPT A-full 9f0d8bc0-21c8-4d8f-8ce7-2a41f3f239d4|Girder B|2025-06-12||80|80|728429.0|2278.5|728429.0|239581.00000000006|2278.0|-1759.0|2843493.0|5|2|10|1|5|1,9;1,10;1,11;2,10;2,11
f5e06801-37ff-4fb1-8469-c1e8cdaaddc7|Carola RPT A-full 9f0d8bc0-21c8-4d8f-8ce7-2a41f3f239d4|Girder C|2025-06-12||80|80|728429.0|2257.0|728429.0|239581.00000000006|2278.0|-1759.0|2843493.0|5|1|1|1|5|0,0;0,1;0,2;1,1;1,2
f8fee49a-1dcf-4f87-a6b9-4843e49fc317|Carola RPT A-full 9f0d8bc0-21c8-4d8f-8ce7-2a41f3f239d4|Girder A|2025-06-13||80|80|2748561.9999999995|2137.0|2748561.9999999995|1241905.0|57.0|2378.0|3990467.0|2|68|76|1|2|68,76;69,76
0d1378a7-d1e2-44cd-b4f6-f19ed5dac72f|Carola RPT A-full 9f0d8bc0-21c8-4d8f-8ce7-2a41f3f239d4|Girder B|2025-06-13||80|80|2748561.9999999995|2257.5|2748561.9999999995|1241905.0|57.0|2378.0|3990467.0|2|67|68|1|2|67,68;68,68
d5f4108f-404e-4065-afec-db57d796e683|Carola RPT A-full 9f0d8bc0-21c8-4d8f-8ce7-2a41f3f239d4|Girder C|2025-06-13||80|80|2748561.9999999995|2346.5|2748561.9999999995|1241905.0|57.0|2378.0|3990467.0|2|66|59|1|2|66,59;67,59
5d24edd6-7206-4042-8753-e4453fa7cf18|Carola RPT A-full 9f0d8bc0-21c8-4d8f-8ce7-2a41f3f239d4|Girder A|2025-06-16||80|80|1661256.9999999998|1745.5|1661256.9999999998|529312.9999999999|-7019.0|5066.0|16508321.0|17|10|50|2|13|9,48;9,49;9,50;9,51;10,48;10,49;10,50;10,51;10,52;10,53;11,52;11,53;11,54;49,4;49,5;50,4;50,5
8db87a1d-7559-4fda-94bf-63e0f5179a51|Carola RPT A-full 9f0d8bc0-21c8-4d8f-8ce7-2a41f3f239d4|Girder B|2025-06-16||80|80|1661256.9999999998|1768.0000000000002|1661256.9999999998|529312.9999999999|-7019.0|5066.0|16508321.0|17|12|57|2|13|11,55;11,56;11,57;11,58;12,55;12,56;12,57;12,58;12,59;12,60;13,59;13,60;13,61;51,11;51,12;52,11;52,12
4f29c3fe-9f29-4e75-9c85-aa18be92f4d3|Carola RPT A-full 9f0d8bc0-21c8-4d8f-8ce7-2a41f3f239d4|Girder C|2025-06-16||80|80|1661256.9999999998|1737.0|1661256.9999999998|529312.9999999999|-7019.0|5066.0|16508321.0|17|14|63|2|13|13,61;13,62;13,63;13,64;14,61;14,62;14,63;14,64;14,65;14,66;15,65;15,66;15,67;53,17;53,18;54,17;54,18
443f9d50-d155-469d-97e2-2445f7478807|Carola RPT A-full 9f0d8bc0-21c8-4d8f-8ce7-2a41f3f239d4|Girder A|2025-06-18||80|80|657985.0000000001|1960.5|657985.0000000001|251463.9999999999|-2000.0|-2357.0|2571707.0|5|4|18|1|5|3,17;3,18;3,19;4,18;4,19
57612454-d520-4458-ae7a-75db1bbc1715|Carola RPT A-full 9f0d8bc0-21c8-4d8f-8ce7-2a41f3f239d4|Girder B|2025-06-18||80|80|657985.0000000001|1906.9999999999995|657985.0000000001|251463.9999999999|-2000.0|-2357.0|2571707.0|5|3|9|1|5|2,8;2,9;2,10;3,9;3,10
30cc776d-5cf0-4912-b77a-583ae8e78996|Carola RPT A-full 9f0d8bc0-21c8-4d8f-8ce7-2a41f3f239d4|Girder C|2025-06-18||80|80|521000.99999999994|1903.5|521000.99999999994|171002.00000000003|-1483.0|-298.0|1571641.0|5|1|0|3|2|0,0;1,0;1,73;1,74;45,71
2d8d366e-8d1c-4b6f-bb73-91641e9c9c84|Carola RPT A-full 9f0d8bc0-21c8-4d8f-8ce7-2a41f3f239d4|Girder A|2025-06-19||80|80|1018960.9999999999|12327.0|1018960.9999999999|306601.0|-83.0|-12618.0|27533719.0|56|58|43|24|6|5,32;7,74;7,75;10,52;10,56;10,57;10,58;11,57;11,58;11,63;11,64;11,65;12,63;12,64;12,65;13,30;14,30;15,4;18,19;22,7;23,7;33,25;37,47;42,68;43,68;44,27;44,28;45,22;45,27;49,37;52,24;57,35;57,43;58,42;58,43;59,43;61,28;61,29;61,30;61,33;61,49;62,28;62,29;63,51;64,50;64,51;65,61;65,62;66,61;66,62;67,60;67,61;76,59;76,60;77,59;77,60
cfdf7b78-23f5-4708-ace6-d5422c4d2dc4|Carola RPT A-full 9f0d8bc0-21c8-4d8f-8ce7-2a41f3f239d4|Girder B|2025-06-19||80|80|3145024.9999999995|13055.000000000002|3145024.9999999995|1018960.9999999999|656.0|-4304.0|7817654.0|5|79|5|2|4|56,35;78,5;79,4;79,5;79,6
681c7243-836c-4705-99e6-0e4d53fe8ebf|Carola RPT A-full 9f0d8bc0-21c8-4d8f-8ce7-2a41f3f239d4|Girder C|2025-06-19||80|80|1772776.9999999995|13244.999999999998|1772776.9999999995|534344.0000000001|2920.0|-6015.0|17674919.0|20|37|78|12|4|0,68;7,41;8,40;8,41;9,47;9,48;15,79;16,79;36,77;36,78;37,77;37,78;39,51;40,51;41,10;55,26;58,12;58,32;63,45;64,43
cda519c2-e5cd-4883-9537-eb478615bc1d|Carola RPT A-full 9f0d8bc0-21c8-4d8f-8ce7-2a41f3f239d4|Girder A|2025-06-22||80|80|3717232.999999999|1105.0|3717232.999999999|1216673.0000000005|1923.0|2836.0|6297731.0|3|56|17|1|3|56,17;56,18;57,17
3c63b7a5-3ef4-425d-aa10-91c26c207ab7|Carola RPT A-full 9f0d8bc0-21c8-4d8f-8ce7-2a41f3f239d4|Girder B|2025-06-22||80|80|3717232.999999999|1105.0|3717232.999999999|1214977.0000000002|1373.0|5275.0|12379208.0|7|58|24|3|3|6,3;6,4;7,3;58,24;58,25;59,24;79,6
f39881fd-f144-4b1f-896e-818f646ff55e|Carola RPT A-full 9f0d8bc0-21c8-4d8f-8ce7-2a41f3f239d4|Girder C|2025-06-22||80|80|3717232.999999999|1106.4999999999998|3717232.999999999|1214977.0000000002|1194.0|3988.0|10690798.0|6|60|30|2|3|8,9;8,10;9,9;60,30;60,31;61,30
6504d1ab-3c12-426a-94c8-bcbbbe138f8d|Carola RPT A-full 9f0d8bc0-21c8-4d8f-8ce7-2a41f3f239d4|Girder A|2025-06-24||80|80|1863817.0000000002|8801.0|1863817.0000000002|571960.9999999999|-351.0|-1258.0|14312039.0|17|50|31|6|5|0,5;12,61;30,64;30,65;30,66;31,64;31,65;49,31;49,73;50,31;50,32;50,74;51,31;71,44;71,45;72,44;72,45
be77216c-40cb-4bbb-a117-fa84ff8cdf85|Carola RPT A-full 9f0d8bc0-21c8-4d8f-8ce7-2a41f3f239d4|Girder B|2025-06-24||80|80|1863817.0000000002|8517.0|1863817.0000000002|571960.9999999999|481.0|-1373.0|13606590.0|16|49|21|5|5|11,51;29,54;29,55;29,56;30,54;30,55;48,21;48,63;49,21;49,22;49,64;50,21;70,34;70,35;71,34;71,35
df43ea83-a79c-42c4-abf1-4efce1c929e0|Carola RPT A-full 9f0d8bc0-21c8-4d8f-8ce7-2a41f3f239d4|Girder C|2025-06-24||80|80|1863817.0000000002|8983.0|1863817.0000000002|571960.9999999999|1221.0|-1103.0|14227090.0|17|47|11|6|5|9,41;11,76;27,44;27,45;27,46;28,44;28,45;46,11;46,53;47,11;47,12;47,54;48,11;68,24;68,25;69,24;69,25
525821b9-bb5f-43e2-a95c-9fd03703a707|Carola RPT A-full 9f0d8bc0-21c8-4d8f-8ce7-2a41f3f239d4|Girder A|2025-07-01||80|80|1930625.0000000002|2698.5|1930625.0000000002|850420.0000000002|-692.0|1609.0|2781045.0|2|68|79|1|2|68,79;69,79
86fbbb6f-2b3e-49bf-8a3c-0360a0064828|Carola RPT A-full 9f0d8bc0-21c8-4d8f-8ce7-2a41f3f239d4|Girder B|2025-07-01||80|80|2104708.0000000005|2821.0|2104708.0000000005|850420.0000000002|-1544.0|3350.0|6067498.0|4|67|72|1|4|67,71;67,72;68,71;68,72
0c48e735-ce4e-4f53-98bd-1687ea53b4d6|Carola RPT A-full 9f0d8bc0-21c8-4d8f-8ce7-2a41f3f239d4|Girder C|2025-07-01||80|80|2104708.0000000005|2929.5000000000005|2104708.0000000005|850420.0000000002|-1544.0|3350.0|6067498.0|4|65|64|1|4|65,63;65,64;66,63;66,64
664c44b8-f1a3-4f38-a418-9bc15e1f8ccf|Carola RPT A-full 9f0d8bc0-21c8-4d8f-8ce7-2a41f3f239d4|Girder A|2025-07-04||80|80|3045192.9999999995|5619.999999999999|3045192.9999999995|1000093.0|3983.0|1769.0|31866032.0|19|75|6|9|4|3,49;22,15;32,35;35,33;36,33;51,16;51,17;52,16;52,17;54,37;54,38;70,23;70,24;73,34;73,35;74,34;75,6;75,7;76,6
03485ab2-8b38-4173-8db7-a3a8eb5d3a99|Carola RPT A-full 9f0d8bc0-21c8-4d8f-8ce7-2a41f3f239d4|Girder B|2025-07-04||80|80|3045192.9999999995|5661.0|3045192.9999999995|1000093.0|3983.0|1769.0|31866032.0|19|77|12|9|4|5,55;24,21;34,41;37,39;38,39;53,22;53,23;54,22;54,23;56,43;56,44;72,29;72,30;75,40;75,41;76,40;77,12;77,13;78,12
8c48994c-d9d9-4a75-a375-7f68af2e2a45|Carola RPT A-full 9f0d8bc0-21c8-4d8f-8ce7-2a41f3f239d4|Girder C|2025-07-04||80|80|3045192.9999999995|5825.0|3045192.9999999995|1000093.0|3788.0|3188.0|29814446.0|18|79|18|9|4|7,61;26,27;36,47;39,45;40,45;55,28;55,29;56,28;56,29;58,49;58,50;74,35;74,36;77,46;77,47;78,46;79,18;79,19
840d0525-83f9-420c-b5cc-d5e25d337e2c|Carola RPT A-full 9f0d8bc0-21c8-4d8f-8ce7-2a41f3f239d4|Girder A|2025-07-06||80|80|3302164.0|8713.0|3302164.0|1416385.0000000002|303.0|4619.0|8175236.0|4|0|5|2|3|0,4;0,5;0,6;51,31
a4c28909-bdcd-4289-8b05-f954dcce36a7|Carola RPT A-full 9f0d8bc0-21c8-4d8f-8ce7-2a41f3f239d4|Girder B|2025-07-06||80|80|1462357.0|8500.0|1462357.0|491465.0000000001|1817.0|720.0|9528921.0|14|49|21|6|3|10,51;10,52;11,51;14,65;14,66;29,54;29,55;29,56;36,27;48,21;48,63;48,64;49,21;49,64
c242cf79-ea6f-45a0-816c-095589238d3d|Carola RPT A-full 9f0d8bc0-21c8-4d8f-8ce7-2a41f3f239d4|Girder C|2025-07-06||80|80|1462357.0|8820.5|1462357.0|439889.0|1128.0|706.0|10996300.0|17|48|11|8|3|9,41;9,42;10,41;12,76;13,55;13,56;28,44;28,45;28,46;35,17;44,71;45,71;47,11;47,53;47,54;48,11;48,54
f97b20b1-e12d-44e1-a6c2-b0a0549446f7|Carola RPT A-full 9f0d8bc0-21c8-4d8f-8ce7-2a41f3f239d4|Girder A|2025-07-07||80|80|1655001.0000000002|2165.0|1655001.0000000002|1026409.0|-1256.0|-3639.0|5205355.0|4|69|76|1|4|68,75;68,76;69,75;69,76
c866b825-fc2a-44fe-aeef-91ecca5c009d|Carola RPT A-full 9f0d8bc0-21c8-4d8f-8ce7-2a41f3f239d4|Girder B|2025-07-07||80|80|1655001.0000000002|2304.0|1655001.0000000002|1026409.0|-1256.0|-3639.0|5205355.0|4|67|68|1|4|66,67;66,68;67,67;67,68
0aa781b5-76b8-458f-9318-df1d339323d7|Carola RPT A-full 9f0d8bc0-21c8-4d8f-8ce7-2a41f3f239d4|Girder C|2025-07-07||80|80|1655001.0000000002|2330.0|1655001.0000000002|1026409.0|-1256.0|-3639.0|5205355.0|4|66|60|1|4|65,59;65,60;66,59;66,60
c9fbf328-536b-477c-b842-ff0e2d2b1873|Carola RPT A-full 9f0d8bc0-21c8-4d8f-8ce7-2a41f3f239d4|Girder A|2025-07-10||80|80|5836708.0|6380.5|5836708.0|4013164.9999999995|106.0|-2929.0|19389745.0|4|36|14|1|4|36,14;36,15;37,14;37,15
2320056c-0f93-4560-81cd-27dd6f7197f5|Carola RPT A-full 9f0d8bc0-21c8-4d8f-8ce7-2a41f3f239d4|Girder B|2025-07-10||80|80|5836708.0|6518.500000000001|5836708.0|4013164.9999999995|106.0|-2929.0|19389745.0|4|38|20|1|4|38,20;38,21;39,20;39,21
eea95917-cfb4-452a-97f1-db9c5971b053|Carola RPT A-full 9f0d8bc0-21c8-4d8f-8ce7-2a41f3f239d4|Girder C|2025-07-10||80|80|5836708.0|6459.000000000002|5836708.0|4013164.9999999995|106.0|-2929.0|19389745.0|4|40|27|1|4|40,27;40,28;41,27;41,28
007bce68-dfaf-41cd-95da-07586b7194d7|Carola RPT A-full 9f0d8bc0-21c8-4d8f-8ce7-2a41f3f239d4|Girder A|2025-07-12||80|80|686087.9999999999|1850.0000000000002|686087.9999999999|225410.0|2001.0|1399.0|2089716.0|5|3|19|2|4|3,18;3,19;4,18;4,19;79,4
b0c2b88f-4b28-4dc4-8a65-cf9242b58e7e|Carola RPT A-full 9f0d8bc0-21c8-4d8f-8ce7-2a41f3f239d4|Girder B|2025-07-12||80|80|686087.9999999999|1763.0|686087.9999999999|225410.0|1548.0|1565.0|1856951.0|4|1|9|1|4|1,8;1,9;2,8;2,9
4ae9242c-6a19-4466-8733-0ff5ff133065|Carola RPT A-full 9f0d8bc0-21c8-4d8f-8ce7-2a41f3f239d4|Girder C|2025-07-12||80|80|686087.9999999999|1746.0|686087.9999999999|502532.0|862.0|928.0|1188620.0|2|0|0|1|2|0,0;1,0
4ddb5ddb-0259-4f45-82a0-b905af2cc0e9|Carola RPT A-full 9f0d8bc0-21c8-4d8f-8ce7-2a41f3f239d4|Girder A|2025-07-13||80|80|1884725.0000000005|2681.9999999999995|1884725.0000000005|897221.0|-21.0|1825.0|2781946.0|2|68|79|1|2|67,79;68,79
cea5c612-cbfb-4f56-b04a-6bfff370b8a4|Carola RPT A-full 9f0d8bc0-21c8-4d8f-8ce7-2a41f3f239d4|Girder B|2025-07-13||80|80|2463682.0|2751.0|2463682.0|897221.0|45.0|3939.0|6406462.0|4|67|72|1|4|66,71;66,72;67,71;67,72
b8bd78f5-99cd-4e49-b290-78f4cb68596e|Carola RPT A-full 9f0d8bc0-21c8-4d8f-8ce7-2a41f3f239d4|Girder C|2025-07-13||80|80|2463682.0|2834.999999999999|2463682.0|897221.0|45.0|3939.0|6406462.0|4|65|64|1|4|64,63;64,64;65,63;65,64
f11d766a-9e6a-48a5-ad40-8aacc1244b89|Carola RPT A-full 9f0d8bc0-21c8-4d8f-8ce7-2a41f3f239d4|Girder A|2025-07-16||80|80|2647891.9999999995|1345.0|2647891.9999999995|795249.9999999999|-5276.0|-3730.0|17934140.0|13|55|20|6|4|3,0;54,20;54,21;55,20;55,21;69,23;70,23;73,33;73,34;75,2;75,3;75,6;76,2
d800990b-97ad-4a3f-a682-3e1edfd44f5c|Carola RPT A-full 9f0d8bc0-21c8-4d8f-8ce7-2a41f3f239d4|Girder B|2025-07-16||80|80|2647891.9999999995|1320.9999999999998|2647891.9999999995|795249.9999999999|-5276.0|-3730.0|17934140.0|13|57|26|6|4|5,6;56,26;56,27;57,26;57,27;71,29;72,29;75,39;75,40;77,8;77,9;77,12;78,8
fa00467b-17f9-40a1-b2ba-79aa6915bbea|Carola RPT A-full 9f0d8bc0-21c8-4d8f-8ce7-2a41f3f239d4|Girder C|2025-07-16||80|80|2647891.9999999995|1320.9999999999998|2647891.9999999995|806738.0|-4069.0|-318.0|14293809.0|9|60|33|4|4|8,13;59,33;59,34;60,33;60,34;74,36;75,36;78,46;78,47
d2529d40-bc80-4448-9d2c-d8cca50ad287|Carola RPT A-full 9f0d8bc0-21c8-4d8f-8ce7-2a41f3f239d4|Girder A|2025-07-18||80|80|586873.9999999998|2329.0000000000005|586873.9999999998|191293.00000000003|-1062.0|-2830.0|2749324.0|7|3|20|3|5|3,18;3,19;3,20;4,19;4,20;25,26;39,36
544fa52b-633b-4afa-adeb-0847075e123e|Carola RPT A-full 9f0d8bc0-21c8-4d8f-8ce7-2a41f3f239d4|Girder B|2025-07-18||80|80|586873.9999999998|2234.0|586873.9999999998|191293.00000000003|-1002.0|-2848.0|3257168.0|9|2|11|4|5|2,9;2,10;2,11;3,10;3,11;24,17;38,27;47,75;48,75
4e399a13-25b3-4a39-b51d-79f44494bde9|Carola RPT A-full 9f0d8bc0-21c8-4d8f-8ce7-2a41f3f239d4|Girder C|2025-07-18||80|80|586873.9999999998|2247.9999999999995|586873.9999999998|182485.0|-277.0|-2695.0|3195340.0|9|0|1|5|4|0,0;0,1;1,0;1,1;1,74;22,7;36,17;45,65;46,65
a1281ba7-5694-400a-8d33-2fe248224383|Carola RPT A-full 9f0d8bc0-21c8-4d8f-8ce7-2a41f3f239d4|Girder A|2025-07-19||80|80|1088169.9999999998|10272.5|1088169.9999999998|330461.0|5923.0|2764.0|16668439.0|29|67|57|11|9|10,48;11,54;11,56;12,54;23,3;23,13;24,3;44,23;44,24;45,23;45,24;45,58;61,25;61,26;62,24;62,25;62,26;64,47;64,57;65,47;65,57;66,57;66,58;67,56;67,57;67,58;68,56;68,57;77,55
cb23435a-b311-44ed-aea2-ae81c2e2d4a6|Carola RPT A-full 9f0d8bc0-21c8-4d8f-8ce7-2a41f3f239d4|Girder B|2025-07-19||80|80|1088169.9999999998|10745.0|1088169.9999999998|330461.0|4862.0|1395.0|16836023.0|31|66|49|13|9|2,73;3,77;4,77;9,40;10,46;10,48;11,46;22,5;43,15;43,16;44,15;44,16;44,50;60,17;60,18;61,16;61,17;61,18;63,39;63,49;64,39;64,49;65,49;65,50;66,48;66,49;66,50;67,48;67,49;70,74;76,47
6c34aa5a-2827-4beb-8df4-898afedba028|Carola RPT A-full 9f0d8bc0-21c8-4d8f-8ce7-2a41f3f239d4|Girder C|2025-07-19||80|80|2379618.0|11165.5|2379618.0|731098.0|81.0|-627.0|8912010.0|8|38|75|7|2|9,38;17,77;37,75;38,75;43,7;62,41;63,31;65,41
19006d17-c09b-4a51-9752-b3ee590a4548|Carola RPT A-full 9f0d8bc0-21c8-4d8f-8ce7-2a41f3f239d4|Girder A|2025-07-22||80|80|2385890.0|1714.0000000000002|2385890.0|729313.0000000002|-5986.0|2893.0|14996757.0|12|49|5|2|9|9,49;9,50;9,51;9,52;9,53;10,51;10,52;10,53;10,54;49,5;49,6;50,5
5cefdf49-2632-4a86-aeab-168c156dddea|Carola RPT A-full 9f0d8bc0-21c8-4d8f-8ce7-2a41f3f239d4|Girder B|2025-07-22||80|80|2385890.0|1690.0000000000002|2385890.0|729313.0000000002|-5986.0|2893.0|14996757.0|12|51|11|2|9|11,55;11,56;11,57;11,58;11,59;12,57;12,58;12,59;12,60;51,11;51,12;52,11
ddc1f67f-2e9b-49fd-b114-15fbe7b984e6|Carola RPT A-full 9f0d8bc0-21c8-4d8f-8ce7-2a41f3f239d4|Girder C|2025-07-22||80|80|2385890.0|1657.4999999999998|2385890.0|729313.0000000002|-5986.0|2893.0|14996757.0|12|53|17|2|9|13,61;13,62;13,63;13,64;13,65;14,63;14,64;14,65;14,66;53,17;53,18;54,17
698ed7fa-c38c-4f96-ab6b-c450ed255120|Carola RPT A-full 9f0d8bc0-21c8-4d8f-8ce7-2a41f3f239d4|Girder A|2025-07-24||80|80|1473490.0000000002|7793.0|1473490.0000000002|474625.99999999994|879.0|1340.0|9595597.0|14|50|30|7|5|0,3;0,4;12,60;15,74;24,25;30,63;30,64;30,65;31,63;31,64;50,29;50,30;51,30;55,56
af7fdb5b-31a4-4408-9b04-eebbdd2f8ef9|Carola RPT A-full 9f0d8bc0-21c8-4d8f-8ce7-2a41f3f239d4|Girder B|2025-07-24||80|80|1473490.0000000002|7702.499999999998|1473490.0000000002|473881.9999999999|-345.0|930.0|9042145.0|13|49|20|7|5|11,50;14,64;23,15;29,53;29,54;29,55;30,53;30,54;47,74;49,19;49,20;50,20;54,46
164702c8-9d24-45ee-a517-6863250d7d71|Carola RPT A-full 9f0d8bc0-21c8-4d8f-8ce7-2a41f3f239d4|Girder C|2025-07-24||80|80|1473490.0000000002|7768.999999999999|1473490.0000000002|473881.9999999999|-495.0|-1082.0|12894599.0|19|48|11|11|5|2,77;3,73;3,76;3,77;10,41;12,76;13,55;22,6;28,44;28,45;28,46;29,44;29,45;45,71;46,65;48,10;48,11;49,11;53,37
64b13c79-34e4-4e83-aa26-0ff668a6f66c|Carola RPT A-full 9f0d8bc0-21c8-4d8f-8ce7-2a41f3f239d4|Girder A|2025-08-03||80|80|2988005.0|6062.999999999999|2988005.0|897293.0000000002|4031.0|4747.0|17705934.0|13|79|34|7|3|5,21;5,22;59,53;66,55;66,57;67,55;68,19;68,20;78,34;78,38;78,39;79,34;79,39
89bebc24-3569-44da-89c0-256481d56cf1|Carola RPT A-full 9f0d8bc0-21c8-4d8f-8ce7-2a41f3f239d4|Girder B|2025-08-03||80|80|1506269.0|6100.000000000002|1506269.0|453492.9999999999|4110.0|7830.0|23399036.0|32|68|64|15|7|5,31;6,28;6,31;7,28;7,29;12,55;12,56;15,65;39,25;40,25;41,30;42,39;42,41;43,39;43,41;60,21;60,62;60,63;61,60;62,60;67,64;68,61;68,62;68,64;69,62;69,63;69,64;70,26;70,27;71,27;79,22;79,46
6333dd30-0a45-4e42-9dc5-afafabe115d8|Carola RPT A-full 9f0d8bc0-21c8-4d8f-8ce7-2a41f3f239d4|Girder C|2025-08-03||80|80|1818144.9999999998|5986.0|1818144.9999999998|545792.0|2091.0|5157.0|21355150.0|24|35|0|13|3|7,37;8,34;9,34;9,35;14,62;17,71;35,0;36,0;41,31;44,45;44,47;45,47;62,68;62,69;63,66;64,66;69,70;70,67;70,68;70,70;71,68;71,70;72,32;72,33
01280326-d64f-4277-83f6-d2b46f34caac|Carola RPT A-full 9f0d8bc0-21c8-4d8f-8ce7-2a41f3f239d4|Girder A|2025-08-05||80|80|715698.0|1972.0000000000002|715698.0|247789.00000000003|689.0|-2290.0|1973187.0|4|3|19|1|4|3,18;3,19;4,18;4,19
e65f9aa1-1f51-478a-9ed2-2ad609cfbab6|Carola RPT A-full 9f0d8bc0-21c8-4d8f-8ce7-2a41f3f239d4|Girder B|2025-08-05||80|80|715698.0|1923.9999999999995|715698.0|247789.00000000003|764.0|-2502.0|2870784.0|6|2|9|2|4|2,8;2,9;3,8;3,9;47,73;48,73
2b63784f-7e3d-4c2b-9729-4e244a93c501|Carola RPT A-full 9f0d8bc0-21c8-4d8f-8ce7-2a41f3f239d4|Girder C|2025-08-05||80|80|715698.0|1932.9999999999998|715698.0|358312.9999999999|528.0|-1481.0|2131695.0|4|0|0|2|2|0,0;1,0;45,64;46,64
2556b04a-b17a-4529-a2e7-b80024d85e3c|Carola RPT A-full 9f0d8bc0-21c8-4d8f-8ce7-2a41f3f239d4|Girder A|2025-08-06||80|80|1527685.0000000002|11595.000000000002|1527685.0000000002|470899.99999999994|7009.0|-5738.0|16363803.0|24|23|6|10|4|10,56;11,56;11,57;11,58;12,64;23,6;23,16;24,6;40,75;41,75;41,76;44,26;44,27;45,26;45,27;58,42;59,42;61,28;61,29;62,28;64,60;66,61;67,60;67,61
b173840b-ba41-4118-a7df-bdeff09c203d|Carola RPT A-full 9f0d8bc0-21c8-4d8f-8ce7-2a41f3f239d4|Girder B|2025-08-06||80|80|1015145.0|12202.5|1015145.0|307332.00000000006|8816.0|-7560.0|25028872.0|51|10|48|22|5|2,76;3,76;4,72;6,66;9,43;9,47;9,48;10,48;10,49;10,50;11,55;11,56;12,21;12,22;13,21;13,22;22,8;32,16;36,78;39,67;40,67;40,68;40,76;43,18;43,19;44,18;44,19;57,34;57,35;58,34;58,35;60,20;60,21;60,24;61,19;61,20;61,21;63,42;63,52;65,53;66,52;66,53;66,54;67,52;67,56;67,57;68,56;69,76;69,77;76,50;76,51
0761ab6d-cbad-49a2-bce6-d9e63cec79c6|Carola RPT A-full 9f0d8bc0-21c8-4d8f-8ce7-2a41f3f239d4|Girder C|2025-08-06||80|80|2542321.9999999995|12890.000000000002|2542321.9999999995|763928.9999999999|230.0|307.0|10171641.0|10|38|78|5|3|9,40;9,41;37,78;38,59;38,78;38,79;39,59;43,10;56,26;57,26
fbee88be-1880-4049-ad6c-a92c1065a1f7|Carola RPT A-full 9f0d8bc0-21c8-4d8f-8ce7-2a41f3f239d4|Girder A|2025-08-09||80|80|6497842.000000001|5195.5|6497842.000000001|2025536.0000000002|-10762.0|2483.0|31488507.0|8|70|20|3|4|52,13;70,20;70,21;71,20;71,21;73,31;74,31;74,32
9da63024-1328-40f4-9c20-a180293bc05c|Carola RPT A-full 9f0d8bc0-21c8-4d8f-8ce7-2a41f3f239d4|Girder B|2025-08-09||80|80|6497842.000000001|5050.000000000001|6497842.000000001|2025536.0000000002|-10762.0|2483.0|31488507.0|8|72|26|3|4|54,19;72,26;72,27;73,26;73,27;75,37;76,37;76,38
01e63a07-50ee-489e-a28e-12e83667cb4e|Carola RPT A-full 9f0d8bc0-21c8-4d8f-8ce7-2a41f3f239d4|Girder C|2025-08-09||80|80|6497842.000000001|5134.0|6497842.000000001|2025536.0000000002|-10762.0|2483.0|31488507.0|8|74|32|3|4|56,25;74,32;74,33;75,32;75,33;77,43;78,43;78,44
0b30136b-b0cf-44d6-999a-a97d66d61750|Carola RPT A-full 9f0d8bc0-21c8-4d8f-8ce7-2a41f3f239d4|Girder A|2025-08-11||80|80|4563233.999999999|8820.0|4563233.999999999|1469945.0|5596.0|2175.0|13934227.0|5|0|4|1|5|0,4;0,5;0,6;1,4;1,5
44c72393-06ce-476c-b80a-5d73e6cea423|Carola RPT A-full 9f0d8bc0-21c8-4d8f-8ce7-2a41f3f239d4|Girder B|2025-08-11||80|80|968210.0000000002|8441.5|968210.0000000002|295249.0|-3464.0|538.0|15375974.0|31|49|21|17|5|2,6;3,11;10,58;11,51;11,52;11,53;14,66;15,34;15,65;15,66;24,17;26,36;28,38;29,55;29,56;30,54;30,55;30,56;30,62;44,50;47,74;47,75;48,64;48,75;49,21;49,22;49,64;50,21;50,22;50,73;54,48
cd5d5525-4307-44de-937d-4ea7ea7d8327|Carola RPT A-full 9f0d8bc0-21c8-4d8f-8ce7-2a41f3f239d4|Girder C|2025-08-11||80|80|968210.0000000002|8741.0|968210.0000000002|295249.0|-4752.0|912.0|20121438.0|42|48|11|22|5|2,1;3,70;3,74;3,76;3,77;3,78;4,76;4,77;9,48;10,41;10,42;10,43;12,76;13,56;14,24;14,55;14,56;23,7;25,26;27,28;28,45;28,46;29,44;29,45;29,46;29,52;43,40;45,71;45,72;46,64;46,65;46,72;47,54;47,65;48,11;48,12;48,54;48,74;49,11;49,12;49,63;53,38
7662013f-a56f-46d4-9b54-9074dd6cab4b|Carola RPT A-full 9f0d8bc0-21c8-4d8f-8ce7-2a41f3f239d4|Girder A|2025-08-12||80|80|2609472.9999999995|2130.4999999999995|2609472.9999999995|881968.9999999999|-1603.0|-2910.0|4897883.0|3|69|76|1|3|68,76;69,75;69,76
3e415f4d-2d33-4b64-8c5a-79f83fbd73d5|Carola RPT A-full 9f0d8bc0-21c8-4d8f-8ce7-2a41f3f239d4|Girder B|2025-08-12||80|80|2609472.9999999995|2246.5|2609472.9999999995|881968.9999999999|-1603.0|-2910.0|4897883.0|3|67|68|1|3|66,68;67,67;67,68
cff0ee87-6bc4-42d9-bb12-6dcb634ac172|Carola RPT A-full 9f0d8bc0-21c8-4d8f-8ce7-2a41f3f239d4|Girder C|2025-08-12||80|80|2609472.9999999995|2377.5|2609472.9999999995|881968.9999999999|-1603.0|-2910.0|4897883.0|3|66|60|1|3|65,60;66,59;66,60
e75fc17b-d701-4091-a49d-e20d6079da58|Carola RPT A-full 9f0d8bc0-21c8-4d8f-8ce7-2a41f3f239d4|Girder A|2025-08-15||80|80|3921658.0|6065.5|3921658.0|1223260.9999999998|396.0|1993.0|24637307.0|13|36|15|5|6|4,22;5,22;36,14;36,15;36,16;37,14;37,15;37,16;40,33;67,20;68,20;78,34;78,35
0c2509de-765b-4649-a873-41ba28f443c7|Carola RPT A-full 9f0d8bc0-21c8-4d8f-8ce7-2a41f3f239d4|Girder B|2025-08-15||80|80|3921658.0|6301.000000000002|3921658.0|1223260.9999999998|-248.0|-1397.0|23222151.0|12|38|21|5|6|6,28;7,28;35,5;38,20;38,21;38,22;39,20;39,21;39,22;42,39;69,26;70,26
b6b0eb60-e69e-494a-b5f2-c79e2577bc08|Carola RPT A-full 9f0d8bc0-21c8-4d8f-8ce7-2a41f3f239d4|Girder C|2025-08-15||80|80|3921658.0|6450.5|3921658.0|1223260.9999999998|732.0|-2728.0|25954112.0|13|40|28|6|6|8,35;9,35;35,0;37,12;40,27;40,28;40,29;41,27;41,28;41,29;44,46;71,33;72,33
a4b99466-3891-4a32-8a06-7c913e0c13a7|Carola RPT A-full 9f0d8bc0-21c8-4d8f-8ce7-2a41f3f239d4|Girder A|2025-08-17||80|80|565045.0|1924.0|565045.0|183413.00000000006|-862.0|-3128.0|2182432.0|7|4|19|2|6|0,3;3,18;3,19;4,17;4,18;4,19;5,19
3bf9af57-d70d-4a45-b3e6-774da4f95895|Carola RPT A-full 9f0d8bc0-21c8-4d8f-8ce7-2a41f3f239d4|Girder B|2025-08-17||80|80|565045.0|1801.0|565045.0|183413.00000000006|-736.0|-2704.0|1986780.0|6|2|10|1|6|1,9;1,10;2,8;2,9;2,10;3,10
8ffd8056-12a6-4d38-9886-27ec8763b3d1|Carola RPT A-full 9f0d8bc0-21c8-4d8f-8ce7-2a41f3f239d4|Girder C|2025-08-17||80|80|565045.0|1789.0000000000007|565045.0|213957.0|-119.0|-1334.0|1061687.0|3|1|0|1|3|0,0;1,0;2,0
68fca05b-f46e-4216-8d59-6e3e3b510c5c|Carola RPT A-full 9f0d8bc0-21c8-4d8f-8ce7-2a41f3f239d4|Girder A|2025-08-18||80|80|2630149.0|2792.0|2630149.0|908065.0|-1595.0|-2932.0|5733199.0|3|68|77|1|3|68,76;68,77;69,77
0400cce1-37bf-4cfd-b011-c790bd7c4c4d|Carola RPT A-full 9f0d8bc0-21c8-4d8f-8ce7-2a41f3f239d4|Girder B|2025-08-18||80|80|2630149.0|2952.5|2630149.0|908065.0|-1595.0|-2932.0|5733199.0|3|67|69|1|3|67,68;67,69;68,69
73ae7f2e-7dee-430a-af65-6805bd24b5fd|Carola RPT A-full 9f0d8bc0-21c8-4d8f-8ce7-2a41f3f239d4|Girder C|2025-08-18||80|80|2630149.0|3060.0|2630149.0|908065.0|-1595.0|-2932.0|5733199.0|3|66|61|1|3|66,60;66,61;67,61
9f953167-03b4-4ba3-bca3-c83146864068|Carola RPT A-full 9f0d8bc0-21c8-4d8f-8ce7-2a41f3f239d4|Girder A|2025-08-21||80|80|2587924.999999999|1225.0|2587924.999999999|819893.0000000001|5217.0|-1045.0|8828374.0|6|56|18|3|4|56,17;56,18;57,17;57,18;73,2;77,0
028bc94e-2554-4e9b-9241-7768ec483c85|Carola RPT A-full 9f0d8bc0-21c8-4d8f-8ce7-2a41f3f239d4|Girder B|2025-08-21||80|80|2587924.999999999|1225.0|2587924.999999999|819893.0000000001|6174.0|-1008.0|12167100.0|9|58|24|4|4|6,3;7,3;58,23;58,24;59,23;59,24;75,8;79,5;79,6
27e474c4-8b4e-4066-8242-8dda25df6450|Carola RPT A-full 9f0d8bc0-21c8-4d8f-8ce7-2a41f3f239d4|Girder C|2025-08-21||80|80|2587924.999999999|1172.0|2587924.999999999|819893.0000000001|4060.0|-731.0|9878961.0|7|60|31|3|4|8,10;9,10;60,30;60,31;61,30;61,31;77,15
4bcc08f4-d69e-4f08-9707-026c2b41dab3|Carola RPT A-full 9f0d8bc0-21c8-4d8f-8ce7-2a41f3f239d4|Girder A|2025-08-23||80|80|4252877.0|9055.500000000002|4252877.0|1309117.0000000002|6934.0|-133.0|19765559.0|7|0|4|2|6|0,4;0,5;0,6;1,4;1,5;1,6;56,34
7d0b3d94-b4ac-45b2-bfed-c0ef724e8527|Carola RPT A-full 9f0d8bc0-21c8-4d8f-8ce7-2a41f3f239d4|Girder B|2025-08-23||80|80|1540625.0000000005|8669.5|1540625.0000000005|483633.0|200.0|2735.0|19058505.0|24|54|24|9|6|11,51;24,15;24,16;26,35;26,57;30,53;30,54;30,55;30,56;31,54;31,55;49,20;50,20;50,21;54,24;54,25;54,46;54,47;55,24;55,25;55,46;55,47;59,42;60,42
53ef032a-44c3-48c7-964d-2e0bc58daa77|Carola RPT A-full 9f0d8bc0-21c8-4d8f-8ce7-2a41f3f239d4|Girder C|2025-08-23||80|80|1540625.0000000005|9067.5|1540625.0000000005|483633.0|132.0|2608.0|22394922.0|30|53|15|14|6|4,76;10,42;13,76;13,77;16,77;23,6;23,7;25,26;25,48;29,44;29,45;29,46;29,47;30,45;30,46;48,11;48,74;49,11;49,12;50,77;53,15;53,16;53,37;53,38;54,15;54,16;54,37;54,38;58,33;59,33
90e17df1-b3a3-4563-8f5f-fc3246169668|Carola RPT A-full 9f0d8bc0-21c8-4d8f-8ce7-2a41f3f239d4|Girder A|2025-08-24||80|80|2104456.0|2173.0|2104456.0|758682.0|1500.0|-2947.0|4835667.0|3|68|75|1|3|67,75;68,75;68,76
d0a694c5-832c-4b34-a176-0f983acff696|Carola RPT A-full 9f0d8bc0-21c8-4d8f-8ce7-2a41f3f239d4|Girder B|2025-08-24||80|80|2104456.0|2271.0|2104456.0|758682.0|1500.0|-2947.0|4835667.0|3|67|67|1|3|66,67;67,67;67,68
2de45e19-bded-47a8-a103-c32b91979312|Carola RPT A-full 9f0d8bc0-21c8-4d8f-8ce7-2a41f3f239d4|Girder C|2025-08-24||80|80|2104456.0|2353.0|2104456.0|758682.0|1500.0|-2947.0|4835667.0|3|66|59|1|3|65,59;66,59;66,60
b5d1c11f-9898-4d34-9674-a8d9cb814ac3|Carola RPT A-full 9f0d8bc0-21c8-4d8f-8ce7-2a41f3f239d4|Girder A|2025-09-02||80|80|7682965.0|9225.0|7682965.0|2435200.0|9865.0|-9042.0|82548359.0|21|33|36|9|4|12,51;13,51;22,3;22,15;32,35;32,36;33,29;33,30;33,35;33,36;34,29;49,56;52,16;53,57;53,58;54,59;55,59;73,34;74,33;74,34;74,35
aa31e806-c2d3-400a-a131-df2c952ff621|Carola RPT A-full 9f0d8bc0-21c8-4d8f-8ce7-2a41f3f239d4|Girder B|2025-09-02||80|80|7682965.0|8831.0|7682965.0|2435200.0|9865.0|-9042.0|82548359.0|21|35|42|9|4|14,57;15,57;24,9;24,21;34,41;34,42;35,35;35,36;35,41;35,42;36,35;51,62;54,22;55,63;55,64;56,65;57,65;75,40;76,39;76,40;76,41
4d83bb50-53c9-443b-b86f-481e31bce410|Carola RPT A-full 9f0d8bc0-21c8-4d8f-8ce7-2a41f3f239d4|Girder C|2025-09-02||80|80|7682965.0|8844.999999999998|7682965.0|2435200.0|9865.0|-9042.0|82548359.0|21|37|49|9|4|16,64;17,64;26,16;26,28;36,48;36,49;37,42;37,43;37,48;37,49;38,42;53,69;56,29;57,70;57,71;58,72;59,72;77,47;78,46;78,47;78,48
6db31909-7ed7-4317-8f96-b0ff88f98da6|Carola RPT A-full 9f0d8bc0-21c8-4d8f-8ce7-2a41f3f239d4|Girder A|2025-09-04||80|80|1597865.0|9123.5|1597865.0|497125.00000000006|-666.0|-3803.0|10859261.0|13|50|30|5|6|0,3;0,4;2,14;2,15;12,60;30,63;30,64;30,65;31,63;31,64;31,65;50,30;51,30
a77c9233-cdb0-4ca9-b74a-c56c058a32f4|Carola RPT A-full 9f0d8bc0-21c8-4d8f-8ce7-2a41f3f239d4|Girder B|2025-09-04||80|80|1597865.0|8906.0|1597865.0|497125.00000000006|878.0|-2784.0|9128486.0|11|49|21|4|6|1,5;1,6;11,51;29,54;29,55;29,56;30,54;30,55;30,56;49,21;50,21
bafb8999-49b3-4362-9343-1a88a8040a35|Carola RPT A-full 9f0d8bc0-21c8-4d8f-8ce7-2a41f3f239d4|Girder C|2025-09-04||80|80|1597865.0|9281.000000000002|1597865.0|571441.0000000001|942.0|-4682.0|12723906.0|14|48|11|6|6|2,77;3,76;3,77;10,41;12,76;28,44;28,45;28,46;29,44;29,45;29,46;45,71;48,11;49,11
b5ae6ded-c098-4291-acdb-99e02a1acafb|Carola RPT A-full 9f0d8bc0-21c8-4d8f-8ce7-2a41f3f239d4|Girder A|2025-09-05||80|80|1151235.9999999998|10398.5|1151235.9999999998|349777.00000000006|-3924.0|1035.0|19579605.0|36|11|53|14|8|10,48;10,52;10,53;11,52;11,53;11,54;12,53;12,60;13,60;13,64;14,26;23,2;23,3;23,13;24,3;44,23;45,23;53,46;59,39;61,25;62,24;62,25;62,26;64,46;64,47;64,57;65,47;65,57;66,57;66,58;67,56;67,57;67,58;68,56;77,55;77,56
d0320a9f-2289-477e-9775-6f72a6e06976|Carola RPT A-full 9f0d8bc0-21c8-4d8f-8ce7-2a41f3f239d4|Girder B|2025-09-05||80|80|1151235.9999999998|11225.0|1151235.9999999998|352724.0|-8071.0|2817.0|19265488.0|36|9|45|15|8|8,40;8,44;8,45;9,44;9,45;9,46;10,45;10,52;11,52;11,56;12,18;21,5;35,74;39,72;40,72;42,15;43,15;51,38;57,31;59,17;60,16;60,17;60,18;62,38;62,39;62,49;63,39;63,49;64,49;64,50;65,48;65,49;65,50;66,48;75,47;75,48
48d7c1b1-8760-47f3-9740-3f7b57de8558|Carola RPT A-full 9f0d8bc0-21c8-4d8f-8ce7-2a41f3f239d4|Girder C|2025-09-05||80|80|1870569.9999999998|11478.5|1870569.9999999998|608812.9999999999|-4370.0|1947.0|14136725.0|17|37|75|9|4|7,37;8,37;8,38;9,44;16,76;16,77;36,75;37,74;37,75;38,64;38,75;41,7;42,7;59,9;61,31;64,41;64,42
a92a207b-e475-4971-b4df-41837a494d17|Carola RPT A-full 9f0d8bc0-21c8-4d8f-8ce7-2a41f3f239d4|Girder A|2025-09-08||80|80|18663300.0|5687.0|18663300.0|5780989.000000001|-2043.0|6678.0|46565611.0|4|78|41|1|4|77,40;77,41;78,40;78,41
50b45e42-3603-4e03-8997-e11aacd29200|Carola RPT A-full 9f0d8bc0-21c8-4d8f-8ce7-2a41f3f239d4|Girder B|2025-09-08||80|80|16241845.000000002|5877.0|16241845.000000002|5780989.000000001|-6268.0|1426.0|22022834.0|2|79|48|1|2|79,47;79,48
ae827487-ab2c-4645-8c84-8acde60dc0a8|Carola RPT A-full 9f0d8bc0-21c8-4d8f-8ce7-2a41f3f239d4|Girder C|2025-09-08||80|80|1847113.9999999998|5918.999999999999|1847113.9999999998|562824.0|3063.0|-257.0|19273838.0|21|61|69|10|6|7,37;7,38;8,35;9,35;16,72;21,24;34,0;35,0;37,8;37,9;61,69;62,69;69,70;69,71;70,68;70,69;70,70;70,71;71,21;71,33;72,33
4885a2f3-5b39-4051-87a9-bb3d9badacd6|Carola RPT A-full 9f0d8bc0-21c8-4d8f-8ce7-2a41f3f239d4|Girder A|2025-09-10||80|80|23422905.999999996|10656.0|23422905.999999996|7889426.000000001|-5659.0|-14742.0|448855157.0|34|71|54|15|4|61,1;62,1;62,4;62,5;62,9;63,5;63,8;63,9;63,12;63,13;64,12;64,13;64,16;64,17;65,16;65,20;65,24;66,24;66,27;66,28;67,28;69,46;69,47;70,46;70,47;70,50;70,54;71,54;71,58;72,61;72,62;73,65;73,66;74,73
afd23893-7b71-450e-96db-1978d39ccc48|Carola RPT A-full 9f0d8bc0-21c8-4d8f-8ce7-2a41f3f239d4|Girder B|2025-09-10||80|80|23422905.999999996|10297.0|23422905.999999996|7889426.000000001|-387.0|-10720.0|368941689.0|28|70|45|13|4|61,0;62,0;62,3;62,4;63,3;63,4;63,7;63,8;64,7;64,11;64,15;65,15;65,18;65,19;66,19;68,37;68,38;69,37;69,38;69,41;69,45;70,45;70,49;71,52;71,53;72,56;72,57;73,64
fdb58d2a-db2f-4736-8164-476bc2d57786|Carola RPT A-full 9f0d8bc0-21c8-4d8f-8ce7-2a41f3f239d4|Girder C|2025-09-10||80|80|23422905.999999996|10542.5|23422905.999999996|7917653.000000001|-2154.0|-12108.0|251533384.0|19|68|35|10|4|62,1;62,5;63,5;63,8;63,9;64,9;66,27;66,28;67,27;67,28;67,31;67,35;68,35;68,39;69,42;69,43;70,46;70,47;71,54
ff178b73-b2db-4b52-a8d9-e0a621f8e674|Carola RPT A-full 9f0d8bc0-21c8-4d8f-8ce7-2a41f3f239d4|Girder A|2025-09-11||80|80|3130202.0000000005|2664.9999999999995|3130202.0000000005|1051491.9999999998|3356.0|885.0|5649815.0|3|68|77|1|3|68,77;68,78;69,77
3a520098-ebc8-4956-b980-9b499498d76a|Carola RPT A-full 9f0d8bc0-21c8-4d8f-8ce7-2a41f3f239d4|Girder B|2025-09-11||80|80|3130202.0000000005|2720.0000000000005|3130202.0000000005|1051491.9999999998|3356.0|885.0|5649815.0|3|67|68|1|3|67,68;67,69;68,68
eba89f2e-e869-4114-8c31-2608af0c16a8|Carola RPT A-full 9f0d8bc0-21c8-4d8f-8ce7-2a41f3f239d4|Girder C|2025-09-11||80|80|3130202.0000000005|2788.0000000000005|3130202.0000000005|1051491.9999999998|3356.0|885.0|5649815.0|3|65|60|1|3|65,60;65,61;66,60
daf3071e-7401-47cf-b026-0b8a31fe1176|Carola RPT A-full 9f0d8bc0-21c8-4d8f-8ce7-2a41f3f239d4|Girder A|2025-09-14||80|80|4930325.000000001|1145.0|4930325.000000001|1711081.0000000002|-1111.0|827.0|19627970.0|7|32|36|3|4|32,35;32,36;33,35;33,36;55,20;56,20;76,2
673d8053-83fc-493b-861b-28d958e0ba84|Carola RPT A-full 9f0d8bc0-21c8-4d8f-8ce7-2a41f3f239d4|Girder B|2025-09-14||80|80|4930325.000000001|1105.0|4930325.000000001|1710370.0|-1384.0|-452.0|21338340.0|8|35|43|4|4|7,6;35,42;35,43;36,42;36,43;58,27;59,27;79,9
944b016b-85e6-405e-95a0-ea7b59ae3486|Carola RPT A-full 9f0d8bc0-21c8-4d8f-8ce7-2a41f3f239d4|Girder C|2025-09-14||80|80|4930325.000000001|1082.0000000000002|4930325.000000001|1710370.0|-2068.0|-1567.0|19627259.0|7|37|49|3|4|9,12;37,48;37,49;38,48;38,49;60,33;61,33
c54920e5-1bb5-4b32-8c73-e668dcbdc8f3|Carola RPT A-full 9f0d8bc0-21c8-4d8f-8ce7-2a41f3f239d4|Girder A|2025-09-16||80|80|3005548.9999999995|8496.999999999998|3005548.9999999995|1100725.0|3800.0|1491.0|8794133.0|5|0|4|3|3|0,3;0,4;0,5;31,64;51,30
bde8d3ee-0d42-442a-826f-586344656121|Carola RPT A-full 9f0d8bc0-21c8-4d8f-8ce7-2a41f3f239d4|Girder B|2025-09-16||80|80|1230137.0000000002|8112.999999999999|1230137.0000000002|379453.0|673.0|1895.0|13001508.0|21|50|21|11|4|1,5;1,6;2,5;2,6;10,55;11,51;14,65;15,65;24,16;29,55;30,54;30,55;30,56;30,62;37,26;44,79;49,20;49,21;50,20;50,21;54,47
7cbe11d0-3b58-48fb-ab0c-f00240d66f06|Carola RPT A-full 9f0d8bc0-21c8-4d8f-8ce7-2a41f3f239d4|Girder C|2025-09-16||80|80|1230137.0000000002|8571.5|1230137.0000000002|370033.00000000006|2597.0|-3300.0|19426909.0|32|48|11|17|4|1,73;2,73;2,76;2,77;3,73;3,76;3,77;8,45;9,41;11,76;12,55;12,76;13,55;13,76;15,76;22,6;27,45;28,44;28,45;28,46;28,52;35,16;42,69;44,70;44,71;47,10;47,11;47,73;48,10;48,11;48,76;52,37
ff347c80-4030-4cb3-b109-3d4d5d351bbd|Carola RPT A-full 9f0d8bc0-21c8-4d8f-8ce7-2a41f3f239d4|Girder A|2025-09-17||80|80|2727562.0|2105.5|2727562.0|1014386.0|1615.0|2750.0|4939073.0|3|68|76|1|3|68,75;68,76;69,76
5fc5b8c0-8bab-4f25-849e-0e0cd2079bb4|Carola RPT A-full 9f0d8bc0-21c8-4d8f-8ce7-2a41f3f239d4|Girder B|2025-09-17||80|80|2727562.0|2220.9999999999995|2727562.0|1014386.0|1615.0|2750.0|4939073.0|3|67|68|1|3|67,67;67,68;68,68
d45cc074-4a55-4173-b97b-dbb3dcca36bf|Carola RPT A-full 9f0d8bc0-21c8-4d8f-8ce7-2a41f3f239d4|Girder C|2025-09-17||80|80|2727562.0|2278.5|2727562.0|1014386.0|1615.0|2750.0|4939073.0|3|65|60|1|3|65,59;65,60;66,60
b10bb2e6-9384-4315-b98f-36afb9500b06|Carola RPT A-full 9f0d8bc0-21c8-4d8f-8ce7-2a41f3f239d4|Girder A|2025-09-20||80|80|12169840.999999998|5549.0|12169840.999999998|8772137.999999998|2221.0|7018.0|42954321.0|4|78|42|1|4|78,41;78,42;79,41;79,42
5aca3796-3869-4c30-8940-7f08d04f58ea|Carola RPT A-full 9f0d8bc0-21c8-4d8f-8ce7-2a41f3f239d4|Girder B|2025-09-20||80|80|1695341.0000000005|5666.999999999998|1695341.0000000005|510307.99999999994|1753.0|-3266.0|28294463.0|33|60|63|16|4|5,31;6,31;7,28;7,29;8,29;12,55;12,56;15,65;16,65;20,46;40,22;41,31;57,15;60,62;60,63;61,62;61,63;62,60;63,60;68,62;68,64;69,62;69,64;70,14;70,15;70,26;70,27;71,15;71,26;71,27;79,22;79,47;79,48
2017330a-4b50-4e6b-821c-47e39106e9aa|Carola RPT A-full 9f0d8bc0-21c8-4d8f-8ce7-2a41f3f239d4|Girder C|2025-09-20||80|80|1695341.0000000005|5745.999999999999|1695341.0000000005|510307.99999999994|1923.0|-1211.0|25713162.0|30|62|69|14|4|7,37;8,37;9,34;9,35;10,35;14,61;14,62;17,71;18,71;22,52;42,28;43,37;59,21;62,68;62,69;63,68;63,69;64,66;65,66;70,68;70,70;71,68;71,70;72,20;72,21;72,32;72,33;73,21;73,32;73,33
93f05119-6777-4501-a33b-b72e4004e7dc|Carola RPT A-full 9f0d8bc0-21c8-4d8f-8ce7-2a41f3f239d4|Girder A|2025-09-22||80|80|656306.0|1953.0000000000005|656306.0|380857.99999999994|-2276.0|-988.0|2161162.0|4|3|19|1|4|3,18;3,19;4,18;4,19
f5df95e7-e935-4590-8ad6-8dca65f8725c|Carola RPT A-full 9f0d8bc0-21c8-4d8f-8ce7-2a41f3f239d4|Girder B|2025-09-22||80|80|656306.0|1885.0000000000002|656306.0|380857.99999999994|-2276.0|-988.0|2161162.0|4|2|10|1|4|2,9;2,10;3,9;3,10
726512f2-800d-436e-8f1d-8652b5466be6|Carola RPT A-full 9f0d8bc0-21c8-4d8f-8ce7-2a41f3f239d4|Girder C|2025-09-22||80|80|656306.0|1917.0|656306.0|634933.0|-1247.0|-572.0|1291239.0|2|0|0|1|2|0,0;1,0
d8a0a09b-a332-4240-8ab3-3ee576e673f1|Carola RPT A-full 9f0d8bc0-21c8-4d8f-8ce7-2a41f3f239d4|Girder A|2025-09-23||80|80|2815204.9999999995|11901.5|2815204.9999999995|847144.9999999999|4080.0|165.0|8528649.0|5|21|6|3|3|20,6;20,7;21,6;44,25;67,58
797752e2-2f40-443a-8835-1d4483f0715d|Carola RPT A-full 9f0d8bc0-21c8-4d8f-8ce7-2a41f3f239d4|Girder B|2025-09-23||80|80|1266788.0|12352.5|1266788.0|380368.00000000006|4832.0|1154.0|20941278.0|35|79|0|16|7|1,74;8,29;8,41;8,46;8,47;9,47;9,49;31,14;32,22;34,75;34,76;35,76;42,16;42,17;43,16;59,18;59,19;62,40;62,50;64,50;64,51;64,52;65,49;65,50;65,51;66,50;67,74;74,48;74,49;78,2;78,3;79,0;79,1;79,2;79,3
bcbf9f42-6429-4c53-ae9a-f467a9f10625|Carola RPT A-full 9f0d8bc0-21c8-4d8f-8ce7-2a41f3f239d4|Girder C|2025-09-23||80|80|1798599.9999999998|13077.0|1798599.9999999998|546220.9999999999|789.0|-3158.0|17888513.0|22|37|76|11|4|0,66;7,39;8,39;8,41;15,78;16,78;33,67;33,68;36,76;36,77;37,76;37,77;41,8;41,9;58,10;58,11;61,42;63,42;63,43;64,42;64,43;73,41
52c6ff5c-c256-41c8-9bf9-354da681e990|Carola RPT A-full 9f0d8bc0-21c8-4d8f-8ce7-2a41f3f239d4|Girder A|2025-10-02||80|80|5490994.000000001|1353.9999999999998|5490994.000000001|1716617.0000000002|-2445.0|4639.0|15195114.0|5|78|41|2|4|49,5;77,40;77,41;78,40;78,41
93b9d12d-3048-4871-a52f-975df443f5fd|Carola RPT A-full 9f0d8bc0-21c8-4d8f-8ce7-2a41f3f239d4|Girder B|2025-10-02||80|80|3104730.0000000005|1385.0|3104730.0000000005|992692.0000000001|-1034.0|6891.0|18465029.0|12|79|48|4|6|11,55;11,56;11,57;11,58;12,57;12,58;12,60;51,11;51,12;52,11;79,47;79,48
0cd8fedd-1e33-496f-ab38-42682f423ace|Carola RPT A-full 9f0d8bc0-21c8-4d8f-8ce7-2a41f3f239d4|Girder C|2025-10-02||80|80|1716617.0000000002|1410.5|1716617.0000000002|547528.0|3712.0|7925.0|19412779.0|18|53|18|3|12|7,36;7,37;13,60;13,61;13,62;13,63;13,64;13,65;13,66;14,62;14,63;14,64;14,65;14,66;53,17;53,18;54,17;54,18
d672001c-8e51-4482-8043-1835cb907e3a|Carola RPT A-full 9f0d8bc0-21c8-4d8f-8ce7-2a41f3f239d4|Girder A|2025-10-04||80|80|718664.0000000001|1899.5000000000005|718664.0000000001|258385.99999999997|704.0|3136.0|2632394.0|6|4|19|2|5|0,3;4,17;4,18;4,19;5,18;5,19
4e89fa2d-e3a5-4e2b-bbeb-c1f67ac2e42e|Carola RPT A-full 9f0d8bc0-21c8-4d8f-8ce7-2a41f3f239d4|Girder B|2025-10-04||80|80|718664.0000000001|1806.5000000000005|718664.0000000001|258385.99999999997|231.0|2835.0|2318064.0|5|2|10|1|5|2,8;2,9;2,10;3,9;3,10
f6c71650-c58f-42c1-b4b2-8eb692d59aea|Carola RPT A-full 9f0d8bc0-21c8-4d8f-8ce7-2a41f3f239d4|Girder C|2025-10-04||80|80|718664.0000000001|1828.0000000000005|718664.0000000001|458365.0|-1.0|1280.0|1177029.0|2|1|0|1|2|1,0;2,0
2defb698-0f33-4153-a1da-3c2adc037646|Carola RPT A-full 9f0d8bc0-21c8-4d8f-8ce7-2a41f3f239d4|Girder A|2025-10-05||80|80|3166739.9999999995|2548.0|3166739.9999999995|1812289.0000000002|-2175.0|-1004.0|4979029.0|2|68|77|1|2|68,77;69,77
7422f481-fd95-4604-9932-a001d2c2cfc4|Carola RPT A-full 9f0d8bc0-21c8-4d8f-8ce7-2a41f3f239d4|Girder B|2025-10-05||80|80|3166739.9999999995|2632.9999999999995|3166739.9999999995|1812289.0000000002|-2175.0|-1004.0|4979029.0|2|67|69|1|2|67,69;68,69
d4314d7a-8d6d-4954-bf6b-b8753a8de8f7|Carola RPT A-full 9f0d8bc0-21c8-4d8f-8ce7-2a41f3f239d4|Girder C|2025-10-05||80|80|3166739.9999999995|2720.0000000000005|3166739.9999999995|1812289.0000000002|-2175.0|-1004.0|4979029.0|2|65|61|1|2|65,61;66,61
315a4cf9-c160-4e45-9a7f-917d9172ceeb|Carola RPT A-full 9f0d8bc0-21c8-4d8f-8ce7-2a41f3f239d4|Girder A|2025-10-08||80|80|2713933.0|1370.0000000000005|2713933.0|821791.9999999999|5746.0|1002.0|15420578.0|11|56|18|6|3|32,33;33,33;54,33;54,34;56,17;56,18;57,18;73,2;74,30;74,31;77,0
4d17ea21-1967-4445-9729-9c5f4fcd05a2|Carola RPT A-full 9f0d8bc0-21c8-4d8f-8ce7-2a41f3f239d4|Girder B|2025-10-08||80|80|2713933.0|1370.0|2713933.0|821791.9999999999|6674.0|566.0|19625370.0|14|58|24|7|3|6,3;7,3;34,39;35,39;56,39;56,40;58,23;58,24;59,24;75,8;76,36;76,37;79,5;79,6
06a9ba16-a424-451c-9ee8-9d0a997e6a5c|Carola RPT A-full 9f0d8bc0-21c8-4d8f-8ce7-2a41f3f239d4|Girder C|2025-10-08||80|80|2713933.0|1360.0000000000005|2713933.0|821791.9999999999|4615.0|652.0|17480947.0|12|61|30|6|3|9,9;10,9;37,45;38,45;59,45;59,46;61,29;61,30;62,30;78,14;79,42;79,43
8cc47040-4990-4d3a-8442-3a3899480616|Carola RPT A-full 9f0d8bc0-21c8-4d8f-8ce7-2a41f3f239d4|Girder A|2025-10-10||80|80|593380.0000000001|2120.0|593380.0000000001|181987.99999999997|3629.0|3891.0|3918890.0|11|5|19|2|7|0,3;0,4;1,3;1,4;4,17;4,18;4,19;4,20;5,18;5,19;5,20
4fcaa85e-c117-4998-b6ec-ff29b0532bd4|Carola RPT A-full 9f0d8bc0-21c8-4d8f-8ce7-2a41f3f239d4|Girder B|2025-10-10||80|80|593380.0000000001|2068.9999999999995|593380.0000000001|181987.99999999997|2898.0|2104.0|2588436.0|7|3|9|1|7|2,7;2,8;2,9;2,10;3,8;3,9;3,10
22ae177c-9910-475a-a43e-fb5efdee0b8f|Carola RPT A-full 9f0d8bc0-21c8-4d8f-8ce7-2a41f3f239d4|Girder C|2025-10-10||80|80|593380.0000000001|2073.9999999999995|593380.0000000001|226249.99999999997|2324.0|1216.0|1984732.0|5|2|0|2|4|1,0;1,1;2,0;2,1;2,74
c988129c-f236-41c7-982c-d1426abb9186|Carola RPT A-full 9f0d8bc0-21c8-4d8f-8ce7-2a41f3f239d4|Girder A|2025-10-11||80|80|2202050.0000000005|1931.5000000000002|2202050.0000000005|754613.0000000001|2496.0|1955.0|4845801.0|3|69|77|1|3|69,76;69,77;70,77
7a9bd65d-68f6-4a3b-a845-3b5075df4176|Carola RPT A-full 9f0d8bc0-21c8-4d8f-8ce7-2a41f3f239d4|Girder B|2025-10-11||80|80|2202050.0000000005|2080.5|2202050.0000000005|754613.0000000001|2496.0|1955.0|4845801.0|3|68|68|1|3|68,67;68,68;69,68
281e2d05-f1bb-4839-b9a9-2da3b0081b9e|Carola RPT A-full 9f0d8bc0-21c8-4d8f-8ce7-2a41f3f239d4|Girder C|2025-10-11||80|80|2202050.0000000005|2210.0000000000005|2202050.0000000005|754613.0000000001|2496.0|1955.0|4845801.0|3|66|60|1|3|66,59;66,60;67,60
117e4f67-c04e-4f65-90f0-6b276a2463f0|Carola RPT A-full 9f0d8bc0-21c8-4d8f-8ce7-2a41f3f239d4|Girder A|2025-10-14||80|80|2260036.0|1383.9999999999995|2260036.0|678253.0|-8290.0|1865.0|16842161.0|15|50|5|3|10|10,48;10,49;10,50;10,51;10,52;10,53;11,50;11,51;11,52;11,53;50,4;50,5;51,5;78,41;79,41
32378d84-07a6-4fb6-b23d-864063cc2e0d|Carola RPT A-full 9f0d8bc0-21c8-4d8f-8ce7-2a41f3f239d4|Girder B|2025-10-14||80|80|2260036.0|1389.5|2260036.0|678253.0|-9184.0|1937.0|16037741.0|14|51|12|3|10|11,55;11,56;11,57;11,58;11,59;11,60;12,57;12,58;12,59;12,60;51,11;51,12;52,12;79,48
946d3d7c-8b87-4f97-9df7-42af501648f4|Carola RPT A-full 9f0d8bc0-21c8-4d8f-8ce7-2a41f3f239d4|Girder C|2025-10-14||80|80|2260036.0|1412.0|2260036.0|678253.0|-8963.0|1139.0|15352096.0|13|53|18|2|10|13,61;13,62;13,63;13,64;13,65;13,66;14,63;14,64;14,65;14,66;53,17;53,18;54,18
9ba43422-ff93-448f-a880-46f6ac4ff24a|Carola RPT A-full 9f0d8bc0-21c8-4d8f-8ce7-2a41f3f239d4|Girder A|2025-10-16||80|80|3546265.9999999995|7476.999999999999|3546265.9999999995|1575866.0|-1679.0|4424.0|8229609.0|3|0|4|1|3|0,3;0,4;0,5
25cce5aa-4471-497d-a8e9-d438ed066e8d|Carola RPT A-full 9f0d8bc0-21c8-4d8f-8ce7-2a41f3f239d4|Girder B|2025-10-16||80|80|961273.0000000002|7339.0|961273.0000000002|296604.99999999994|639.0|-159.0|12320198.0|26|30|54|13|6|2,4;2,5;3,78;4,78;4,79;11,50;12,50;24,15;29,54;30,53;30,54;30,55;30,61;31,53;31,54;37,25;44,78;46,79;47,79;49,20;49,72;50,20;50,72;54,46;55,46;56,52
96bbe4cf-8613-4fcc-8425-c868924ca71c|Carola RPT A-full 9f0d8bc0-21c8-4d8f-8ce7-2a41f3f239d4|Girder C|2025-10-16||80|80|961273.0000000002|7609.999999999999|961273.0000000002|293765.0000000001|-220.0|1693.0|17000197.0|37|29|44|17|6|2,68;3,68;3,69;3,72;10,40;11,40;13,74;13,75;13,76;14,75;16,75;16,76;23,5;28,44;29,43;29,44;29,45;29,51;30,43;30,44;36,15;43,68;45,69;45,70;46,69;46,70;48,10;48,62;48,72;49,10;49,62;49,75;50,75;50,76;53,36;54,36;55,42
5d3c7cd6-c44f-48ce-94e9-5df417b9de91|Carola RPT A-full 9f0d8bc0-21c8-4d8f-8ce7-2a41f3f239d4|Girder A|2025-10-17||80|80|2899322.0|2410.0|2899322.0|2469696.9999999995|2558.0|35.0|5369019.0|2|69|77|1|2|68,77;69,77
5116afd8-9c60-4e94-ab32-8b162a9eda84|Carola RPT A-full 9f0d8bc0-21c8-4d8f-8ce7-2a41f3f239d4|Girder B|2025-10-17||80|80|2899322.0|2474.0000000000005|2899322.0|2469696.9999999995|2558.0|35.0|5369019.0|2|67|69|1|2|66,69;67,69
fc9e1467-74b9-482f-a4a5-a6671c718b0d|Carola RPT A-full 9f0d8bc0-21c8-4d8f-8ce7-2a41f3f239d4|Girder C|2025-10-17||80|80|2899322.0|2574.0|2899322.0|2469696.9999999995|2558.0|35.0|5369019.0|2|66|61|1|2|65,61;66,61
0d604941-1484-4df7-8a78-25e7420bf88a|Carola RPT A-full 9f0d8bc0-21c8-4d8f-8ce7-2a41f3f239d4|Girder A|2025-10-20||80|80|5540789.000000001|5620.000000000001|5540789.000000001|1876360.0|12300.0|1525.0|28239281.0|10|74|31|5|4|33,32;33,33;34,26;53,13;74,30;74,31;75,30;75,31;76,2;77,2
715bc00e-2564-4453-815c-2598059c9ad7|Carola RPT A-full 9f0d8bc0-21c8-4d8f-8ce7-2a41f3f239d4|Girder B|2025-10-20||80|80|5540789.000000001|5608.0|5540789.000000001|1876360.0|12300.0|1525.0|28239281.0|10|76|37|5|4|35,38;35,39;36,32;55,19;76,36;76,37;77,36;77,37;78,8;79,8
320236bc-7c65-4280-9a8b-fde01b79a2ea|Carola RPT A-full 9f0d8bc0-21c8-4d8f-8ce7-2a41f3f239d4|Girder C|2025-10-20||80|80|5540789.000000001|5545.0|5540789.000000001|1876360.0|9999.0|3082.0|24343923.0|8|78|44|4|4|37,45;37,46;38,39;57,26;78,43;78,44;79,43;79,44
55d738d6-f834-433a-bf4a-7f338568b283|Carola RPT A-full 9f0d8bc0-21c8-4d8f-8ce7-2a41f3f239d4|Girder A|2025-10-22||80|80|4843620.999999999|8659.0|4843620.999999999|1610200.9999999998|-2121.0|-4943.0|11002112.0|3|0|4|1|3|0,4;0,5;0,6
a266d150-647d-4099-b16c-f8f5986509b0|Carola RPT A-full 9f0d8bc0-21c8-4d8f-8ce7-2a41f3f239d4|Girder B|2025-10-22||80|80|1039700.0|8458.000000000002|1039700.0|325776.99999999994|3567.0|3534.0|19710947.0|39|29|54|18|8|1,5;1,6;2,5;3,78;3,79;4,79;9,55;10,51;10,55;11,50;11,51;22,14;23,16;25,57;29,53;29,54;29,55;29,56;30,53;30,54;30,55;30,56;30,61;36,26;43,79;44,79;45,70;45,71;46,79;48,73;49,65;49,72;49,73;50,65;54,46;54,47;59,42;79,75;79,76
3b86a78f-2c53-44c8-a953-2bb25639118c|Carola RPT A-full 9f0d8bc0-21c8-4d8f-8ce7-2a41f3f239d4|Girder C|2025-10-22||80|80|1039700.0|8742.500000000002|1039700.0|315565.0|2967.0|69.0|25773668.0|52|28|45|21|8|2,69;2,70;2,74;3,70;3,74;8,46;9,42;9,46;10,41;10,42;12,76;12,77;13,77;15,76;15,77;21,5;22,7;24,48;28,44;28,45;28,46;28,47;29,44;29,45;29,46;29,47;29,52;35,17;42,70;43,70;44,61;44,62;44,71;45,70;45,71;45,72;47,64;47,74;48,56;48,63;48,64;48,77;49,56;49,77;49,78;53,37;53,38;58,33;78,66;78,67;79,66;79,67
e5138811-2ae7-4199-b515-ee9e3fec2fe0|Carola RPT A-full 9f0d8bc0-21c8-4d8f-8ce7-2a41f3f239d4|Girder A|2025-10-23||80|80|2748101.0000000005|2138.0|2748101.0000000005|1017504.9999999999|2971.0|-808.0|4879527.0|3|69|76|1|3|69,75;69,76;70,76
69b3b9db-d128-41bb-a622-cdb077cf2b7f|Carola RPT A-full 9f0d8bc0-21c8-4d8f-8ce7-2a41f3f239d4|Girder B|2025-10-23||80|80|2748101.0000000005|2260.0|2748101.0000000005|1017504.9999999999|2971.0|-808.0|4879527.0|3|68|68|1|3|68,67;68,68;69,68
1d0441a8-ee6a-448f-aedf-bc4ac54b7b48|Carola RPT A-full 9f0d8bc0-21c8-4d8f-8ce7-2a41f3f239d4|Girder C|2025-10-23||80|80|2748101.0000000005|2319.9999999999995|2748101.0000000005|1017504.9999999999|2971.0|-808.0|4879527.0|3|67|60|1|3|67,59;67,60;68,60
f54374e8-fac0-4409-a096-30421e77a761|Carola RPT A-full 9f0d8bc0-21c8-4d8f-8ce7-2a41f3f239d4|Girder A|2025-11-01||80|80|5192309.0|5857.000000000001|5192309.0|1641040.0000000005|1049.0|6044.0|33474879.0|13|73|34|7|4|22,15;30,11;32,36;32,37;51,16;52,16;54,37;73,34;73,35;74,34;74,35;75,6;76,6
7e5f7433-b144-4e17-8648-070c9b1695eb|Carola RPT A-full 9f0d8bc0-21c8-4d8f-8ce7-2a41f3f239d4|Girder B|2025-11-01||80|80|5192309.0|5684.0|5192309.0|1641040.0000000005|1049.0|6044.0|33474879.0|13|75|40|7|4|24,21;32,17;34,42;34,43;53,22;54,22;56,43;75,40;75,41;76,40;76,41;77,12;78,12
5096402d-4b52-4c57-9c58-a6b1c5baa419|Carola RPT A-full 9f0d8bc0-21c8-4d8f-8ce7-2a41f3f239d4|Girder C|2025-11-01||80|80|5192309.0|5599.500000000001|5192309.0|1641040.0000000005|1876.0|5046.0|31794946.0|12|77|46|7|4|26,27;34,23;36,48;36,49;55,28;56,28;58,49;77,46;77,47;78,46;78,47;79,18
74c3e953-a883-4925-b5e1-fa0e55867692|Carola RPT A-full 9f0d8bc0-21c8-4d8f-8ce7-2a41f3f239d4|Girder A|2025-11-03||80|80|4912605.000000001|8871.5|4912605.000000001|2128900.0|-5287.0|-732.0|10284187.0|3|0|4|1|3|0,3;0,4;0,5
1fc9b16b-7e03-40ac-8931-3f418e5e160c|Carola RPT A-full 9f0d8bc0-21c8-4d8f-8ce7-2a41f3f239d4|Girder B|2025-11-03||80|80|856380.9999999998|8580.5|856380.9999999998|256930.00000000006|5610.0|-401.0|26143337.0|65|30|54|24|10|2,5;2,6;3,49;4,78;4,79;5,78;5,79;11,50;11,51;11,54;11,55;12,50;12,51;24,15;24,16;25,15;25,16;25,37;28,54;29,54;30,53;30,54;30,55;30,56;30,61;31,53;31,54;31,55;31,56;31,60;31,61;33,54;34,54;35,37;37,26;41,79;44,49;44,78;44,79;45,78;45,79;46,70;46,71;46,79;47,71;47,78;47,79;49,72;49,73;50,20;50,72;50,73;53,19;54,46;54,47;55,46;55,47;55,48;55,49;56,52;56,53;60,41;61,56;72,35;73,35
7a1d706f-5ca7-4a4a-a0e9-df30954fdb87|Carola RPT A-full 9f0d8bc0-21c8-4d8f-8ce7-2a41f3f239d4|Girder C|2025-11-03||80|80|856380.9999999998|8864.5|856380.9999999998|256930.00000000006|2978.0|-513.0|33546799.0|82|28|45|29|10|1,40;2,69;2,70;2,73;2,74;3,69;3,70;3,74;9,41;9,42;9,45;9,46;10,41;10,42;10,75;12,76;12,77;13,76;13,77;15,76;15,77;16,77;22,6;22,7;23,6;23,7;23,28;26,45;27,45;28,44;28,45;28,46;28,47;28,52;29,44;29,45;29,46;29,47;29,51;29,52;31,45;32,45;33,28;35,17;39,70;42,40;42,69;42,70;43,69;43,70;44,61;44,62;44,70;44,71;45,62;45,69;45,70;45,71;45,72;47,63;47,64;48,11;48,63;48,64;48,77;49,76;49,77;51,10;52,37;52,38;53,37;53,38;53,39;53,40;54,43;54,44;58,32;59,47;70,26;71,26;78,66;79,66
00a88a5b-7888-4ee8-85f3-2fcc2d9fa198|Carola RPT A-full 9f0d8bc0-21c8-4d8f-8ce7-2a41f3f239d4|Girder A|2025-11-04||80|80|804866.0|10861.5|804866.0|246517.00000000006|1245.0|227.0|19059712.0|51|68|58|30|7|6,31;6,76;6,77;7,72;7,76;8,72;11,48;11,49;11,54;12,54;13,60;13,61;16,1;19,15;23,13;24,13;33,2;35,30;37,11;38,40;38,43;45,16;45,24;46,24;48,19;48,38;54,47;59,40;62,21;62,25;62,26;63,25;63,26;64,60;65,47;65,78;67,0;67,58;67,59;68,0;68,49;68,57;68,58;68,59;69,57;69,58;69,62;70,62;77,56;77,57;78,56
fbaae996-f5d1-41f7-97ed-cbd55a64c262|Carola RPT A-full 9f0d8bc0-21c8-4d8f-8ce7-2a41f3f239d4|Girder B|2025-11-04||80|80|804866.0|11445.5|804866.0|244925.00000000003|2680.0|2278.0|20471662.0|55|67|49|33|7|3,72;5,22;5,67;5,68;6,63;6,67;7,63;10,39;10,40;10,45;11,45;12,51;12,52;18,6;22,4;23,4;34,21;36,2;36,74;37,31;37,34;37,74;41,72;43,78;44,7;44,15;45,15;47,10;47,29;53,38;58,31;61,12;61,16;61,17;62,16;62,17;62,72;63,51;63,72;64,38;64,69;66,49;66,50;67,40;67,48;67,49;67,50;68,48;68,49;68,53;69,53;70,73;76,47;76,48;77,47
54124abe-ee1a-4a77-a1ba-030f07de203d|Carola RPT A-full 9f0d8bc0-21c8-4d8f-8ce7-2a41f3f239d4|Girder C|2025-11-04||80|80|1234930.0000000002|11808.499999999998|1234930.0000000002|371143.99999999994|2004.0|2781.0|17611959.0|29|38|75|13|6|4,59;10,44;16,76;16,77;17,76;17,77;17,78;18,77;32,13;34,66;37,74;37,75;38,74;38,75;42,7;43,7;59,9;60,8;60,64;61,43;64,41;64,42;65,40;65,41;65,42;66,40;66,45;74,39;75,39
c1c37575-fe0d-45c9-a480-d3c29dc6af28|Carola RPT A-full 9f0d8bc0-21c8-4d8f-8ce7-2a41f3f239d4|Girder A|2025-11-07||80|80|1746002.0000000002|1508.0|1746002.0000000002|571909.0|-6710.0|4548.0|20601638.0|18|78|42|3|11|9,49;9,50;9,51;9,52;9,53;9,54;10,50;10,51;10,52;10,53;10,54;49,5;49,6;50,5;50,6;77,42;78,41;78,42
3793c5a0-4ebb-45a1-91cb-97c0014d8fa7|Carola RPT A-full 9f0d8bc0-21c8-4d8f-8ce7-2a41f3f239d4|Girder B|2025-11-07||80|80|1614841.9999999998|1527.5|1614841.9999999998|486386.0|-5336.0|6127.0|19565807.0|19|51|12|4|13|4,35;11,54;11,55;11,56;11,57;11,58;11,59;11,60;12,56;12,57;12,58;12,59;12,60;12,61;51,11;51,12;52,11;52,12;79,48
bebed4c4-9d9e-41c1-8058-ff23ce078503|Carola RPT A-full 9f0d8bc0-21c8-4d8f-8ce7-2a41f3f239d4|Girder C|2025-11-07||80|80|1614841.9999999998|1566.5000000000002|1614841.9999999998|486386.0|-6003.0|6595.0|18901894.0|18|53|18|3|13|6,41;13,60;13,61;13,62;13,63;13,64;13,65;13,66;14,62;14,63;14,64;14,65;14,66;14,67;53,17;53,18;54,17;54,18
b38b4f22-259d-4fd8-acd7-d2eb1002defe|Carola RPT A-full 9f0d8bc0-21c8-4d8f-8ce7-2a41f3f239d4|Girder A|2025-11-09||80|80|797641.0000000001|2149.0|797641.0000000001|354312.99999999994|-2456.0|-498.0|2190140.0|4|4|19|1|4|3,18;3,19;4,18;4,19
1f086e27-eb3b-4081-8749-1a9ddc6f3275|Carola RPT A-full 9f0d8bc0-21c8-4d8f-8ce7-2a41f3f239d4|Girder B|2025-11-09||80|80|797641.0000000001|2093.0|797641.0000000001|354312.99999999994|-2456.0|-498.0|2190140.0|4|3|9|1|4|2,8;2,9;3,8;3,9
dddce7fa-5e1d-46b3-bd31-0abdf3924aa6|Carola RPT A-full 9f0d8bc0-21c8-4d8f-8ce7-2a41f3f239d4|Girder C|2025-11-09||80|80|797641.0000000001|2098.0000000000005|797641.0000000001|531865.0|-1364.0|-326.0|1329506.0|2|1|0|1|2|0,0;1,0
71cce6bd-26d9-43db-a796-4a4f3a046641|Carola RPT A-full 9f0d8bc0-21c8-4d8f-8ce7-2a41f3f239d4|Girder A|2025-11-10||80|80|1337759.9999999998|12505.999999999998|1337759.9999999998|403555.9999999999|-6246.0|-4451.0|17160993.0|29|35|79|16|7|4,32;9,49;10,55;10,57;14,2;29,30;35,79;36,44;36,79;37,44;43,24;44,24;44,25;48,34;57,40;58,40;63,58;65,63;66,0;66,1;66,58;66,59;66,60;67,57;67,58;67,59;67,60;76,56;76,57
66349450-ceea-49fd-89c4-0f2ff9ada4d8|Carola RPT A-full 9f0d8bc0-21c8-4d8f-8ce7-2a41f3f239d4|Girder B|2025-11-10||80|80|1337759.9999999998|12977.5|1337759.9999999998|403637.0000000002|-7452.0|-3100.0|20889552.0|35|34|71|18|7|3,24;8,41;9,47;9,49;28,22;34,71;34,72;34,76;35,36;35,71;35,72;35,75;35,76;36,36;39,74;41,76;42,16;43,16;43,17;47,26;56,32;57,32;60,74;61,73;62,50;64,55;65,50;65,51;65,52;66,49;66,50;66,51;66,52;75,48;75,49
4d2ca683-2a8b-4ae1-bca4-afff84bbf91f|Carola RPT A-full 9f0d8bc0-21c8-4d8f-8ce7-2a41f3f239d4|Girder C|2025-11-10||80|80|1930546.0000000005|13435.0|1930546.0000000005|588517.0|-3867.0|-6972.0|16470975.0|20|36|76|11|4|6,33;15,77;15,78;32,63;32,68;33,28;33,63;33,64;35,76;36,76;36,77;37,66;39,68;41,8;54,24;55,24;63,42;63,43;63,44;64,42
f669f7b1-e6b7-4f3d-903a-4b1406238020|Carola RPT A-full 9f0d8bc0-21c8-4d8f-8ce7-2a41f3f239d4|Girder A|2025-11-13||80|80|2599873.0000000005|1343.0|2599873.0000000005|819626.0|8313.0|-1221.0|20920200.0|15|55|21|8|4|3,0;4,0;32,36;54,37;55,20;55,21;56,20;56,21;72,5;73,34;74,34;75,6;76,2;76,3;76,6
2478a9fc-4655-4a4d-8aea-fa33fab06874|Carola RPT A-full 9f0d8bc0-21c8-4d8f-8ce7-2a41f3f239d4|Girder B|2025-11-13||80|80|2599873.0000000005|1360.0|2599873.0000000005|819626.0|8313.0|-1221.0|20920200.0|15|57|27|8|4|5,6;6,6;34,42;56,43;57,26;57,27;58,26;58,27;74,11;75,40;76,40;77,12;78,8;78,9;78,12
1645445c-1055-4f94-84f6-9d2c38bb510c|Carola RPT A-full 9f0d8bc0-21c8-4d8f-8ce7-2a41f3f239d4|Girder C|2025-11-13||80|80|2599873.0000000005|1325.0000000000002|2599873.0000000005|828181.0|6417.0|-3604.0|17565769.0|12|59|33|7|4|7,12;8,12;36,48;58,49;59,32;59,33;60,32;60,33;76,17;77,46;78,46;79,18
158ebe0c-77aa-4405-b896-8fa6ae4bf7c7|Carola RPT A-full 9f0d8bc0-21c8-4d8f-8ce7-2a41f3f239d4|Girder A|2025-11-15||80|80|3114865.0|9636.999999999998|3114865.0|1007621.0000000001|-2835.0|2139.0|9575846.0|5|0|5|2|3|0,4;0,5;0,6;31,64;31,65
7ec8fcfe-26c8-4f41-8a0f-b3817299fcb7|Carola RPT A-full 9f0d8bc0-21c8-4d8f-8ce7-2a41f3f239d4|Girder B|2025-11-15||80|80|1220936.0000000002|9105.0|1220936.0000000002|382568.0000000001|1393.0|2436.0|12757283.0|22|30|54|10|6|2,5;3,79;4,79;11,51;24,16;29,54;29,55;30,53;30,54;30,55;30,56;44,49;44,79;53,40;54,47;54,48;54,49;55,48;55,49;55,50;59,42;60,42
b28b2e18-b10c-48a3-ae9b-858b1927089f|Carola RPT A-full 9f0d8bc0-21c8-4d8f-8ce7-2a41f3f239d4|Girder C|2025-11-15||80|80|1220936.0000000002|9601.0|1220936.0000000002|383444.0|-1165.0|4797.0|23145654.0|39|28|45|18|6|1,70;2,70;2,74;2,77;2,78;9,42;11,77;12,76;12,77;15,77;15,78;17,78;22,7;27,45;27,46;28,44;28,45;28,46;28,47;42,40;42,70;44,72;45,72;47,74;48,77;49,77;51,31;52,38;52,39;52,40;53,39;53,40;53,41;57,33;58,33;78,66;78,67;79,66;79,67
4eb2f8bf-e9fa-427b-91c7-ab09e4592630|Carola RPT A-full 9f0d8bc0-21c8-4d8f-8ce7-2a41f3f239d4|Girder A|2025-11-16||80|80|886705.0000000001|10436.5|886705.0000000001|269165.0|6114.0|1272.0|18707866.0|46|12|60|26|8|0,27;10,33;10,36;10,48;10,50;11,36;11,54;12,59;12,60;13,60;23,13;31,23;33,21;34,29;35,29;37,43;38,43;45,23;45,24;45,58;48,38;49,33;50,33;56,15;58,39;59,39;59,40;62,25;62,26;64,57;64,78;65,77;65,78;66,58;67,0;67,57;67,58;67,59;68,49;68,56;68,57;68,58;68,59;74,1;77,55;77,56
ee2637f6-0e51-46a2-8ebf-ed217bd917b8|Carola RPT A-full 9f0d8bc0-21c8-4d8f-8ce7-2a41f3f239d4|Girder B|2025-11-16||80|80|886705.0000000001|10827.5|886705.0000000001|269165.0|5219.0|3695.0|21779988.0|53|11|52|28|8|3,73;9,25;9,28;9,40;9,42;10,28;10,46;11,51;11,52;12,52;22,5;30,15;32,13;33,21;34,21;35,75;36,35;36,74;36,75;37,35;40,73;41,73;44,15;44,16;44,50;47,30;48,25;49,25;55,7;57,31;58,31;58,32;61,17;61,18;61,73;62,72;62,73;63,49;63,70;64,69;64,70;65,50;66,49;66,50;66,51;67,41;67,48;67,49;67,50;67,51;69,73;76,47;76,48
667ad5ea-3238-438e-bcae-d42527b438d7|Carola RPT A-full 9f0d8bc0-21c8-4d8f-8ce7-2a41f3f239d4|Girder C|2025-11-16||80|80|1690127.9999999998|11431.5|1690127.9999999998|510084.99999999994|2783.0|25.0|12149522.0|17|38|75|9|3|10,44;11,44;17,76;17,77;35,67;38,75;38,76;39,65;39,75;43,7;43,8;47,17;65,41;65,42;66,41;75,39;75,40
57a8dc9b-a8d8-4dfa-abe3-733e2e327e5a|Carola RPT A-full 9f0d8bc0-21c8-4d8f-8ce7-2a41f3f239d4|Girder A|2025-11-19||80|80|8767225.0|5159.0|8767225.0|2810724.9999999995|-8073.0|3620.0|30280151.0|6|79|34|2|3|77,40;78,34;78,40;78,41;79,34;79,35
f69d9302-1839-45fe-8e0f-0ff8ff17f6c5|Carola RPT A-full 9f0d8bc0-21c8-4d8f-8ce7-2a41f3f239d4|Girder B|2025-11-19||80|80|3138240.9999999995|5329.0|3138240.9999999995|1012999.9999999998|-1382.0|5130.0|26579604.0|18|79|47|10|4|5,31;5,32;6,28;6,31;6,32;15,65;59,62;60,62;60,63;62,60;68,64;70,26;76,25;78,22;79,22;79,46;79,47;79,48
9e04c64e-7f22-441a-a837-ad8d7a7e2baa|Carola RPT A-full 9f0d8bc0-21c8-4d8f-8ce7-2a41f3f239d4|Girder C|2025-11-19||80|80|2269973.0000000005|5289.0|2269973.0000000005|754720.0|-950.0|8522.0|24833186.0|22|7|37|10|4|7,37;7,38;8,34;8,37;8,38;9,34;9,35;13,61;17,71;61,68;61,69;62,68;62,69;64,65;64,66;69,70;70,68;70,70;71,32;72,32;72,33;78,31
cfb80ec5-1dae-48c6-b5c3-c90a06c59a66|Carola RPT A-full 9f0d8bc0-21c8-4d8f-8ce7-2a41f3f239d4|Girder A|2025-11-21||80|80|912804.9999999998|2041.5|912804.9999999998|291146.00000000006|-2342.0|2573.0|2966037.0|6|4|18|2|5|0,3;3,18;3,19;4,17;4,18;4,19
4b03cc95-4d8a-419c-9893-ed800c1edbff|Carola RPT A-full 9f0d8bc0-21c8-4d8f-8ce7-2a41f3f239d4|Girder B|2025-11-21||80|80|912804.9999999998|1966.0000000000002|912804.9999999998|291146.00000000006|-2284.0|2003.0|2637773.0|5|2|9|1|5|1,9;1,10;2,8;2,9;2,10
834b08fe-6f38-4cae-8218-e47169cd9c5b|Carola RPT A-full 9f0d8bc0-21c8-4d8f-8ce7-2a41f3f239d4|Girder C|2025-11-21||80|80|589066.0|1940.0|589066.0|197109.0|-1135.0|1128.0|1129713.0|3|1|0|2|2|0,0;1,0;45,72
55c70502-659f-4f0f-86ba-42d77777d477|Carola RPT A-full 9f0d8bc0-21c8-4d8f-8ce7-2a41f3f239d4|Girder A|2025-11-22||80|80|1193076.9999999998|11484.999999999998|1193076.9999999998|361930.0|-310.0|-1564.0|16706292.0|31|45|25|14|7|6,77;7,77;11,49;11,55;12,55;12,56;13,61;16,2;19,16;33,7;38,44;38,45;45,24;45,25;46,24;46,25;59,40;59,41;62,26;62,27;63,26;63,27;66,59;67,1;67,59;67,60;68,58;68,59;68,60;69,58;77,57
66998172-2f68-4107-ac97-97bf15c7e3cd|Carola RPT A-full 9f0d8bc0-21c8-4d8f-8ce7-2a41f3f239d4|Girder B|2025-11-22||80|80|1193076.9999999998|12100.0|1193076.9999999998|361930.0|276.0|-4102.0|18575140.0|34|44|17|15|7|3,74;5,69;6,69;10,41;10,47;11,47;11,48;12,53;18,8;36,76;37,36;37,37;37,76;40,74;41,74;44,16;44,17;45,16;45,17;58,32;58,33;61,18;61,19;62,18;62,19;62,74;65,51;66,51;66,52;67,50;67,51;67,52;68,50;76,49
1f7c3a8f-fe20-4130-a667-9181043ea70a|Carola RPT A-full 9f0d8bc0-21c8-4d8f-8ce7-2a41f3f239d4|Girder C|2025-11-22||80|80|1468325.0000000002|12289.5|1468325.0000000002|447841.99999999994|-2477.0|2252.0|19763101.0|28|38|75|13|4|8,32;8,38;9,38;9,39;16,77;17,77;34,67;35,27;35,67;37,75;37,76;38,65;38,75;38,76;39,65;42,7;42,8;43,8;56,23;56,24;59,9;59,10;60,65;64,42;65,41;65,42;66,41;74,40
fb6b1d8e-6110-44f4-9d1c-c84723d2cc9f|Carola RPT A-full 9f0d8bc0-21c8-4d8f-8ce7-2a41f3f239d4|Girder A|2025-12-01||80|80|13904936.000000002|6266.000000000002|13904936.000000002|7285928.000000001|7150.0|3541.0|41106685.0|4|78|41|1|4|77,40;77,41;78,40;78,41
1498cc94-4efb-43dc-afb9-b941fcdd39ae|Carola RPT A-full 9f0d8bc0-21c8-4d8f-8ce7-2a41f3f239d4|Girder B|2025-12-01||80|80|8029843.999999999|6373.0|8029843.999999999|2681511.9999999995|45.0|6572.0|21275309.0|4|79|48|3|2|5,31;78,22;79,47;79,48
1dbedae7-f293-4e7a-911b-6f020cea730c|Carola RPT A-full 9f0d8bc0-21c8-4d8f-8ce7-2a41f3f239d4|Girder C|2025-12-01||80|80|2681511.9999999995|6270.0|2681511.9999999995|810041.0000000001|2039.0|5656.0|27420829.0|19|7|37|8|4|7,37;7,38;8,34;8,37;8,38;59,29;64,66;69,70;70,68;70,70;71,21;71,32;71,33;71,69;72,21;72,32;72,33;78,31;78,32
5aa3aecf-79bd-4ce0-a269-60dcec39093d|Carola RPT A-full 9f0d8bc0-21c8-4d8f-8ce7-2a41f3f239d4|Girder A|2025-12-03||80|80|907519.9999999999|2180.0|907519.9999999999|288370.00000000006|2090.0|-2721.0|3451243.0|7|4|18|2|5|0,2;0,3;4,17;4,18;4,19;5,18;5,19
69a04f8b-6163-4514-b11d-3a95f6a91b72|Carola RPT A-full 9f0d8bc0-21c8-4d8f-8ce7-2a41f3f239d4|Girder B|2025-12-03||80|80|907519.9999999999|2063.5|907519.9999999999|288370.00000000006|2569.0|-1664.0|2746353.0|5|2|9|1|5|2,8;2,9;2,10;3,9;3,10
e7cec303-9b2c-4ce1-a011-c3b26594c912|Carola RPT A-full 9f0d8bc0-21c8-4d8f-8ce7-2a41f3f239d4|Girder C|2025-12-03||80|80|712178.0|2047.5|712178.0|276249.9999999999|817.0|-84.0|1364357.0|3|1|0|2|2|1,0;2,0;59,75
03dbe594-a330-451b-89d7-6f38aa20ea30|Carola RPT A-full 9f0d8bc0-21c8-4d8f-8ce7-2a41f3f239d4|Girder A|2025-12-04||80|80|766244.0|11779.000000000002|766244.0|230029.00000000003|5497.0|-5380.0|20645059.0|56|11|64|29|7|4,35;9,51;9,52;9,55;9,56;10,52;10,55;10,56;10,57;10,58;11,58;11,64;12,64;14,4;17,18;17,19;18,19;22,17;26,17;30,27;31,6;32,25;36,47;37,47;41,39;41,68;42,67;42,68;43,27;44,27;48,37;49,27;52,50;55,46;57,43;58,43;60,29;61,6;61,29;61,30;62,62;62,74;63,62;65,62;66,3;66,4;66,60;66,61;66,62;67,60;67,61;67,65;75,60;76,59;76,60;76,78
c8301162-57fc-44e9-ae6f-526436ed4c03|Carola RPT A-full 9f0d8bc0-21c8-4d8f-8ce7-2a41f3f239d4|Girder B|2025-12-04||80|80|766244.0|12296.0|766244.0|230029.00000000003|9964.0|-8741.0|27360597.0|73|10|56|33|7|1,76;1,77;2,76;2,77;3,27;4,72;8,43;8,44;8,47;8,48;9,44;9,47;9,48;9,49;9,50;10,50;10,56;11,56;16,10;16,11;17,11;21,9;25,9;29,19;31,17;34,78;34,79;35,39;35,78;35,79;36,39;38,77;39,77;40,31;40,60;40,77;41,59;41,60;42,19;43,19;47,29;48,19;51,42;54,38;56,35;57,35;59,21;60,21;60,22;60,76;60,77;61,54;61,66;61,76;62,54;62,73;62,74;63,73;63,74;64,54;65,52;65,53;65,54;66,52;66,53;66,57;68,77;74,52;75,51;75,52;75,70;79,4;79,5
8d9ce888-f469-4d74-96e7-400a5e4d62c5|Carola RPT A-full 9f0d8bc0-21c8-4d8f-8ce7-2a41f3f239d4|Girder C|2025-12-04||80|80|1872000.0000000002|13161.5|1872000.0000000002|566042.0000000001|1480.0|-4830.0|10582116.0|13|36|78|10|4|7,39;8,47;15,79;33,69;35,78;36,77;36,78;37,68;37,78;39,51;55,26;64,44;73,42
9c240346-8382-4928-bba1-ac9f22947154|Carola RPT A-full 9f0d8bc0-21c8-4d8f-8ce7-2a41f3f239d4|Girder A|2025-12-07||80|80|17284180.0|6352.5|17284180.0|5520404.0|1709.0|1597.0|54467520.0|6|34|36|2|4|34,36;34,37;35,36;35,37;75,34;75,35
8cdd5ecc-9fcc-4d1e-a931-2a8122a39e5a|Carola RPT A-full 9f0d8bc0-21c8-4d8f-8ce7-2a41f3f239d4|Girder B|2025-12-07||80|80|17284180.0|6167.499999999999|17284180.0|5520404.0|1709.0|1597.0|54467520.0|6|36|42|2|4|36,42;36,43;37,42;37,43;77,40;77,41
ecba7e86-c67a-4a4b-af91-1882efba4f79|Carola RPT A-full 9f0d8bc0-21c8-4d8f-8ce7-2a41f3f239d4|Girder C|2025-12-07||80|80|17284180.0|6251.5|17284180.0|5520404.0|1709.0|1597.0|54467520.0|6|38|49|2|4|38,49;38,50;39,49;39,50;79,47;79,48
296d6141-f513-42e9-b3a3-df5c95bcd4e3|Carola RPT A-full 9f0d8bc0-21c8-4d8f-8ce7-2a41f3f239d4|Girder A|2025-12-09||80|80|900418.0000000002|2466.0000000000005|900418.0000000002|301404.99999999994|953.0|-3464.0|3643005.0|7|4|19|2|6|0,4;4,17;4,18;4,19;4,20;5,19;5,20
622f7512-1598-49be-ad68-129a6f85ca42|Carola RPT A-full 9f0d8bc0-21c8-4d8f-8ce7-2a41f3f239d4|Girder B|2025-12-09||80|80|900418.0000000002|2440.0000000000005|900418.0000000002|301404.99999999994|1487.0|-3291.0|3327920.0|6|3|9|1|6|3,7;3,8;3,9;3,10;4,9;4,10
aaa7dc6e-0495-41c3-b892-1f2575cc5025|Carola RPT A-full 9f0d8bc0-21c8-4d8f-8ce7-2a41f3f239d4|Girder C|2025-12-09||80|80|900418.0000000002|2420.0000000000005|900418.0000000002|274312.0|687.0|-2440.0|2981835.0|5|1|0|2|4|1,0;1,1;2,0;2,1;59,76
37f472f8-5584-48ea-8d32-44745bc73c64|Carola RPT A-full 9f0d8bc0-21c8-4d8f-8ce7-2a41f3f239d4|Girder A|2025-12-10||80|80|783204.9999999999|10625.0|783204.9999999999|236001.99999999997|5337.0|-2700.0|24681755.0|67|11|57|37|7|0,27;3,3;6,28;6,76;7,76;9,3;9,4;10,48;11,54;11,56;11,57;12,56;12,57;12,62;13,27;14,27;15,1;18,14;18,15;23,13;30,23;31,23;31,24;32,21;32,55;37,43;40,68;40,69;41,48;41,77;42,33;42,34;43,34;44,24;45,23;45,24;47,10;47,38;49,33;49,34;50,33;53,40;55,43;56,37;57,38;58,65;59,57;59,58;60,58;63,77;65,57;66,0;66,58;66,62;67,0;67,57;67,58;67,59;67,62;68,57;68,59;69,62;73,1;74,1;76,56;77,55;77,56
afa5b903-eb63-4569-9cac-0e3b55d92331|Carola RPT A-full 9f0d8bc0-21c8-4d8f-8ce7-2a41f3f239d4|Girder B|2025-12-10||80|80|1057608.0|10923.500000000002|1057608.0|317796.99999999994|-286.0|-941.0|19367961.0|39|36|75|23|4|5,68;9,40;10,46;10,48;10,49;11,48;11,49;11,54;13,19;17,7;29,15;30,15;30,16;35,74;35,75;36,74;36,75;39,60;39,61;40,40;41,26;42,26;42,75;43,16;44,15;44,16;46,2;48,25;48,26;58,50;61,73;64,49;65,54;66,49;66,50;66,51;69,74;76,47;76,48
da1fb645-fa7b-4ac1-b56c-cb881f1ed55a|Carola RPT A-full 9f0d8bc0-21c8-4d8f-8ce7-2a41f3f239d4|Girder C|2025-12-10||80|80|1978985.0000000002|11449.5|1978985.0000000002|595829.0000000001|-13.0|1657.0|13222066.0|15|37|75|7|4|8,40;8,41;9,41;16,76;16,77;28,7;33,66;33,67;34,66;34,67;36,75;37,75;37,76;40,67;63,46
466b227f-2bd8-46e6-a712-d286f42158a7|Carola RPT A-full 9f0d8bc0-21c8-4d8f-8ce7-2a41f3f239d4|Girder A|2025-12-13||80|80|17405665.0|5302.5|17405665.0|7624479.999999999|5601.0|-4061.0|33601122.0|3|78|41|1|3|77,41;78,41;78,42
500adf63-1145-42a4-98b2-c497b41113d6|Carola RPT A-full 9f0d8bc0-21c8-4d8f-8ce7-2a41f3f239d4|Girder B|2025-12-13||80|80|7624479.999999999|5364.999999999999|7624479.999999999|2319545.0|3548.0|2540.0|18455768.0|5|79|47|3|2|5,31;6,31;78,22;79,47;79,48
870f9b22-9c55-47ba-acef-0020a08d252d|Carola RPT A-full 9f0d8bc0-21c8-4d8f-8ce7-2a41f3f239d4|Girder C|2025-12-13||80|80|2352392.0|5380.0|2352392.0|722188.9999999999|4087.0|-5965.0|24536542.0|20|8|37|11|3|7,37;7,38;8,34;8,37;9,34;13,61;16,71;17,71;59,28;64,65;69,70;70,67;70,68;70,70;71,20;71,32;71,68;72,32;72,33;78,31
0e3236df-c045-4fe1-b86a-beebb1ab33a1|Carola RPT A-full 9f0d8bc0-21c8-4d8f-8ce7-2a41f3f239d4|Girder A|2025-12-15||80|80|1239124.0|7745.000000000001|1239124.0|373402.0|-3862.0|3718.0|12146492.0|22|0|3|11|6|0,2;0,3;0,4;2,14;3,14;12,59;12,60;14,55;25,24;25,25;30,63;30,64;31,62;31,63;31,64;31,65;31,70;45,57;45,58;50,29;55,57;56,61
ee2cdc06-3736-456c-8870-90c11a56ac87|Carola RPT A-full 9f0d8bc0-21c8-4d8f-8ce7-2a41f3f239d4|Girder B|2025-12-15||80|80|839530.0000000001|7587.5|839530.0000000001|255469.00000000003|-5159.0|-1189.0|22835474.0|58|30|53|19|7|1,4;1,5;2,4;2,5;3,77;3,78;4,77;4,78;10,50;10,54;11,49;11,50;13,45;14,64;15,63;15,64;23,14;23,15;24,14;24,15;29,53;29,54;29,55;30,52;30,53;30,54;30,55;30,60;31,60;37,25;37,26;40,77;40,78;41,77;41,78;43,77;44,47;44,48;44,77;44,78;45,70;45,78;46,70;46,78;46,79;47,70;47,79;49,19;49,71;49,72;54,45;54,46;54,47;54,48;55,47;55,48;55,51;79,74
9191d788-7153-4bb1-866c-c354b9769d34|Carola RPT A-full 9f0d8bc0-21c8-4d8f-8ce7-2a41f3f239d4|Girder C|2025-12-15||80|80|839530.0000000001|7954.0|839530.0000000001|255469.00000000003|-5922.0|-1539.0|29650385.0|74|28|44|26|8|1,68;1,69;1,72;1,73;2,68;2,69;2,73;8,41;8,45;9,40;9,41;11,36;11,75;11,76;12,55;12,75;12,76;13,54;13,55;14,76;15,75;15,76;21,5;21,6;22,5;22,6;27,44;27,45;27,46;28,43;28,44;28,45;28,46;28,51;29,51;35,16;35,17;38,68;38,69;39,68;39,69;41,68;42,38;42,39;42,68;42,69;43,61;43,69;44,61;44,69;44,70;44,71;45,61;45,70;46,73;46,75;47,10;47,62;47,63;47,73;48,76;52,36;52,37;52,38;52,39;53,38;53,39;53,42;57,75;58,75;77,65;78,64;78,65;79,37
ee630ede-0275-4439-bf57-3b6e23d3814d|Carola RPT A-full 9f0d8bc0-21c8-4d8f-8ce7-2a41f3f239d4|Girder A|2025-12-16||80|80|928048.9999999999|11449.999999999998|928048.9999999999|280354.00000000006|-8313.0|10468.0|23783949.0|56|11|54|27|9|0,28;0,29;5,32;6,77;10,48;10,49;10,51;10,53;10,54;11,53;11,54;11,55;11,56;11,57;12,61;12,62;13,61;18,16;31,24;33,22;37,41;37,44;38,44;38,45;44,25;45,24;45,25;45,59;53,48;55,38;56,44;58,40;58,41;58,76;59,40;61,3;61,21;61,27;62,3;62,26;62,27;64,79;65,61;65,62;65,79;66,59;66,61;67,1;67,58;67,59;67,60;68,50;68,58;68,59;77,56;77,57
70a7aedd-370b-4e1d-a9a8-0e2fce5488ce|Carola RPT A-full 9f0d8bc0-21c8-4d8f-8ce7-2a41f3f239d4|Girder B|2025-12-16||80|80|928048.9999999999|12323.5|928048.9999999999|280354.00000000006|-5932.0|8632.0|26508262.0|63|9|46|29|9|1,74;2,74;3,24;3,78;4,69;8,40;8,41;8,43;8,45;8,46;9,45;9,46;9,47;9,48;9,49;10,53;10,54;11,53;16,8;29,16;31,14;34,75;34,76;35,33;35,36;35,75;35,76;36,36;36,37;42,17;43,16;43,17;43,51;51,40;53,30;54,36;56,32;56,33;56,68;57,32;59,13;59,19;60,18;60,19;60,74;61,73;61,74;62,71;63,53;63,54;63,71;64,51;64,53;65,50;65,51;65,52;66,42;66,50;66,51;68,74;68,75;75,48;75,49
ccb7c399-ac85-42d8-bf42-81c84e1d53f5|Carola RPT A-full 9f0d8bc0-21c8-4d8f-8ce7-2a41f3f239d4|Girder C|2025-12-16||80|80|1823450.0000000002|12744.999999999998|1823450.0000000002|551167.9999999999|1136.0|-226.0|13979920.0|18|37|75|9|5|7,32;7,37;8,37;9,44;16,76;16,77;30,5;33,67;34,67;36,75;36,76;37,75;37,76;38,76;64,41;64,42;65,41;74,40
aade797b-4054-45ce-88fd-4fd841e140c4|Carola RPT A-full 9f0d8bc0-21c8-4d8f-8ce7-2a41f3f239d4|Girder A|2025-12-19||80|80|15110176.000000004|5629.000000000002|15110176.000000004|5680178.000000001|4882.0|-593.0|37547245.0|4|34|36|2|2|34,36;35,36;75,34;76,34
a6bc320e-21aa-4bb2-8c67-c0a0799a4dd9|Carola RPT A-full 9f0d8bc0-21c8-4d8f-8ce7-2a41f3f239d4|Girder B|2025-12-19||80|80|15110176.000000004|5555.0|15110176.000000004|5680178.000000001|4882.0|-593.0|37547245.0|4|36|43|2|2|36,43;37,43;77,41;78,41
9079437e-e833-4fe8-8fcb-26a7c3b0dd2b|Carola RPT A-full 9f0d8bc0-21c8-4d8f-8ce7-2a41f3f239d4|Girder C|2025-12-19||80|80|15110176.000000004|5542.5|15110176.000000004|5680178.000000001|2498.0|-1756.0|30511220.0|3|38|49|2|2|38,49;39,49;79,47
1a7fb552-ae0c-4169-ab73-b0f1101a541c|Carola RPT A-full 9f0d8bc0-21c8-4d8f-8ce7-2a41f3f239d4|Girder A|2025-12-21||80|80|953152.0000000001|2377.0000000000005|953152.0000000001|351125.00000000006|-1921.0|1869.0|3223588.0|5|4|19|2|4|0,4;3,19;3,20;4,19;4,20
22d89435-dce7-4303-8f0e-eba374c18993|Carola RPT A-full 9f0d8bc0-21c8-4d8f-8ce7-2a41f3f239d4|Girder B|2025-12-21||80|80|953152.0000000001|2311.9999999999995|953152.0000000001|495700.00000000006|-2231.0|1364.0|2872463.0|4|3|9|1|4|2,9;2,10;3,9;3,10
ccb5b7d0-620b-42bf-8b65-2b9fa9ff799c|Carola RPT A-full 9f0d8bc0-21c8-4d8f-8ce7-2a41f3f239d4|Girder C|2025-12-21||80|80|953152.0000000001|2305.0|953152.0000000001|319336.99999999994|-1695.0|1185.0|3191800.0|5|1|0|2|4|0,0;0,1;1,0;1,1;58,76
2494dd67-3477-4592-8759-7dc2d51226fd|Carola RPT A-full 9f0d8bc0-21c8-4d8f-8ce7-2a41f3f239d4|Girder A|2025-12-22||80|80|679337.0|10084.999999999998|679337.0|205936.99999999997|-1808.0|3882.0|19694638.0|65|44|23|34|9|0,27;5,75;6,75;6,76;9,3;9,47;9,48;10,47;10,48;10,51;10,52;10,53;10,54;11,56;11,60;12,60;18,14;18,15;22,12;30,22;30,23;30,29;31,22;31,23;33,20;33,29;34,29;36,43;37,42;37,43;44,15;44,23;45,23;46,18;47,18;48,32;48,33;48,40;49,33;52,46;55,42;58,39;59,57;61,1;61,25;61,44;61,45;61,77;63,57;63,60;63,70;64,57;64,77;65,57;65,58;66,57;66,58;67,56;67,57;67,58;68,62;71,11;76,55;76,56;77,55
5a3147df-e226-4b7b-ac63-2adf73727a10|Carola RPT A-full 9f0d8bc0-21c8-4d8f-8ce7-2a41f3f239d4|Girder B|2025-12-22||80|80|679337.0|10930.000000000002|679337.0|205936.99999999997|-1790.0|3327.0|21638171.0|71|43|15|36|9|2,72;2,73;4,67;5,67;5,68;8,39;8,40;9,39;9,40;9,43;9,44;9,45;9,46;10,48;10,52;11,52;17,6;17,7;21,4;29,14;29,15;29,21;30,14;30,15;32,12;32,21;33,21;35,35;36,34;36,35;38,73;39,73;40,79;43,7;43,15;44,15;45,10;46,10;47,24;47,25;47,32;48,25;51,38;54,34;57,31;58,49;60,17;60,36;60,37;60,69;60,73;61,72;62,49;62,52;62,62;63,49;63,69;64,49;64,50;65,49;65,50;66,48;66,49;66,50;67,54;68,73;69,73;70,3;75,47;75,48;76,47
a4fd7481-a960-4320-8f35-1a3e43bdd142|Carola RPT A-full 9f0d8bc0-21c8-4d8f-8ce7-2a41f3f239d4|Girder C|2025-12-22||80|80|1521428.0|11337.000000000002|1521428.0|501845.0|642.0|1422.0|10354422.0|14|37|75|6|4|10,44;16,76;16,77;17,76;17,77;37,74;37,75;38,74;38,75;42,7;64,41;64,42;65,41;74,39
f1a58595-2b53-4f1f-bff6-04772b8d8193|Carola RPT A-full 9f0d8bc0-21c8-4d8f-8ce7-2a41f3f239d4|Girder A|2026-01-02||80|80|889812.9999999999|2201.0|889812.9999999999|302490.00000000006|-3081.0|949.0|3067270.0|6|4|19|1|6|4,18;4,19;4,20;5,18;5,19;5,20
80641422-6676-4427-bdfe-97c308ceaab3|Carola RPT A-full 9f0d8bc0-21c8-4d8f-8ce7-2a41f3f239d4|Girder B|2026-01-02||80|80|889812.9999999999|2171.0|889812.9999999999|302490.00000000006|-3081.0|949.0|3067270.0|6|2|10|1|6|2,9;2,10;2,11;3,9;3,10;3,11
59769558-1378-4406-9877-b01f7fe564b5|Carola RPT A-full 9f0d8bc0-21c8-4d8f-8ce7-2a41f3f239d4|Girder C|2026-01-02||80|80|889812.9999999999|2222.9999999999995|889812.9999999999|330952.0|-1277.0|1424.0|3004999.0|6|1|0|2|4|1,0;1,1;2,0;2,1;59,75;59,76
99b094a7-54e9-4107-94d2-0db869e66643|Carola RPT A-full 9f0d8bc0-21c8-4d8f-8ce7-2a41f3f239d4|Girder A|2026-01-03||80|80|637685.0000000001|9403.0|637685.0000000001|191845.00000000003|-1737.0|4292.0|22907431.0|79|11|56|38|11|0,26;0,27;5,30;5,31;6,75;7,58;9,4;10,47;10,48;10,53;11,48;11,51;11,53;11,54;11,55;11,56;11,57;12,54;12,56;12,57;12,60;12,61;13,60;15,0;15,1;18,15;19,15;23,13;31,21;31,23;32,7;32,21;33,21;34,29;35,29;37,43;38,43;42,33;42,34;44,23;45,23;45,24;46,58;47,18;47,37;53,46;58,75;59,39;59,57;61,21;61,25;62,25;62,26;62,45;63,26;63,70;64,57;65,57;65,77;66,57;66,58;67,0;67,48;67,57;67,58;67,59;68,49;68,56;68,57;68,58;68,59;68,61;69,61;69,63;74,1;76,55;76,56;77,55;77,56
4467c537-bde9-449e-bdf8-be96c5fc3cae|Carola RPT A-full 9f0d8bc0-21c8-4d8f-8ce7-2a41f3f239d4|Girder B|2026-01-03||80|80|637685.0000000001|9967.5|637685.0000000001|191845.00000000003|872.0|3497.0|23860785.0|84|10|48|40|11|2,73;3,73;4,22;4,23;5,67;6,50;9,39;9,40;9,45;10,40;10,43;10,45;10,46;10,47;10,48;10,49;11,46;11,48;11,49;11,52;11,53;12,52;17,7;18,7;22,5;30,13;30,15;31,13;32,13;33,21;34,21;36,35;36,75;37,35;41,25;41,26;41,79;42,75;43,15;44,15;44,16;45,50;46,10;46,29;52,38;57,67;58,31;58,49;60,13;60,17;60,76;61,17;61,18;61,37;61,73;62,18;62,62;62,72;63,49;64,49;64,69;65,49;65,50;66,40;66,49;66,50;66,51;67,41;67,48;67,49;67,50;67,51;67,53;68,53;68,55;68,72;69,73;71,74;71,75;72,74;75,47;75,48;76,47;76,48
6bd961e2-c7e5-4be3-8d41-1862dc479994|Carola RPT A-full 9f0d8bc0-21c8-4d8f-8ce7-2a41f3f239d4|Girder C|2026-01-03||80|80|1859842.0000000005|10419.5|1859842.0000000005|586468.0000000001|1937.0|1377.0|5778972.0|7|38|75|3|4|9,40;37,75;38,74;38,75;39,75;65,42;66,41
d32fdc81-3618-4706-abd0-b94a14162ae4|Carola RPT A-full 9f0d8bc0-21c8-4d8f-8ce7-2a41f3f239d4|Girder A|2026-01-06||80|80|6847424.999999999|1060.0|6847424.999999999|2183940.9999999995|-3160.0|2409.0|11638203.0|3|78|41|1|3|78,40;78,41;79,41
416d048f-6d85-4f39-87a6-5cfbee5557da|Carola RPT A-full 9f0d8bc0-21c8-4d8f-8ce7-2a41f3f239d4|Girder B|2026-01-06||80|80|1726300.9999999998|1089.0|1726300.9999999998|623444.0000000001|355.0|4530.0|17896971.0|16|79|47|3|10|11,54;11,55;11,56;11,57;11,58;12,55;12,56;12,57;12,58;12,59;51,10;51,11;52,10;52,11;79,46;79,47
d3bd4a1c-0691-41a7-86c1-b70d08fef64f|Carola RPT A-full 9f0d8bc0-21c8-4d8f-8ce7-2a41f3f239d4|Girder C|2026-01-06||80|80|1657884.9999999998|1097.0|1657884.9999999998|512883.99999999994|-456.0|6906.0|16060110.0|15|14|65|2|11|13,61;13,62;13,63;13,64;13,65;14,61;14,62;14,63;14,64;14,65;14,66;53,17;53,18;54,17;54,18
a6432ab8-4181-4adb-831c-088e75db3f83|Carola RPT A-full 9f0d8bc0-21c8-4d8f-8ce7-2a41f3f239d4|Girder A|2026-01-08||80|80|706003.9999999999|1800.5|706003.9999999999|214513.00000000003|-315.0|-2706.0|2040797.0|5|3|18|2|4|3,15;3,17;3,18;4,17;4,18
5e75b46f-9f7b-4bc8-b072-82de2dcb1303|Carola RPT A-full 9f0d8bc0-21c8-4d8f-8ce7-2a41f3f239d4|Girder B|2026-01-08||80|80|706003.9999999999|1740.9999999999995|706003.9999999999|214513.00000000003|-315.0|-2706.0|2040797.0|5|2|9|2|4|2,6;2,8;2,9;3,8;3,9
3f6efe1e-8282-496b-b4a7-0664aada058a|Carola RPT A-full 9f0d8bc0-21c8-4d8f-8ce7-2a41f3f239d4|Girder C|2026-01-08||80|80|380103.99999999994|1753.5|380103.99999999994|114482.00000000001|-1896.0|1471.0|2945747.0|18|58|74|10|4|0,0;0,79;1,73;22,4;22,5;45,60;46,60;50,58;52,32;52,33;55,70;56,69;56,70;57,74;58,73;58,74;58,75;78,64
f03e92aa-089b-404c-8253-2757aeb04bfb|Carola RPT A-full 9f0d8bc0-21c8-4d8f-8ce7-2a41f3f239d4|Girder A|2026-01-09||80|80|407881.0|2447.9999999999995|407881.0|124688.0|345.0|2501.0|1889062.0|8|68|77|4|3|13,27;13,28;17,14;17,15;65,74;67,77;68,76;68,77
2fbd4524-bb2d-40da-be79-31b69da23a4a|Carola RPT A-full 9f0d8bc0-21c8-4d8f-8ce7-2a41f3f239d4|Girder B|2026-01-09||80|80|407881.0|2499.0|407881.0|124688.0|345.0|2501.0|1889062.0|8|67|69|4|3|12,19;12,20;16,6;16,7;64,66;66,69;67,68;67,69
67b2772d-058e-4501-b05c-feac89133f68|Carola RPT A-full 9f0d8bc0-21c8-4d8f-8ce7-2a41f3f239d4|Girder C|2026-01-09||80|80|407881.0|2515.9999999999995|407881.0|124688.0|1478.0|2013.0|2082301.0|9|65|61|5|3|10,11;10,12;12,74;13,74;15,79;62,58;64,61;65,60;65,61
2df2dff9-c676-423a-90f7-cf90fad8e003|Carola RPT A-full 9f0d8bc0-21c8-4d8f-8ce7-2a41f3f239d4|Girder A|2026-01-12||80|80|3216733.0|821.0000000000001|3216733.0|1034557.0000000001|-1368.0|266.0|12818950.0|7|57|21|3|4|34,36;34,37;57,20;57,21;57,22;58,21;78,3
bd06731f-60e7-4ba6-b9d2-4a6148e44ae4|Carola RPT A-full 9f0d8bc0-21c8-4d8f-8ce7-2a41f3f239d4|Girder B|2026-01-12||80|80|3216733.0|817.9999999999999|3216733.0|1034557.0000000001|-1709.0|1438.0|11329085.0|6|59|27|2|4|36,42;36,43;59,26;59,27;59,28;60,27
3f0c5459-7ab8-4ab9-aa84-eea5a31cdab8|Carola RPT A-full 9f0d8bc0-21c8-4d8f-8ce7-2a41f3f239d4|Girder C|2026-01-12||80|80|3216733.0|810.0|3216733.0|1034557.0000000001|-1709.0|1438.0|11329085.0|6|61|33|2|4|38,48;38,49;61,32;61,33;61,34;62,33
f79e6f6a-40d9-4ae5-af3d-9d71fe6bf597|Carola RPT A-full 9f0d8bc0-21c8-4d8f-8ce7-2a41f3f239d4|Girder A|2026-01-14||80|80|1222794.0|2467.0000000000005|1222794.0|723160.9999999999|-422.0|-3095.0|3829153.0|4|2|20|1|4|2,19;2,20;3,19;3,20
72572760-d6de-4a6e-99b2-3d8eebfcc86c|Carola RPT A-full 9f0d8bc0-21c8-4d8f-8ce7-2a41f3f239d4|Girder B|2026-01-14||80|80|1222794.0|2415.0|1222794.0|723160.9999999999|-422.0|-3095.0|3829153.0|4|0|10|1|4|0,9;0,10;1,9;1,10
5e8b6959-763b-4b35-a772-ba800db26e4d|Carola RPT A-full 9f0d8bc0-21c8-4d8f-8ce7-2a41f3f239d4|Girder C|2026-01-14||80|80|856453.0000000002|2430.0|856453.0000000002|277792.00000000006|739.0|-1398.0|1901679.0|4|0|0|4|1|0,0;23,19;57,75;77,65
850d337c-fdf6-41b1-bf72-06ffd4f8488b|Carola RPT A-full 9f0d8bc0-21c8-4d8f-8ce7-2a41f3f239d4|Girder A|2026-01-15||80|80|858471.9999999998|10768.999999999998|858471.9999999998|258920.0|-1263.0|-1141.0|22535412.0|55|10|54|26|5|0,27;5,76;6,76;8,3;8,4;9,4;10,53;10,54;11,53;11,54;11,55;11,57;11,59;11,60;12,60;12,61;14,1;15,1;17,15;22,13;30,23;30,29;31,23;32,1;32,2;37,43;38,43;39,13;44,23;44,24;46,38;47,10;47,19;47,38;48,33;49,33;49,34;57,39;57,40;58,39;58,40;58,58;59,58;61,45;66,0;66,58;66,59;67,49;67,57;67,58;67,59;68,49;76,55;76,56;77,56
494dfd47-122e-4e6e-b33a-ccbe5dbebcfa|Carola RPT A-full 9f0d8bc0-21c8-4d8f-8ce7-2a41f3f239d4|Girder B|2026-01-15||80|80|1904954.0|11650.0|1904954.0|581733.0|2961.0|-5075.0|9825994.0|12|34|74|9|2|8,45;9,45;28,14;34,74;35,34;35,74;56,30;56,31;65,48;70,79;74,47;79,0
b1778120-4f99-4a05-a50b-7f0b51498770|Carola RPT A-full 9f0d8bc0-21c8-4d8f-8ce7-2a41f3f239d4|Girder C|2026-01-15||80|80|1904954.0|12141.999999999996|1904954.0|581733.0|-341.0|-5166.0|15564499.0|18|33|66|10|4|7,37;8,37;15,76;16,76;27,6;33,66;34,26;34,66;36,74;36,75;37,74;37,75;55,22;55,23;64,40;69,71;69,72;73,39
faaea2ab-f82a-4ac3-9982-038093eb31a7|Carola RPT A-full 9f0d8bc0-21c8-4d8f-8ce7-2a41f3f239d4|Girder A|2026-01-18||80|80|8470681.0|5007.999999999999|8470681.0|4154148.0|4503.0|3376.0|24945631.0|4|78|42|1|4|78,41;78,42;79,41;79,42
3d9648ee-116d-4ce8-997a-3c4314cc07f2|Carola RPT A-full 9f0d8bc0-21c8-4d8f-8ce7-2a41f3f239d4|Girder B|2026-01-18||80|80|2088106.000000001|5066.0|2088106.000000001|628434.0000000001|-645.0|-1632.0|30796055.0|30|79|22|16|4|5,31;5,32;6,28;6,31;6,32;7,28;7,29;15,65;18,72;36,2;40,22;57,22;57,23;58,23;60,62;60,63;61,63;62,59;68,62;68,64;69,62;70,15;70,26;70,27;71,27;76,25;77,25;78,22;79,22;79,48
8bc446ed-fef6-40e1-ad94-606e4972d1cf|Carola RPT A-full 9f0d8bc0-21c8-4d8f-8ce7-2a41f3f239d4|Girder C|2026-01-18||80|80|2070147.9999999998|5124.999999999999|2070147.9999999998|628434.0000000001|1165.0|-2330.0|26772819.0|27|62|69|14|4|7,37;7,38;8,34;8,37;8,38;9,34;9,35;17,71;20,78;38,8;42,28;59,28;59,29;60,29;62,68;62,69;63,69;64,65;70,68;70,70;71,68;72,21;72,32;72,33;73,33;78,31;79,31
8205f341-a8c5-44d5-95c6-02d79069e296|Carola RPT A-full 9f0d8bc0-21c8-4d8f-8ce7-2a41f3f239d4|Girder A|2026-01-20||80|80|781191.9999999999|1853.0000000000007|781191.9999999999|243304.99999999994|4383.0|-423.0|3424666.0|8|3|18|2|7|0,3;3,16;3,17;3,18;3,19;4,17;4,18;4,19
990da5a9-34d3-4750-b9ae-b6e2a7c30783|Carola RPT A-full 9f0d8bc0-21c8-4d8f-8ce7-2a41f3f239d4|Girder B|2026-01-20||80|80|781191.9999999999|1764.0|781191.9999999999|300713.0|3979.0|-140.0|3181361.0|7|1|9|1|7|1,7;1,8;1,9;1,10;2,8;2,9;2,10
513dbd80-1a29-4d3f-af56-4efc484eb038|Carola RPT A-full 9f0d8bc0-21c8-4d8f-8ce7-2a41f3f239d4|Girder C|2026-01-20||80|80|369415.99999999994|1765.0|369415.99999999994|115193.00000000001|1950.0|-1395.0|2485059.0|14|0|0|9|2|0,0;1,0;1,73;1,74;22,5;23,5;36,16;44,72;45,72;46,60;53,38;58,74;58,75;78,64
85daddf2-8902-4952-962c-444b69076718|Carola RPT A-full 9f0d8bc0-21c8-4d8f-8ce7-2a41f3f239d4|Girder A|2026-01-21||80|80|3141893.0|2560.9999999999995|3141893.0|1225129.9999999998|3369.0|-137.0|6236552.0|3|68|79|1|3|68,78;68,79;69,79
28246dc3-e258-4013-94e1-be1ff450a780|Carola RPT A-full 9f0d8bc0-21c8-4d8f-8ce7-2a41f3f239d4|Girder B|2026-01-21||80|80|3141893.0|2668.9999999999995|3141893.0|1225129.9999999998|3369.0|-137.0|6236552.0|3|66|71|1|3|66,70;66,71;67,71
fbcfe52e-4d70-4d13-bb58-c6e40ab01d2a|Carola RPT A-full 9f0d8bc0-21c8-4d8f-8ce7-2a41f3f239d4|Girder C|2026-01-21||80|80|3141893.0|2691.000000000001|3141893.0|1225129.9999999998|3369.0|-137.0|6236552.0|3|65|63|1|3|65,62;65,63;66,63
2971b635-9f28-4aed-a3cd-484f313488a2|Carola RPT A-full 9f0d8bc0-21c8-4d8f-8ce7-2a41f3f239d4|Girder A|2026-01-24||80|80|4984560.999999999|936.9999999999999|4984560.999999999|1600225.0|-6854.0|-1549.0|19165843.0|7|35|36|3|4|6,0;34,36;34,37;35,36;35,37;58,20;58,21
bb937ba4-8d06-4ea3-84c7-273070d093ed|Carola RPT A-full 9f0d8bc0-21c8-4d8f-8ce7-2a41f3f239d4|Girder B|2026-01-24||80|80|4984560.999999999|932.0000000000001|4984560.999999999|1600225.0|-6854.0|-1549.0|19165843.0|7|37|42|3|4|8,6;36,42;36,43;37,42;37,43;60,26;60,27
3df7fc81-16e0-4570-88bd-ea831907de62|Carola RPT A-full 9f0d8bc0-21c8-4d8f-8ce7-2a41f3f239d4|Girder C|2026-01-24||80|80|4984560.999999999|961.5|4984560.999999999|1600225.0|-6854.0|-1549.0|19165843.0|7|39|48|3|4|10,12;38,48;38,49;39,48;39,49;62,32;62,33
7fb7cc2c-a0ed-4c24-8989-65a8a76e0df5|Carola RPT A-full 9f0d8bc0-21c8-4d8f-8ce7-2a41f3f239d4|Girder A|2026-02-01||80|80|4136385.999999999|7073.999999999999|4136385.999999999|1678552.9999999998|-5140.0|439.0|9446349.0|3|0|4|1|3|0,3;0,4;0,5
aa2e12f5-2abe-49c2-8007-fac7488e4404|Carola RPT A-full 9f0d8bc0-21c8-4d8f-8ce7-2a41f3f239d4|Girder B|2026-02-01||80|80|756340.0000000001|6668.5|756340.0000000001|229940.0|-1706.0|190.0|19181000.0|54|31|54|20|7|2,4;3,4;3,5;4,77;4,78;5,78;11,54;12,49;12,50;24,15;25,14;25,15;30,53;30,54;30,55;31,52;31,53;31,54;31,55;31,57;31,60;31,61;32,49;32,50;35,37;35,46;37,25;38,25;38,26;44,48;44,49;44,78;45,48;45,49;45,78;46,68;46,69;46,70;46,79;47,70;47,78;47,79;50,19;50,20;53,16;53,17;54,16;54,24;54,25;55,47;55,48;56,47;56,48;56,55
a2b76add-e1dc-42a1-9ffc-7359eed876a0|Carola RPT A-full 9f0d8bc0-21c8-4d8f-8ce7-2a41f3f239d4|Girder C|2026-02-01||80|80|908905.0000000001|7003.5|908905.0000000001|273060.0|-5195.0|728.0|24447807.0|57|50|77|21|7|1,79;3,68;3,69;3,73;4,69;4,73;4,76;11,40;11,41;13,76;14,75;14,76;16,76;17,76;23,6;24,6;29,44;29,45;29,46;30,43;30,44;30,45;30,46;30,51;30,52;36,16;37,16;43,39;44,39;44,69;45,60;45,61;45,70;46,61;46,69;46,70;46,71;48,73;48,74;49,10;49,73;50,76;50,77;51,76;51,77;52,7;52,8;53,15;53,16;54,38;54,39;55,38;55,39;59,75;59,76;60,75;60,76
e924f0ca-7575-4c9b-8588-6ee4fa1351d3|Carola RPT A-full 9f0d8bc0-21c8-4d8f-8ce7-2a41f3f239d4|Girder A|2026-02-02||80|80|3485969.0|2309.0|3485969.0|1098882.0|-159.0|-3479.0|6462856.0|3|68|77|1|3|68,77;68,78;69,77
b9671da9-1f63-4d86-ae53-b1996a594269|Carola RPT A-full 9f0d8bc0-21c8-4d8f-8ce7-2a41f3f239d4|Girder B|2026-02-02||80|80|3485969.0|2424.9999999999995|3485969.0|1098882.0|-159.0|-3479.0|6462856.0|3|67|68|1|3|67,68;67,69;68,68
c38dd194-67e6-4470-8963-5723ca07ec07|Carola RPT A-full 9f0d8bc0-21c8-4d8f-8ce7-2a41f3f239d4|Girder C|2026-02-02||80|80|3485969.0|2560.9999999999995|3485969.0|1098882.0|-159.0|-3479.0|6462856.0|3|65|60|1|3|65,60;65,61;66,60
748066c2-815b-43d6-a877-9bef444cdc12|Carola RPT A-full 9f0d8bc0-21c8-4d8f-8ce7-2a41f3f239d4|Girder A|2026-02-05||80|80|12428297.999999998|6719.0|12428297.999999998|3947137.9999999995|6072.0|-17743.0|111146487.0|15|34|36|6|4|18,75;19,74;19,75;34,36;34,37;35,30;35,36;35,37;36,30;52,59;55,58;75,34;75,35;76,34;76,35
6ed8380a-24f8-40d4-b567-28a1e9b4584c|Carola RPT A-full 9f0d8bc0-21c8-4d8f-8ce7-2a41f3f239d4|Girder B|2026-02-05||80|80|12428297.999999998|6738.0|12428297.999999998|3947137.9999999995|9392.0|-16585.0|92017391.0|12|36|42|5|4|36,42;36,43;37,36;37,42;37,43;38,36;54,65;57,64;77,40;77,41;78,40;78,41
c0d9629e-baed-438d-90a1-672a1419d6c3|Carola RPT A-full 9f0d8bc0-21c8-4d8f-8ce7-2a41f3f239d4|Girder C|2026-02-05||80|80|12428297.999999998|6673.0|12428297.999999998|3947137.9999999995|4733.0|-13356.0|75941697.0|10|38|48|5|4|38,48;38,49;39,42;39,48;39,49;40,42;56,71;59,70;79,46;79,47
50f58e77-e165-4d26-8459-4f41623a833d|Carola RPT A-full 9f0d8bc0-21c8-4d8f-8ce7-2a41f3f239d4|Girder A|2026-02-07||80|80|1080656.0000000002|9161.0|1080656.0000000002|326696.00000000006|3624.0|-6499.0|23434667.0|44|60|51|21|9|0,3;0,4;2,14;5,48;6,48;11,60;11,64;12,59;12,60;14,55;16,42;24,25;25,25;27,38;30,62;30,63;30,64;30,65;31,62;31,63;31,64;31,65;31,66;31,70;37,35;38,35;38,36;44,58;45,57;45,58;50,29;50,30;54,48;54,49;54,51;55,56;55,57;57,37;59,51;60,50;60,51;72,13;79,3;79,4
58de5572-a5ca-40b0-8b2d-44d693386c00|Carola RPT A-full 9f0d8bc0-21c8-4d8f-8ce7-2a41f3f239d4|Girder B|2026-02-07||80|80|1080656.0000000002|8889.0|1080656.0000000002|326696.00000000006|3015.0|-1365.0|26396372.0|53|58|42|24|9|0,5;2,78;2,79;3,39;3,79;4,39;9,51;9,55;10,50;10,51;12,46;14,33;22,16;23,16;25,29;28,53;28,54;28,55;28,56;29,53;29,54;29,55;29,56;29,57;29,61;35,26;36,26;36,27;42,49;42,79;43,48;43,49;43,79;44,71;44,79;45,71;48,20;48,21;52,39;52,40;52,42;53,47;53,48;55,28;57,42;58,41;58,42;70,4;78,20;78,75;79,74;79,75;79,76
7a89a086-4519-4d31-848f-589f34b7f5ea|Carola RPT A-full 9f0d8bc0-21c8-4d8f-8ce7-2a41f3f239d4|Girder C|2026-02-07||80|80|1747692.9999999995|9424.999999999998|1747692.9999999995|528293.0000000001|1707.0|-3974.0|23020377.0|29|12|76|16|6|1,69;1,73;3,29;9,41;11,75;11,76;12,75;12,76;14,76;14,77;15,76;27,44;27,45;27,46;28,44;28,45;28,46;42,39;44,61;44,71;48,76;48,77;49,76;51,30;54,18;57,32;57,75;58,75;78,66
cbfaa534-9af5-49de-9894-e12abb3d9ef1|Carola RPT A-full 9f0d8bc0-21c8-4d8f-8ce7-2a41f3f239d4|Girder A|2026-02-08||80|80|711828.0000000001|11049.999999999998|711828.0000000001|221415.99999999997|8875.0|-4300.0|27917889.0|82|10|54|39|8|4,31;5,75;5,76;6,58;6,75;6,76;8,3;8,4;9,3;9,4;9,47;9,48;9,49;10,35;10,36;10,48;10,49;10,54;10,55;10,56;10,57;11,54;11,55;11,56;11,57;11,61;12,60;12,61;14,1;15,1;17,15;22,13;29,30;30,23;30,29;30,30;31,2;31,3;31,23;36,43;37,43;38,45;38,46;39,13;39,45;44,23;44,24;46,19;46,38;47,19;47,37;47,38;48,33;49,10;51,45;52,45;53,40;54,37;55,37;58,39;58,40;59,58;61,25;61,26;61,45;62,58;62,78;64,47;64,57;66,0;66,57;66,58;66,59;67,49;67,57;67,58;67,59;67,63;73,1;76,55;76,56;77,56
faf0784f-2b8c-476c-a6b3-127bbeb51cf1|Carola RPT A-full 9f0d8bc0-21c8-4d8f-8ce7-2a41f3f239d4|Girder B|2026-02-08||80|80|843335.9999999999|11347.0|843335.9999999999|253450.00000000003|7419.0|-4220.0|22902907.0|58|41|75|30|5|4,68;5,50;5,67;5,68;8,41;9,27;9,28;9,46;9,48;9,49;10,46;10,48;10,49;10,53;11,53;29,15;29,21;29,22;30,15;35,35;35,73;35,74;35,75;36,35;36,75;37,37;37,38;38,5;38,37;41,75;41,76;42,75;43,15;43,16;45,11;45,30;46,29;50,37;53,29;57,31;57,32;58,50;60,17;60,18;61,50;63,39;63,49;65,50;65,51;66,41;66,49;66,50;66,51;68,73;75,47;75,48;79,1;79,2
83e3d3f9-9d0f-4b78-a6c5-17960643a6de|Carola RPT A-full 9f0d8bc0-21c8-4d8f-8ce7-2a41f3f239d4|Girder C|2026-02-08||80|80|1788680.0|11783.5|1788680.0|576628.0|2093.0|-2350.0|12855615.0|17|37|74|13|3|8,37;8,40;9,37;9,40;16,76;16,78;34,66;35,26;37,74;37,75;38,74;40,66;42,7;65,40;68,79;70,72;74,39
fa683d8e-86d2-4aad-8d0f-43cce7884e2a|Carola RPT A-full 9f0d8bc0-21c8-4d8f-8ce7-2a41f3f239d4|Girder A|2026-02-11||80|80|7021865.000000001|1360.0|7021865.000000001|2474930.0|-1483.0|2108.0|9496795.0|2|78|41|1|2|78,41;79,41
17990caf-5e30-4c68-8ad7-929cb994a4ff|Carola RPT A-full 9f0d8bc0-21c8-4d8f-8ce7-2a41f3f239d4|Girder B|2026-02-11||80|80|1760733.0000000002|1394.0000000000002|1760733.0000000002|577133.0000000001|-6196.0|-7109.0|18263115.0|16|79|48|3|12|11,55;11,56;11,57;11,58;11,59;12,55;12,56;12,57;12,58;12,59;12,60;12,61;51,12;52,11;52,12;79,48
e0ff5c14-804b-46da-985a-65c76fa8058e|Carola RPT A-full 9f0d8bc0-21c8-4d8f-8ce7-2a41f3f239d4|Girder C|2026-02-11||80|80|1706136.9999999998|1383.9999999999995|1706136.9999999998|515528.0000000002|-7016.0|-5784.0|17017910.0|16|54|18|3|12|7,41;13,61;13,62;13,63;13,64;13,65;14,61;14,62;14,63;14,64;14,65;14,66;14,67;53,18;54,17;54,18
68f05826-24ec-43f8-89e4-3ccacc07bc13|Carola RPT A-full 9f0d8bc0-21c8-4d8f-8ce7-2a41f3f239d4|Girder A|2026-02-13||80|80|3757202.0|7929.999999999999|3757202.0|1150057.0000000002|-2749.0|-5024.0|9614143.0|4|0|4|2|3|0,3;0,4;0,5;56,58
ab5f47aa-b031-413a-94d8-c0e1259f52af|Carola RPT A-full 9f0d8bc0-21c8-4d8f-8ce7-2a41f3f239d4|Girder B|2026-02-13||80|80|1150057.0000000002|7851.500000000002|1150057.0000000002|347338.00000000006|2054.0|2152.0|19068730.0|36|54|48|16|7|3,77;3,78;4,78;5,38;11,49;11,50;13,45;23,15;24,15;29,53;29,54;29,55;30,52;30,53;30,54;30,55;30,60;43,48;43,78;44,48;44,78;46,70;46,79;49,19;49,20;54,45;54,47;54,48;54,49;55,47;55,48;55,49;59,40;59,41;79,74;79,75
b1330b74-9d7e-46e7-8ef3-f0387b73cbd5|Carola RPT A-full 9f0d8bc0-21c8-4d8f-8ce7-2a41f3f239d4|Girder C|2026-02-13||80|80|1287277.0|8249.0|1287277.0|386964.99999999994|-60.0|352.0|26886626.0|42|13|76|16|6|2,69;3,69;4,29;10,40;10,41;12,75;12,76;13,75;13,76;15,76;15,77;16,76;16,77;22,6;23,6;28,44;28,45;28,46;29,44;29,45;29,46;42,69;43,39;43,69;45,70;45,71;49,76;49,77;50,77;53,36;53,38;53,39;53,40;54,38;54,39;54,40;58,32;58,75;59,75;78,66;79,65;79,66
6a2ccd0e-ba35-410c-a34d-eccd93905ec6|Carola RPT A-full 9f0d8bc0-21c8-4d8f-8ce7-2a41f3f239d4|Girder A|2026-02-14||80|80|824578.0|12321.5|824578.0|247816.00000000006|2563.0|1446.0|26583969.0|72|11|61|35|9|4,76;5,76;7,4;8,48;8,49;9,35;9,36;9,48;9,49;9,52;9,53;9,55;9,65;10,54;10,55;10,61;11,60;11,61;13,1;14,1;21,13;29,23;30,23;30,24;31,2;32,21;32,30;33,30;36,43;40,79;43,24;45,19;45,38;46,19;46,38;47,34;48,33;48,34;51,47;57,39;57,40;57,58;57,65;60,25;60,26;60,78;61,26;63,48;63,58;64,58;64,59;65,0;65,58;65,59;65,63;66,0;66,49;66,54;66,57;66,58;66,59;67,57;72,1;72,2;73,1;73,70;73,71;75,56;75,57;76,56;79,9;79,10
04d7aadf-7ce5-4d85-be5f-d4f9050dd159|Carola RPT A-full 9f0d8bc0-21c8-4d8f-8ce7-2a41f3f239d4|Girder B|2026-02-14||80|80|824578.0|12757.0|824578.0|247816.00000000006|3672.0|2082.0|28720324.0|77|10|53|35|9|0,77;1,73;3,68;4,68;7,40;7,41;8,27;8,28;8,40;8,41;8,44;8,45;8,47;8,57;9,46;9,47;9,53;10,52;10,53;20,5;28,15;29,15;29,16;31,13;31,22;32,22;34,74;34,75;34,76;35,35;35,75;35,76;39,71;40,75;40,76;41,76;42,16;44,11;44,30;45,11;45,30;46,26;47,25;47,26;50,39;56,31;56,32;56,50;56,57;59,17;59,18;59,70;59,73;60,18;60,73;62,40;62,50;63,50;63,51;64,50;64,51;64,55;65,41;65,46;65,49;65,50;65,51;66,49;72,62;72,63;74,48;74,49;75,48;78,1;78,2;79,2;79,3
d975bd4d-0695-4f2e-9061-2ce2d12b4f97|Carola RPT A-full 9f0d8bc0-21c8-4d8f-8ce7-2a41f3f239d4|Girder C|2026-02-14||80|80|1548057.9999999995|13214.999999999998|1548057.9999999995|471724.99999999994|3220.0|-2078.0|13367378.0|17|36|76|8|4|8,45;9,44;9,45;15,77;16,77;33,67;34,68;36,75;36,76;37,75;37,76;41,8;59,65;63,42;64,41;64,42;73,40
3a711a45-2ac5-47b9-84e1-853f15b2fb8d|Carola RPT A-full 9f0d8bc0-21c8-4d8f-8ce7-2a41f3f239d4|Girder A|2026-02-17||80|80|9961824.999999998|5411.5|9961824.999999998|3030077.0000000005|-1357.0|7221.0|43314170.0|8|35|36|4|4|24,4;34,36;34,37;35,36;35,37;76,34;76,35;78,6
0a95279c-e0c3-4da1-9d02-b5166a6bad8e|Carola RPT A-full 9f0d8bc0-21c8-4d8f-8ce7-2a41f3f239d4|Girder B|2026-02-17||80|80|9961824.999999998|5358.5|9961824.999999998|3030077.0000000005|184.0|5564.0|38193840.0|7|37|42|3|4|26,10;36,42;36,43;37,42;37,43;78,40;78,41
fda1578f-f653-459c-99e4-3f821028178c|Carola RPT A-full 9f0d8bc0-21c8-4d8f-8ce7-2a41f3f239d4|Girder C|2026-02-17||80|80|9961824.999999998|5390.5|9961824.999999998|3030077.0000000005|3787.0|4487.0|31106830.0|5|39|48|2|4|28,16;38,48;38,49;39,48;39,49
ea845f95-6666-48e1-8132-49e0f0560aac|Carola RPT A-full 9f0d8bc0-21c8-4d8f-8ce7-2a41f3f239d4|Girder A|2026-02-19||80|80|2119432.9999999995|8180.000000000001|2119432.9999999995|676428.9999999999|-891.0|-1847.0|10155454.0|9|0|4|5|3|0,3;0,4;0,5;12,60;25,25;31,63;31,64;31,65;31,71
88eab131-97b4-47a9-a484-817db356b6ae|Carola RPT A-full 9f0d8bc0-21c8-4d8f-8ce7-2a41f3f239d4|Girder B|2026-02-19||80|80|1132209.0|8124.999999999998|1132209.0|342017.9999999999|-4360.0|4342.0|20075814.0|36|23|16|17|8|1,6;2,79;3,79;7,0;8,0;9,55;10,51;10,52;22,16;23,16;23,17;28,54;28,55;28,56;29,53;29,54;29,55;29,56;29,57;29,61;29,62;42,79;43,79;44,79;45,71;45,72;48,21;48,73;49,73;49,74;54,49;58,42;65,79;78,61;79,75;79,76
83a9021a-5560-44df-8c53-bdc8d17523e2|Carola RPT A-full 9f0d8bc0-21c8-4d8f-8ce7-2a41f3f239d4|Girder C|2026-02-19||80|80|1132209.0|8599.0|1132209.0|342017.9999999999|-5696.0|5091.0|28576223.0|52|22|6|21|8|1,69;2,69;2,70;2,73;8,45;9,41;9,42;11,76;12,76;15,76;21,6;22,6;22,7;27,44;27,45;27,46;28,43;28,44;28,45;28,46;28,47;28,51;28,52;41,69;42,69;43,69;43,70;44,61;44,62;44,70;44,71;44,72;46,73;46,74;47,11;47,63;47,73;48,63;48,64;48,76;48,77;49,76;49,77;53,39;57,32;57,76;58,75;58,76;64,69;77,51;78,65;78,66
450c7656-c174-4630-9ff9-6df162e03799|Carola RPT A-full 9f0d8bc0-21c8-4d8f-8ce7-2a41f3f239d4|Girder A|2026-02-20||80|80|676850.0|9809.5|676850.0|203216.0|4192.0|-8945.0|26600729.0|84|67|61|37|8|0,76;1,27;6,31;7,75;7,76;8,76;10,4;11,47;11,48;12,36;12,54;12,55;12,56;12,57;12,69;13,53;13,54;13,56;13,57;13,60;14,60;14,64;15,26;16,0;16,1;24,13;32,23;33,2;34,2;34,21;35,20;35,21;35,30;36,29;38,43;39,42;39,43;39,44;40,43;40,44;40,45;42,78;45,24;45,79;46,23;46,24;46,57;46,58;46,79;47,57;47,58;47,59;48,37;48,38;49,37;49,38;53,45;59,39;60,39;60,65;61,58;62,21;62,22;63,25;63,26;63,45;66,61;67,58;67,61;67,62;68,0;68,57;68,58;68,59;68,61;69,49;69,56;69,57;69,58;69,59;75,1;76,1;78,55;78,56
3bef8225-ec3a-4956-9813-5ce197c33a3d|Carola RPT A-full 9f0d8bc0-21c8-4d8f-8ce7-2a41f3f239d4|Girder B|2026-02-20||80|80|676850.0|10140.999999999998|676850.0|203216.0|2781.0|-8810.0|26524687.0|86|65|53|39|8|3,73;4,23;4,77;5,67;5,68;6,68;9,39;9,40;10,28;10,46;10,47;10,48;10,49;10,61;11,45;11,46;11,48;11,49;11,52;12,52;12,56;13,18;17,79;22,5;30,15;32,13;33,12;33,13;33,22;34,21;36,35;36,75;37,34;37,35;37,36;38,35;38,36;38,37;40,70;42,75;43,16;43,71;43,78;44,15;44,16;44,49;44,50;44,71;45,49;45,50;45,51;45,79;46,29;46,30;47,29;47,30;51,37;57,31;58,31;58,57;59,50;60,13;60,14;61,17;61,18;61,37;61,73;62,72;62,73;64,53;65,50;65,53;65,54;66,49;66,50;66,51;66,53;67,41;67,48;67,49;67,50;67,51;69,73;69,74;76,47;76,48
cb232319-52da-4aa2-92b3-ba244909f467|Carola RPT A-full 9f0d8bc0-21c8-4d8f-8ce7-2a41f3f239d4|Girder C|2026-02-20||80|80|1830897.9999999995|10567.500000000002|1830897.9999999995|549375.9999999999|-159.0|-1497.0|6343088.0|8|38|75|7|2|9,38;17,77;36,27;38,75;38,76;43,7;64,45;66,41
285b7037-6b9c-4740-9671-1099e41c395e|Carola RPT A-full 9f0d8bc0-21c8-4d8f-8ce7-2a41f3f239d4|Girder A|2026-02-23||80|80|5014573.0|1665.9999999999998|5014573.0|1687097.0|2386.0|445.0|23712639.0|7|79|41|3|4|10,50;10,51;50,5;78,41;78,42;79,41;79,42
6edfcd67-6883-4f19-81bb-682f85ee4230|Carola RPT A-full 9f0d8bc0-21c8-4d8f-8ce7-2a41f3f239d4|Girder B|2026-02-23||80|80|4870924.999999999|1698.5|4870924.999999999|1687097.0|-1916.0|668.0|14416654.0|5|79|47|3|2|11,56;11,57;51,11;79,47;79,48
72922f7b-8b9e-4443-a40a-6c1420dfca59|Carola RPT A-full 9f0d8bc0-21c8-4d8f-8ce7-2a41f3f239d4|Girder C|2026-02-23||80|80|1929490.0|1690.0000000000002|1929490.0|581650.0|3256.0|-8962.0|16432088.0|16|53|18|3|12|6,42;13,61;13,62;13,63;13,64;13,65;13,66;13,67;14,63;14,64;14,65;14,66;14,67;53,18;53,19;54,18
f7029696-849c-44d9-ac41-4e886f9194e0|Carola RPT A-full 9f0d8bc0-21c8-4d8f-8ce7-2a41f3f239d4|Girder A|2026-03-01||80|80|3699650.0|1226.0000000000002|3699650.0|1119250.0|8772.0|4981.0|20902301.0|11|58|20|5|4|6,0;7,0;35,35;35,36;58,20;58,21;59,20;59,21;76,33;76,34;79,2
19dd562c-197f-4663-8004-dd05cf06f8a9|Carola RPT A-full 9f0d8bc0-21c8-4d8f-8ce7-2a41f3f239d4|Girder B|2026-03-01||80|80|3699650.0|1216.9999999999998|3699650.0|1119250.0|8485.0|3683.0|19135128.0|10|60|27|4|4|8,7;9,7;37,42;37,43;60,27;60,28;61,27;61,28;78,40;78,41
bdf87001-4ad3-444a-a47b-b18cbaf71b55|Carola RPT A-full 9f0d8bc0-21c8-4d8f-8ce7-2a41f3f239d4|Girder C|2026-03-01||80|80|3699650.0|1219.9999999999998|3699650.0|1227337.0000000002|6814.0|2279.0|16727497.0|8|62|33|3|4|10,13;11,13;39,48;39,49;62,33;62,34;63,33;63,34
dbc837be-2682-4126-88af-77eae95379b8|Carola RPT A-full 9f0d8bc0-21c8-4d8f-8ce7-2a41f3f239d4|Girder A|2026-03-03||80|80|949005.0|8636.5|949005.0|288698.00000000006|3701.0|-336.0|9734181.0|19|30|64|12|4|0,63;2,15;10,65;11,60;11,61;15,75;24,25;24,26;29,64;30,63;30,64;30,65;30,71;31,71;37,36;44,59;49,30;78,78;79,78
bed23ce2-9742-4c8f-a0bd-8f4714d6112e|Carola RPT A-full 9f0d8bc0-21c8-4d8f-8ce7-2a41f3f239d4|Girder B|2026-03-03||80|80|949005.0|8407.5|949005.0|284917.0|3925.0|-1616.0|14095917.0|30|29|54|14|5|1,5;2,79;3,78;3,79;9,55;10,50;10,51;14,65;23,15;23,16;28,54;29,53;29,54;29,55;29,61;30,61;36,26;43,49;43,78;43,79;44,70;44,79;45,70;45,71;45,79;46,71;46,79;48,20;77,68;78,68
7d0ba288-f615-41e1-a8ef-0e4b58ea5a5f|Carola RPT A-full 9f0d8bc0-21c8-4d8f-8ce7-2a41f3f239d4|Girder C|2026-03-03||80|80|949005.0|8941.5|949005.0|284917.0|5187.0|-2386.0|20921637.0|45|27|45|17|8|0,70;1,69;1,70;1,73;1,74;2,74;7,46;8,41;8,42;10,76;10,77;11,76;11,77;12,56;14,76;14,77;21,6;21,7;26,45;27,44;27,45;27,46;27,52;28,52;34,17;41,40;41,69;41,70;42,61;42,70;43,61;43,62;43,70;43,71;43,72;44,62;44,70;44,71;46,11;47,76;47,77;48,77;48,78;75,59;76,59
2442b34e-b605-4bc5-bac6-e50586c7c3a0|Carola RPT A-full 9f0d8bc0-21c8-4d8f-8ce7-2a41f3f239d4|Girder A|2026-03-04||80|80|2794544.9999999995|2310.5|2794544.9999999995|1225853.0000000002|-1225.0|3031.0|5598078.0|3|68|76|1|3|68,75;68,76;69,76
0f889a6e-1608-4e11-8846-a211f6dadf82|Carola RPT A-full 9f0d8bc0-21c8-4d8f-8ce7-2a41f3f239d4|Girder B|2026-03-04||80|80|2794544.9999999995|2466.0000000000005|2794544.9999999995|1225853.0000000002|-1225.0|3031.0|5598078.0|3|67|68|1|3|67,67;67,68;68,68
4fe8c73f-122b-4805-94ff-dc1d9811e3a7|Carola RPT A-full 9f0d8bc0-21c8-4d8f-8ce7-2a41f3f239d4|Girder C|2026-03-04||80|80|2794544.9999999995|2579.5|2794544.9999999995|1225853.0000000002|-1225.0|3031.0|5598078.0|3|66|60|1|3|66,59;66,60;67,60
9cd98420-b01d-4ace-aa62-ff4de8447573|Carola RPT A-full 9f0d8bc0-21c8-4d8f-8ce7-2a41f3f239d4|Girder A|2026-03-07||80|80|22243525.000000004|5298.5|22243525.000000004|7151476.999999999|-255.0|7087.0|39102794.0|3|78|41|1|3|78,41;78,42;79,41
1637abed-7a4c-4852-89ca-bdca86d2105b|Carola RPT A-full 9f0d8bc0-21c8-4d8f-8ce7-2a41f3f239d4|Girder B|2026-03-07||80|80|4693394.0|5353.500000000001|4693394.0|1411220.0000000002|-2971.0|-2094.0|13438593.0|6|79|48|5|2|7,29;41,31;60,63;70,27;79,48;79,49
08c84bca-3ed2-46ce-ab36-eb498b2f33b5|Carola RPT A-full 9f0d8bc0-21c8-4d8f-8ce7-2a41f3f239d4|Girder C|2026-03-07||80|80|2253485.0|5445.0|2253485.0|678386.0|2608.0|-1209.0|26726011.0|25|9|35|11|5|7,38;8,35;8,38;9,35;9,36;15,54;16,54;17,72;35,0;36,0;41,28;41,29;42,28;42,29;43,37;44,37;58,62;61,69;62,69;70,68;70,70;70,71;71,69;71,71;72,33
36d45944-e584-41ef-8499-265864dd6a14|Carola RPT A-full 9f0d8bc0-21c8-4d8f-8ce7-2a41f3f239d4|Girder A|2026-03-09||80|80|4124996.0000000005|7621.0|4124996.0000000005|1292096.0|-3647.0|-5144.0|10832329.0|4|0|3|1|4|0,2;0,3;0,4;0,5
b3e053c2-3e89-46bc-9be0-3c0ccfd38313|Carola RPT A-full 9f0d8bc0-21c8-4d8f-8ce7-2a41f3f239d4|Girder B|2026-03-09||80|80|771725.0|7405.000000000003|771725.0|231860.00000000003|-3670.0|-2498.0|16475782.0|46|48|15|20|6|2,4;2,44;3,4;10,0;11,50;11,53;11,54;12,49;12,50;13,49;16,32;17,0;24,14;24,15;25,14;25,15;30,53;31,52;31,53;31,54;31,60;32,49;37,24;37,25;38,25;42,70;44,48;45,47;45,48;45,77;45,78;46,78;47,15;47,70;47,78;47,79;48,14;48,15;48,16;48,70;48,79;49,15;50,19;51,19;55,45;60,41
e4e070e6-e69b-4bea-8f21-bf33cd02fb1e|Carola RPT A-full 9f0d8bc0-21c8-4d8f-8ce7-2a41f3f239d4|Girder C|2026-03-09||80|80|771725.0|7581.5|771725.0|232250.00000000003|-4062.0|-3925.0|24807691.0|67|46|6|27|7|0,35;0,79;2,73;3,72;3,73;9,41;9,44;9,45;10,40;10,41;11,40;12,75;12,76;13,75;13,76;14,23;15,76;15,77;16,75;16,76;22,5;22,6;23,5;23,6;28,44;29,43;29,44;29,45;29,51;30,40;35,15;35,16;36,16;40,61;42,39;43,38;43,39;43,68;43,69;44,69;45,6;45,61;45,69;45,70;45,71;46,5;46,6;46,7;46,61;46,70;47,6;47,73;47,74;48,10;48,73;49,10;49,76;49,77;50,76;50,77;53,36;58,32;58,75;60,74;78,10;79,65;79,66
0337ade3-62cf-47cc-ba14-a74f6e14a7f5|Carola RPT A-full 9f0d8bc0-21c8-4d8f-8ce7-2a41f3f239d4|Girder A|2026-03-10||80|80|2216204.9999999995|12461.000000000002|2216204.9999999995|666868.0000000001|1001.0|707.0|10621330.0|11|79|9|7|3|9,54;36,43;43,24;60,25;65,57;65,58;66,57;75,56;79,8;79,9;79,10
35bf8615-c63a-4808-bb2f-329926832436|Carola RPT A-full 9f0d8bc0-21c8-4d8f-8ce7-2a41f3f239d4|Girder B|2026-03-10||80|80|2216204.9999999995|12776.999999999998|2216204.9999999995|666868.0000000001|2737.0|3580.0|16400403.0|15|78|1|8|6|8,46;35,35;42,16;59,17;59,73;64,49;64,50;65,49;74,48;78,0;78,1;78,2;79,0;79,1;79,2
38d5c361-ce8e-442d-93eb-93c45971d69f|Carola RPT A-full 9f0d8bc0-21c8-4d8f-8ce7-2a41f3f239d4|Girder C|2026-03-10||80|80|2400509.000000001|12941.999999999998|2400509.000000001|779825.0000000001|-3355.0|2805.0|9537106.0|9|36|75|7|3|7,38;15,77;34,27;35,75;36,75;36,76;41,8;64,41;73,40
76b74dfe-bc92-4c71-b107-edd244e2ff7b|Carola RPT A-full 9f0d8bc0-21c8-4d8f-8ce7-2a41f3f239d4|Girder A|2026-03-13||80|80|7006914.000000001|1216.9999999999998|7006914.000000001|2182441.0|1203.0|-2447.0|24124958.0|6|35|36|2|4|34,35;34,36;35,35;35,36;58,20;58,21
75c36b5b-d385-40a9-a58b-1a3056a2711c|Carola RPT A-full 9f0d8bc0-21c8-4d8f-8ce7-2a41f3f239d4|Girder B|2026-03-13||80|80|7006914.000000001|1213.0000000000005|7006914.000000001|2182441.0|1203.0|-2447.0|24124958.0|6|37|43|2|4|36,42;36,43;37,42;37,43;60,27;60,28
41628587-c3f8-40b2-ab6f-a72a97484163|Carola RPT A-full 9f0d8bc0-21c8-4d8f-8ce7-2a41f3f239d4|Girder C|2026-03-13||80|80|7006914.000000001|1203.5|7006914.000000001|2182441.0|1203.0|-2447.0|24124958.0|6|39|49|2|4|38,48;38,49;39,48;39,49;62,33;62,34
3418d978-2bcf-4c19-b471-774f060a3ba6|Carola RPT A-full 9f0d8bc0-21c8-4d8f-8ce7-2a41f3f239d4|Girder A|2026-03-15||80|80|1184201.9999999998|8384.5|1184201.9999999998|358100.0000000001|2442.0|3198.0|14233604.0|26|30|64|13|7|0,62;2,15;5,49;11,60;12,60;24,25;24,26;30,63;30,64;30,65;30,66;30,71;31,63;31,64;31,65;31,71;37,36;44,58;47,25;48,25;49,30;50,29;50,30;55,57;79,3;79,4
7a188912-a9f8-4e2d-b5e2-f3f6c9c7d50b|Carola RPT A-full 9f0d8bc0-21c8-4d8f-8ce7-2a41f3f239d4|Girder B|2026-03-15||80|80|1184201.9999999998|8081.5|1184201.9999999998|355805.0|3297.0|1515.0|17336364.0|32|28|54|15|7|0,5;2,78;3,39;9,50;10,50;22,15;22,16;28,53;28,54;28,55;28,56;28,61;29,53;29,54;29,55;29,61;35,26;42,48;42,78;43,78;44,70;44,79;45,15;45,78;45,79;46,15;47,20;48,19;48,20;53,47;78,75;79,75
e1523bd9-01c7-41f5-8c54-e93753ce770a|Carola RPT A-full 9f0d8bc0-21c8-4d8f-8ce7-2a41f3f239d4|Girder C|2026-03-15||80|80|1184201.9999999998|8295.5|1184201.9999999998|355805.0|2560.0|4782.0|26101398.0|47|27|45|20|7|1,69;1,73;1,77;2,30;2,73;2,76;2,77;8,41;9,41;11,76;12,76;14,76;14,77;21,6;21,7;27,44;27,45;27,46;27,47;27,52;28,44;28,45;28,46;28,52;34,17;41,39;41,69;42,69;43,61;43,70;43,71;44,6;44,69;44,70;44,71;45,6;46,11;46,74;47,10;47,11;47,77;48,76;48,77;48,78;52,38;77,66;78,66
14885f5f-150f-4b61-806d-a8b153ba9802|Carola RPT A-full 9f0d8bc0-21c8-4d8f-8ce7-2a41f3f239d4|Girder A|2026-03-16||80|80|838330.0|10131.0|838330.0|251865.00000000006|2327.0|1969.0|20647014.0|54|67|57|27|7|0,27;4,31;5,7;9,4;10,54;10,56;10,57;11,54;11,55;11,56;11,57;11,59;11,60;11,61;12,60;12,61;13,27;14,1;15,1;19,24;19,26;20,24;22,13;30,23;31,23;34,30;37,43;38,43;41,74;44,24;45,23;45,24;47,19;47,38;49,33;49,34;58,40;61,25;61,26;62,25;62,26;64,57;66,0;66,58;67,0;67,49;67,57;67,58;67,59;68,57;68,58;74,1;76,56;77,56
340ef6af-36ae-492e-bfaa-6335f0aa0a3b|Carola RPT A-full 9f0d8bc0-21c8-4d8f-8ce7-2a41f3f239d4|Girder B|2026-03-16||80|80|838330.0|10660.0|838330.0|251865.00000000006|2440.0|133.0|22385015.0|56|66|49|26|7|2,73;3,23;9,46;9,48;9,49;10,46;10,47;10,48;10,49;10,51;10,52;10,53;11,52;11,53;12,19;18,16;18,18;19,16;21,5;29,15;30,15;33,22;35,75;36,35;36,75;37,35;40,66;41,75;42,75;43,16;44,15;44,16;46,11;46,30;48,25;48,26;57,32;60,17;60,18;60,73;61,17;61,18;61,73;63,49;65,50;66,41;66,49;66,50;66,51;67,49;67,50;75,48;76,48;79,0;79,1;79,2
15d97db7-4e09-44db-9302-1416a2d681de|Carola RPT A-full 9f0d8bc0-21c8-4d8f-8ce7-2a41f3f239d4|Girder C|2026-03-16||80|80|1445300.0|11024.0|1445300.0|440298.00000000006|2227.0|-231.0|18213506.0|27|37|74|13|4|8,39;9,39;9,40;9,43;10,43;10,44;16,76;17,7;17,76;17,77;34,66;35,26;35,66;37,74;37,75;38,74;38,75;40,66;42,7;43,7;47,16;60,64;64,41;65,40;65,41;74,39;75,39
25f2ecaf-8d02-4a2e-9178-da87797bc09b|Carola RPT A-full 9f0d8bc0-21c8-4d8f-8ce7-2a41f3f239d4|Girder A|2026-03-19||80|80|8594029.0|1370.0|8594029.0|2830546.0000000005|-2811.0|-2948.0|15977121.0|3|78|41|1|3|77,41;78,41;78,42
89deef05-0137-4346-bb84-1c4187f561ed|Carola RPT A-full 9f0d8bc0-21c8-4d8f-8ce7-2a41f3f239d4|Girder B|2026-03-19||80|80|4552546.000000001|1352.0000000000005|4552546.000000001|1370969.9999999998|2616.0|-2522.0|9204696.0|4|79|48|3|2|12,60;51,12;79,48;79,49
96c1a628-c7fe-4f07-9e29-16ec01ec302e|Carola RPT A-full 9f0d8bc0-21c8-4d8f-8ce7-2a41f3f239d4|Girder C|2026-03-19||80|80|1801908.0|1369.0|1801908.0|728852.0|5596.0|7239.0|16713415.0|14|53|18|2|12|13,61;13,62;13,63;13,64;13,65;13,66;14,62;14,63;14,64;14,65;14,66;14,67;53,18;54,18
dddd4b1d-4eef-4c00-bfc3-c869161a8fa8|Carola RPT A-full 9f0d8bc0-21c8-4d8f-8ce7-2a41f3f239d4|Girder A|2026-03-21||80|80|3668402.0000000005|7719.5|3668402.0000000005|1194449.0000000005|-4446.0|3150.0|10932018.0|5|0|3|2|4|0,2;0,3;0,4;1,3;32,63
001b052a-c213-4755-9e3f-beac104ceaf6|Carola RPT A-full 9f0d8bc0-21c8-4d8f-8ce7-2a41f3f239d4|Girder B|2026-03-21||80|80|1194449.0000000005|7473.999999999999|1194449.0000000005|364292.0000000001|764.0|-4282.0|12778456.0|22|30|54|11|6|2,5;4,78;11,50;24,15;24,16;26,34;29,54;29,55;30,53;30,54;30,55;30,56;44,48;44,49;44,78;47,15;49,20;50,20;50,21;54,46;54,47;55,47
b70177a1-7990-4b94-aee4-4260a3dc1b47|Carola RPT A-full 9f0d8bc0-21c8-4d8f-8ce7-2a41f3f239d4|Girder C|2026-03-21||80|80|1194449.0000000005|7624.499999999998|1194449.0000000005|362632.0000000001|778.0|-5340.0|22439638.0|40|29|44|17|7|3,68;3,72;3,75;3,76;4,75;7,73;10,40;12,75;13,75;13,76;14,75;15,76;16,75;16,76;23,5;23,6;25,24;28,44;28,45;29,43;29,44;29,45;29,46;43,38;43,39;43,68;45,70;46,5;47,73;48,10;48,73;49,10;49,11;49,75;49,76;50,75;50,76;53,36;53,37;54,37
61b90aca-d77b-4e71-b99d-880ab08c6f4c|Carola RPT A-full 9f0d8bc0-21c8-4d8f-8ce7-2a41f3f239d4|Girder A|2026-03-22||80|80|2700832.0|2725.0000000000005|2700832.0|838273.0000000001|-2229.0|-3664.0|6877071.0|4|67|77|1|4|66,76;66,77;67,76;67,77
834619ec-2df7-493a-b8fa-b97e2d6efd44|Carola RPT A-full 9f0d8bc0-21c8-4d8f-8ce7-2a41f3f239d4|Girder B|2026-03-22||80|80|2700832.0|2884.9999999999995|2700832.0|838273.0000000001|-2229.0|-3664.0|6877071.0|4|65|69|1|4|64,68;64,69;65,68;65,69
fd882b1c-408d-4cfa-b447-016f27916991|Carola RPT A-full 9f0d8bc0-21c8-4d8f-8ce7-2a41f3f239d4|Girder C|2026-03-22||80|80|2700832.0|2965.0|2700832.0|838273.0000000001|-2229.0|-3664.0|6877071.0|4|64|61|1|4|63,60;63,61;64,60;64,61
8d9aec30-3eff-4db1-b330-c1a54bd4c11d|Carola RPT A-full 9f0d8bc0-21c8-4d8f-8ce7-2a41f3f239d4|Girder A|2026-04-02||80|80|1353140.0|7633.0|1353140.0|423136.99999999994|-282.0|2894.0|10888372.0|18|50|29|7|6|2,14;11,59;12,59;24,24;24,25;30,62;30,63;30,64;30,65;31,62;31,63;49,29;50,29;50,30;54,56;55,56;55,57;61,2
7dc8d7cd-7066-44f5-a9a3-fe671cea8c15|Carola RPT A-full 9f0d8bc0-21c8-4d8f-8ce7-2a41f3f239d4|Girder B|2026-04-02||80|80|1353140.0|7384.5|1353140.0|413713.00000000006|-668.0|3125.0|11876561.0|20|49|20|8|6|1,5;3,78;10,50;11,50;23,15;23,16;29,53;29,54;29,55;29,56;30,53;30,54;43,78;44,78;48,20;49,20;49,21;53,47;54,47;54,48
c51976fc-1827-4de8-913a-d3d220bbdb10|Carola RPT A-full 9f0d8bc0-21c8-4d8f-8ce7-2a41f3f239d4|Girder C|2026-04-02||80|80|1353140.0|7744.5|1353140.0|413713.00000000006|-2121.0|1159.0|16624790.0|28|47|10|13|6|1,68;1,76;2,75;2,76;8,40;9,40;11,75;14,75;14,76;21,5;21,6;27,43;27,44;27,45;27,46;28,43;28,44;41,68;42,68;44,70;46,10;46,73;47,10;47,11;48,76;51,37;52,37;52,38
2de5f622-7c13-40e7-8fae-da6db2e6901e|Carola RPT A-full 9f0d8bc0-21c8-4d8f-8ce7-2a41f3f239d4|Girder A|2026-04-03||80|80|3553325.0000000005|2625.999999999999|3553325.0000000005|1297252.9999999998|1211.0|3431.0|6221858.0|3|67|79|1|3|66,79;67,78;67,79
f410e775-abf8-4852-b32b-a876d54ca16a|Carola RPT A-full 9f0d8bc0-21c8-4d8f-8ce7-2a41f3f239d4|Girder B|2026-04-03||80|80|3553325.0000000005|2704.0|3553325.0000000005|1297252.9999999998|1211.0|3431.0|6221858.0|3|65|71|1|3|64,71;65,70;65,71
b0f9b8d1-6a41-46b7-8aca-3c0c30fcd761|Carola RPT A-full 9f0d8bc0-21c8-4d8f-8ce7-2a41f3f239d4|Girder C|2026-04-03||80|80|3553325.0000000005|2833.5|3553325.0000000005|1297252.9999999998|1211.0|3431.0|6221858.0|3|64|63|1|3|63,63;64,62;64,63
1fce4104-2d89-402c-b7ef-dff5de20ad6e|Carola RPT A-full 9f0d8bc0-21c8-4d8f-8ce7-2a41f3f239d4|Girder A|2026-04-06||80|80|4800053.000000001|1201.5|4800053.000000001|1461490.0|2751.0|-686.0|22297507.0|8|34|37|3|4|34,36;34,37;35,36;35,37;57,21;58,21;58,22;78,3
5f175592-085f-4ed1-9448-62d38b232f1e|Carola RPT A-full 9f0d8bc0-21c8-4d8f-8ce7-2a41f3f239d4|Girder B|2026-04-06||80|80|4800053.000000001|1172.0|4800053.000000001|1461490.0|2799.0|-2056.0|20418303.0|7|36|43|2|4|36,42;36,43;37,42;37,43;59,27;60,27;60,28
0b7d40e2-2a6a-4902-88bc-82bc248a4947|Carola RPT A-full 9f0d8bc0-21c8-4d8f-8ce7-2a41f3f239d4|Girder C|2026-04-06||80|80|4800053.000000001|1201.9999999999998|4800053.000000001|1461490.0|2799.0|-2056.0|20418303.0|7|38|49|2|4|38,48;38,49;39,48;39,49;61,33;62,33;62,34
2b63b4c0-7653-47dc-b138-8cd1528f8ab7|Carola RPT A-full 9f0d8bc0-21c8-4d8f-8ce7-2a41f3f239d4|Girder A|2026-04-08||80|80|867893.0000000002|2500.0|867893.0000000002|522729.99999999994|-132.0|2733.0|2661779.0|4|2|19|1|4|2,19;2,20;3,19;3,20
c122d3c1-f96f-4345-b3e8-b897686efcbc|Carola RPT A-full 9f0d8bc0-21c8-4d8f-8ce7-2a41f3f239d4|Girder B|2026-04-08||80|80|867893.0000000002|2374.5000000000005|867893.0000000002|522729.99999999994|-132.0|2733.0|2661779.0|4|0|9|1|4|0,9;0,10;1,9;1,10
aa60e443-cc57-4d83-9f30-addba37f651c|Carola RPT A-full 9f0d8bc0-21c8-4d8f-8ce7-2a41f3f239d4|Girder C|2026-04-08||80|80|540769.9999999999|2378.0000000000005|540769.9999999999|163241.00000000003|-1077.0|-428.0|2779337.0|10|0|0|6|3|0,0;0,1;0,74;21,6;23,25;51,39;52,39;57,75;57,76;57,77
d42ff2b5-03ff-46bc-8ad3-9ffdc7a4e4b2|Carola RPT A-full 9f0d8bc0-21c8-4d8f-8ce7-2a41f3f239d4|Girder A|2026-04-09||80|80|2042152.9999999998|10038.0|2042152.9999999998|619104.9999999999|-8449.0|-2333.0|13454614.0|13|45|23|6|4|11,54;12,53;12,54;18,10;18,11;19,11;45,23;45,24;46,23;46,24;46,58;62,25;68,57
3a940a21-bfd4-42ca-87cc-af5462bf7e7c|Carola RPT A-full 9f0d8bc0-21c8-4d8f-8ce7-2a41f3f239d4|Girder B|2026-04-09||80|80|2042152.9999999998|10419.0|2042152.9999999998|619104.9999999999|-8449.0|-2333.0|13454614.0|13|44|15|6|4|10,46;11,45;11,46;17,2;17,3;18,3;44,15;44,16;45,15;45,16;45,50;61,17;67,49
89228bda-b588-4ff2-aad1-ec6274e70bae|Carola RPT A-full 9f0d8bc0-21c8-4d8f-8ce7-2a41f3f239d4|Girder C|2026-04-09||80|80|2259409.0000000005|10621.5|2259409.0000000005|701297.9999999999|237.0|1399.0|13788220.0|12|37|75|6|4|8,38;9,38;13,73;37,74;37,75;38,74;38,75;42,7;42,8;43,7;59,9;65,41
22df732f-7dec-4538-a101-00ac241ac0dc|Carola RPT A-full 9f0d8bc0-21c8-4d8f-8ce7-2a41f3f239d4|Girder A|2026-04-12||80|80|1555885.0000000005|1352.0000000000005|1555885.0000000005|529849.0|3780.0|5090.0|20394274.0|20|10|51|5|12|2,28;2,54;3,28;3,54;9,48;9,49;9,50;9,51;9,52;10,48;10,49;10,50;10,51;10,52;10,53;10,54;49,5;50,4;50,5;78,41
0185d38a-c22e-4826-953a-0b30ebe1d8a1|Carola RPT A-full 9f0d8bc0-21c8-4d8f-8ce7-2a41f3f239d4|Girder B|2026-04-12||80|80|1555885.0000000005|1403.5|1555885.0000000005|529849.0|4550.0|5924.0|19105818.0|19|12|57|4|12|4,34;4,60;5,34;5,60;11,54;11,55;11,56;11,57;11,58;12,54;12,55;12,56;12,57;12,58;12,59;12,60;51,11;52,10;52,11
db1d667d-cdaf-459e-aa7d-a3e7219e882f|Carola RPT A-full 9f0d8bc0-21c8-4d8f-8ce7-2a41f3f239d4|Girder C|2026-04-12||80|80|1555885.0000000005|1399.0|1555885.0000000005|529849.0|4550.0|5924.0|19105818.0|19|14|64|4|12|6,41;6,67;7,41;7,67;13,61;13,62;13,63;13,64;13,65;14,61;14,62;14,63;14,64;14,65;14,66;14,67;53,18;54,17;54,18
1ff6f094-5dae-4e7f-a2ca-592a7057b17d|Carola RPT A-full 9f0d8bc0-21c8-4d8f-8ce7-2a41f3f239d4|Girder A|2026-04-14||80|80|910696.0|2042.0|910696.0|371453.00000000006|2482.0|697.0|2551291.0|4|3|19|1|4|3,18;3,19;4,18;4,19
28738ca6-4c95-480b-8985-ebcf264a27d1|Carola RPT A-full 9f0d8bc0-21c8-4d8f-8ce7-2a41f3f239d4|Girder B|2026-04-14||80|80|910696.0|1936.9999999999993|910696.0|371453.00000000006|2482.0|697.0|2551291.0|4|1|9|1|4|1,8;1,9;2,8;2,9
9ac67138-7bfa-426c-946a-cad889e7402a|Carola RPT A-full 9f0d8bc0-21c8-4d8f-8ce7-2a41f3f239d4|Girder C|2026-04-14||80|80|910696.0|1952.0000000000002|910696.0|301361.0|726.0|752.0|2678692.0|5|0|0|2|3|0,0;1,0;57,77;58,76;58,77
f8ebbf20-4d3a-430d-9c06-355f02935687|Carola RPT A-full 9f0d8bc0-21c8-4d8f-8ce7-2a41f3f239d4|Girder A|2026-04-15||80|80|1850825.0000000005|11763.500000000002|1850825.0000000005|564244.0|3504.0|3007.0|15995915.0|17|15|14|7|4|10,63;15,13;15,14;16,13;16,14;42,26;42,27;43,26;56,42;59,28;60,28;64,61;65,59;65,60;78,12;79,11;79,12
73bd24d3-60a4-4c72-ac17-91158dad77d2|Carola RPT A-full 9f0d8bc0-21c8-4d8f-8ce7-2a41f3f239d4|Girder B|2026-04-15||80|80|1850825.0000000005|12411.5|1850825.0000000005|564244.0|4528.0|4785.0|18142991.0|19|14|6|8|4|9,55;14,5;14,6;15,5;15,6;33,78;34,78;41,18;41,19;42,18;55,34;58,20;59,20;63,53;64,51;64,52;77,4;78,3;78,4
b31a2165-1aa1-464a-a70f-e7c48c3a591f|Carola RPT A-full 9f0d8bc0-21c8-4d8f-8ce7-2a41f3f239d4|Girder C|2026-04-15||80|80|1978056.9999999995|12469.0|1978056.9999999995|636260.0|8250.0|3010.0|16130630.0|15|34|78|7|3|13,79;14,79;31,70;32,70;34,78;35,78;35,79;39,10;39,11;40,10;53,26;56,12;57,12;61,45;62,44
c006d811-c2b4-4cca-873d-579486ecd160|Carola RPT A-full 9f0d8bc0-21c8-4d8f-8ce7-2a41f3f239d4|Girder A|2026-04-18||80|80|3997685.0000000005|1189.0|3997685.0000000005|1212713.9999999998|-4324.0|4435.0|12704241.0|6|57|21|2|4|57,20;57,21;58,20;58,21;78,2;78,3
ad5a9b46-1f1c-4521-aeb6-b09f5fdbe9ba|Carola RPT A-full 9f0d8bc0-21c8-4d8f-8ce7-2a41f3f239d4|Girder B|2026-04-18||80|80|3997685.0000000005|1186.0000000000002|3997685.0000000005|1355160.9999999998|-2067.0|4812.0|10073683.0|4|60|28|1|4|60,27;60,28;61,27;61,28
f356bd54-e53e-47cf-a302-1acf4c63e2e8|Carola RPT A-full 9f0d8bc0-21c8-4d8f-8ce7-2a41f3f239d4|Girder C|2026-04-18||80|80|3997685.0000000005|1165.0|3997685.0000000005|1355160.9999999998|-2067.0|4812.0|10073683.0|4|62|34|1|4|62,33;62,34;63,33;63,34
fe0c5723-4272-4db8-ba9d-e9b42582531f|Carola RPT A-full 9f0d8bc0-21c8-4d8f-8ce7-2a41f3f239d4|Girder A|2026-04-19||80|80|12645981.0|8104.999999999998|12645981.0|3900752.0000000005|-713.0|8361.0|51609912.0|7|32|33|4|4|31,7;32,32;32,33;33,32;33,33;50,55;74,31
ad2691ad-a8e5-4fc3-8731-70ddce056651|Carola RPT A-full 9f0d8bc0-21c8-4d8f-8ce7-2a41f3f239d4|Girder B|2026-04-19||80|80|12645981.0|8096.5|12645981.0|3900752.0000000005|-713.0|8361.0|51609912.0|7|34|40|4|4|33,14;34,39;34,40;35,39;35,40;52,62;76,38
a3a20206-9a8f-4580-9869-58e8b0d6794f|Carola RPT A-full 9f0d8bc0-21c8-4d8f-8ce7-2a41f3f239d4|Girder C|2026-04-19||80|80|12645981.0|8125.0|12645981.0|3900752.0000000005|-713.0|8361.0|51609912.0|7|36|46|4|4|35,20;36,45;36,46;37,45;37,46;54,68;78,44
705613fa-0bb9-431a-8490-c23f30d3052a|Carola RPT A-full 9f0d8bc0-21c8-4d8f-8ce7-2a41f3f239d4|Girder A|2026-04-20||80|80|853885.0000000001|2385.0|853885.0000000001|319552.00000000006|710.0|-2371.0|2018387.0|4|3|19|1|4|2,19;3,18;3,19;3,20
86d8691b-8881-462d-9757-5a9091ba1eba|Carola RPT A-full 9f0d8bc0-21c8-4d8f-8ce7-2a41f3f239d4|Girder B|2026-04-20||80|80|853885.0000000001|2304.0|853885.0000000001|260649.99999999997|835.0|-2866.0|2279037.0|5|2|10|2|4|1,10;2,9;2,10;2,11;43,79
3a2b6060-2670-4452-ab40-763d6dec2aa4|Carola RPT A-full 9f0d8bc0-21c8-4d8f-8ce7-2a41f3f239d4|Girder C|2026-04-20||80|80|853885.0000000001|2293.0|853885.0000000001|260649.99999999997|11.0|-2069.0|3622248.0|8|0|0|3|5|0,0;0,1;41,69;57,75;57,76;57,77;58,76;58,77
1e690cd6-e1ad-48d1-88fb-565452c1e3ec|Carola RPT A-full 9f0d8bc0-21c8-4d8f-8ce7-2a41f3f239d4|Girder A|2026-04-21||80|80|1730357.0000000002|10697.0|1730357.0000000002|521457.99999999994|-7737.0|-133.0|15772520.0|18|18|11|6|5|11,54;12,53;12,54;18,11;18,12;19,11;45,23;45,24;46,23;46,24;59,39;62,25;62,26;67,58;68,57;68,58;68,59;69,57
0425182e-d490-4c45-8c49-3a0df967db6f|Carola RPT A-full 9f0d8bc0-21c8-4d8f-8ce7-2a41f3f239d4|Girder B|2026-04-21||80|80|1730357.0000000002|11131.5|1730357.0000000002|521457.99999999994|-7737.0|-133.0|15772520.0|18|16|3|6|5|9,46;10,45;10,46;16,3;16,4;17,3;43,15;43,16;44,15;44,16;57,31;60,17;60,18;65,50;66,49;66,50;66,51;67,49
c4dcfb4e-2ef0-4378-adb6-84026939f58d|Carola RPT A-full 9f0d8bc0-21c8-4d8f-8ce7-2a41f3f239d4|Girder C|2026-04-21||80|80|1649439.9999999995|11554.000000000002|1649439.9999999995|495125.0000000001|-995.0|3243.0|19718160.0|24|38|74|9|5|8,37;9,36;9,37;9,39;16,76;17,75;17,76;35,26;37,74;37,75;38,74;38,75;42,6;42,7;43,6;43,7;56,22;59,8;59,9;64,41;65,40;65,41;65,42;66,40
8743c8bc-8b18-43ac-947f-781d85525daf|Carola RPT A-full 9f0d8bc0-21c8-4d8f-8ce7-2a41f3f239d4|Girder A|2026-05-01||80|80|4057690.000000001|6617.0|4057690.000000001|1220185.0000000005|481.0|-10371.0|47998750.0|23|33|27|9|5|20,50;22,12;32,27;32,33;32,34;33,26;33,27;34,26;34,27;50,55;50,56;51,13;52,13;52,14;53,33;53,34;54,35;73,31;73,32;74,31;74,32;75,3;76,3
109030c9-e3d8-4d27-b126-efa4421086e2|Carola RPT A-full 9f0d8bc0-21c8-4d8f-8ce7-2a41f3f239d4|Girder B|2026-05-01||80|80|4057690.000000001|6817.0|4057690.000000001|1220185.0000000005|481.0|-10371.0|47998750.0|23|35|33|9|5|22,56;24,18;34,33;34,39;34,40;35,32;35,33;36,32;36,33;52,61;52,62;53,19;54,19;54,20;55,39;55,40;56,41;75,37;75,38;76,37;76,38;77,9;78,9
86da2f8b-d835-4918-ad60-a35706eca2c7|Carola RPT A-full 9f0d8bc0-21c8-4d8f-8ce7-2a41f3f239d4|Girder C|2026-05-01||80|80|4057690.000000001|6772.999999999999|4057690.000000001|1220185.0000000005|1187.0|-8864.0|45229265.0|22|37|39|9|5|24,62;26,24;36,39;36,45;36,46;37,38;37,39;38,38;38,39;54,67;54,68;55,25;56,25;56,26;57,45;57,46;58,47;77,43;77,44;78,43;78,44;79,15
0d9d52de-d53e-44d8-b85f-0a6acb849c8f|Carola RPT A-full 9f0d8bc0-21c8-4d8f-8ce7-2a41f3f239d4|Girder A|2026-05-02||80|80|1895042.0|8515.999999999996|1895042.0|571149.0|916.0|-3914.0|9719848.0|10|0|4|4|3|0,3;0,4;0,5;12,60;12,61;13,60;31,71;50,30;51,30;51,31
c3bedc8b-4424-4bd3-9365-a21b1ac68bb3|Carola RPT A-full 9f0d8bc0-21c8-4d8f-8ce7-2a41f3f239d4|Girder B|2026-05-02||80|80|1317845.0|8068.0|1317845.0|418625.0000000001|-5621.0|-278.0|11469735.0|19|50|21|9|4|11,51;11,52;12,51;24,16;24,17;30,54;30,55;30,56;30,57;30,62;31,62;44,79;47,72;49,21;49,22;50,21;50,22;56,53;71,29
c0c4cf1f-d45f-46de-9e6d-b0e7aa8e832f|Carola RPT A-full 9f0d8bc0-21c8-4d8f-8ce7-2a41f3f239d4|Girder C|2026-05-02||80|80|1317845.0|8357.000000000004|1317845.0|418625.0000000001|-6428.0|172.0|14992688.0|26|48|11|14|4|9,41;9,42;10,41;12,76;15,76;22,6;22,7;28,44;28,45;28,46;28,47;28,52;29,52;42,69;44,71;45,62;45,71;47,11;47,12;47,74;48,11;48,12;54,43;58,76;58,77;69,19
2cd3379b-9372-4a3f-9395-1dd7f668cfae|Carola RPT A-full 9f0d8bc0-21c8-4d8f-8ce7-2a41f3f239d4|Girder A|2026-05-03||80|80|1686372.9999999998|10136.5|1686372.9999999998|527545.0|-2584.0|-6408.0|13643912.0|17|19|11|7|4|10,3;12,53;12,54;18,11;18,12;19,11;45,23;45,24;46,23;46,24;46,79;62,25;62,26;63,25;67,58;68,57;68,58
93ade7b8-1510-4e04-8762-137958c45e0f|Carola RPT A-full 9f0d8bc0-21c8-4d8f-8ce7-2a41f3f239d4|Girder B|2026-05-03||80|80|1686372.9999999998|10746.5|1686372.9999999998|540009.9999999999|-2069.0|-7568.0|13710777.0|17|17|2|7|4|10,44;10,45;16,2;16,3;17,2;36,74;43,14;43,15;44,14;44,15;44,70;60,16;60,17;61,16;65,49;66,48;66,49
c9b752d5-5b0e-4572-8cd0-bdff0670c01d|Carola RPT A-full 9f0d8bc0-21c8-4d8f-8ce7-2a41f3f239d4|Girder C|2026-05-03||80|80|1979923.9999999998|11090.0|1979923.9999999998|594368.9999999999|912.0|-7350.0|15030442.0|17|38|74|8|4|9,36;9,37;16,76;17,76;17,77;35,66;37,74;38,74;38,75;42,6;42,7;43,6;43,7;43,62;60,8;64,41;65,40
c48cff2f-19fe-4e37-87e4-1b2157e4fa99|Carola RPT A-full 9f0d8bc0-21c8-4d8f-8ce7-2a41f3f239d4|Girder A|2026-05-04||80|80|1902020.0000000005|13245.5|1902020.0000000005|579365.0|-2000.0|-914.0|16940382.0|19|18|10|9|4|11,53;12,60;13,60;17,11;18,10;18,11;19,10;44,23;45,23;45,78;45,79;46,58;62,24;62,25;66,57;67,57;67,58;68,56;77,55
0083cc54-c31f-48bb-91ba-ded557759b63|Carola RPT A-full 9f0d8bc0-21c8-4d8f-8ce7-2a41f3f239d4|Girder B|2026-05-04||80|80|1902020.0000000005|13948.5|1902020.0000000005|579365.0|-822.0|-591.0|20182785.0|22|16|2|11|4|9,45;10,52;11,52;15,3;16,2;16,3;17,2;35,74;42,15;43,15;43,70;43,71;44,50;60,16;60,17;64,49;65,49;65,50;66,48;75,47;79,0;79,1
5ffbe16e-5ede-41e6-9a2d-5cc11c842b49|Carola RPT A-full 9f0d8bc0-21c8-4d8f-8ce7-2a41f3f239d4|Girder C|2026-05-04||80|80|2370017.0000000005|14396.999999999998|2370017.0000000005|731704.9999999998|-4674.0|3453.0|17777515.0|16|37|75|8|4|8,37;9,44;10,44;16,76;17,76;34,66;37,74;37,75;38,74;38,75;42,7;59,8;59,9;64,41;64,42;65,40
635eaf5e-c07e-4292-8160-0932ca323959|Carola RPT A-full 9f0d8bc0-21c8-4d8f-8ce7-2a41f3f239d4|Girder A|2026-05-06||80|80|8983957.0|6645.0|8983957.0|3298765.0000000005|588.0|-5342.0|33185414.0|6|78|40|2|4|76,15;77,15;78,40;78,41;79,40;79,41
9da07e44-decb-4067-97f2-9722d4f4af8b|Carola RPT A-full 9f0d8bc0-21c8-4d8f-8ce7-2a41f3f239d4|Girder B|2026-05-06||80|80|3736157.0000000005|6757.0|3736157.0000000005|1219140.0|6345.0|833.0|20420884.0|10|79|22|6|2|39,22;40,22;68,64;70,26;70,27;76,25;78,22;79,22;79,47;79,48
96f65519-ad8b-4bda-be69-87a29d44f7e0|Carola RPT A-full 9f0d8bc0-21c8-4d8f-8ce7-2a41f3f239d4|Girder C|2026-05-06||80|80|2030264.9999999998|6599.5|2030264.9999999998|615305.0|4642.0|54.0|23734198.0|24|72|33|11|3|7,37;8,34;8,37;9,34;9,35;17,71;41,28;42,27;42,28;43,36;59,29;69,70;70,68;70,70;71,33;71,68;71,70;72,20;72,21;72,32;72,33;78,31;78,32;79,31
3b5c3fb4-f08e-49d0-b4f6-90d6c6282f5a|Carola RPT A-full 9f0d8bc0-21c8-4d8f-8ce7-2a41f3f239d4|Girder A|2026-05-08||80|80|1544328.0000000005|7268.499999999999|1544328.0000000005|523361.0|2051.0|-511.0|5671508.0|6|0|3|3|3|0,2;0,3;0,4;12,59;31,63;31,64
706b1fcb-4a97-4044-9a21-319d3528738f|Carola RPT A-full 9f0d8bc0-21c8-4d8f-8ce7-2a41f3f239d4|Girder B|2026-05-08||80|80|865460.0|7210.5|865460.0|260796.9999999999|-1591.0|-1449.0|12647578.0|31|29|53|14|7|1,4;9,54;10,49;10,50;11,49;14,32;23,14;23,15;28,53;28,54;29,52;29,53;29,54;29,55;29,60;30,53;30,60;43,47;43,48;43,77;45,70;45,79;48,71;48,72;49,19;49,20;49,71;49,72;53,45;54,46;54,47
ad58f710-8582-4814-a279-b75ec7129198|Carola RPT A-full 9f0d8bc0-21c8-4d8f-8ce7-2a41f3f239d4|Girder C|2026-05-08||80|80|865460.0|7451.499999999999|865460.0|260796.9999999999|-3508.0|-690.0|21592318.0|51|28|44|19|7|2,72;2,73;2,75;2,76;2,77;3,75;3,76;8,45;9,40;9,41;10,40;11,75;12,75;12,76;13,23;13,75;13,76;15,76;22,5;22,6;27,44;27,45;28,43;28,44;28,45;28,46;28,51;29,44;29,51;42,38;42,39;42,68;44,61;44,70;44,71;46,73;47,62;47,63;47,72;47,73;48,10;48,11;48,62;48,63;52,36;53,37;53,38;57,75;57,76;58,75;58,76
0b80af95-0fec-4439-90f0-0b3affc9641b|Carola RPT A-full 9f0d8bc0-21c8-4d8f-8ce7-2a41f3f239d4|Girder A|2026-05-09||80|80|1589965.0000000005|12459.0|1589965.0000000005|493927.99999999994|6841.0|-4511.0|17683272.0|25|13|64|10|6|12,60;12,64;13,64;13,65;14,64;18,15;19,14;19,15;45,27;46,27;46,62;59,43;60,43;62,29;63,28;63,29;67,61;67,62;67,64;67,65;68,60;68,61;68,62;69,60;78,59
8878a45b-0fac-487d-9ba2-0f283e7eab86|Carola RPT A-full 9f0d8bc0-21c8-4d8f-8ce7-2a41f3f239d4|Girder A|2026-05-09||80|80|2235152.0000000005|10088.0|2235152.0000000005|902621.0000000001|3506.0|-1182.0|9080326.0|7|0|3|4|3|0,2;0,3;0,4;12,59;31,63;31,64;51,29
2a3709a5-4414-499b-ab0a-74f05a241a17|Carola RPT A-full 9f0d8bc0-21c8-4d8f-8ce7-2a41f3f239d4|Girder B|2026-05-09||80|80|1589965.0000000005|13250.0|1589965.0000000005|492868.0|7363.0|-3055.0|20149268.0|29|11|56|13|6|2,76;10,52;10,56;11,56;11,57;12,56;16,7;17,6;17,7;35,78;36,78;39,76;43,19;44,19;44,54;57,35;58,35;60,21;61,20;61,21;65,53;65,54;65,56;65,57;66,52;66,53;66,54;67,52;76,51
3bb58faa-a4a3-4f25-8f0c-57d19d4a5e41|Carola RPT A-full 9f0d8bc0-21c8-4d8f-8ce7-2a41f3f239d4|Girder B|2026-05-09||80|80|1232153.0|9787.5|1232153.0|377784.99999999994|-1941.0|-499.0|13872054.0|24|50|19|13|5|2,4;8,26;10,54;11,49;11,50;12,49;24,14;24,15;30,52;30,53;30,54;30,55;30,60;31,53;31,60;44,48;44,77;46,79;47,79;49,19;50,19;50,20;54,43;55,46
184c3892-9990-48ed-8172-240bc717483e|Carola RPT A-full 9f0d8bc0-21c8-4d8f-8ce7-2a41f3f239d4|Girder C|2026-05-09||80|80|2125952.0|13783.5|2125952.0|649744.9999999999|-759.0|2393.0|15074754.0|15|38|79|8|4|10,48;34,70;35,70;37,78;37,79;38,78;38,79;42,11;43,11;56,27;59,13;60,13;65,44;65,45;75,43
2e5b9aa3-c82a-448f-9b95-16e7f2febcbd|Carola RPT A-full 9f0d8bc0-21c8-4d8f-8ce7-2a41f3f239d4|Girder C|2026-05-09||80|80|1232153.0|10118.5|1232153.0|376448.0|-4550.0|2260.0|25542750.0|41|48|10|17|5|2,72;2,75;2,76;2,77;3,75;3,76;6,17;8,45;9,40;9,41;10,40;11,75;12,75;12,76;13,75;13,76;22,5;22,6;28,43;28,44;28,45;28,46;28,51;29,44;29,51;42,39;42,68;44,70;45,70;46,73;47,10;47,72;47,73;48,10;48,11;52,34;53,37;57,75;57,76;58,75;58,76
e5093849-d22e-4a16-aabd-547ec8e3b122|Carola RPT A-full 9f0d8bc0-21c8-4d8f-8ce7-2a41f3f239d4|Girder A|2026-05-12||80|80|3517065.0|1226.0000000000002|3517065.0|1084618.0|-5620.0|-2599.0|15310973.0|8|58|21|4|4|6,0;34,36;34,37;57,21;57,22;58,21;58,22;78,3
89565686-8111-4d52-be52-66992364e00e|Carola RPT A-full 9f0d8bc0-21c8-4d8f-8ce7-2a41f3f239d4|Girder B|2026-05-12||80|80|3517065.0|1210.0000000000002|3517065.0|1084618.0|-6247.0|-1360.0|13382723.0|7|60|27|3|4|8,6;36,42;36,43;59,27;59,28;60,27;60,28
9d2cd469-9a09-4971-acf8-c2495b5ed09b|Carola RPT A-full 9f0d8bc0-21c8-4d8f-8ce7-2a41f3f239d4|Girder C|2026-05-12||80|80|3517065.0|1225.0|3517065.0|1084618.0|-6247.0|-1360.0|13382723.0|7|62|33|3|4|10,12;38,48;38,49;61,33;61,34;62,33;62,34
a6be34b8-18cd-4b77-ae51-25baf7338449|Carola RPT A-full 9f0d8bc0-21c8-4d8f-8ce7-2a41f3f239d4|Girder A|2026-05-13||80|80|5196305.0|8144.999999999998|5196305.0|1560633.9999999998|5851.0|2037.0|63793132.0|24|49|58|9|4|21,14;21,15;22,15;29,10;30,10;30,11;31,36;32,29;32,36;33,29;33,30;49,58;50,58;51,15;51,16;52,36;53,37;53,38;54,38;72,34;73,33;73,34;75,5;75,6
09284121-d831-4c9d-9941-c71bdd09d1ed|Carola RPT A-full 9f0d8bc0-21c8-4d8f-8ce7-2a41f3f239d4|Girder B|2026-05-13||80|80|5196305.0|7963.5|5196305.0|1560633.9999999998|5851.0|2037.0|63793132.0|24|51|64|9|4|23,20;23,21;24,21;31,16;32,16;32,17;33,42;34,35;34,42;35,35;35,36;51,64;52,64;53,21;53,22;54,42;55,43;55,44;56,44;74,40;75,39;75,40;77,11;77,12
1a06dfa4-1bc1-4d6e-b9e9-984f3f824769|Carola RPT A-full 9f0d8bc0-21c8-4d8f-8ce7-2a41f3f239d4|Girder C|2026-05-13||80|80|5196305.0|7890.499999999998|5196305.0|1560633.9999999998|9195.0|1960.0|58067615.0|22|54|71|8|4|26,27;26,28;27,28;34,23;35,23;35,24;36,49;37,42;37,49;38,42;38,43;54,71;55,71;56,28;56,29;57,49;58,50;58,51;59,51;77,47;78,46;78,47
d5f99408-c718-4c65-9008-a68bfba07e97|Carola RPT A-full 9f0d8bc0-21c8-4d8f-8ce7-2a41f3f239d4|Girder A|2026-05-14||80|80|1540305.9999999998|8486.5|1540305.9999999998|462499.99999999994|-431.0|7559.0|13295016.0|16|0|5|6|6|0,4;0,5;0,6;12,61;12,62;25,26;25,27;30,65;31,63;31,64;31,65;31,66;31,67;32,72;50,31;51,31
0da80cab-42bc-4854-a6ee-64f146a890f2|Carola RPT A-full 9f0d8bc0-21c8-4d8f-8ce7-2a41f3f239d4|Girder B|2026-05-14||80|80|1199785.0|7931.5|1199785.0|360400.0|-1724.0|4579.0|15488583.0|25|50|21|9|8|2,6;11,51;11,52;15,34;24,16;24,17;29,55;29,56;30,53;30,54;30,55;30,56;30,57;30,62;31,54;31,61;31,62;44,79;49,21;49,73;49,74;50,20;50,21;50,22;50,73
a90d30e1-2b32-4091-af88-79f645b64753|Carola RPT A-full 9f0d8bc0-21c8-4d8f-8ce7-2a41f3f239d4|Girder C|2026-05-14||80|80|1199785.0|8205.000000000002|1199785.0|360400.0|-4152.0|3963.0|22996569.0|39|48|11|15|8|2,73;2,74;3,76;9,41;9,42;11,76;12,76;13,24;15,76;15,77;22,6;22,7;27,45;27,46;28,43;28,44;28,45;28,46;28,47;28,52;29,44;29,51;29,52;42,69;44,71;46,74;47,11;47,63;47,64;47,73;47,74;48,10;48,11;48,12;48,63;57,76;57,77;58,76;58,77
a37f4b1c-bbad-4239-b573-19deac64a8b8|Carola RPT A-full 9f0d8bc0-21c8-4d8f-8ce7-2a41f3f239d4|Girder A|2026-05-15||80|80|2570193.0|2139.5|2570193.0|791173.0000000001|-2137.0|-2932.0|6022071.0|4|69|76|1|4|68,76;69,75;69,76;70,76
2f59a836-86c0-4f4e-899a-ff8a15495004|Carola RPT A-full 9f0d8bc0-21c8-4d8f-8ce7-2a41f3f239d4|Girder B|2026-05-15||80|80|2570193.0|2320.0|2570193.0|791173.0000000001|-2137.0|-2932.0|6022071.0|4|67|68|1|4|66,68;67,67;67,68;68,68
884b6e1f-2e0e-47c6-860f-8a4205f6b17b|Carola RPT A-full 9f0d8bc0-21c8-4d8f-8ce7-2a41f3f239d4|Girder C|2026-05-15||80|80|2570193.0|2404.9999999999995|2570193.0|791173.0000000001|-2137.0|-2932.0|6022071.0|4|66|60|1|4|65,60;66,59;66,60;67,60
901f5d29-dd18-4c71-aebb-7ba5cb379b8b|Carola RPT A-full 9f0d8bc0-21c8-4d8f-8ce7-2a41f3f239d4|Girder A|2026-06-01||80|80|3338285.0|7637.5|3338285.0|1140296.0|4788.0|-572.0|8103264.0|4|0|4|2|3|0,3;0,4;0,5;51,30
d71635c8-3bbb-4223-9559-7a1d00a51af3|Carola RPT A-full 9f0d8bc0-21c8-4d8f-8ce7-2a41f3f239d4|Girder B|2026-06-01||80|80|1140296.0|7219.0|1140296.0|378965.0|521.0|233.0|7394066.0|14|50|20|8|3|11,50;11,54;12,50;24,15;25,15;30,52;31,52;45,78;50,19;50,20;50,72;51,20;55,46;55,47
2ad5221a-8ef7-4517-a647-554ff74d3120|Carola RPT A-full 9f0d8bc0-21c8-4d8f-8ce7-2a41f3f239d4|Girder C|2026-06-01||80|80|1140296.0|7725.000000000002|1140296.0|356480.0|1507.0|-2555.0|12455930.0|23|48|11|13|4|2,73;2,77;3,73;3,76;3,77;4,76;9,41;9,45;10,41;12,76;22,6;23,6;28,43;29,43;43,69;45,71;48,10;48,11;48,63;49,11;49,77;53,37;53,38
60def6d2-c52a-4d77-a1c1-77370c709af7|Carola RPT A-full 9f0d8bc0-21c8-4d8f-8ce7-2a41f3f239d4|Girder A|2026-06-02||80|80|873434.0000000002|2809.5|873434.0000000002|342211.99999999994|201.0|3122.0|2698649.0|5|3|18|1|5|3,17;3,18;3,19;4,18;4,19
cf238e99-af73-47fa-90a0-ca309ba61e36|Carola RPT A-full 9f0d8bc0-21c8-4d8f-8ce7-2a41f3f239d4|Girder A|2026-06-02||80|80|1370803.9999999998|12406.0|1370803.9999999998|413124.9999999999|6084.0|978.0|20249446.0|32|10|57|15|6|8,36;9,55;9,56;9,57;10,56;10,57;10,58;11,64;12,30;12,64;16,14;17,14;30,30;32,32;39,79;40,79;43,27;44,27;60,29;61,28;61,29;63,50;64,50;65,61;65,62;66,3;66,60;66,61;66,62;67,60;71,15;76,59
60d1687a-8bb9-4f8c-a5df-97c7112df2f1|Carola RPT A-full 9f0d8bc0-21c8-4d8f-8ce7-2a41f3f239d4|Girder B|2026-06-02||80|80|873434.0000000002|2690.0000000000005|873434.0000000002|342211.99999999994|201.0|3122.0|2698649.0|5|2|9|1|5|2,8;2,9;2,10;3,9;3,10
852261e4-b54c-40b2-84bc-b91cbaeebf9b|Carola RPT A-full 9f0d8bc0-21c8-4d8f-8ce7-2a41f3f239d4|Girder B|2026-06-02||80|80|1370803.9999999998|13104.999999999998|1370803.9999999998|413124.9999999999|8336.0|1786.0|25576542.0|41|8|49|18|6|0,76;6,28;7,47;7,48;7,49;8,48;8,49;8,50;9,56;10,22;10,56;14,6;15,6;28,22;30,24;33,77;33,78;34,78;37,71;38,71;41,19;42,19;58,21;59,20;59,21;61,42;61,73;62,42;63,53;63,54;64,52;64,53;64,54;65,52;69,7;74,51;78,4;78,5;79,3;79,4;79,5
71de38df-023c-4a49-9634-35ae82a8d3a6|Carola RPT A-full 9f0d8bc0-21c8-4d8f-8ce7-2a41f3f239d4|Girder C|2026-06-02||80|80|595816.0|2649.999999999999|595816.0|210370.0|-897.0|1150.0|1862843.0|6|0|0|3|2|0,0;1,0;1,73;1,74;57,76;58,76
b1135b94-7ee6-4b45-aee5-f607ebeeaf48|Carola RPT A-full 9f0d8bc0-21c8-4d8f-8ce7-2a41f3f239d4|Girder C|2026-06-02||80|80|1547874.0000000002|13469.0|1547874.0000000002|465624.99999999994|-3182.0|645.0|24124803.0|34|36|78|16|5|1,72;6,40;7,40;7,41;7,42;8,48;12,77;29,16;32,69;32,70;33,70;35,78;35,79;36,63;36,78;36,79;38,78;38,79;40,11;41,11;42,77;43,77;57,13;58,12;58,13;60,34;60,65;61,34;62,45;62,46;63,44;63,45;63,46;79,26
48e9065c-18c9-415c-9411-fedd8b3e2b8d|Carola RPT A-full 9f0d8bc0-21c8-4d8f-8ce7-2a41f3f239d4|Girder A|2026-06-05||80|80|7494840.999999998|8009.5|7494840.999999998|2251953.9999999995|320.0|-8486.0|52689630.0|15|69|24|7|4|21,15;22,15;30,11;49,58;49,59;50,58;50,59;51,16;52,58;53,59;54,59;69,24;69,25;70,24;75,6
d44c14b0-d51e-40d3-9c22-cfe3f277f41d|Carola RPT A-full 9f0d8bc0-21c8-4d8f-8ce7-2a41f3f239d4|Girder B|2026-06-05||80|80|7494840.999999998|7990.0|7494840.999999998|2251953.9999999995|320.0|-8486.0|52689630.0|15|71|30|7|4|23,21;24,21;32,17;51,64;51,65;52,64;52,65;53,22;54,64;55,65;56,65;71,30;71,31;72,30;77,12
b2b97ce2-acf5-48d1-b1c1-b76d1362c9fd|Carola RPT A-full 9f0d8bc0-21c8-4d8f-8ce7-2a41f3f239d4|Girder C|2026-06-05||80|80|7494840.999999998|8079.499999999998|7494840.999999998|2251953.9999999995|491.0|-10112.0|50016513.0|14|74|37|6|4|26,28;27,28;35,24;54,71;54,72;55,71;55,72;56,29;57,71;58,72;59,72;74,37;74,38;75,37
0a72d95b-a5e0-42b0-9102-ecd6fa25cbc1|Carola RPT A-full 9f0d8bc0-21c8-4d8f-8ce7-2a41f3f239d4|Girder A|2026-06-06||80|80|12834472.0|8397.0|12834472.0|4746113.000000001|-4757.0|-12572.0|50650317.0|7|31|36|3|3|31,35;31,36;32,36;49,58;68,24;69,23;69,24
8167916b-6156-4617-9c00-f023241c8fd0|Carola RPT A-full 9f0d8bc0-21c8-4d8f-8ce7-2a41f3f239d4|Girder B|2026-06-06||80|80|12834472.0|8235.0|12834472.0|4746113.000000001|-4757.0|-12572.0|50650317.0|7|34|43|3|3|34,42;34,43;35,43;52,65;71,31;72,30;72,31
02707721-aef3-47de-901d-36b769634868|Carola RPT A-full 9f0d8bc0-21c8-4d8f-8ce7-2a41f3f239d4|Girder C|2026-06-06||80|80|12834472.0|8270.999999999998|12834472.0|4746113.000000001|-4757.0|-12572.0|50650317.0|7|36|49|3|3|36,48;36,49;37,49;54,71;73,37;74,36;74,37
10928f8b-a7d0-4aea-bef0-9dfa336b3759|Carola RPT A-full 9f0d8bc0-21c8-4d8f-8ce7-2a41f3f239d4|Girder A|2026-06-07||80|80|601573.0000000001|2339.9999999999995|601573.0000000001|193957.0|975.0|1823.0|2529544.0|7|3|19|2|5|0,4;0,5;3,18;3,19;3,20;4,19;4,20
7d3d9d6d-f25f-4750-ad1f-47f07522ef61|Carola RPT A-full 9f0d8bc0-21c8-4d8f-8ce7-2a41f3f239d4|Girder B|2026-06-07||80|80|601573.0000000001|2197.0|601573.0000000001|203690.00000000003|308.0|2904.0|2295892.0|6|1|10|2|5|1,9;1,10;1,11;2,10;2,11;47,72
924e0a31-836d-4915-b372-3067215dad55|Carola RPT A-full 9f0d8bc0-21c8-4d8f-8ce7-2a41f3f239d4|Girder C|2026-06-07||80|80|601573.0000000001|2209.9999999999995|601573.0000000001|187205.0|1208.0|1776.0|2844932.0|9|0|0|5|4|0,0;0,1;1,0;1,1;1,74;1,75;44,73;46,62;58,77
05a8dea8-751c-4c03-82a6-e269d2f03fc6|Carola RPT A-full 9f0d8bc0-21c8-4d8f-8ce7-2a41f3f239d4|Girder A|2026-06-08||80|80|1543697.9999999998|10768.5|1543697.9999999998|520010.0|5777.0|1892.0|14542523.0|18|18|11|6|4|11,53;11,54;12,53;12,54;18,10;18,11;19,10;19,11;41,75;41,76;45,23;45,24;46,23;62,25;67,57;67,58;68,56;68,57
8b2ed9ad-7003-4a67-a28e-6534d608d100|Carola RPT A-full 9f0d8bc0-21c8-4d8f-8ce7-2a41f3f239d4|Girder B|2026-06-08||80|80|1543697.9999999998|11272.5|1543697.9999999998|513882.00000000006|6994.0|1131.0|16233249.0|21|16|3|8|4|9,45;9,46;10,45;10,46;16,2;16,3;17,2;17,3;35,74;38,72;39,67;39,68;39,72;43,15;43,16;44,15;60,17;65,49;65,50;66,48;66,49
dff85daa-fd25-4d3a-be2a-bd73839f6d31|Carola RPT A-full 9f0d8bc0-21c8-4d8f-8ce7-2a41f3f239d4|Girder C|2026-06-08||80|80|4311882.0|11517.0|4311882.0|1472647.9999999998|-4297.0|-5777.0|14590654.0|6|34|73|2|4|34,73;34,74;35,73;35,74;37,75;38,75
b42b9c18-9539-40a5-a317-04a9bde6a715|Carola RPT A-full 9f0d8bc0-21c8-4d8f-8ce7-2a41f3f239d4|Girder A|2026-06-09||80|80|1811921.0|14500.0|1811921.0|560344.9999999999|-7186.0|-3385.0|16767339.0|18|17|11|8|5|11,53;11,54;17,10;17,11;18,10;18,11;40,75;44,23;44,24;45,23;61,25;64,47;64,57;66,57;66,58;67,56;67,57;67,58
7c19f9b9-216a-43f4-acd8-f5d55801d43c|Carola RPT A-full 9f0d8bc0-21c8-4d8f-8ce7-2a41f3f239d4|Girder B|2026-06-09||80|80|1811921.0|15466.500000000002|1811921.0|547373.0|-8165.0|-4299.0|20289872.0|23|15|3|11|5|9,45;9,46;15,2;15,3;16,2;16,3;34,74;37,72;38,67;38,72;42,15;42,16;43,15;59,17;62,39;62,49;64,49;64,50;65,48;65,49;65,50;79,0;79,1
76b71386-7083-41eb-8535-dae1c3764d2c|Carola RPT A-full 9f0d8bc0-21c8-4d8f-8ce7-2a41f3f239d4|Girder C|2026-06-09||80|80|2162530.0|15724.999999999998|2162530.0|698803.9999999999|-6114.0|2788.0|17244830.0|16|36|75|8|4|8,38;15,76;16,77;33,66;36,74;36,75;37,59;37,74;37,75;41,7;42,7;58,9;63,41;63,42;64,40;64,41
d188fccb-3105-4913-9d62-94c35529e42b|Carola RPT A-full 9f0d8bc0-21c8-4d8f-8ce7-2a41f3f239d4|Girder A|2026-06-11||80|80|4611573.000000001|6089.0|4611573.000000001|1458045.0000000002|1098.0|-2646.0|24333366.0|9|78|34|5|3|21,73;21,74;22,73;37,15;76,15;77,41;78,34;78,41;79,34
b04d878a-d7fc-43ab-831b-f672bb50648c|Carola RPT A-full 9f0d8bc0-21c8-4d8f-8ce7-2a41f3f239d4|Girder B|2026-06-11||80|80|2936425.0000000005|6099.000000000002|2936425.0000000005|896389.0|917.0|-3177.0|11781670.0|9|78|22|7|2|39,22;42,40;67,64;69,15;76,25;77,22;78,22;79,47;79,48
d43858e1-df81-4736-aa9b-9dd35b7d7ee9|Carola RPT A-full 9f0d8bc0-21c8-4d8f-8ce7-2a41f3f239d4|Girder C|2026-06-11||80|80|1469283.9999999998|6146.5|1469283.9999999998|447305.00000000006|2364.0|-1551.0|26455757.0|40|41|28|18|4|8,34;8,35;9,35;13,61;13,62;16,71;16,72;17,59;17,71;19,69;21,50;22,49;22,50;37,8;40,28;41,28;41,29;42,28;44,46;44,47;58,61;63,65;64,66;69,68;69,70;70,68;70,70;71,20;71,21;71,32;71,33;71,74;72,21;72,33;72,73;77,31;77,32;78,31;78,32;79,28
a5bdcb97-3c3d-4748-a42b-e94ace4782b8|Carola RPT A-full 9f0d8bc0-21c8-4d8f-8ce7-2a41f3f239d4|Girder A|2026-06-14||80|80|1641890.0|2701.0000000000005|1641890.0|732624.9999999999|1016.0|1233.0|2374515.0|2|67|79|1|2|67,79;68,79
e9ab2a95-2e90-458a-9b2d-2ef77d8dd577|Carola RPT A-full 9f0d8bc0-21c8-4d8f-8ce7-2a41f3f239d4|Girder A|2026-06-14||80|80|713881.9999999999|2560.0000000000005|713881.9999999999|214284.99999999997|984.0|2475.0|3757735.0|9|4|19|5|5|0,3;3,17;3,18;3,19;4,18;4,19;25,25;39,35;61,8
0ab6fb48-6799-4d97-85cf-653c8e2a18d8|Carola RPT A-full 9f0d8bc0-21c8-4d8f-8ce7-2a41f3f239d4|Girder B|2026-06-14||80|80|2611232.0|2825.5000000000005|2611232.0|1352948.0|2721.0|1999.0|5606070.0|3|66|72|1|3|66,71;66,72;67,72
6cf119a4-fef2-4883-97be-ffc7d77c5519|Carola RPT A-full 9f0d8bc0-21c8-4d8f-8ce7-2a41f3f239d4|Girder B|2026-06-14||80|80|713881.9999999999|2420.0000000000005|713881.9999999999|222436.0|1087.0|2170.0|3303013.0|7|2|9|3|5|1,7;1,8;1,9;2,8;2,9;23,15;37,25
170979ee-7c45-430e-86b1-fabb7f5cda0f|Carola RPT A-full 9f0d8bc0-21c8-4d8f-8ce7-2a41f3f239d4|Girder C|2026-06-14||80|80|2611232.0|2960.0000000000005|2611232.0|1352948.0|2721.0|1999.0|5606070.0|3|64|63|1|3|64,62;64,63;65,63
8c368917-4cac-43cf-b27a-fdc70d27c80b|Carola RPT A-full 9f0d8bc0-21c8-4d8f-8ce7-2a41f3f239d4|Girder C|2026-06-14||80|80|713881.9999999999|2409.9999999999995|713881.9999999999|222436.0|553.0|3496.0|3860529.0|10|1|0|5|4|0,0;1,0;1,73;1,74;22,6;36,16;58,74;58,75;58,76;58,77
2eeb8b1b-a61e-4800-8d5e-92379bb2744b|Carola RPT A-full 9f0d8bc0-21c8-4d8f-8ce7-2a41f3f239d4|Girder A|2026-06-18||80|80|7979546.000000001|7521.000000000001|7979546.000000001|2452839.9999999995|1176.0|-394.0|45824226.0|11|69|24|6|4|21,15;32,29;32,30;33,29;33,30;49,58;51,16;69,24;70,24;75,5;75,6
ffce6acb-7f1c-4f82-945c-865e80d763d6|Carola RPT A-full 9f0d8bc0-21c8-4d8f-8ce7-2a41f3f239d4|Girder B|2026-06-18||80|80|7979546.000000001|7367.0|7979546.000000001|2452839.9999999995|1176.0|-394.0|45824226.0|11|71|30|6|4|23,21;34,35;34,36;35,35;35,36;51,64;53,22;71,30;72,30;77,11;77,12
a53cdd89-7c13-479c-81d6-824ef86b3d34|Carola RPT A-full 9f0d8bc0-21c8-4d8f-8ce7-2a41f3f239d4|Girder C|2026-06-18||80|80|7979546.000000001|7373.000000000002|7979546.000000001|2452839.9999999995|4531.0|-360.0|40074579.0|9|74|37|5|4|26,28;37,42;37,43;38,42;38,43;54,71;56,29;74,37;75,37
3809b0cc-add8-472a-a304-095d6ff17d7e|Carola RPT A-full 9f0d8bc0-21c8-4d8f-8ce7-2a41f3f239d4|Girder A|2026-07-02||80|80|704437.0|2067.5|704437.0|241393.99999999997|2327.0|-1627.0|2225396.0|5|3|18|1|5|3,17;3,18;3,19;4,18;4,19
deda3fe9-1e8b-4a0f-b845-cae3bf2d5930|Carola RPT A-full 9f0d8bc0-21c8-4d8f-8ce7-2a41f3f239d4|Girder B|2026-07-02||80|80|704437.0|1949.0|704437.0|241393.99999999997|2327.0|-1627.0|2225396.0|5|2|9|1|5|2,8;2,9;2,10;3,9;3,10
6081c358-3e30-49b2-834f-0b491b2862f9|Carola RPT A-full 9f0d8bc0-21c8-4d8f-8ce7-2a41f3f239d4|Girder C|2026-07-02||80|80|536537.0000000001|1931.5000000000002|536537.0000000001|161864.0|-114.0|-634.0|1617654.0|6|0|0|4|2|0,0;1,0;1,73;1,74;44,71;57,76
410e2910-f01b-4119-bee6-5e63a79d0e2e|Carola RPT A-full 9f0d8bc0-21c8-4d8f-8ce7-2a41f3f239d4|Girder A|2026-07-03||80|80|1606922.0000000005|13744.5|1606922.0000000005|507944.00000000006|-5075.0|3496.0|21922735.0|28|17|12|10|9|9,49;10,54;10,55;10,56;10,57;16,12;17,11;17,12;28,49;43,24;44,24;44,25;52,47;60,26;61,26;63,47;63,48;63,58;64,48;64,58;65,58;65,59;66,57;66,58;66,59;67,57;67,58;76,56
0c3541e7-ecbc-4fca-8c1b-cdea3850f9c7|Carola RPT A-full 9f0d8bc0-21c8-4d8f-8ce7-2a41f3f239d4|Girder B|2026-07-03||80|80|1606922.0000000005|14169.0|1606922.0000000005|507944.00000000006|-6699.0|1618.0|24209183.0|32|16|4|13|9|8,41;9,46;9,47;9,48;9,49;15,4;16,3;16,4;27,41;35,75;35,76;39,73;42,16;43,16;43,17;51,39;59,18;60,18;62,39;62,40;62,50;63,40;63,50;64,50;64,51;65,49;65,50;65,51;66,49;66,50;68,74;75,48
6347004a-fadf-45a8-afd9-3a8444de4216|Carola RPT A-full 9f0d8bc0-21c8-4d8f-8ce7-2a41f3f239d4|Girder C|2026-07-03||80|80|2412484.9999999995|14544.5|2412484.9999999995|728449.0|-7517.0|2554.0|12923939.0|12|36|75|4|5|7,38;35,75;36,74;36,75;40,7;41,7;41,8;61,41;62,41;63,40;63,41;63,42
5ed06777-ce68-40b3-a8f1-b3c1e25e0f75|Carola RPT A-full 9f0d8bc0-21c8-4d8f-8ce7-2a41f3f239d4|Girder A|2026-07-06||80|80|6767802.000000001|5905.0|6767802.000000001|2094385.0|-8269.0|-7995.0|39697982.0|12|34|29|6|3|32,34;33,29;33,34;34,29;34,30;50,58;52,15;52,16;70,23;70,24;71,24;76,5
cc199d99-f23e-42b2-8073-5959ab5ad0ca|Carola RPT A-full 9f0d8bc0-21c8-4d8f-8ce7-2a41f3f239d4|Girder B|2026-07-06||80|80|6767802.000000001|5770.000000000001|6767802.000000001|2094385.0|-8269.0|-7995.0|39697982.0|12|36|36|6|3|34,41;35,36;35,41;36,36;36,37;52,65;54,22;54,23;72,30;72,31;73,31;78,12
aa306687-91ed-4e08-b8ca-1179e4ea2055|Carola RPT A-full 9f0d8bc0-21c8-4d8f-8ce7-2a41f3f239d4|Girder C|2026-07-06||80|80|6767802.000000001|5788.5|6767802.000000001|2094385.0|-8457.0|-9679.0|36826782.0|11|38|42|5|3|36,47;37,42;37,47;38,42;38,43;54,71;56,28;56,29;74,36;74,37;75,37
703017d5-abc8-4234-b33f-34b19077c965|Carola RPT A-full 9f0d8bc0-21c8-4d8f-8ce7-2a41f3f239d4|Girder A|2026-07-08||80|80|1219210.0|9977.5|1219210.0|369085.0|1735.0|-377.0|14136442.0|23|50|29|9|6|10,63;11,59;11,60;11,63;11,64;12,59;30,62;30,63;30,64;31,62;31,63;31,64;37,34;44,57;44,58;45,58;46,78;49,29;50,29;50,30;51,29;56,62;61,2
ebc74910-248c-47a6-ba59-7eb8750305c5|Carola RPT A-full 9f0d8bc0-21c8-4d8f-8ce7-2a41f3f239d4|Girder B|2026-07-08||80|80|1219210.0|9605.0|1219210.0|369085.0|504.0|-815.0|16568489.0|28|49|19|9|6|9,53;10,49;10,50;10,53;10,54;11,49;29,52;29,53;29,54;30,52;30,53;30,54;36,24;43,47;43,48;43,77;44,48;44,77;45,68;45,78;45,79;46,78;46,79;48,19;49,19;49,20;50,19;55,52
2baf9fd3-b763-47e1-9874-0a79bd370e96|Carola RPT A-full 9f0d8bc0-21c8-4d8f-8ce7-2a41f3f239d4|Girder C|2026-07-08||80|80|1455364.9999999998|9817.0|1455364.9999999998|437858.00000000006|-3042.0|2948.0|25096116.0|38|2|76|13|6|1,72;1,73;1,76;1,77;2,72;2,73;2,75;2,76;2,77;8,40;8,44;9,40;11,75;11,76;12,75;12,76;27,43;27,44;27,45;28,43;28,44;28,45;34,15;41,38;41,39;41,68;42,39;42,68;43,69;44,69;44,70;46,10;46,72;47,10;47,11;48,10;53,43;57,76
6e41218d-aaa5-4b56-9cc4-79dc8e9b8a73|Carola RPT A-full 9f0d8bc0-21c8-4d8f-8ce7-2a41f3f239d4|Girder A|2026-07-09||80|80|1054346.0|10515.0|1054346.0|317607.99999999994|-1898.0|9641.0|21692377.0|44|46|23|18|10|1,27;7,76;10,48;11,48;12,53;12,54;12,56;12,57;13,53;13,54;16,1;18,11;19,11;19,15;41,12;41,69;43,33;45,23;45,24;46,23;46,24;46,58;62,25;62,26;63,24;63,25;63,26;65,46;65,47;65,57;65,59;66,46;66,47;66,57;67,57;67,58;68,56;68,57;68,58;68,59;69,56;69,57;77,55;78,55
d255ad92-de80-4c66-98a2-959d968c6c3c|Carola RPT A-full 9f0d8bc0-21c8-4d8f-8ce7-2a41f3f239d4|Girder B|2026-07-09||80|80|1054346.0|10965.5|1054346.0|317607.99999999994|-3758.0|11864.0|24268404.0|50|44|15|21|10|2,73;5,68;8,40;9,40;10,45;10,46;10,48;10,49;11,45;11,46;16,3;17,3;17,7;36,74;36,75;39,4;39,61;41,25;42,78;42,79;43,15;43,16;44,15;44,16;44,50;60,17;60,18;61,16;61,17;61,18;63,38;63,39;63,49;63,51;64,38;64,39;64,49;65,49;65,50;66,48;66,49;66,50;66,51;67,48;67,49;70,74;71,74;75,47;76,47;79,1
d4760953-836a-4ff8-831a-cc93d3cec381|Carola RPT A-full 9f0d8bc0-21c8-4d8f-8ce7-2a41f3f239d4|Girder C|2026-07-09||80|80|1998317.0|11284.999999999998|1998317.0|613721.0|2396.0|4809.0|10035423.0|11|38|75|5|3|9,37;9,38;37,75;38,74;38,75;42,7;43,7;43,8;62,41;65,41;65,42
35c561b5-f770-467f-8888-f4e79376fc51|Carola RPT A-full 9f0d8bc0-21c8-4d8f-8ce7-2a41f3f239d4|Girder A|2026-07-12||80|80|8770973.000000002|6883.999999999998|8770973.000000002|2642880.999999999|10756.0|960.0|60261024.0|13|32|33|6|5|31,32;31,33;32,31;32,32;32,33;33,26;34,26;49,55;50,55;51,13;69,21;70,21;75,2
fdd4fa38-8ac5-40f3-a8ac-4799501e63c3|Carola RPT A-full 9f0d8bc0-21c8-4d8f-8ce7-2a41f3f239d4|Girder B|2026-07-12||80|80|8770973.000000002|6880.499999999999|8770973.000000002|2642880.999999999|10756.0|960.0|60261024.0|13|35|39|6|5|34,38;34,39;35,37;35,38;35,39;36,32;37,32;52,61;53,61;54,19;72,27;73,27;78,8
fcb91cc2-627e-41ef-a79b-3cb11bc3d936|Carola RPT A-full 9f0d8bc0-21c8-4d8f-8ce7-2a41f3f239d4|Girder C|2026-07-12||80|80|8770973.000000002|6777.0|8770973.000000002|2642880.999999999|12446.0|152.0|56752060.0|12|37|46|5|5|36,45;36,46;37,44;37,45;37,46;38,39;39,39;54,68;55,68;56,26;74,34;75,34
3d815f35-e7be-47ad-a6d3-fca284c65a72|Carola RPT A-full 9f0d8bc0-21c8-4d8f-8ce7-2a41f3f239d4|Girder A|2026-07-14||80|80|1824605.0|7585.5|1824605.0|564124.9999999999|-1605.0|-903.0|9612872.0|9|0|3|5|3|0,3;0,4;12,59;31,62;31,63;31,64;50,29;51,29;62,2
363d5413-f283-40b5-b319-b115a120f71d|Carola RPT A-full 9f0d8bc0-21c8-4d8f-8ce7-2a41f3f239d4|Girder B|2026-07-14||80|80|1132325.0|7327.999999999999|1132325.0|339865.00000000006|98.0|-388.0|10024618.0|18|30|54|7|6|11,50;11,51;12,50;24,15;24,16;29,54;30,53;30,54;30,55;30,58;31,53;31,54;44,49;46,79;47,79;49,20;50,20;50,21
13f2b326-5b2b-441c-a06c-eb9c6bca6942|Carola RPT A-full 9f0d8bc0-21c8-4d8f-8ce7-2a41f3f239d4|Girder C|2026-07-14||80|80|1132325.0|7592.000000000002|1132325.0|339865.00000000006|2227.0|-73.0|13705264.0|27|28|44|11|6|2,72;2,73;2,76;3,75;9,40;9,41;10,40;12,75;12,76;22,5;22,6;27,44;28,43;28,44;28,45;28,48;29,43;29,44;42,39;44,69;44,70;45,69;45,70;47,10;47,72;48,10;48,11
3a246c5f-870b-4218-b11e-ef9eb2bc2f4d|Carola RPT A-full 9f0d8bc0-21c8-4d8f-8ce7-2a41f3f239d4|Girder A|2026-07-15||80|80|3069255.9999999995|2817.5000000000005|3069255.9999999995|2759809.0|1850.0|2181.0|5829065.0|2|68|77|1|2|67,77;68,77
fed2fcb3-1b4a-4313-9a72-d7de1aa006d8|Carola RPT A-full 9f0d8bc0-21c8-4d8f-8ce7-2a41f3f239d4|Girder B|2026-07-15||80|80|3069255.9999999995|3035.499999999999|3069255.9999999995|2759809.0|1850.0|2181.0|5829065.0|2|67|68|1|2|66,68;67,68
5f5ecfea-60cc-465a-b700-87fb2cffc257|Carola RPT A-full 9f0d8bc0-21c8-4d8f-8ce7-2a41f3f239d4|Girder C|2026-07-15||80|80|3069255.9999999995|3183.0|3069255.9999999995|2759809.0|1850.0|2181.0|5829065.0|2|66|60|1|2|65,60;66,60
dbc280f8-a713-44b9-97dc-3880d0f94707|Carola RPT A-full 9f0d8bc0-21c8-4d8f-8ce7-2a41f3f239d4|Girder A|2026-07-18||80|80|6602524.999999999|5497.999999999999|6602524.999999999|2012391.9999999998|-4856.0|-10406.0|49625766.0|14|32|36|6|6|31,34;31,35;31,36;32,34;32,35;32,36;33,29;33,30;49,58;50,58;51,16;69,24;70,24;75,6
bb8a2b8a-8f1b-498c-96e5-e9723a4af8bb|Carola RPT A-full 9f0d8bc0-21c8-4d8f-8ce7-2a41f3f239d4|Girder B|2026-07-18||80|80|6602524.999999999|5300.000000000001|6602524.999999999|2012391.9999999998|-4856.0|-10406.0|49625766.0|14|35|42|6|6|34,40;34,41;34,42;35,40;35,41;35,42;36,35;36,36;52,64;53,64;54,22;72,30;73,30;78,12
dde1b232-b31a-48bf-9575-9bc379c52fc8|Carola RPT A-full 9f0d8bc0-21c8-4d8f-8ce7-2a41f3f239d4|Girder C|2026-07-18||80|80|6602524.999999999|5305.0|6602524.999999999|2012391.9999999998|-5987.0|-11374.0|47409581.0|13|37|49|5|6|36,47;36,48;36,49;37,47;37,48;37,49;38,42;38,43;54,71;55,71;56,29;74,37;75,37
8e5b7af2-e2c7-4ca4-90ab-e07af3847924|Carola RPT A-full 9f0d8bc0-21c8-4d8f-8ce7-2a41f3f239d4|Girder A|2026-07-20||80|80|974362.0000000002|2597.0|974362.0000000002|324386.0000000001|1494.0|3429.0|3412657.0|6|3|18|1|6|2,18;3,17;3,18;3,19;4,18;4,19
f62fefdb-7327-4322-bf5b-c48b7796f7de|Carola RPT A-full 9f0d8bc0-21c8-4d8f-8ce7-2a41f3f239d4|Girder B|2026-07-20||80|80|974362.0000000002|2437.000000000001|974362.0000000002|324386.0000000001|1494.0|3429.0|3412657.0|6|2|8|1|6|1,8;2,7;2,8;2,9;3,8;3,9
8bb23fef-6e95-4c4e-a7df-bafdded3a56f|Carola RPT A-full 9f0d8bc0-21c8-4d8f-8ce7-2a41f3f239d4|Girder C|2026-07-20||80|80|864801.9999999999|2405.0000000000005|864801.9999999999|278605.0|-15.0|1256.0|2663237.0|6|0|0|2|4|0,0;1,0;57,74;57,75;58,74;58,75
66a6c4be-cef4-45b7-ad1f-1274493adfdd|Carola RPT A-full 9f0d8bc0-21c8-4d8f-8ce7-2a41f3f239d4|Girder A|2026-07-21||80|80|1155745.0|10899.000000000004|1155745.0|350522.0|-5332.0|-1388.0|20844870.0|38|46|24|15|9|10,46;11,54;11,56;12,54;12,55;12,56;12,57;16,1;18,11;19,11;19,12;35,64;45,23;45,24;46,23;46,24;46,58;53,47;62,22;62,25;62,26;63,25;65,47;65,57;66,47;66,48;66,57;66,58;66,60;67,57;67,58;68,0;68,57;68,58;68,59;69,57;77,56;78,56
d930542a-ae92-4146-aa52-c50a82da1037|Carola RPT A-full 9f0d8bc0-21c8-4d8f-8ce7-2a41f3f239d4|Girder B|2026-07-21||80|80|1155745.0|11562.5|1155745.0|350522.0|-7618.0|-2384.0|22652992.0|41|44|16|17|9|2,73;8,38;9,46;9,48;10,46;10,47;10,48;10,49;16,3;17,3;17,4;33,56;35,75;36,75;40,73;42,79;43,15;43,16;44,15;44,16;44,50;51,39;60,14;60,17;60,18;61,17;63,39;63,49;64,39;64,40;64,49;64,50;64,52;65,49;65,50;66,49;66,50;66,51;67,49;75,48;76,48
20e57d46-288a-4dc7-bc59-6b312b7f9290|Carola RPT A-full 9f0d8bc0-21c8-4d8f-8ce7-2a41f3f239d4|Girder C|2026-07-21||80|80|1609298.0|11860.0|1609298.0|503824.0|-7131.0|4343.0|18193888.0|23|38|74|9|5|9,37;9,38;9,39;9,40;32,47;34,66;35,66;37,74;37,75;38,74;38,75;42,6;42,7;43,6;43,7;59,9;62,30;62,40;64,40;64,41;65,40;65,41;65,42
783c4ff6-27e5-41b2-b712-4c819cf7f489|Carola RPT A-full 9f0d8bc0-21c8-4d8f-8ce7-2a41f3f239d4|Girder A|2026-07-24||80|80|10749448.0|8430.0|10749448.0|3415085.0000000005|-6808.0|3943.0|54784521.0|10|32|33|5|4|30,7;32,31;32,32;32,33;33,33;49,55;50,55;52,13;69,21;70,21
94524ae9-02f3-47a1-8748-b68b2730823f|Carola RPT A-full 9f0d8bc0-21c8-4d8f-8ce7-2a41f3f239d4|Girder B|2026-07-24||80|80|10749448.0|8339.0|10749448.0|3415085.0000000005|-6808.0|3943.0|54784521.0|10|35|39|5|4|33,13;35,37;35,38;35,39;36,39;52,61;53,61;55,19;72,27;73,27
2ae3a647-3e3c-4569-8c91-993dfece4f49|Carola RPT A-full 9f0d8bc0-21c8-4d8f-8ce7-2a41f3f239d4|Girder C|2026-07-24||80|80|10749448.0|8108.999999999998|10749448.0|3415085.0000000005|-6808.0|3943.0|54784521.0|10|37|45|5|4|35,19;37,43;37,44;37,45;38,45;54,67;55,67;57,25;74,33;75,33
52d509cf-154c-4259-b6e6-9ad1ed0f1633|Carola RPT A-full 9f0d8bc0-21c8-4d8f-8ce7-2a41f3f239d4|Girder A|2026-08-01||80|80|1040739.9999999999|2739.0|1040739.9999999999|503872.99999999994|-364.0|-3055.0|3228343.0|4|2|19|1|4|2,18;2,19;3,18;3,19
fa2aecb8-d3a2-4010-8d34-00841871442d|Carola RPT A-full 9f0d8bc0-21c8-4d8f-8ce7-2a41f3f239d4|Girder B|2026-08-01||80|80|1040739.9999999999|2601.0|1040739.9999999999|503872.99999999994|-364.0|-3055.0|3228343.0|4|1|10|1|4|1,9;1,10;2,9;2,10
e533fa59-2149-4315-a287-900eb1ea69ee|Carola RPT A-full 9f0d8bc0-21c8-4d8f-8ce7-2a41f3f239d4|Girder C|2026-08-01||80|80|882245.0000000001|2574.0|882245.0000000001|380113.00000000006|326.0|-1440.0|1262358.0|2|0|0|2|1|0,0;57,75
08385242-b3c5-4a0d-91cd-58cf63641c79|Carola RPT A-full 9f0d8bc0-21c8-4d8f-8ce7-2a41f3f239d4|Girder A|2026-08-02||80|80|1285488.9999999995|10221.000000000002|1285488.9999999995|394284.9999999999|7698.0|2750.0|15394834.0|24|45|23|10|7|10,48;11,48;11,53;12,53;12,56;18,10;18,11;19,10;19,11;45,23;46,23;62,25;62,45;65,46;65,47;65,57;66,57;67,57;67,58;68,56;68,57;68,58;77,55;78,55
ccae18a7-348f-49fe-a914-a43c9e10d4a8|Carola RPT A-full 9f0d8bc0-21c8-4d8f-8ce7-2a41f3f239d4|Girder B|2026-08-02||80|80|1285488.9999999995|10637.0|1285488.9999999995|393597.0|5522.0|4510.0|18728140.0|31|44|15|14|7|3,73;9,40;10,40;10,45;11,45;11,48;17,2;17,3;18,2;18,3;36,74;36,75;37,74;41,72;43,78;43,79;44,15;45,15;61,17;61,37;64,38;64,39;64,49;65,49;66,49;66,50;67,48;67,49;67,50;76,47;77,47
76eb7a8e-a459-42cb-917b-ed8132524483|Carola RPT A-full 9f0d8bc0-21c8-4d8f-8ce7-2a41f3f239d4|Girder C|2026-08-02||80|80|1285488.9999999995|11091.0|1285488.9999999995|393597.0|3930.0|7409.0|20884359.0|33|42|7|15|7|1,65;7,32;8,32;8,37;9,37;9,40;16,76;17,76;34,66;34,67;35,66;37,74;37,75;38,74;38,75;39,64;41,70;41,71;42,7;43,7;59,9;59,29;62,30;62,31;62,41;63,41;64,41;64,42;65,40;65,41;65,42;74,39;75,39
ba987a00-d9f9-4047-bbfb-e6d1ad0e4d7a|Carola RPT A-full 9f0d8bc0-21c8-4d8f-8ce7-2a41f3f239d4|Girder A|2026-08-05||80|80|7820228.0|6738.000000000001|7820228.0|2350905.9999999995|-80.0|-7225.0|54480075.0|13|33|32|6|5|32,32;32,33;33,31;33,32;33,33;50,55;52,12;52,13;54,33;54,34;70,20;70,21;76,2
9fd3e9cd-aaee-4de8-b394-cee660d22f17|Carola RPT A-full 9f0d8bc0-21c8-4d8f-8ce7-2a41f3f239d4|Girder B|2026-08-05||80|80|7820228.0|6625.0|7820228.0|2350905.9999999995|-80.0|-7225.0|54480075.0|13|35|39|6|5|34,39;34,40;35,38;35,39;35,40;52,62;54,19;54,20;56,40;56,41;72,27;72,28;78,9
f6d36f78-8666-4ea2-b0c0-3966410c073b|Carola RPT A-full 9f0d8bc0-21c8-4d8f-8ce7-2a41f3f239d4|Girder C|2026-08-05||80|80|7820228.0|6505.0|7820228.0|2350905.9999999995|-2017.0|-7587.0|50597062.0|12|37|45|5|5|36,45;36,46;37,44;37,45;37,46;54,68;56,25;56,26;58,46;58,47;74,33;74,34
ca7b4c75-744c-453a-b072-8eaa0438c3b1|Carola RPT A-full 9f0d8bc0-21c8-4d8f-8ce7-2a41f3f239d4|Girder A|2026-08-07||80|80|765125.0|2068.9999999999995|765125.0|267977.0|-3749.0|-386.0|2947867.0|6|4|18|1|6|3,17;3,18;3,19;4,17;4,18;4,19
5b1df83a-467f-41a9-8444-0678ec8e2337|Carola RPT A-full 9f0d8bc0-21c8-4d8f-8ce7-2a41f3f239d4|Girder B|2026-08-07||80|80|765125.0|1893.5|765125.0|267977.0|-3749.0|-386.0|2947867.0|6|3|9|1|6|2,8;2,9;2,10;3,8;3,9;3,10
b7775feb-05be-455a-8105-46422ba853c3|Carola RPT A-full 9f0d8bc0-21c8-4d8f-8ce7-2a41f3f239d4|Girder C|2026-08-07||80|80|460330.0000000001|1853.0000000000007|460330.0000000001|142245.0|-1808.0|-1360.0|1654390.0|7|2|0|5|2|1,0;2,0;2,73;26,24;46,70;46,71;59,76
f47f91e1-33ec-48d9-ba8c-e8bfa2b098ee|Carola RPT A-full 9f0d8bc0-21c8-4d8f-8ce7-2a41f3f239d4|Girder A|2026-08-08||80|80|1321645.0000000002|12800.000000000002|1321645.0000000002|401125.0000000001|-5933.0|1754.0|20794813.0|34|44|24|16|9|5,66;8,4;9,49;10,54;10,55;11,54;11,55;17,12;18,12;43,24;44,24;44,25;44,59;44,79;54,38;56,32;58,40;60,26;61,25;61,26;63,58;64,48;64,58;64,78;65,49;65,58;65,59;66,57;66,58;66,59;67,57;67,58;76,56;76,57
8d4f0145-f5eb-4f41-9631-cc508232ed5b|Carola RPT A-full 9f0d8bc0-21c8-4d8f-8ce7-2a41f3f239d4|Girder B|2026-08-08||80|80|1356506.0|13446.500000000002|1356506.0|408770.0|-5898.0|-4042.0|25555196.0|40|79|2|18|9|2,74;4,58;8,41;9,46;9,47;10,47;16,4;35,75;35,76;42,16;42,73;43,16;43,17;43,51;43,71;43,72;43,73;44,72;53,30;55,24;57,32;59,18;60,17;60,18;62,50;63,50;63,70;64,41;64,50;64,51;65,49;65,50;65,51;66,49;66,50;75,48;75,49;79,1;79,2;79,3
6fb3b174-c2dd-4a7b-91f1-2489875b9ff2|Carola RPT A-full 9f0d8bc0-21c8-4d8f-8ce7-2a41f3f239d4|Girder C|2026-08-08||80|80|2984321.0|13737.0|2984321.0|929456.9999999999|-6306.0|-730.0|10382578.0|8|37|75|4|3|37,75;38,75;42,7;42,8;42,63;64,41;64,42;65,41
085eb374-b658-49f0-899f-5f1e58e27ec5|Carola RPT A-full 9f0d8bc0-21c8-4d8f-8ce7-2a41f3f239d4|Girder A|2026-08-11||80|80|5994740.0|5486.0|5994740.0|1819040.0000000002|3635.0|-4082.0|54753903.0|16|33|36|8|4|32,35;32,36;32,61;33,35;33,36;34,29;34,30;35,30;50,58;51,58;52,16;70,24;71,24;73,7;76,5;76,6
adb9d3c4-9ecf-4cfd-865c-e5c9c46447e7|Carola RPT A-full 9f0d8bc0-21c8-4d8f-8ce7-2a41f3f239d4|Girder B|2026-08-11||80|80|5994740.0|5412.0|5994740.0|1819040.0000000002|3635.0|-4082.0|54753903.0|16|35|42|8|4|34,41;34,42;34,67;35,41;35,42;36,35;36,36;37,36;52,64;53,64;54,22;72,30;73,30;75,13;78,11;78,12
53cc4e7d-4cd9-4aaa-b2d9-d21d02de5447|Carola RPT A-full 9f0d8bc0-21c8-4d8f-8ce7-2a41f3f239d4|Girder C|2026-08-11||80|80|5994740.0|5570.0|5994740.0|1819040.0000000002|4088.0|-7088.0|50036920.0|14|37|49|7|4|36,48;36,49;36,74;37,48;37,49;38,42;38,43;39,43;54,71;55,71;56,29;74,37;75,37;77,20
dc8a0aae-ae62-4703-a0e0-476bdb0562df|Carola RPT A-full 9f0d8bc0-21c8-4d8f-8ce7-2a41f3f239d4|Girder A|2026-08-13||80|80|1001843.9999999999|9868.5|1001843.9999999999|302189.0000000001|-122.0|2498.0|24305806.0|50|27|51|19|7|0,4;2,14;2,15;10,64;11,59;11,60;11,61;11,64;12,59;12,60;12,70;13,69;13,70;15,18;16,18;24,24;24,25;24,44;26,50;26,51;27,50;27,51;30,62;30,63;30,64;30,65;31,62;31,63;31,64;31,70;37,35;38,35;44,58;44,59;45,58;45,59;46,78;46,79;49,29;49,69;49,70;49,71;50,29;50,30;50,70;51,30;55,56;56,62;61,2;61,3
e90a071f-7a79-464b-8084-12dd20888ad6|Carola RPT A-full 9f0d8bc0-21c8-4d8f-8ce7-2a41f3f239d4|Girder B|2026-08-13||80|80|1001843.9999999999|9434.0|1001843.9999999999|302189.0000000001|159.0|1296.0|24466033.0|51|26|42|20|7|1,5;1,6;3,79;9,55;10,50;10,51;10,52;10,55;11,50;11,51;11,61;12,60;12,61;14,9;15,9;23,15;23,16;23,35;25,41;25,42;26,41;26,42;29,53;29,54;29,55;29,56;30,53;30,54;30,55;30,61;36,26;37,26;43,49;43,50;43,78;43,79;44,49;44,50;45,69;45,70;46,79;48,20;48,60;48,61;48,62;49,20;49,21;49,61;50,21;54,47;55,53
e1308d89-b3a9-4493-a26c-b99f238f216b|Carola RPT A-full 9f0d8bc0-21c8-4d8f-8ce7-2a41f3f239d4|Girder C|2026-08-13||80|80|1001843.9999999999|9510.5|1001843.9999999999|302189.0000000001|590.0|609.0|32170317.0|65|24|32|25|7|1,69;1,72;1,73;1,76;1,77;2,73;2,75;2,76;7,45;8,40;8,41;8,42;8,45;9,40;9,41;9,51;10,50;10,51;11,76;12,76;14,75;14,76;17,77;21,5;21,6;21,25;23,31;23,32;24,31;24,32;27,43;27,44;27,45;27,46;28,43;28,44;28,45;28,51;34,16;35,16;41,39;41,40;41,68;41,69;42,39;42,40;43,59;43,60;43,70;43,79;44,69;44,70;46,10;46,50;46,51;46,52;47,10;47,11;47,51;48,11;52,37;53,43;76,73;77,73;77,74
239fa94e-9423-4bed-9a76-199dd1e888e4|Carola RPT A-full 9f0d8bc0-21c8-4d8f-8ce7-2a41f3f239d4|Girder A|2026-08-14||80|80|1099219.9999999995|11008.999999999998|1099219.9999999995|331970.0|965.0|-1450.0|21411785.0|39|45|23|17|8|6,65;7,65;9,2;10,2;10,3;10,48;11,48;11,53;11,56;12,53;12,54;12,56;13,60;34,20;41,68;45,22;45,23;45,57;45,58;45,60;45,78;45,79;46,23;46,57;46,78;62,24;62,25;62,44;64,46;65,46;65,56;65,57;66,57;67,56;67,57;67,58;68,56;68,57;77,55
af2d07af-aa0c-46ea-9a78-92e9cf39a4af|Carola RPT A-full 9f0d8bc0-21c8-4d8f-8ce7-2a41f3f239d4|Girder B|2026-08-14||80|80|1099219.9999999995|11542.5|1099219.9999999995|331408.9999999999|4864.0|-2.0|23952066.0|45|44|15|21|8|3,72;5,57;6,57;9,40;10,40;10,45;10,48;11,45;11,46;11,48;12,52;33,12;36,74;37,74;40,60;42,79;43,78;43,79;44,14;44,15;44,49;44,50;44,52;44,70;44,71;44,72;45,15;45,49;45,70;60,75;61,16;61,17;61,36;62,72;63,38;64,38;64,48;64,49;65,49;66,48;66,49;66,50;67,48;67,49;76,47
7b01cb60-6204-49ac-8502-a00f182e6336|Carola RPT A-full 9f0d8bc0-21c8-4d8f-8ce7-2a41f3f239d4|Girder C|2026-08-14||80|80|1839825.0|11698.000000000002|1839825.0|554522.0000000001|6335.0|-5360.0|22268473.0|26|37|74|10|6|3,49;8,37;9,37;9,40;16,76;16,77;16,78;17,76;17,77;17,78;37,74;37,75;38,74;38,75;41,70;42,7;42,62;42,63;43,7;43,62;59,8;59,9;64,41;64,42;65,40;65,41
b90cfc1f-6b86-4193-b126-2f259a73955a|Carola RPT A-full 9f0d8bc0-21c8-4d8f-8ce7-2a41f3f239d4|Girder A|2026-08-17||80|80|9681040.999999998|8659.0|9681040.999999998|2997216.9999999995|10158.0|-15568.0|88802830.0|18|32|32|8|6|22,11;31,7;32,31;32,32;32,33;33,31;33,32;33,33;34,26;34,27;50,54;50,55;51,55;52,12;52,13;70,20;70,21;76,2
364e26c6-ef3f-453c-b649-89a79cef9ba9|Carola RPT A-full 9f0d8bc0-21c8-4d8f-8ce7-2a41f3f239d4|Girder B|2026-08-17||80|80|9681040.999999998|8530.0|9681040.999999998|2997216.9999999995|10158.0|-15568.0|88802830.0|18|34|39|8|6|24,18;33,14;34,38;34,39;34,40;35,38;35,39;35,40;36,33;36,34;52,61;52,62;53,62;54,19;54,20;72,27;72,28;78,9
6b82cdb8-15e0-4f3f-a49e-2001cbb71c36|Carola RPT A-full 9f0d8bc0-21c8-4d8f-8ce7-2a41f3f239d4|Girder C|2026-08-17||80|80|9681040.999999998|8549.0|9681040.999999998|2997216.9999999995|11491.0|-17057.0|84808820.0|17|37|45|7|6|27,24;36,20;37,44;37,45;37,46;38,44;38,45;38,46;39,39;39,40;55,67;55,68;56,68;57,25;57,26;75,33;75,34
5a714993-0f97-4bf6-acfa-f0a2bc9d945b|Carola RPT A-full 9f0d8bc0-21c8-4d8f-8ce7-2a41f3f239d4|Girder A|2026-08-19||80|80|655249.9999999999|2000.0000000000002|655249.9999999999|207433.00000000003|-363.0|-2640.0|2094615.0|6|4|18|3|4|0,3;3,18;4,17;4,18;4,19;56,54
529e4e77-1809-447a-8a59-33919a57b4a5|Carola RPT A-full 9f0d8bc0-21c8-4d8f-8ce7-2a41f3f239d4|Girder B|2026-08-19||80|80|655249.9999999999|1847.0|655249.9999999999|209788.99999999997|-171.0|-2227.0|1887182.0|5|2|9|2|4|1,9;2,8;2,9;2,10;54,45
dbaab848-e8ab-4ef0-820d-3bbb4f545e6c|Carola RPT A-full 9f0d8bc0-21c8-4d8f-8ce7-2a41f3f239d4|Girder C|2026-08-19||80|80|544136.0|1810.0000000000002|544136.0|166476.99999999997|693.0|-1309.0|1294622.0|5|1|0|3|3|0,0;1,0;1,73;2,0;53,35
6682f15e-4b59-4053-b73f-c8aa9e9323cd|Carola RPT A-full 9f0d8bc0-21c8-4d8f-8ce7-2a41f3f239d4|Girder A|2026-08-20||80|80|3827825.0|3112.0|3827825.0|1463751.9999999998|-1325.0|3959.0|7617654.0|3|68|76|1|3|67,76;68,76;68,77
3e536b8e-347e-4b07-86e9-b836c73be7e1|Carola RPT A-full 9f0d8bc0-21c8-4d8f-8ce7-2a41f3f239d4|Girder B|2026-08-20||80|80|3827825.0|3360.9999999999995|3827825.0|1463751.9999999998|-1325.0|3959.0|7617654.0|3|67|68|1|3|66,68;67,68;67,69
5d317744-ba9d-429f-a851-20c82fe6b093|Carola RPT A-full 9f0d8bc0-21c8-4d8f-8ce7-2a41f3f239d4|Girder C|2026-08-20||80|80|3827825.0|3487.5|3827825.0|1463751.9999999998|-1325.0|3959.0|7617654.0|3|66|60|1|3|65,60;66,60;66,61
48fbdbe6-790b-4d08-bf7b-1125880e2646|Carola RPT A-full 9f0d8bc0-21c8-4d8f-8ce7-2a41f3f239d4|Girder A|2026-08-23||80|80|6777328.999999999|6357.0|6777328.999999999|2185300.000000001|5936.0|1773.0|57932655.0|17|32|34|9|5|22,15;32,34;32,35;32,36;33,30;33,34;33,35;34,29;34,30;50,58;52,16;52,57;55,21;69,24;70,24;75,5;76,5
e5981e6b-f4c9-4f42-bfb4-d81d80200be3|Carola RPT A-full 9f0d8bc0-21c8-4d8f-8ce7-2a41f3f239d4|Girder B|2026-08-23||80|80|6777328.999999999|6086.5|6777328.999999999|2185300.000000001|5936.0|1773.0|57932655.0|17|35|40|9|5|25,21;35,40;35,41;35,42;36,36;36,40;36,41;37,35;37,36;53,64;55,22;55,63;58,27;72,30;73,30;78,11;79,11
9b625155-d876-4fbc-bf36-10042ef15e38|Carola RPT A-full 9f0d8bc0-21c8-4d8f-8ce7-2a41f3f239d4|Girder C|2026-08-23||80|80|6777328.999999999|5933.0|6777328.999999999|2185300.000000001|8140.0|3898.0|53067036.0|15|37|47|8|5|27,28;37,47;37,48;37,49;38,43;38,47;38,48;39,42;39,43;55,71;57,29;57,70;60,34;74,37;75,37
