id,track,orbit_direction,platform,group,acquisition_ts,status,nearest_lag_h,temperature_c,temperature_prev6h_c,dT_6h_c,precipitation_mm,rain_sum_24h_mm,rain_sum_72h_mm,rain_sum_7d_mm,wind_speed_ms,wind_gust_ms,wind_mean_6h_ms,relative_humidity_pct,shortwave_wm2,snow_depth_m,intensity,gamma2_export,phase_R,phase_R_null,coh_masked,coh_vs_master,shift_abs_px,coherence_masked_pixels,deck_intensity,deck_gamma2_export,deck_phase_R,dphi_deck_minus_ref,segment,track_index,state,pre_collapse,day,month,year,season,echo_mode,A,D,F,S,P,gamma2_mask,coherence_masked_pixels,mask_bbox_area,mask_row_span,mask_col_span,mask_centroid_row,mask_centroid_col,mask_peak_row,mask_peak_col,mask_n_components,mask_largest_component,mask_fragmentation
A_des:2016-08-24,A_des,DESCENDING,S1A,shift_big,2016-08-24T05:35:24,,0.40999999999999998,20.699999999999999,20.5,0.20000000000000001,0,0,0.69999999999999996,8.8000000000000007,3.2200000000000002,5.7000000000000002,2.7850000000000001,69,90,0,18974,7.4493999999999995e-05,0.0064859999999999996,0.012500000000000001,0.031736,0.023442000000000001,84.450000000000003,640,55638.324000000001,0.00093886629000000004,0.012402049,1.3526107999999999,A_des,1,pre-collapse (healthy),1,2016-08-24,8,2016,shoulder_Aug-Sep,intermediate,20,0.0034211426616489907,6,13.636165150070607,0.06056034482758621,0.0023331225953530685,640,5846,79,74,67.849999999999994,7.8499999999999996,79,0,6,10,0.5
A_asc:2016-09-01,A_asc,ASCENDING,S1A,shift_small,2016-09-01T17:14:27,,-0.23999999999999999,27.5,29,-1.5,0,0,18.699999999999999,18.699999999999999,1.5600000000000001,4,1.5117,64,168,0,48102,0.00029188,0.0097470999999999999,0.012500000000000001,0.013535999999999999,0.010938,0.34000000000000002,640,217559.79999999999,0.0036697384999999998,0.058066197,0.60890650999999996,A_asc,0,pre-collapse (healthy),1,2016-09-01,9,2016,shoulder_Aug-Sep,intermediate,18,0.0062478306143700108,8,13.79132398589601,0.089798850574712652,0.1347830016284626,640,2881,67,43,31.444444444444443,38.944444444444443,41,29,8,6,0.66666666666666674
A_des:2016-09-05,A_des,DESCENDING,S1A,shift_big,2016-09-05T05:35:24,,0.40999999999999998,21.199999999999999,21.699999999999999,-0.5,0,0.10000000000000001,3.3999999999999999,22.100000000000001,1.24,4.0999999999999996,1.2233000000000001,97,31,0,18391,0.00019587000000000001,0.012199,0.012500000000000001,0.037555999999999999,0.0093171999999999994,84.060000000000002,640,58519.311999999998,0.0014236771,0.049525461999999999,-1.5715273000000001,A_des,1,pre-collapse (healthy),1,2016-09-05,9,2016,shoulder_Aug-Sep,intermediate,11,0.0022540983606557379,6,19.900786977254178,0.037617554858934171,0.025701266580984077,640,4880,80,61,60.090909090909093,13.181818181818182,75,0,6,5,0.54545454545454541
A_asc:2016-09-13,A_asc,ASCENDING,S1A,shift_small,2016-09-13T17:14:28,,-0.23999999999999999,24.600000000000001,28.199999999999999,-3.6000000000000001,0.29999999999999999,8,12.1,12.5,1.02,4.7000000000000002,1.2250000000000001,78,103,0,48004,0.0017363999999999999,0.030339999999999999,0.012500000000000001,0.025419000000000001,0.012733,0.66000000000000003,640,207957.29999999999,0.019377228,0.12018454000000001,-0.077350318000000001,A_asc,0,pre-collapse (healthy),1,2016-09-13,9,2016,shoulder_Aug-Sep,intermediate,19,0.0061250805931656995,7,5.399548560179789,0.1277223230490018,0.11686804635599642,640,3102,66,47,40.05263157894737,34.315789473684212,41,29,7,12,0.36842105263157898
A_des:2016-09-17,A_des,DESCENDING,S1A,shift_big,2016-09-17T05:35:25,,0.40999999999999998,15.9,17.300000000000001,-1.3999999999999999,0,7,26.100000000000001,39.5,1.8,4,1.53,97,25,0,18300,0.000176,0.011776999999999999,0.012500000000000001,0.011183999999999999,0.023729,84.730000000000004,640,54045.362999999998,0.00017760645000000001,0.031344048999999999,-0.72323596000000001,A_des,1,pre-collapse (healthy),1,2016-09-17,9,2016,shoulder_Aug-Sep,compact,9,0.5625,1,1.6178021976178925,0.048850574712643674,0.054888178185976376,640,16,4,4,72.444444444444443,1.4444444444444444,72,3,1,9,0
A_asc:2016-09-25,A_asc,ASCENDING,S1A,shift_small,2016-09-25T17:14:28,,-0.23999999999999999,22.800000000000001,23.5,-0.69999999999999996,0,0,1.1000000000000001,8.0999999999999996,1.3500000000000001,2.7999999999999998,1.2383,62,71,0,46201,0.00051318999999999996,0.026474999999999999,0.012500000000000001,0.02478,0.0063350000000000004,0.20000000000000001,640,224766,0.0037023143000000001,0.047499262,-1.3406445,A_asc,0,pre-collapse (healthy),1,2016-09-25,9,2016,shoulder_Aug-Sep,intermediate,18,0.0064400715563506265,6,6.1844089111447724,0.13888888888888887,0.11076472686029054,640,2795,65,43,42.888888888888886,34.888888888888886,41,29,6,12,0.33333333333333337
A_des:2016-09-29,A_des,DESCENDING,S1A,shift_big,2016-09-29T05:35:25,,0.40999999999999998,16.899999999999999,18.199999999999999,-1.3,0,0,0.20000000000000001,1.3,0.90000000000000002,3.2999999999999998,1.5567,83,17,0,19990,6.1008999999999998e-05,0.011167,0.012500000000000001,0.016048,0.014557,84.129999999999995,640,61602.023000000001,0.00020232978999999999,0.021797851,1.2261567,A_des,1,pre-collapse (healthy),1,2016-09-29,9,2016,shoulder_Aug-Sep,intermediate,11,0.0025183150183150185,10,20.150261979717278,0.065830721003134793,0.0073789857300639019,640,4368,56,78,60.18181818181818,19,71,2,10,2,0.81818181818181812
A_des:2016-10-05,A_des,DESCENDING,S1B,shift_big,2016-10-05T05:34:40,,0.41999999999999998,14.9,14.300000000000001,0.59999999999999998,0,0.10000000000000001,0.10000000000000001,12,0.81000000000000005,2.3999999999999999,1.1200000000000001,63,10,0,19546,4.9545000000000001e-05,0.010919999999999999,0.012500000000000001,0.032007000000000001,0.0021608,95.840000000000003,640,11091.710999999999,0.00030818273000000001,0.018766660000000001,-2.5287525999999998,A_des,1,pre-collapse (healthy),1,2016-10-05,10,2016,winter_Oct-Feb,compact,4,0.0014139271827500884,2,19.597512597266011,0.0064655172413793103,0.4741150705863979,640,2829,41,69,38.75,56,29,73,2,3,0.25
A_asc:2016-10-07,A_asc,ASCENDING,S1A,shift_small,2016-10-07T17:14:28,,-0.23999999999999999,17.800000000000001,18.199999999999999,-0.40000000000000002,0,0,3.3999999999999999,15.4,2.02,3.7999999999999998,1.3833,57,35,0,47057,0.0012064000000000001,0.025534999999999999,0.012500000000000001,0.015115999999999999,0.0064047000000000001,1,640,202530.5,0.010001739000000001,0.090210460000000006,0.35284752000000003,A_asc,0,pre-collapse (healthy),1,2016-10-07,10,2016,winter_Oct-Feb,compact,8,0.12698412698412698,3,2.6368778887161235,0.17995689655172414,0.36722043767173429,640,63,7,9,41.25,30.375,39,29,3,4,0.5
A_des:2016-10-11,A_des,DESCENDING,S1A,shift_big,2016-10-11T05:35:25,,0.40999999999999998,8.9000000000000004,10.1,-1.2,0.20000000000000001,0.69999999999999996,2.5,6,2.04,6.0999999999999996,1.845,88,4,0,17820,0.00011271,0.014030000000000001,0.012500000000000001,0.033307000000000003,0.018991000000000001,84.25,640,55197.773000000001,0.00032987480999999998,0.021104403000000001,-2.4692116,A_des,1,pre-collapse (healthy),1,2016-10-11,10,2016,winter_Oct-Feb,intermediate,22,0.003481012658227848,12,29.301968737626257,0.051724137931034475,0.019925262168223164,640,6320,80,79,55.136363636363633,26.636363636363637,71,2,12,3,0.86363636363636365
A_asc:2016-10-13,A_asc,ASCENDING,S1B,shift_small,2016-10-13T17:13:44,,-0.23000000000000001,11.300000000000001,11.4,-0.10000000000000001,0.40000000000000002,6.5999999999999996,9.5999999999999996,11.4,4.7999999999999998,10,4.8216999999999999,92,3,0,64107,9.5246000000000003e-05,0.0025435000000000002,0.012500000000000001,0.039154000000000001,0.015132,6.2400000000000002,640,128171.86,0.00059870235000000001,0.02114678,0.62130004999999999,A_asc,0,pre-collapse (healthy),1,2016-10-13,10,2016,winter_Oct-Feb,compact,7,0.28000000000000003,2,1.5971914124998476,0.063423645320197036,0.098012471228747636,640,25,5,5,46.428571428571431,29.285714285714285,48,29,2,6,0.1428571428571429
A_des:2016-10-17,A_des,DESCENDING,S1B,shift_big,2016-10-17T05:34:40,,0.41999999999999998,11.9,13.5,-1.6000000000000001,0,0,39,75.299999999999997,1.8400000000000001,3.7999999999999998,1.855,93,2,0,20322,0.00017914,0.016878000000000001,0.012500000000000001,0.054851999999999998,0.010410000000000001,95.909999999999997,640,12660.592000000001,3.3092946999999998e-05,0.033060460999999999,2.7460917999999999,A_des,1,pre-collapse (healthy),1,2016-10-17,10,2016,winter_Oct-Feb,intermediate,12,0.092307692307692313,4,4.0225061287157242,0.010775862068965516,0.013924954204139493,640,130,13,10,72.083333333333329,10.083333333333334,73,14,4,6,0.5
A_asc:2016-10-19,A_asc,ASCENDING,S1A,shift_small,2016-10-19T17:14:28,,-0.23999999999999999,16.800000000000001,18.199999999999999,-1.3999999999999999,0,0.10000000000000001,0.10000000000000001,72.400000000000006,1.03,2.5,1.6516999999999999,85,6,0,47326,0.00032309,0.014304000000000001,0.012500000000000001,0.017784999999999999,0.0096925999999999991,0.98999999999999999,640,212116.09,0.0029605040000000001,0.023425215999999999,-0.25317603999999999,A_asc,0,pre-collapse (healthy),1,2016-10-19,10,2016,winter_Oct-Feb,intermediate,13,0.025793650793650792,4,4.5909610188851575,0.13030503978779839,0.063304811638913619,640,504,36,14,37.07692307692308,31.384615384615383,41,29,4,10,0.23076923076923073
A_des:2016-10-23,A_des,DESCENDING,S1A,shift_big,2016-10-23T05:35:25,,0.40999999999999998,12,12,0,1.2,5,12.800000000000001,13,1.7,5.4000000000000004,1.7317,94,0,0,23209,3.4523000000000001e-05,0.0045715,0.012500000000000001,0.029694999999999999,0.0041570000000000001,85.030000000000001,640,50624.538999999997,3.0234908999999999e-05,0.039199941000000002,1.7771986,A_des,1,pre-collapse (healthy),1,2016-10-23,10,2016,winter_Oct-Feb,intermediate,17,0.0046195652173913046,4,5.0772577945976662,0.028651115618661259,0.020275195840035769,640,3680,46,80,69.117647058823536,8,70,3,4,10,0.41176470588235292
A_asc:2016-10-25,A_asc,ASCENDING,S1B,shift_small,2016-10-25T17:13:44,,-0.23000000000000001,16.399999999999999,15.9,0.5,3.1000000000000001,17.800000000000001,39.299999999999997,47.700000000000003,1.77,6.4000000000000004,1.48,96,0,0,66205,0.00025789999999999998,0.010971,0.012500000000000001,0.035937999999999998,0.012489999999999999,5.4500000000000002,640,166552.64000000001,0.0034934503,0.043317798999999997,-1.0054983,A_asc,0,pre-collapse (healthy),1,2016-10-25,10,2016,winter_Oct-Feb,intermediate,12,0.015789473684210527,6,10.501322668015575,0.03843390804597701,0.027706407358895919,640,760,38,20,38.5,35.166666666666664,47,29,6,5,0.58333333333333326
A_des:2016-10-29,A_des,DESCENDING,S1B,shift_big,2016-10-29T05:34:40,,0.41999999999999998,10.5,11.5,-1,0,0,6.4000000000000004,58,3.71,7,3.8117000000000001,82,0,0,19484,0.00041403000000000002,0.026046,0.012500000000000001,0.094894000000000006,0.012751,96.260000000000005,640,12797.225,0.0010881205000000001,0.043807304999999998,-1.3259619,A_des,1,pre-collapse (healthy),1,2016-10-29,10,2016,winter_Oct-Feb,intermediate,18,0.0045662100456621002,7,8.5208531422390408,0.012212643678160919,0.0020185808831765925,640,3942,54,73,69.777777777777771,14.333333333333334,68,6,7,6,0.66666666666666674
A_asc:2016-10-31,A_asc,ASCENDING,S1A,shift_small,2016-10-31T17:14:28,,-0.23999999999999999,15.199999999999999,17.199999999999999,-2,0,0,0,36.100000000000001,3.0099999999999998,5.7999999999999998,3.1150000000000002,86,1,0,47836,7.4517999999999994e-05,0.0052344000000000002,0.012500000000000001,0.0019903999999999998,0.0036852,0.59999999999999998,640,230725.95000000001,0.0031825531999999999,0.065232745999999994,2.3769838999999999,A_asc,0,pre-collapse (healthy),1,2016-10-31,10,2016,winter_Oct-Feb,compact,9,0.35999999999999999,2,1.7249082995844445,0.16570881226053641,0.14942507831744295,640,25,5,5,39.333333333333336,29.444444444444443,41,29,2,7,0.22222222222222221
A_des:2016-11-04,A_des,DESCENDING,S1A,shift_big,2016-11-04T05:35:25,,0.40999999999999998,11.300000000000001,13.300000000000001,-2,0,0.10000000000000001,1.1000000000000001,1.1000000000000001,2.3100000000000001,6,2.5417000000000001,93,0,0,21304,1.2715e-06,0.0093706999999999992,0.012500000000000001,0.014605,0.0033782999999999999,84.260000000000005,640,43607.633000000002,0.0030001472,0.032549214,-3.0206510999999998,A_des,1,pre-collapse (healthy),1,2016-11-04,11,2016,winter_Oct-Feb,compact,4,0.10000000000000001,2,1.7677669529663689,0.024784482758620691,0.14286979926930313,640,40,10,4,71.75,1.75,70,2,2,3,0.25
A_asc:2016-11-06,A_asc,ASCENDING,S1B,shift_small,2016-11-06T17:13:44,,-0.23000000000000001,12.300000000000001,15,-2.7000000000000002,0.40000000000000002,17,55.399999999999999,56.5,2.3999999999999999,7,5.5199999999999996,91,0,0,54077,0.0001561,0.0092157999999999997,0.012500000000000001,0.058056000000000003,0.024782999999999999,5.04,640,144838.20000000001,0.00063645716999999997,0.017870732,-0.17150330999999999,A_asc,0,pre-collapse (healthy),1,2016-11-06,11,2016,winter_Oct-Feb,compact,9,0.017142857142857144,2,23.419154342619986,0.079980842911877403,0.090322836323605118,640,525,35,15,34.666666666666664,33.111111111111114,13,42,2,6,0.33333333333333337
A_asc:2016-11-12,A_asc,ASCENDING,S1A,shift_small,2016-11-12T17:14:28,,-0.23999999999999999,11.800000000000001,13.300000000000001,-1.5,0,0,0,18.800000000000001,1.4299999999999999,3.1000000000000001,1.8049999999999999,51,0,0,50161,0.00046944,0.012685999999999999,0.012500000000000001,0.020750999999999999,0.014090999999999999,0.69999999999999996,640,244761.97,0.0064229951000000004,0.068056688000000004,1.4192009999999999,A_asc,0,pre-collapse (healthy),1,2016-11-12,11,2016,winter_Oct-Feb,intermediate,16,0.030476190476190476,4,7.4519292803944399,0.11179956896551725,0.032068654645107789,640,525,35,15,33.125,31.875,40,29,4,9,0.4375
A_des:2016-11-16,A_des,DESCENDING,S1A,shift_big,2016-11-16T05:35:25,,0.40999999999999998,3.7999999999999998,4.7000000000000002,-0.90000000000000002,0,0,0.80000000000000004,2.6000000000000001,1.3500000000000001,3.1000000000000001,1.9933000000000001,84,0,0,20144,2.4582000000000001e-07,0.0036551999999999999,0.012500000000000001,0.024759,0.016424999999999999,84.510000000000005,640,62268,6.7076055999999999e-05,0.029013481000000001,3.0903144,A_des,1,pre-collapse (healthy),1,2016-11-16,11,2016,winter_Oct-Feb,distributed,26,0.0058035714285714288,8,16.878349985257803,0.058521220159151191,0.033802479068168259,640,4480,56,80,63.807692307692307,18.26923076923077,71,3,8,11,0.57692307692307687
A_asc:2016-11-18,A_asc,ASCENDING,S1B,shift_small,2016-11-18T17:13:44,,-0.23000000000000001,13,13.1,-0.10000000000000001,0.40000000000000002,1.2,1.6000000000000001,2.3999999999999999,2.3700000000000001,7.4000000000000004,2.4266999999999999,95,0,0,49084,0.00034529999999999999,0.022106000000000001,0.012500000000000001,0.046259000000000002,0.014795000000000001,5.0499999999999998,640,139782.70000000001,0.0019122195999999999,0.050015367999999998,0.61293911999999995,A_asc,0,pre-collapse (healthy),1,2016-11-18,11,2016,winter_Oct-Feb,intermediate,15,0.02819548872180451,5,5.0990195135927818,0.064367816091954022,0.066049472472099371,640,532,38,14,39.200000000000003,32.399999999999999,43,29,5,9,0.40000000000000002
A_des:2016-11-22,A_des,DESCENDING,S1B,shift_small,2016-11-22T05:34:45,,0.41999999999999998,12.4,12.9,-0.5,1.5,33,45.299999999999997,63,5.0199999999999996,5.2999999999999998,4.2217000000000002,99,0,0,32334,0.00055415,0.0037780999999999999,0.012500000000000001,0.0079004000000000001,0.012484,2.0299999999999998,640,78835.851999999999,0.0076099401000000004,0.013272874,-1.4908002,A_des,1,pre-collapse (healthy),1,2016-11-22,11,2016,winter_Oct-Feb,compact,3,1,1,1,0.03017241379310345,0.89204182833189449,640,3,3,1,1,70,0,70,1,3,0
A_asc:2016-11-24,A_asc,ASCENDING,S1A,shift_small,2016-11-24T17:14:28,,-0.23999999999999999,15.800000000000001,15.5,0.29999999999999999,2.1000000000000001,21.300000000000001,74.299999999999997,115.5,4.2400000000000002,16.699999999999999,5.2133000000000003,91,0,0,80379,0.00034792999999999998,0.014142,0.012500000000000001,0.030521,0.017249,0.059999999999999998,640,377009.19,0.001427041,0.035358674999999999,-0.58599692999999997,A_asc,0,pre-collapse (healthy),1,2016-11-24,11,2016,winter_Oct-Feb,compact,3,1,1,0,0.3045977011494253,0.012364128104469319,640,3,3,1,41,29,41,29,1,3,0
A_des:2016-11-28,A_des,DESCENDING,S1A,shift_big,2016-11-28T05:35:25,,0.40999999999999998,9.5999999999999996,10.9,-1.3,0,0,0.5,116.5,3.21,6.0999999999999996,2.2200000000000002,89,0,0,19885,0.00011671,0.013164,0.012500000000000001,0.043042999999999998,0.018475999999999999,85,640,46249.667999999998,0.00051863451000000004,0.046970379,0.50018132000000004,A_des,1,pre-collapse (healthy),1,2016-11-28,11,2016,winter_Oct-Feb,intermediate,21,0.0046635576282478344,8,41.405521776208673,0.025656814449917895,0.0077851733467043651,640,4503,57,79,58.38095238095238,21.285714285714285,33,54,8,9,0.5714285714285714
A_asc:2016-11-30,A_asc,ASCENDING,S1B,shift_small,2016-11-30T17:13:44,,-0.23000000000000001,7.5999999999999996,10.800000000000001,-3.2000000000000002,0,0,0,51.899999999999999,2.2599999999999998,4.2999999999999998,1.5532999999999999,71,0,0,55052,1.8923000000000002e-05,0.0093693000000000005,0.012500000000000001,0.032676999999999998,0.014559000000000001,4.79,640,196373.20000000001,0.00023168595999999999,0.019723379999999999,2.9269272000000002,A_asc,0,pre-collapse (healthy),1,2016-11-30,11,2016,winter_Oct-Feb,intermediate,11,0.022448979591836733,2,4.6292280205360088,0.11637931034482758,0.088940036512960424,640,490,35,14,41.636363636363633,30.545454545454547,46,29,2,10,0.090909090909090939
A_des:2016-12-04,A_des,DESCENDING,S1B,shift_big,2016-12-04T05:34:39,,0.41999999999999998,7.5,8.0999999999999996,-0.59999999999999998,0,0,0,0,3.6099999999999999,7.2999999999999998,3.855,91,0,0,20225,9.3925000000000003e-06,0.0068139000000000003,0.012500000000000001,0.093901999999999999,0.033284000000000001,95.969999999999999,640,13396.388999999999,0.00040431218999999999,0.031202579000000001,0.40609255,A_des,1,pre-collapse (healthy),1,2016-12-04,12,2016,winter_Oct-Feb,intermediate,22,0.013827781269641735,6,7.3250955484135805,0.0097962382445141074,0.0068102043973805098,640,1591,37,43,72.13636363636364,11.045454545454545,68,5,6,12,0.45454545454545459
A_asc:2016-12-06,A_asc,ASCENDING,S1A,shift_small,2016-12-06T17:14:27,,-0.23999999999999999,10.4,13.300000000000001,-2.8999999999999999,0,0.20000000000000001,0.20000000000000001,0.20000000000000001,2.52,5.2999999999999998,2.8683000000000001,83,0,0,50824,0.00039593000000000001,0.011024000000000001,0.012500000000000001,0.036663000000000001,0.017922,0.81999999999999995,640,216946,0.0034867292000000001,0.068555935999999998,0.16336429,A_asc,0,pre-collapse (healthy),1,2016-12-06,12,2016,winter_Oct-Feb,compact,10,0.020408163265306121,3,4.1231056256176588,0.17112068965517241,0.081226678384063333,640,490,35,14,38.200000000000003,30.600000000000001,42,29,3,7,0.30000000000000004
A_des:2016-12-10,A_des,DESCENDING,S1A,shift_big,2016-12-10T05:35:24,,0.40999999999999998,8.6999999999999993,7.2999999999999998,1.3999999999999999,0,0,0,0.20000000000000001,1.4299999999999999,3.7999999999999998,1.48,93,0,0,21896,6.9078999999999994e-05,0.0071301000000000003,0.012500000000000001,0.029602,0.0072538000000000004,84.189999999999998,640,73409.516000000003,0.00035052255,0.017469537,2.5236409000000002,A_des,1,pre-collapse (healthy),1,2016-12-10,12,2016,winter_Oct-Feb,compact,7,0.34999999999999998,2,1.0101525445522108,0.054187192118226604,0.00075896516454172997,640,20,5,4,73,1.8571428571428572,72,2,2,6,0.1428571428571429
A_asc:2016-12-12,A_asc,ASCENDING,S1B,shift_small,2016-12-12T17:13:43,,-0.23000000000000001,9.5999999999999996,12.800000000000001,-3.2000000000000002,0,0,0,0.20000000000000001,2.4700000000000002,5.7000000000000002,3,81,0,0,52416,0.00011349999999999999,0.016043000000000002,0.012500000000000001,0.042063000000000003,0.018574,4.96,640,160577.79999999999,0.00086455978000000001,0.034839733999999997,1.3623080000000001,A_asc,0,pre-collapse (healthy),1,2016-12-12,12,2016,winter_Oct-Feb,compact,4,0.80000000000000004,2,2,0.14547413793103448,0.35280081653878415,640,5,5,1,45,29,43,29,2,2,0.5
A_des:2016-12-16,A_des,DESCENDING,S1B,shift_small,2016-12-16T05:34:44,,0.41999999999999998,4.9000000000000004,6.2000000000000002,-1.3,0,0,0,0,4.2000000000000002,7.5,3.8666999999999998,90,0,0,26702,0.00046965,0.012688,0.012500000000000001,0.015176,0.011403999999999999,2.8599999999999999,640,65682.108999999997,0.00056207895999999999,0.046840589000000002,0.40850782000000002,A_des,1,pre-collapse (healthy),1,2016-12-16,12,2016,winter_Oct-Feb,compact,6,0.5,2,0.84983658559879849,0.02370689655172414,0.47951970863085741,640,12,3,4,0.83333333333333337,69.166666666666671,0,69,2,5,0.16666666666666663
A_asc:2016-12-18,A_asc,ASCENDING,S1A,shift_small,2016-12-18T17:14:27,,-0.23999999999999999,7.2000000000000002,10.300000000000001,-3.1000000000000001,0,0,0,0,0.81000000000000005,3.5,0.97833000000000003,86,0,0,47591,0.00018336000000000001,0.0071936999999999999,0.012500000000000001,0.040166,0.019751999999999999,0.14999999999999999,640,249573.16,0.0027697678000000001,0.041542593000000003,-0.59380341000000003,A_asc,0,pre-collapse (healthy),1,2016-12-18,12,2016,winter_Oct-Feb,compact,10,0.5,2,1.3892443989449825,0.17327586206896553,0.060298407193455479,640,20,5,4,39.799999999999997,29.699999999999999,41,29,2,9,0.099999999999999978
A_des:2016-12-22,A_des,DESCENDING,S1A,shift_big,2016-12-22T05:35:24,,0.40999999999999998,5.4000000000000004,6.2999999999999998,-0.90000000000000002,0,1.1000000000000001,20.600000000000001,21,2.79,5,2.7599999999999998,81,0,0.01,21082,7.4431999999999995e-05,0.0009859300000000001,0.012500000000000001,0.0084440000000000001,0.0051834000000000003,84.950000000000003,640,63125.175999999999,0.0019889930000000001,0.058644313000000003,-1.6361692000000001,A_des,1,pre-collapse (healthy),1,2016-12-22,12,2016,winter_Oct-Feb,intermediate,13,0.0036931818181818181,5,12.63881501448669,0.038793103448275863,0.015924587755459681,640,3520,44,80,65.384615384615387,12.76923076923077,72,2,5,7,0.46153846153846156
A_asc:2016-12-24,A_asc,ASCENDING,S1B,shift_small,2016-12-24T17:13:43,,-0.23000000000000001,10.6,13.199999999999999,-2.6000000000000001,0,0,0,21,1.5700000000000001,2.6000000000000001,1.425,78,0,0,53336,0.00023649000000000001,0.0077993999999999997,0.012500000000000001,0.028074999999999999,0.010075000000000001,4.6900000000000004,640,147765.03,0.0021473158000000002,0.012222948000000001,1.2546603999999999,A_asc,0,pre-collapse (healthy),1,2016-12-24,12,2016,winter_Oct-Feb,intermediate,14,0.02456140350877193,5,5.6825008866282287,0.080972906403940906,0.080845817154985039,640,570,38,15,40.5,31.428571428571427,46,30,5,9,0.3571428571428571
A_des:2016-12-28,A_des,DESCENDING,S1B,shift_big,2016-12-28T05:34:35,,0.41999999999999998,4.5,7.2999999999999998,-2.7999999999999998,0,0,0,1.1000000000000001,0.59999999999999998,3.8999999999999999,1.4067000000000001,73,0,0,25957,0.0010961,0.040409,0.012500000000000001,0.082553000000000001,0.012763,94.719999999999999,640,29911.807000000001,0.0071393721999999998,0.059495478999999997,0.44923155999999997,A_des,1,pre-collapse (healthy),1,2016-12-28,12,2016,winter_Oct-Feb,intermediate,11,0.0078853046594982087,7,35.214807178630117,0.0058777429467084643,0.055463561737260893,640,1395,45,31,64.63636363636364,19.363636363636363,34,2,7,3,0.72727272727272729
A_asc:2016-12-30,A_asc,ASCENDING,S1A,shift_small,2016-12-30T17:14:27,,-0.23999999999999999,5.5,8.4000000000000004,-2.8999999999999999,0,0,0,0,3.3399999999999999,7,3.2967,78,0,0,50535,0.00012674999999999999,0.0072703000000000004,0.012500000000000001,0.011382,0.0066506999999999998,0.58999999999999997,640,262855.62,0.0092788487999999995,0.061531633000000002,3.0114261999999998,A_asc,0,pre-collapse (healthy),1,2016-12-30,12,2016,winter_Oct-Feb,compact,9,0.35999999999999999,2,0.80123361676977256,0.16570881226053641,0.13992820310808665,640,25,5,5,39.333333333333336,29.444444444444443,40,29,2,7,0.22222222222222221
A_des:2017-01-03,A_des,DESCENDING,S1A,shift_big,2017-01-03T05:35:22,,0.40999999999999998,4.7999999999999998,6.2999999999999998,-1.5,0,0,0.40000000000000002,0.40000000000000002,7.9100000000000001,21.100000000000001,7.0350000000000001,69,0,0,20359,0.00010323999999999999,0.021529,0.012500000000000001,0.040023000000000003,0.020985,84.299999999999997,640,68400.898000000001,0.0020161455000000002,0.072383775999999997,-1.9352849999999999,A_des,1,pre-collapse (healthy),1,2017-01-03,1,2017,winter_Oct-Feb,intermediate,16,0.003616636528028933,7,13.409563984335955,0.072737068965517238,0.042327339430341185,640,4424,56,79,64,13.4375,71,2,7,5,0.6875
A_asc:2017-01-05,A_asc,ASCENDING,S1B,shift_small,2017-01-05T17:13:41,,-0.23000000000000001,5.9000000000000004,8,-2.1000000000000001,0,0,0,0.40000000000000002,5.6900000000000004,18.899999999999999,6.9417,23,0,0,54010,0.00019489999999999999,0.0071249,0.012500000000000001,0.028771999999999999,0.010274999999999999,4.7999999999999998,640,117257.16,0.0028753431999999999,0.027122190000000001,-0.15897702999999999,A_asc,0,pre-collapse (healthy),1,2017-01-05,1,2017,winter_Oct-Feb,intermediate,11,0.020370370370370372,3,4.513524213565967,0.083463949843260193,0.077684676733222796,640,540,36,15,41.727272727272727,30.454545454545453,46,29,3,8,0.27272727272727271
A_des:2017-01-09,A_des,DESCENDING,S1B,shift_big,2017-01-09T05:34:34,,0.41999999999999998,0.5,0.40000000000000002,0.10000000000000001,0,0,4,4,4.8399999999999999,13.1,6.3766999999999996,68,0,0,24645,0.00019306999999999999,0.0035756,0.012500000000000001,0.050535999999999998,0.0086671999999999999,93.969999999999999,640,22241.620999999999,0.00075338448999999995,0.027719548,3.1055581999999999,A_des,1,pre-collapse (healthy),1,2017-01-09,1,2017,winter_Oct-Feb,distributed,44,0.014550264550264549,18,14.850112001135919,0.0067594043887147324,0.014630530626430945,640,3024,56,54,65.522727272727266,14.840909090909092,70,29,18,7,0.84090909090909094
A_asc:2017-01-11,A_asc,ASCENDING,S1A,shift_small,2017-01-11T17:14:25,,-0.23999999999999999,1.1000000000000001,2.7000000000000002,-1.6000000000000001,0,0,1.6000000000000001,5.5999999999999996,3.7000000000000002,8.5999999999999996,4.5766999999999998,80,0,0,51136,0.00018196,0.021302999999999999,0.012500000000000001,0.020722000000000001,0.0092416000000000009,0.23999999999999999,640,282169.38,0.00036450015999999998,0.038669362999999998,-0.50391781000000002,A_asc,0,pre-collapse (healthy),1,2017-01-11,1,2017,winter_Oct-Feb,compact,8,0.32000000000000001,2,1.0752906583803283,0.19181034482758619,0.15940654424648251,640,25,5,5,40.125,29.625,41,29,2,6,0.25
A_des:2017-01-15,A_des,DESCENDING,S1A,shift_big,2017-01-15T05:35:22,,0.40999999999999998,2,5.5,-3.5,0,0,4.2000000000000002,6.0999999999999996,7.0599999999999996,17.199999999999999,7.2332999999999998,38,0,0,19100,8.5557999999999996e-05,0.0090735999999999994,0.012500000000000001,0.030074,0.0043343000000000001,84.049999999999997,640,66048.827999999994,0.00031449659999999998,0.026610991000000001,-2.3174214000000002,A_des,1,pre-collapse (healthy),1,2017-01-15,1,2017,winter_Oct-Feb,intermediate,15,0.003434065934065934,5,25.991537084212624,0.081321839080459771,0.050956223304485244,640,4368,56,78,55.399999999999999,22,72,2,5,7,0.53333333333333333
A_asc:2017-01-17,A_asc,ASCENDING,S1B,shift_small,2017-01-17T17:13:41,,-0.23000000000000001,4.7999999999999998,3.2000000000000002,1.6000000000000001,0,0,0,4.5,9.1400000000000006,24.899999999999999,9.3983000000000008,37,0,0,53694,0.00036183,0.0053420000000000004,0.012500000000000001,0.044755999999999997,0.018249000000000001,4.8700000000000001,640,164240.41,0.002454665,0.048251960000000003,1.2733483000000001,A_asc,0,pre-collapse (healthy),1,2017-01-17,1,2017,winter_Oct-Feb,intermediate,13,0.43333333333333335,2,0.97300851082103634,0.086206896551724144,0.092323247799228778,640,30,6,5,45.07692307692308,30.307692307692307,46,30,2,10,0.23076923076923073
A_asc:2017-01-23,A_asc,ASCENDING,S1A,shift_small,2017-01-23T17:14:25,,-0.23999999999999999,5.2000000000000002,7.2000000000000002,-2,0,0.20000000000000001,0.20000000000000001,0.20000000000000001,7.0300000000000002,18.199999999999999,7.9267000000000003,60,3,0,49510,0.00033141000000000003,0.0053847000000000001,0.012500000000000001,0.027994999999999999,0.015455,0.41999999999999998,640,240781.09,0.0047184745999999996,0.02026128,-0.59607166,A_asc,0,pre-collapse (healthy),1,2017-01-23,1,2017,winter_Oct-Feb,intermediate,11,0.44,2,0.83814040520844268,0.10932601880877744,0.16945565961442699,640,25,5,5,40.363636363636367,30.545454545454547,41,30,2,8,0.27272727272727271
A_des:2017-01-27,A_des,DESCENDING,S1A,shift_big,2017-01-27T05:35:22,,0.40999999999999998,0.29999999999999999,1.6000000000000001,-1.3,0,0,0,0.20000000000000001,7.4299999999999997,17.399999999999999,7.2649999999999997,87,0,0,22993,0.00012792000000000001,0.018586999999999999,0.012500000000000001,0.0068656999999999998,0.0048519000000000001,84.150000000000006,640,84181,0.00071750522999999996,0.034545342999999999,1.3397802000000001,A_des,1,pre-collapse (healthy),1,2017-01-27,1,2017,winter_Oct-Feb,compact,10,0.0022603978300180833,5,18.470787747142783,0.048706896551724138,0.079350702707801257,640,4424,56,79,61.600000000000001,17.899999999999999,71,2,5,6,0.40000000000000002
A_asc:2017-01-29,A_asc,ASCENDING,S1B,shift_small,2017-01-29T17:13:41,,-0.23000000000000001,9.4000000000000004,10.800000000000001,-1.3999999999999999,0,0,6.7000000000000002,6.9000000000000004,0.63,2.2999999999999998,0.88332999999999995,93,6,0.01,56507,0.00020885000000000001,0.0064573,0.012500000000000001,0.043880000000000002,0.019570000000000001,4.9800000000000004,640,143965.66,0.0021589564000000002,0.029132247,1.2789401,A_asc,0,pre-collapse (healthy),1,2017-01-29,1,2017,winter_Oct-Feb,intermediate,12,0.022222222222222223,3,4.0319901344676508,0.08620689655172413,0.057839775866991232,640,540,36,15,42.166666666666664,31.25,46,30,3,9,0.25
A_asc:2017-02-04,A_asc,ASCENDING,S1A,shift_small,2017-02-04T17:14:25,,-0.23999999999999999,7.0999999999999996,9.3000000000000007,-2.2000000000000002,0,8.5,54.399999999999999,62.399999999999999,3.8300000000000001,10.199999999999999,2.9300000000000002,91,13,0,57198,0.00062965000000000004,0.029574,0.012500000000000001,0.018461999999999999,0.017482999999999999,0.46000000000000002,640,254505.57999999999,0.0029792633999999999,0.047099818000000002,0.89640640999999999,A_asc,0,pre-collapse (healthy),1,2017-02-04,2,2017,winter_Oct-Feb,intermediate,13,0.023423423423423424,4,7.9141099369843557,0.14389920424403185,0.10356889647886384,640,555,37,15,33.384615384615387,31.153846153846153,41,29,4,8,0.38461538461538458
A_des:2017-02-08,A_des,DESCENDING,S1A,shift_big,2017-02-08T05:35:22,,0.40999999999999998,6.2999999999999998,7,-0.69999999999999996,0.10000000000000001,0.29999999999999999,25.899999999999999,82.099999999999994,4.6699999999999999,10.9,4.3982999999999999,90,0,0.01,20071,0.00011218999999999999,0.011237,0.012500000000000001,0.024634,0.0043071999999999997,84.920000000000002,640,59882.038999999997,0.0017690532999999999,0.049798857000000002,-1.8464214999999999,A_des,1,pre-collapse (healthy),1,2017-02-08,2,2017,winter_Oct-Feb,compact,10,0.0023612750885478157,6,26.788243690096593,0.01810344827586207,0.026157905688397376,640,4235,55,77,60.100000000000001,27,72,3,6,4,0.59999999999999998
A_asc:2017-02-10,A_asc,ASCENDING,S1B,shift_small,2017-02-10T17:13:40,,-0.23000000000000001,3.8999999999999999,3.7999999999999998,0.10000000000000001,0,3.3999999999999999,6.9000000000000004,41,7.2199999999999998,17.5,7.2332999999999998,86,11,0.01,57108,0.00010501,0.0035485,0.012500000000000001,0.034462,0.021471000000000001,5.6699999999999999,640,165141.47,1.1352349e-05,0.018829640000000002,-1.0291939999999999,A_asc,0,pre-collapse (healthy),1,2017-02-10,2,2017,winter_Oct-Feb,compact,9,0.75,1,1.5112745009706028,0.090996168582375483,0.11805821111071403,640,12,6,2,45.555555555555557,29.444444444444443,47,29,1,9,0
A_asc:2017-02-16,A_asc,ASCENDING,S1A,shift_small,2017-02-16T17:14:24,,-0.23999999999999999,10,12.4,-2.3999999999999999,0,0,0.5,5.4000000000000004,1.22,5.5999999999999996,1.9533,94,26,0,49080,0.00065404999999999999,0.026505000000000001,0.012500000000000001,0.037145999999999998,0.024417000000000001,0.089999999999999997,640,263802.44,0.0065285483999999996,0.030922069999999999,1.2222388,A_asc,0,pre-collapse (healthy),1,2017-02-16,2,2017,winter_Oct-Feb,compact,9,0.0091093117408906875,3,5.9680217786647916,0.16522988505747124,0.022480409265636634,640,988,38,26,35.555555555555557,26.555555555555557,41,29,3,7,0.22222222222222221
A_des:2017-02-20,A_des,DESCENDING,S1A,shift_big,2017-02-20T05:35:21,,0.40999999999999998,6.7999999999999998,6.7999999999999998,0,0,0,1.3,2,3.4100000000000001,7.7999999999999998,2.0817000000000001,92,0,0,20968,8.9412000000000004e-05,0.016981,0.012500000000000001,0.029766999999999998,0.014031999999999999,83.989999999999995,640,56176.449000000001,0.00078135805000000003,0.058643736000000002,-0.46351171000000002,A_des,1,pre-collapse (healthy),1,2017-02-20,2,2017,winter_Oct-Feb,intermediate,12,0.0096774193548387101,4,1.6029486718059454,0.041307471264367811,0.053461766241567392,640,1240,40,31,70.75,3.4166666666666665,70,2,4,8,0.33333333333333337
A_asc:2017-02-22,A_asc,ASCENDING,S1B,shift_small,2017-02-22T17:13:40,,-0.23000000000000001,10.6,11.5,-0.90000000000000002,0,1.2,1.8,3.2999999999999998,2.3999999999999999,8,3.2783000000000002,83,25,0,63880,0.00019624,0.016733000000000001,0.012500000000000001,0.013908,0.0054536999999999997,4.1200000000000001,640,182627.01999999999,0.0032960249000000001,0.085918999999999995,1.2757882,A_asc,0,pre-collapse (healthy),1,2017-02-22,2,2017,winter_Oct-Feb,intermediate,14,0.019444444444444445,5,6.3703714690009425,0.08713054187192118,0.022870305455414977,640,720,36,20,40.5,32.214285714285715,46,29,5,10,0.2857142857142857
A_asc:2017-02-28,A_asc,ASCENDING,S1A,shift_small,2017-02-28T17:14:24,,-0.23999999999999999,11.9,12.300000000000001,-0.40000000000000002,1.2,39.299999999999997,41.100000000000001,62.700000000000003,6.3099999999999996,18,7.5816999999999997,93,8,0,55772,5.4688999999999998e-05,0.00083343000000000002,0.012500000000000001,0.019557999999999999,0.014118,1.6399999999999999,640,183182.59,0.0019792427999999998,0.038136459999999997,2.2402411,A_asc,0,pre-collapse (healthy),1,2017-02-28,2,2017,winter_Oct-Feb,intermediate,21,0.012500000000000001,10,8.1423001758836566,0.092569786535303789,0.1665571732129692,640,1680,40,42,32.095238095238095,31.952380952380953,40,30,10,10,0.52380952380952384
A_des:2017-03-04,A_des,DESCENDING,S1A,shift_big,2017-03-04T05:35:21,,0.40999999999999998,10.5,8.8000000000000007,1.7,1.5,6.5,8.8000000000000007,50.700000000000003,5.0199999999999996,14.199999999999999,3.585,89,0,0,21563,0.00021075,0.020233999999999999,0.012500000000000001,0.046917,0.0077720000000000003,84.049999999999997,640,72885.875,0.00054264696999999995,0.055024505000000001,-0.81647873000000004,A_des,1,pre-collapse (healthy),1,2017-03-04,3,2017,summer_Mar-Jul,intermediate,14,0.0039381153305203939,4,21.952290568970014,0.049261083743842367,0.039611723895614376,640,3555,45,79,59.071428571428569,20.428571428571427,71,2,4,7,0.5
A_asc:2017-03-06,A_asc,ASCENDING,S1B,shift_small,2017-03-06T17:13:40,,-0.23000000000000001,11.300000000000001,13.1,-1.8,0.10000000000000001,1.1000000000000001,35.200000000000003,79.900000000000006,2.5,7.9000000000000004,3.9182999999999999,93,44,0,50308,0.00061910999999999997,0.011453,0.012500000000000001,0.0082381999999999993,0.0090226000000000004,1.5900000000000001,640,196701.51999999999,0.0066450051999999999,0.055770121999999998,0.039893866,A_asc,0,pre-collapse (healthy),1,2017-03-06,3,2017,summer_Mar-Jul,compact,10,0.028571428571428571,4,5.2000000000000028,0.15258620689655172,0.091657082258568515,640,350,35,10,37.799999999999997,29,43,29,4,7,0.30000000000000004
A_des:2017-03-10,A_des,DESCENDING,S1B,shift_small,2017-03-10T05:34:49,,0.41999999999999998,12.5,10.4,2.1000000000000001,0,0,0,37.5,7.0300000000000002,17.399999999999999,5.1067,62,1,0,25622,0.00016866,0.0043603000000000001,0.012500000000000001,0.035355999999999999,0.021701000000000002,2,640,79302.233999999997,0.0047027995000000003,0.016710341,1.8168903999999999,A_des,1,pre-collapse (healthy),1,2017-03-10,3,2017,summer_Mar-Jul,compact,6,0.5,1,1.1180339887498949,0.085488505747126423,0.32378393126859367,640,12,3,4,0.5,71,0,72,1,6,0
A_asc:2017-03-12,A_asc,ASCENDING,S1A,shift_small,2017-03-12T17:14:24,,-0.23999999999999999,11,14.199999999999999,-3.2000000000000002,0,0,0,1.1000000000000001,0.92000000000000004,4.5999999999999996,1.73,80,84,0,51988,0.00012856,0.020046000000000001,0.012500000000000001,0.034409000000000002,0.0080992000000000008,1.01,640,229975.5,0.0052578108999999998,0.064231835000000001,2.6200106999999999,A_asc,0,pre-collapse (healthy),1,2017-03-12,3,2017,summer_Mar-Jul,intermediate,13,0.012670565302144249,4,7.398224639104364,0.12301061007957559,0.071921123546115795,640,1026,38,27,33.307692307692307,25.846153846153847,40,29,4,9,0.30769230769230771
A_des:2017-03-16,A_des,DESCENDING,S1A,shift_big,2017-03-16T05:35:22,,0.40999999999999998,7.5,9.1999999999999993,-1.7,0,0,0,0,1.75,5.4000000000000004,1.3067,77,5,0,19479,0.0002376,0.021840999999999999,0.012500000000000001,0.0091385000000000008,0.0078700999999999997,84.400000000000006,640,60487.800999999999,0.00080288742999999997,0.043068118000000002,-0.14749181,A_des,1,pre-collapse (healthy),1,2017-03-16,3,2017,summer_Mar-Jul,intermediate,22,0.003481012658227848,7,26.143161171385874,0.055446708463949841,0.033426024488205308,640,6320,79,80,59.954545454545453,17.90909090909091,79,0,7,8,0.63636363636363635
A_asc:2017-03-18,A_asc,ASCENDING,S1B,shift_small,2017-03-18T17:13:41,,-0.23000000000000001,12.6,14.4,-1.8,0,0.59999999999999998,0.59999999999999998,0.59999999999999998,2.5499999999999998,8.6999999999999993,3.6467000000000001,91,57,0,50453,0.00037645000000000002,0.019692000000000001,0.012500000000000001,0.022206,0.015909,0.39000000000000001,640,252293.29999999999,0.0014402830999999999,0.0056168203999999999,-0.068341494000000003,A_asc,0,pre-collapse (healthy),1,2017-03-18,3,2017,summer_Mar-Jul,intermediate,15,0.012500000000000001,5,3.4279893685819869,0.15517241379310345,0.055400472700738584,640,1200,40,30,37.666666666666664,28.199999999999999,41,29,5,11,0.26666666666666672
A_asc:2017-03-24,A_asc,ASCENDING,S1A,shift_small,2017-03-24T17:14:25,,-0.23999999999999999,13.5,13.1,0.40000000000000002,0,33.399999999999999,70.400000000000006,71.200000000000003,7.5899999999999999,18.399999999999999,6.2699999999999996,88,70,0,50808,4.5491999999999997e-05,0.0056173000000000004,0.012500000000000001,0.053449000000000003,0.020726000000000001,0.55000000000000004,640,207083.03,0.0031564640999999999,0.0055805556000000003,2.7551578999999999,A_asc,0,pre-collapse (healthy),1,2017-03-24,3,2017,summer_Mar-Jul,intermediate,14,0.005335365853658537,5,3.1943828249997024,0.12746305418719214,0.19090270059037329,640,2624,64,41,40.428571428571431,33.142857142857146,41,30,5,10,0.2857142857142857
A_des:2017-03-28,A_des,DESCENDING,S1A,shift_big,2017-03-28T05:35:22,,0.40999999999999998,8.6999999999999993,9.5,-0.80000000000000004,0,0,7.2999999999999998,77.700000000000003,3.8900000000000001,8.8000000000000007,3.9432999999999998,61,26,0,18870,0.00011726999999999999,0.017048000000000001,0.012500000000000001,0.043171000000000001,0.0093261000000000004,84.060000000000002,640,49224.101999999999,5.7422614e-05,0.015592573,-0.23429823999999999,A_des,1,pre-collapse (healthy),1,2017-03-28,3,2017,summer_Mar-Jul,intermediate,12,0.0032318879612173446,6,34.877264960302021,0.049928160919540228,0.060702156770183917,640,3713,47,79,52.5,30.916666666666668,72,2,6,3,0.75
A_asc:2017-03-30,A_asc,ASCENDING,S1B,shift_small,2017-03-30T17:13:41,,-0.23000000000000001,17.600000000000001,21,-3.3999999999999999,0,0,0,40.700000000000003,0.72999999999999998,3.7999999999999998,1.3933,79,175,0,55480,0.00092489000000000004,0.014107,0.012500000000000001,0.038954999999999997,0.025457,0.070000000000000007,640,307433.96999999997,0.010822767,0.077380635000000003,0.27328902999999999,A_asc,0,pre-collapse (healthy),1,2017-03-30,3,2017,summer_Mar-Jul,compact,9,0.0097826086956521747,4,8.1566454009924225,0.14080459770114942,0.23151227341631675,640,920,40,23,31.555555555555557,24,38,29,4,5,0.44444444444444442
A_des:2017-04-03,A_des,DESCENDING,S1B,shift_small,2017-04-03T05:34:49,,0.41999999999999998,12.1,14.699999999999999,-2.6000000000000001,0,0.80000000000000004,3.7000000000000002,3.7000000000000002,5.9400000000000004,14.4,6.6166999999999998,84,40,0,22940,0.00038171,0.014924,0.012500000000000001,0.035152999999999997,0.012762000000000001,0.65000000000000002,640,57742.707000000002,0.0020189276,0.028295497999999999,-0.42389296999999998,A_des,1,pre-collapse (healthy),1,2017-04-03,4,2017,summer_Mar-Jul,compact,4,0.0010204081632653062,3,25.303161857759989,0.084051724137931022,0.069721683623045552,640,3920,80,49,20,56.5,0,72,3,2,0.5
A_asc:2017-04-05,A_asc,ASCENDING,S1A,shift_small,2017-04-05T17:14:25,,-0.23999999999999999,13.9,14.6,-0.69999999999999996,0,2.6000000000000001,2.7000000000000002,6.4000000000000004,6.6100000000000003,18.300000000000001,6.7533000000000003,78,149,0,52599,0.00098766999999999995,0.028577000000000002,0.012500000000000001,0.020417999999999999,0.020719000000000001,0.13,640,297400.59000000003,0.0075225513000000003,0.059069852999999999,0.51269220999999998,A_asc,0,pre-collapse (healthy),1,2017-04-05,4,2017,summer_Mar-Jul,compact,8,0.66666666666666663,1,1.6677080080157918,0.21174568965517243,0.053868556575394091,640,12,6,2,39.625,28.625,38,29,1,8,0
A_des:2017-04-09,A_des,DESCENDING,S1A,shift_big,2017-04-09T05:35:22,,0.40999999999999998,13,11.1,1.8999999999999999,0,0,0,3.5,0.40999999999999998,2.6000000000000001,0.69499999999999995,78,64,0,18662,4.7274999999999997e-05,0.0064990999999999998,0.012500000000000001,0.0031809999999999998,0.0034754,84.989999999999995,640,56630.112999999998,0.00087583921000000003,0.041255361999999997,-1.8992737,A_des,1,pre-collapse (healthy),1,2017-04-09,4,2017,summer_Mar-Jul,intermediate,19,0.0032094594594594596,8,38.196785988271252,0.039700544464609799,0.0016602418568702302,640,5920,80,74,48,23.315789473684209,79,1,8,8,0.57894736842105265
A_asc:2017-04-11,A_asc,ASCENDING,S1B,shift_small,2017-04-11T17:13:41,,-0.23000000000000001,15.5,16.699999999999999,-1.2,0,0,0,2.6000000000000001,0.91000000000000003,3.6000000000000001,2.1333000000000002,82,164,0,52920,0.00073178000000000002,0.0070409000000000001,0.012500000000000001,0.029655999999999998,0.0084690000000000008,0.56999999999999995,640,257755.34,0.017820909999999999,0.11237796,2.3833487999999998,A_asc,0,pre-collapse (healthy),1,2017-04-11,4,2017,summer_Mar-Jul,intermediate,14,0.012646793134598013,3,3.1855861601396773,0.1585591133004926,0.049290980495265736,640,1107,41,27,34.642857142857146,25.857142857142858,37,28,3,11,0.2142857142857143
A_des:2017-04-15,A_des,DESCENDING,S1B,shift_small,2017-04-15T05:34:50,,0.41999999999999998,14.199999999999999,13.9,0.29999999999999999,0,1.8,2.7000000000000002,2.7000000000000002,0.63,2.3999999999999999,0.95167000000000002,87,49,0,22682,0.00043970000000000001,0.012423999999999999,0.012500000000000001,0.073904999999999998,0.025905000000000001,1.1499999999999999,640,59808.074000000001,0.0021553761000000001,0.057502069000000003,0.84044295999999996,A_des,1,pre-collapse (healthy),1,2017-04-15,4,2017,summer_Mar-Jul,compact,5,0.00125,3,21.333541665649424,0.080172413793103456,0.36534844760351809,640,4000,80,50,16.600000000000001,57.600000000000001,0,71,3,3,0.40000000000000002
A_asc:2017-04-17,A_asc,ASCENDING,S1A,shift_small,2017-04-17T17:14:26,,-0.23999999999999999,16.300000000000001,18.300000000000001,-2,0,0,1,2.7000000000000002,0.64000000000000001,4.0999999999999996,2.0733000000000001,57,170,0,52662,3.8624999999999997e-05,0.011365999999999999,0.012500000000000001,0.021024000000000001,0.012714,0.32000000000000001,640,244617.54999999999,0.00091074692000000005,0.079987869000000003,2.0061662,A_asc,0,pre-collapse (healthy),1,2017-04-17,4,2017,summer_Mar-Jul,intermediate,16,0.011428571428571429,7,5.7452425971406988,0.095905172413793094,0.12951719207308679,640,1400,40,35,32.4375,27.5625,38,29,7,5,0.6875
A_des:2017-04-21,A_des,DESCENDING,S1A,shift_big,2017-04-21T05:35:23,,0.40999999999999998,10.800000000000001,11.4,-0.59999999999999998,0,0,0.29999999999999999,2.1000000000000001,2.1000000000000001,4.0999999999999996,1.9917,64,114,0,18040,0.00010852,0.0099098999999999993,0.012500000000000001,0.013546000000000001,0.0068653999999999998,84.159999999999997,640,57989.343999999997,0.0031510752000000002,0.036649629000000003,-1.8145669,A_des,1,pre-collapse (healthy),1,2017-04-21,4,2017,summer_Mar-Jul,intermediate,13,0.0020569620253164558,8,27.439012523850487,0.036140583554376653,0.012295755214423427,640,6320,80,79,55.46153846153846,24.615384615384617,71,2,8,2,0.84615384615384615
A_asc:2017-04-23,A_asc,ASCENDING,S1B,shift_small,2017-04-23T17:13:42,,-0.23000000000000001,14.5,15.4,-0.90000000000000002,0,3.7000000000000002,3.8999999999999999,4.2000000000000002,3.3100000000000001,10.199999999999999,3.9617,84,150,0,54605,0.00083432000000000005,0.021571,0.012500000000000001,0.028511000000000002,0.024621000000000001,0.20000000000000001,640,290977.09000000003,0.011521465999999999,0.12638626,0.61374879000000004,A_asc,0,pre-collapse (healthy),1,2017-04-23,4,2017,summer_Mar-Jul,intermediate,21,0.0075134168157423974,9,6.4526884481289466,0.11412151067323481,0.08664591115113135,640,2795,65,43,38.095238095238095,34.761904761904759,41,29,9,12,0.4285714285714286
A_des:2017-04-27,A_des,DESCENDING,S1B,shift_small,2017-04-27T05:34:50,,0.41999999999999998,13.9,13.699999999999999,0.20000000000000001,0.10000000000000001,21.100000000000001,36.5,40.600000000000001,3.3599999999999999,8.6999999999999993,2.7050000000000001,96,113,0,26746,0.00035864000000000002,0.015237000000000001,0.012500000000000001,0.032527,0.0075862000000000004,0.96999999999999997,640,55472.68,0.0053316978999999997,0.066220991000000007,-0.79092264000000001,A_des,1,pre-collapse (healthy),1,2017-04-27,4,2017,summer_Mar-Jul,distributed,28,0.0044303797468354432,16,42.45983996912944,0.025708128078817734,0.016283560596620537,640,6320,80,79,38.107142857142854,35.428571428571431,79,24,16,4,0.85714285714285721
A_asc:2017-04-29,A_asc,ASCENDING,S1A,shift_small,2017-04-29T17:14:26,,-0.23999999999999999,16.199999999999999,17.399999999999999,-1.2,0,0,24.699999999999999,53.600000000000001,1.8899999999999999,4.9000000000000004,1.7967,57,268,0,45589,0.00093296999999999998,0.019195,0.012500000000000001,0.022098,0.0028532000000000002,0.69999999999999996,640,203080.28,0.016079551000000001,0.088257878999999997,0.13419747000000001,A_asc,0,pre-collapse (healthy),1,2017-04-29,4,2017,summer_Mar-Jul,intermediate,15,0.0057164634146341462,6,5.1613951602255783,0.14195402298850573,0.19346523575094704,640,2624,64,41,40,32.200000000000003,37,28,6,7,0.53333333333333333
A_des:2017-05-03,A_des,DESCENDING,S1A,shift_big,2017-05-03T05:35:24,,0.40999999999999998,11.300000000000001,11.6,-0.29999999999999999,0,6.2000000000000002,29.699999999999999,64,3.4399999999999999,8.1999999999999993,3.0600000000000001,90,111,0,21065,0.00010148,0.010491,0.012500000000000001,0.0057505999999999998,0.010007,84.109999999999999,640,72681.952999999994,0.0010359847,0.056290705000000003,1.0088294,A_des,1,pre-collapse (healthy),1,2017-05-03,5,2017,summer_Mar-Jul,intermediate,19,0.0030834144758195392,7,23.957776801115699,0.042876588021778579,0.016607223074857243,640,6162,78,79,61.263157894736842,16.105263157894736,79,0,7,4,0.78947368421052633
A_asc:2017-05-05,A_asc,ASCENDING,S1B,shift_small,2017-05-05T17:13:43,,-0.23000000000000001,16.5,16.899999999999999,-0.40000000000000002,0,2.6000000000000001,18.199999999999999,43.799999999999997,1.2,4.4000000000000004,1.7583,72,275,0,48636,4.4040999999999999e-06,0.016035000000000001,0.012500000000000001,0.01108,0.0036673999999999999,0.46999999999999997,640,237799.57999999999,0.00028161099000000001,0.020640142,2.7678254,A_asc,0,pre-collapse (healthy),1,2017-05-05,5,2017,summer_Mar-Jul,intermediate,15,0.076923076923076927,4,1.639783183499848,0.16350574712643681,0.037364084678573807,640,195,15,13,39.466666666666669,29.733333333333334,38,29,4,11,0.26666666666666672
A_des:2017-05-09,A_des,DESCENDING,S1B,shift_big,2017-05-09T05:34:56,,0.41999999999999998,14.699999999999999,13.6,1.1000000000000001,0,0.20000000000000001,21.699999999999999,44.100000000000001,4.46,10.199999999999999,2.4883000000000002,80,168,0,19471,8.2397000000000004e-05,0.0011996999999999999,0.012500000000000001,0.16270000000000001,0.057259999999999998,58.18,640,61809.137000000002,0.00021064658,0.026102238999999999,-2.8196523999999998,A_des,1,pre-collapse (healthy),1,2017-05-09,5,2017,summer_Mar-Jul,intermediate,22,0.003767123287671233,12,48.250594138422208,0.040164576802507845,0.093833348097674796,640,5840,80,73,43.31818181818182,53.136363636363633,40,5,12,4,0.81818181818181812
A_asc:2017-05-11,A_asc,ASCENDING,S1A,shift_small,2017-05-11T17:14:27,,-0.23999999999999999,17.699999999999999,19,-1.3,0,0.20000000000000001,0.5,26.899999999999999,2.8199999999999998,9.1999999999999993,2.3982999999999999,74,260,0,45243,0.00094819999999999995,0.0047308999999999997,0.012500000000000001,0.043194999999999997,0.015448999999999999,1.5600000000000001,640,156745.34,0.013038334,0.086477845999999997,-0.31061106999999999,A_asc,0,pre-collapse (healthy),1,2017-05-11,5,2017,summer_Mar-Jul,compact,8,0.1111111111111111,4,1.1858541225631423,0.16271551724137928,0.32760022480412382,640,72,8,9,39.625,30.125,40,29,4,3,0.625
A_des:2017-05-15,A_des,DESCENDING,S1A,shift_big,2017-05-15T05:35:24,,0.40999999999999998,18.300000000000001,14.300000000000001,4,0,0.10000000000000001,15.4,24.100000000000001,2.73,8,1.8032999999999999,78,182,0,19413,3.9790999999999999e-05,0.0026072999999999999,0.012500000000000001,0.029581,0.027994000000000002,85.060000000000002,640,50970.519999999997,0.0011636636000000001,0.017348779000000002,-0.014669656999999999,A_des,1,pre-collapse (healthy),1,2017-05-15,5,2017,summer_Mar-Jul,compact,7,0.0011505588428665351,5,25.046894793077847,0.025862068965517241,0.12955027663522325,640,6084,78,78,56.571428571428569,24.142857142857142,70,3,5,3,0.5714285714285714
A_asc:2017-05-17,A_asc,ASCENDING,S1B,shift_small,2017-05-17T17:13:43,,-0.23000000000000001,23.600000000000001,24.800000000000001,-1.2,0,0,0,23.600000000000001,0.69999999999999996,3.7000000000000002,1.6200000000000001,52,295,0,49571,5.6308999999999999e-05,0.0032536000000000002,0.012500000000000001,0.016375000000000001,0.0026042000000000001,0.65000000000000002,640,187435.51999999999,0.0032605662,0.090997279,-2.4770458,A_asc,0,pre-collapse (healthy),1,2017-05-17,5,2017,summer_Mar-Jul,intermediate,18,0.0069230769230769233,8,7.5051422700590544,0.10344827586206898,0.03581906195010634,640,2600,65,40,35.166666666666664,32.722222222222221,41,28,8,7,0.61111111111111116
A_des:2017-05-21,A_des,DESCENDING,S1B,shift_big,2017-05-21T05:34:56,,0.41999999999999998,16.399999999999999,13.800000000000001,2.6000000000000001,0,2.2000000000000002,26,26.100000000000001,5.3899999999999997,13.800000000000001,4.7750000000000004,69,195,0,18062,0.00012154000000000001,0.0038635000000000002,0.012500000000000001,0.065737000000000004,0.017551000000000001,57.390000000000001,640,63173.925999999999,0.00082202448000000001,0.039900343999999997,0.97317600000000004,A_des,1,pre-collapse (healthy),1,2017-05-21,5,2017,summer_Mar-Jul,intermediate,14,0.0024305555555555556,9,32.736813827735844,0.055110837438423647,0.0059520468155152845,640,5760,80,72,32.714285714285715,47.214285714285715,0,46,9,2,0.85714285714285721
A_asc:2017-05-23,A_asc,ASCENDING,S1A,shift_small,2017-05-23T17:14:22,,-0.23999999999999999,19.800000000000001,21.699999999999999,-1.8999999999999999,0,0,0,26,1.3,5.7000000000000002,1.8332999999999999,79,313,0,49249,0.0001144,0.010555999999999999,0.012500000000000001,0.010244,0.010129000000000001,1.22,640,171138.60999999999,0.00025956714000000003,0.023469631000000001,-0.49790633000000001,A_asc,0,pre-collapse (healthy),1,2017-05-23,5,2017,summer_Mar-Jul,distributed,33,0.007138221933809215,10,10.820176371602281,0.075496342737722044,0.0026618354220163103,640,4623,69,67,39.848484848484851,39.515151515151516,45,30,10,13,0.60606060606060608
A_asc:2017-05-29,A_asc,ASCENDING,S1B,shift_small,2017-05-29T17:13:44,,-0.23000000000000001,23,25.100000000000001,-2.1000000000000001,0,0,0,0,1.7,6,2.1349999999999998,75,318,0,49849,0.00078669000000000005,0.012555999999999999,0.012500000000000001,0.022674,0.013509,0.22,640,256122.20000000001,0.0072978152999999997,0.022016892,-0.34243941,A_asc,0,pre-collapse (healthy),1,2017-05-29,5,2017,summer_Mar-Jul,intermediate,21,0.004755434782608696,7,5.1963706155061837,0.13259441707717567,0.050785431686891751,640,4416,69,64,39.333333333333336,31.285714285714285,44,29,7,13,0.38095238095238093
A_des:2017-06-02,A_des,DESCENDING,S1B,shift_big,2017-06-02T05:34:57,,0.41999999999999998,19.600000000000001,19.300000000000001,0.29999999999999999,0,0.90000000000000002,0.90000000000000002,0.90000000000000002,1.0800000000000001,3.6000000000000001,1.0567,82,202,0,18361,5.2024999999999997e-05,0.011564,0.012500000000000001,0.43720999999999999,0.19213,57.859999999999999,640,59452.175999999999,0.00053046899999999999,0.040187306999999999,2.3894204999999999,A_des,1,pre-collapse (healthy),1,2017-06-02,6,2017,summer_Mar-Jul,intermediate,18,0.0031250000000000002,12,42.084314253327683,0.044779693486590041,0.068747121153228993,640,5760,80,72,39.777777777777779,57.388888888888886,78,75,12,4,0.77777777777777779
A_asc:2017-06-04,A_asc,ASCENDING,S1A,shift_small,2017-06-04T17:14:23,,-0.23999999999999999,21.100000000000001,22.600000000000001,-1.5,0,8,8,8.9000000000000004,3.0099999999999998,7.7999999999999998,3.1316999999999999,80,268,0,50610,0.0010346000000000001,0.024590000000000001,0.012500000000000001,0.010087,0.0029282000000000002,0.75,640,217936.54999999999,0.0094385101000000002,0.083701393999999998,-1.1858101000000001,A_asc,0,pre-collapse (healthy),1,2017-06-04,6,2017,summer_Mar-Jul,intermediate,13,0.0048780487804878049,5,6.4045102450765068,0.14887267904509283,0.05624758788632242,640,2665,65,41,39.384615384615387,34.846153846153847,42,29,5,8,0.38461538461538458
A_des:2017-06-08,A_des,DESCENDING,S1A,shift_small,2017-06-08T05:35:31,,0.40999999999999998,17.800000000000001,17.699999999999999,0.10000000000000001,0,0,6.4000000000000004,17.199999999999999,4.9699999999999998,11.9,3.7549999999999999,70,208,0,20785,5.3730999999999998e-05,0.0064104000000000001,0.012500000000000001,0.023383999999999999,0.0063688,0.12,640,59290.991999999998,0.0018131035999999999,0.044359191999999999,-2.0244032999999999,A_des,1,pre-collapse (healthy),1,2017-06-08,6,2017,summer_Mar-Jul,compact,6,0.0015306122448979591,3,26.14489540150344,0.099137931034482749,0.71020606900144445,640,3920,80,49,24.666666666666668,64.333333333333329,0,73,3,4,0.33333333333333337
A_asc:2017-06-10,A_asc,ASCENDING,S1B,shift_small,2017-06-10T17:13:45,,-0.23000000000000001,22.800000000000001,23.899999999999999,-1.1000000000000001,0,0,0,16.300000000000001,1.22,5.4000000000000004,1.74,65,338,0,51682,0.00091920000000000001,0.026671,0.012500000000000001,0.019184,0.0097648000000000006,1.8700000000000001,640,149916.09,0.0053994836999999999,0.058231562000000001,-0.59538161999999994,A_asc,0,pre-collapse (healthy),1,2017-06-10,6,2017,summer_Mar-Jul,compact,6,0.0065217391304347823,4,28.469281690973517,0.11781609195402298,0.06960204753121127,640,920,40,23,27.5,21.5,3,7,4,2,0.66666666666666674
A_des:2017-06-14,A_des,DESCENDING,S1B,shift_big,2017-06-14T05:34:58,,0.41999999999999998,22.300000000000001,21.399999999999999,0.90000000000000002,0,0,0,0,1.5600000000000001,4.7999999999999998,1.0117,86,178,0,19913,0.00018553999999999999,0.016279999999999999,0.012500000000000001,0.055827000000000002,0.019446000000000001,57.219999999999999,640,52646.351999999999,0.00060666433999999997,0.02789231,-0.10320044,A_des,1,pre-collapse (healthy),1,2017-06-14,6,2017,summer_Mar-Jul,intermediate,17,0.0031067251461988302,10,9.3610767428467927,0.015466531440162272,0.043723275811478786,640,5472,76,72,51.470588235294116,56.764705882352942,45,50,10,4,0.76470588235294112
A_asc:2017-06-16,A_asc,ASCENDING,S1A,shift_small,2017-06-16T17:14:23,,-0.23999999999999999,25.899999999999999,26.600000000000001,-0.69999999999999996,0,0,5.7000000000000002,5.7000000000000002,1.1399999999999999,5.2999999999999998,1.6817,80,323,0,50585,0.00059013999999999996,0.0077581000000000004,0.012500000000000001,0.014434000000000001,0.0043169000000000003,1.21,640,189877.91,0.0097823022000000006,0.072303869000000007,-0.93867188999999995,A_asc,0,pre-collapse (healthy),1,2017-06-16,6,2017,summer_Mar-Jul,distributed,28,0.0080529191832039108,10,11.231163368602779,0.08636083743842364,0.086291488693803819,640,3477,61,57,47.25,38.928571428571431,42,29,10,12,0.5714285714285714
A_des:2017-06-20,A_des,DESCENDING,S1A,shift_small,2017-06-20T05:35:32,,0.40999999999999998,23.100000000000001,21.899999999999999,1.2,0,0,0.10000000000000001,5.7999999999999998,0.35999999999999999,1.7,0.39167000000000002,67,202,0,21686,9.8936000000000003e-05,0.0089426000000000002,0.012500000000000001,0.063725000000000004,0.041542000000000003,0.17000000000000001,640,59447.148000000001,0.00036503837000000002,0.030033475,2.1619663,A_des,1,pre-collapse (healthy),1,2017-06-20,6,2017,summer_Mar-Jul,compact,9,0.0020454545454545456,8,64.519209504315299,0.041666666666666664,0.09343077030543423,640,4400,80,55,26.222222222222221,62.111111111111114,79,25,8,2,0.77777777777777779
A_asc:2017-06-22,A_asc,ASCENDING,S1B,shift_small,2017-06-22T17:13:45,,-0.23000000000000001,23.399999999999999,25.399999999999999,-2,0,0,0,0.10000000000000001,2.4500000000000002,7,2.8149999999999999,81,305,0,47898,5.4196000000000001e-05,0.0030515,0.012500000000000001,0.024740999999999999,0.014473,0.23999999999999999,640,223103.28,0.00018496014,0.031853276999999999,0.12391794,A_asc,0,pre-collapse (healthy),1,2017-06-22,6,2017,summer_Mar-Jul,intermediate,19,0.0067978533094812162,7,6.6943561626293038,0.13951905626134301,0.056059819107278697,640,2795,65,43,44.368421052631582,35.684210526315788,44,29,7,12,0.36842105263157898
A_des:2017-06-26,A_des,DESCENDING,S1B,shift_big,2017-06-26T05:34:58,,0.41999999999999998,23.699999999999999,22.800000000000001,0.90000000000000002,0,6.4000000000000004,20.399999999999999,21.699999999999999,0.57999999999999996,2.7999999999999998,0.64332999999999996,85,161,0,18268,0.00014908,0.013818,0.012500000000000001,0.17097999999999999,0.063315999999999997,57.390000000000001,640,62081.612999999998,0.00037200675999999997,0.050207703999999999,1.6104191000000001,A_des,1,pre-collapse (healthy),1,2017-06-26,6,2017,summer_Mar-Jul,intermediate,11,0.0019097222222222222,7,42.336901435278612,0.056034482758620691,0.1112080062146127,640,5760,80,72,41.636363636363633,54.090909090909093,79,74,7,3,0.72727272727272729
A_asc:2017-06-28,A_asc,ASCENDING,S1A,shift_small,2017-06-28T17:14:24,,-0.23999999999999999,20.800000000000001,20.399999999999999,0.40000000000000002,0.29999999999999999,23.600000000000001,24.100000000000001,45.799999999999997,4.9400000000000004,13.699999999999999,4.9916999999999998,98,158,0,51512,0.00050312999999999996,0.0091704000000000004,0.012500000000000001,0.015819,0.018936000000000001,1.99,640,154951.57999999999,0.0054731034000000001,0.045484877999999999,0.035274088000000002,A_asc,0,pre-collapse (healthy),1,2017-06-28,6,2017,summer_Mar-Jul,intermediate,15,0.0053667262969588547,8,7.4714270539316816,0.09166666666666666,0.1631411337963051,640,2795,65,43,43.733333333333334,36.466666666666669,44,29,8,7,0.53333333333333333
A_des:2017-07-02,A_des,DESCENDING,S1A,shift_small,2017-07-02T05:35:32,,0.40999999999999998,20.399999999999999,17.399999999999999,3,0,3.5,4.7999999999999998,40.200000000000003,1.1399999999999999,4.5999999999999996,1.1917,80,199,0,20552,0.00030192000000000001,0.015545,0.012500000000000001,0.032363000000000003,0.014227999999999999,0.72999999999999998,640,46893.148000000001,0.0055075493000000001,0.07440339,2.0012878000000001,A_des,1,pre-collapse (healthy),1,2017-07-02,7,2017,summer_Mar-Jul,intermediate,22,0.0039855072463768114,13,37.368833967172641,0.039772727272727272,0.023065087318237573,640,5520,80,69,46.454545454545453,43.363636363636367,79,25,13,4,0.81818181818181812
A_asc:2017-07-04,A_asc,ASCENDING,S1B,shift_small,2017-07-04T17:13:46,,-0.23000000000000001,23.699999999999999,26.199999999999999,-2.5,0,0,0.40000000000000002,33.700000000000003,1.51,6.0999999999999996,2.0249999999999999,74,319,0,50905,0.00081072999999999996,0.018956000000000001,0.012500000000000001,0.034768,0.013305000000000001,2.1099999999999999,640,141973.91,0.0062377322000000002,0.062435142999999999,-1.4091545000000001,A_asc,0,pre-collapse (healthy),1,2017-07-04,7,2017,summer_Mar-Jul,intermediate,23,0.0052995391705069122,11,11.071942092574515,0.086206896551724158,0.057549017399764028,640,4340,70,62,43.565217391304351,39.086956521739133,39,29,11,10,0.56521739130434789
A_asc:2017-07-10,A_asc,ASCENDING,S1A,shift_small,2017-07-10T17:14:25,,-0.23999999999999999,23.399999999999999,24.199999999999999,-0.80000000000000004,0.20000000000000001,6.5999999999999996,6.7000000000000002,6.7000000000000002,4.0499999999999998,11.9,4.2466999999999997,83,258,0,49194,0.00086193999999999995,0.023262999999999999,0.012500000000000001,0.036304000000000003,0.014973999999999999,0.89000000000000001,640,186800.54999999999,0.014161651000000001,0.12698437000000001,1.1738527000000001,A_asc,0,pre-collapse (healthy),1,2017-07-10,7,2017,summer_Mar-Jul,intermediate,20,0.0059523809523809521,8,10.151354589413179,0.11228448275862071,0.11393248612960424,640,3360,70,48,45.299999999999997,38.600000000000001,42,29,8,12,0.40000000000000002
A_des:2017-07-14,A_des,DESCENDING,S1A,shift_small,2017-07-14T05:35:33,,0.40999999999999998,23.100000000000001,24.600000000000001,-1.5,0,0,7.9000000000000004,19.300000000000001,5.4800000000000004,13.199999999999999,2.2416999999999998,89,135,0,20713,3.1603999999999998e-05,0.0084992000000000002,0.012500000000000001,0.032482999999999998,0.02596,0.39000000000000001,640,54225.800999999999,7.4071245000000001e-06,0.0031043812999999999,0.57332337,A_des,1,pre-collapse (healthy),1,2017-07-14,7,2017,summer_Mar-Jul,intermediate,16,0.0033898305084745762,8,33.422134319938337,0.043372844827586202,0.039486070434056546,640,4720,80,59,50.1875,41.9375,79,25,8,4,0.75
A_asc:2017-07-16,A_asc,ASCENDING,S1B,shift_small,2017-07-16T17:13:47,,-0.23000000000000001,25,25.100000000000001,-0.10000000000000001,0,0,0,19.199999999999999,1.7,7.0999999999999996,2.3250000000000002,65,341,0,50404,0.00019992,0.019911999999999999,0.012500000000000001,0.033272000000000003,0.01417,0.75,640,214709.62,0.00045122454000000003,0.034909389999999998,-0.047906399000000002,A_asc,0,pre-collapse (healthy),1,2017-07-16,7,2017,summer_Mar-Jul,distributed,26,0.00712719298245614,11,10.31400495563445,0.10427718832891245,0.017219692908947353,640,3648,64,57,44.307692307692307,38.769230769230766,41,29,11,11,0.57692307692307687
A_des:2017-07-20,A_des,DESCENDING,S1B,shift_big,2017-07-20T05:35:00,,0.41999999999999998,23.300000000000001,20.5,2.7999999999999998,0,0,0,0,2.7799999999999998,7.4000000000000004,1.6599999999999999,73,105,0,20187,0.00011742,0.016795999999999998,0.012500000000000001,0.41241,0.24332999999999999,58.07,640,73764.210999999996,0.00059848691999999997,0.070827924,1.9441255,A_des,1,pre-collapse (healthy),1,2017-07-20,7,2017,summer_Mar-Jul,intermediate,16,0.0028444444444444446,9,36.77449226366015,0.041217672413793108,0.026864352445796491,640,5625,75,75,42.625,59.3125,6,56,9,3,0.8125
A_asc:2017-07-22,A_asc,ASCENDING,S1A,shift_small,2017-07-22T17:14:25,,-0.23999999999999999,24.800000000000001,26,-1.2,0,1.2,3,3,1.9299999999999999,5.4000000000000004,2.3100000000000001,82,255,0,50643,0.00027401999999999998,0.014697,0.012500000000000001,0.021368999999999999,0.010599000000000001,1.5600000000000001,640,179866.85999999999,0.00043316660000000001,0.028031080999999999,-0.29633427000000001,A_asc,0,pre-collapse (healthy),1,2017-07-22,7,2017,summer_Mar-Jul,intermediate,24,0.0082051282051282051,10,10.901229543292612,0.079022988505747127,0.01440431142159797,640,2925,65,45,35.291666666666664,36.708333333333336,43,29,10,7,0.70833333333333326
A_des:2017-07-26,A_des,DESCENDING,S1A,shift_small,2017-07-26T05:35:34,,0.40999999999999998,21.899999999999999,21.399999999999999,0.5,0,1.8999999999999999,13.5,16.899999999999999,4.3399999999999999,11.199999999999999,4.1882999999999999,51,157,0,20762,0.00033480000000000001,0.015771,0.012500000000000001,0.044842,0.0074612999999999997,0.14000000000000001,640,62326.336000000003,0.00076623895000000003,0.014663865,-0.94298398000000005,A_des,1,pre-collapse (healthy),1,2017-07-26,7,2017,summer_Mar-Jul,compact,7,0.00175,3,20.114468343326749,0.072660098522167496,0.86947968768670469,640,4000,80,50,12,56.857142857142854,0,73,3,3,0.5714285714285714
A_asc:2017-07-28,A_asc,ASCENDING,S1B,shift_small,2017-07-28T17:13:47,,-0.23000000000000001,24.300000000000001,25.300000000000001,-1,0,0.29999999999999999,1,15.4,4.1699999999999999,12.199999999999999,4.7667000000000002,82,267,0,51880,0.0013526,0.028965000000000001,0.012500000000000001,0.015696000000000002,0.011884,0.40000000000000002,640,237862.04999999999,0.0090976860000000007,0.038153194000000001,0.18338180000000001,A_asc,0,pre-collapse (healthy),1,2017-07-28,7,2017,summer_Mar-Jul,intermediate,15,0.0056285178236397749,5,9.0529307716095744,0.13908045977011493,0.08028767811918254,640,2665,65,41,34.733333333333334,35.533333333333331,41,29,5,7,0.53333333333333333
A_des:2017-08-01,A_des,DESCENDING,S1B,shift_big,2017-08-01T05:35:00,,0.41999999999999998,25.199999999999999,24.5,0.69999999999999996,0,0,0.20000000000000001,2.3999999999999999,5.0599999999999996,12,5.5117000000000003,80,141,0,19442,1.5931999999999999e-05,0.019949000000000001,0.012500000000000001,0.43570999999999999,0.20782999999999999,57.380000000000003,640,69275.539000000004,0.00071382249000000002,0.063977069999999997,2.9667338000000001,A_des,1,pre-collapse (healthy),1,2017-08-01,8,2017,shoulder_Aug-Sep,distributed,35,0.0057565789473684207,19,45.702034072537153,0.033128078817733997,0.009809457350155747,640,6080,80,76,35.799999999999997,59.085714285714289,79,74,19,6,0.82857142857142851
A_asc:2017-08-03,A_asc,ASCENDING,S1A,shift_small,2017-08-03T17:14:26,,-0.23999999999999999,27.100000000000001,28.800000000000001,-1.7,0,0,0,0.5,1.4299999999999999,7.2000000000000002,2.105,65,251,0,51315,0.0011918,0.023154000000000001,0.012500000000000001,0.0091403999999999999,0.0014442999999999999,2.0299999999999998,640,172828.91,0.0089703165000000005,0.089889421999999997,-0.61280060000000003,A_asc,0,pre-collapse (healthy),1,2017-08-03,8,2017,shoulder_Aug-Sep,intermediate,23,0.0062078272604588394,11,7.0969521400837206,0.083208395802098961,0.22762599754447638,640,3705,65,57,42.130434782608695,36.043478260869563,43,29,11,7,0.69565217391304346
A_des:2017-08-07,A_des,DESCENDING,S1A,shift_small,2017-08-07T05:35:34,,0.40999999999999998,24,25,-1,0,0,0,0,4.6200000000000001,11.699999999999999,4.2267000000000001,60,124,0,19937,0.00038101999999999998,0.012128999999999999,0.012500000000000001,0.10919,0.040874000000000001,0.93000000000000005,640,41958.055,0.00024214719000000001,0.0043065166,-1.2116271999999999,A_des,1,pre-collapse (healthy),1,2017-08-07,8,2017,shoulder_Aug-Sep,intermediate,12,0.0025862068965517241,9,24.245990504732024,0.025502873563218387,0.010496948402479396,640,4640,80,58,38.166666666666664,45.083333333333336,23,64,9,2,0.83333333333333337
A_asc:2017-08-09,A_asc,ASCENDING,S1B,shift_small,2017-08-09T17:13:48,,-0.23000000000000001,24.899999999999999,27.399999999999999,-2.5,0,4.4000000000000004,4.9000000000000004,4.9000000000000004,2.2799999999999998,8.4000000000000004,2.8433000000000002,78,283,0,47968,0.00025965,0.0085243000000000003,0.012500000000000001,0.028309000000000001,0.016636000000000001,0.85999999999999999,640,201929.20000000001,0.0017162437999999999,0.048364236999999997,-0.64398241000000001,A_asc,0,pre-collapse (healthy),1,2017-08-09,8,2017,shoulder_Aug-Sep,intermediate,19,0.0058461538461538464,7,10.747285942257877,0.10526315789473684,0.035794078530684469,640,3250,65,50,39.10526315789474,39.578947368421055,41,29,7,11,0.42105263157894735
A_des:2017-08-13,A_des,DESCENDING,S1B,shift_big,2017-08-13T05:35:01,,0.41999999999999998,22,19.800000000000001,2.2000000000000002,0,0,5,9.9000000000000004,2.1400000000000001,5.2999999999999998,1.3416999999999999,62,113,0,19318,0.00013998999999999999,0.014838,0.012500000000000001,0.45426,0.25784000000000001,57.310000000000002,640,72384.718999999997,0.00077411264999999998,0.040787674000000003,0.70426255999999998,A_des,1,pre-collapse (healthy),1,2017-08-13,8,2017,shoulder_Aug-Sep,distributed,44,0.0071428571428571426,20,43.480070479768308,0.030858150470219444,0.032014601813609767,640,6160,80,77,39.31818181818182,56.227272727272727,79,74,20,6,0.86363636363636365
A_asc:2017-08-15,A_asc,ASCENDING,S1A,shift_small,2017-08-15T17:14:27,,-0.23999999999999999,26,28.199999999999999,-2.2000000000000002,0,0,0,9.4000000000000004,1.0800000000000001,5,1.8383,49,269,0,46293,0.00029132000000000002,0.0098530000000000006,0.012500000000000001,0.026268,0.011173000000000001,1.0700000000000001,640,159590.92000000001,0.002004867,0.038231178999999997,0.18854462999999999,A_asc,0,pre-collapse (healthy),1,2017-08-15,8,2017,shoulder_Aug-Sep,distributed,26,0.0066666666666666671,11,9.1387237724612884,0.085543766578249344,0.0015347297039181799,640,3900,65,60,41.192307692307693,38.307692307692307,45,30,11,12,0.53846153846153844
A_des:2017-08-19,A_des,DESCENDING,S1A,shift_small,2017-08-19T05:35:35,,0.40999999999999998,23.399999999999999,22.100000000000001,1.3,0,0,0,0,2.1099999999999999,5.7999999999999998,1.4399999999999999,88,86,0,19413,0.00021086,0.011702000000000001,0.012500000000000001,0.037957999999999999,0.013627999999999999,0.64000000000000001,640,45939.309000000001,0.0036133372,0.056033064,1.8419862,A_des,1,pre-collapse (healthy),1,2017-08-19,8,2017,shoulder_Aug-Sep,intermediate,13,0.002663934426229508,7,47.048005195750946,0.034151193633952255,0.12021903620138316,640,4880,80,61,34.53846153846154,40.384615384615387,79,25,7,3,0.76923076923076916
A_asc:2017-08-21,A_asc,ASCENDING,S1B,shift_small,2017-08-21T17:13:48,,-0.23000000000000001,23.699999999999999,27.100000000000001,-3.3999999999999999,0,0,2.2000000000000002,2.2000000000000002,1.24,7.0999999999999996,2.3050000000000002,68,239,0,45986,0.00097203000000000003,0.023639,0.012500000000000001,0.018970000000000001,0.0076229000000000002,1.02,640,188597.5,0.0041011310999999996,0.039202413999999998,0.091284036999999998,A_asc,0,pre-collapse (healthy),1,2017-08-21,8,2017,shoulder_Aug-Sep,intermediate,22,0.007871198568872988,8,9.073278358194969,0.10697492163009406,0.0090205921284597368,640,2795,65,43,42.636363636363633,37.68181818181818,40,29,8,12,0.45454545454545459
A_des:2017-08-25,A_des,DESCENDING,S1B,shift_big,2017-08-25T05:35:02,,0.41999999999999998,22.199999999999999,21.300000000000001,0.90000000000000002,0,0,0,2.2000000000000002,0.56999999999999995,1.8,0.46333000000000002,80,76,0,19954,0.00048736,0.032230000000000002,0.012500000000000001,0.63846999999999998,0.34172999999999998,57.619999999999997,640,83038.343999999997,0.00067227705999999996,0.071373820000000004,-0.42875159000000002,A_des,1,pre-collapse (healthy),1,2017-08-25,8,2017,shoulder_Aug-Sep,intermediate,23,0.0037828947368421053,12,41.708707209512582,0.041979010494752618,0.0065541750077371024,640,6080,80,76,39.913043478260867,58,78,75,12,4,0.82608695652173914
A_asc:2017-08-27,A_asc,ASCENDING,S1A,shift_small,2017-08-27T17:14:27,,-0.23999999999999999,25.300000000000001,27.699999999999999,-2.3999999999999999,0,0,0,0,0.81000000000000005,5.2000000000000002,1.665,68,197,0,48306,0.00071071000000000003,0.020572,0.012500000000000001,0.024736000000000001,0.012640999999999999,2.0600000000000001,640,163691.41,0.010155414999999999,0.067721835999999994,-1.2315643000000001,A_asc,0,pre-collapse (healthy),1,2017-08-27,8,2017,shoulder_Aug-Sep,intermediate,23,0.0059973924380704044,10,7.7289870019048648,0.082646176911544245,0.064173780938244537,640,3835,65,59,44.086956521739133,36.652173913043477,43,29,10,11,0.52173913043478259
A_des:2017-08-31,A_des,DESCENDING,S1A,shift_small,2017-08-31T05:35:36,,0.40999999999999998,23.600000000000001,22.800000000000001,0.80000000000000004,0.20000000000000001,0.29999999999999999,0.29999999999999999,0.29999999999999999,3.52,9.1999999999999993,1.8300000000000001,94,50,0,25910,0.00038895999999999999,0.013095000000000001,0.012500000000000001,0.038552999999999997,0.019369000000000001,0.22,640,88010.187999999995,0.0038381270000000002,0.025850465999999999,-1.1623067,A_des,1,pre-collapse (healthy),1,2017-08-31,8,2017,shoulder_Aug-Sep,compact,3,0.75,1,0.74535599249992779,0.11781609195402298,0.85635840624440906,640,4,2,2,0.66666666666666663,72.666666666666671,0,73,1,3,0
A_asc:2017-09-02,A_asc,ASCENDING,S1B,shift_small,2017-09-02T17:13:49,,-0.23000000000000001,21.199999999999999,19.800000000000001,1.3999999999999999,0,0.29999999999999999,22,22,2.7999999999999998,9.5,5.2249999999999996,50,127,0,51429,0.00034545000000000002,0.010525,0.012500000000000001,0.017156000000000001,0.015640999999999999,0.44,640,222873.67000000001,0.0094601158000000001,0.060642890999999997,-2.2209013,A_asc,0,pre-collapse (healthy),1,2017-09-02,9,2017,shoulder_Aug-Sep,intermediate,23,0.0079365079365079361,8,5.3258651240404751,0.11225637181409295,0.089470543723160906,640,2898,63,46,41.521739130434781,34.304347826086953,42,29,8,12,0.47826086956521741
A_des:2017-09-06,A_des,DESCENDING,S1B,shift_big,2017-09-06T05:35:02,,0.41999999999999998,19.699999999999999,18.5,1.2,0,0,1,23.100000000000001,1.0800000000000001,2.8999999999999999,1.4550000000000001,83,42,0,18637,2.9436000000000001e-05,0.0031346999999999998,0.012500000000000001,0.47284999999999999,0.21845000000000001,57.359999999999999,640,72524.226999999999,0.00029488196,0.0092445174000000008,1.5642415000000001,A_des,1,pre-collapse (healthy),1,2017-09-06,9,2017,shoulder_Aug-Sep,distributed,30,0.00487012987012987,14,46.974059034984641,0.039080459770114949,0.017851417770514105,640,6160,80,77,35.966666666666669,55.166666666666664,79,74,14,5,0.83333333333333337
A_asc:2017-09-08,A_asc,ASCENDING,S1A,shift_small,2017-09-08T17:14:28,,-0.23999999999999999,21.600000000000001,23.699999999999999,-2.1000000000000001,0,0.20000000000000001,1.1000000000000001,2.5,2.3300000000000001,7.2000000000000002,2.3399999999999999,79,149,0,49153,0.00023894000000000001,0.015715,0.012500000000000001,0.022518,0.012156,1.95,640,174479.53,0.0012401559,0.064036316999999995,1.7969724,A_asc,0,pre-collapse (healthy),1,2017-09-08,9,2017,shoulder_Aug-Sep,intermediate,11,0.0038569424964936885,6,8.9304012292674972,0.14341692789968652,0.036286982404587699,640,2852,62,46,40.727272727272727,37.636363636363633,43,29,6,6,0.45454545454545459
A_des:2017-09-12,A_des,DESCENDING,S1A,shift_small,2017-09-12T05:35:36,,0.40999999999999998,19.199999999999999,17,2.2000000000000002,0.29999999999999999,0.59999999999999998,60.899999999999999,68,0.32000000000000001,4.2000000000000002,0.47832999999999998,85,21,0,19779,0.00095357000000000005,0.017703,0.012500000000000001,0.03918,0.024559000000000001,0.76000000000000001,640,50453.288999999997,0.0057903369999999996,0.033258854999999997,-0.44610952999999998,A_des,1,pre-collapse (healthy),1,2017-09-12,9,2017,shoulder_Aug-Sep,compact,6,0.0062111801242236021,4,20.344259359556169,0.066091954022988494,0.11479697982297628,640,966,69,14,20.333333333333332,72.333333333333329,0,73,4,3,0.5
A_asc:2017-09-14,A_asc,ASCENDING,S1B,shift_small,2017-09-14T17:13:50,,-0.23000000000000001,21,22.300000000000001,-1.3,1.5,7.2999999999999998,8.9000000000000004,75.400000000000006,2.1000000000000001,10.699999999999999,5.8167,93,29,0,47938,9.7604999999999998e-05,0.016472000000000001,0.012500000000000001,0.0077568000000000003,0.0096501,0.78000000000000003,640,198946.14000000001,0.00035125294000000002,0.015048051999999999,1.4972764000000001,A_asc,0,pre-collapse (healthy),1,2017-09-14,9,2017,shoulder_Aug-Sep,intermediate,19,0.0067978533094812162,6,8.1621381154056927,0.11206896551724141,0.032525065557955792,640,2795,65,43,44.89473684210526,36.631578947368418,42,29,6,12,0.36842105263157898
A_des:2017-09-18,A_des,DESCENDING,S1B,shift_big,2017-09-18T05:35:03,,0.41999999999999998,14.5,14.9,-0.40000000000000002,0,0,7.7999999999999998,16.699999999999999,4.3600000000000003,9.5999999999999996,4.2366999999999999,90,32,0,16734,9.2315e-05,0.0068564000000000003,0.012500000000000001,0.073608000000000007,0.031885999999999998,58.119999999999997,640,48982.730000000003,0.00087732081999999999,0.051646154,1.0415672,A_des,1,pre-collapse (healthy),1,2017-09-18,9,2017,shoulder_Aug-Sep,compact,2,1,1,0.5,0.0043103448275862068,0.04182260183347157,640,2,2,1,65.5,39,65,39,1,2,0
A_asc:2017-09-20,A_asc,ASCENDING,S1A,shift_small,2017-09-20T17:14:28,,-0.23999999999999999,18.100000000000001,21.699999999999999,-3.6000000000000001,0,0,4.2999999999999998,19.399999999999999,1.78,7.5999999999999996,2.625,68,108,0,48733,1.6285000000000001e-05,0.0013648,0.012500000000000001,0.01576,0.011257,1.01,640,199444.12,0.00096885847999999999,0.022668254999999998,-2.4492584000000002,A_asc,0,pre-collapse (healthy),1,2017-09-20,9,2017,shoulder_Aug-Sep,intermediate,11,0.0038569424964936885,8,9.3530390164360604,0.13087774294670848,0.14255230272301078,640,2852,62,46,39.454545454545453,38,42,29,8,3,0.72727272727272729
A_des:2017-09-24,A_des,DESCENDING,S1A,shift_small,2017-09-24T05:35:36,,0.40999999999999998,17.399999999999999,17.5,-0.10000000000000001,0,1,1,5.2999999999999998,1.0800000000000001,2.7999999999999998,1.2117,92,12,0,20879,0.00014049000000000001,0.011776999999999999,0.012500000000000001,0.0093147999999999998,0.010302,0.28000000000000003,640,61349.366999999998,0.00071296113000000004,0.033690116999999999,0.56850100000000003,A_des,1,pre-collapse (healthy),1,2017-09-24,9,2017,shoulder_Aug-Sep,intermediate,12,0.0018987341772151898,9,33.535325487544561,0.052083333333333336,0.034071373327710826,640,6320,80,79,25.666666666666668,51.416666666666664,0,73,9,3,0.75
A_asc:2017-09-26,A_asc,ASCENDING,S1B,shift_small,2017-09-26T17:13:50,,-0.23000000000000001,19.399999999999999,22,-2.6000000000000001,0,0,0.5,1.5,1.4099999999999999,4.2000000000000002,1.9866999999999999,70,69,0,47045,0.00010347,0.02147,0.012500000000000001,0.018187999999999999,0.011842,0.65000000000000002,640,208077.47,0.00018176438999999999,0.023642018000000001,1.2707622999999999,A_asc,0,pre-collapse (healthy),1,2017-09-26,9,2017,shoulder_Aug-Sep,compact,10,0.0071428571428571426,4,5.6938563381947018,0.18103448275862069,0.10975954584938608,640,1400,35,40,43.899999999999999,33.899999999999999,41,29,4,6,0.40000000000000002
A_des:2017-09-30,A_des,DESCENDING,S1B,shift_big,2017-09-30T05:35:03,,0.41999999999999998,15.5,16.600000000000001,-1.1000000000000001,0,0,0,1.5,4.5700000000000003,11.199999999999999,4.2916999999999996,83,14,0,18505,0.00011713,0.014732,0.012500000000000001,0.13667000000000001,0.052528999999999999,57.200000000000003,640,67848.202999999994,0.00053804536999999995,0.033147093000000002,-2.2058947999999998,A_des,1,pre-collapse (healthy),1,2017-09-30,9,2017,shoulder_Aug-Sep,intermediate,23,0.0038851351351351354,13,46.965578836666516,0.035232383808095957,0.0077020603216494416,640,5920,80,74,37.391304347826086,52.217391304347828,79,74,13,4,0.82608695652173914
A_asc:2017-10-02,A_asc,ASCENDING,S1A,shift_small,2017-10-02T17:14:28,,-0.23999999999999999,20.100000000000001,20.800000000000001,-0.69999999999999996,0,0,4.7999999999999998,4.7999999999999998,0.81000000000000005,2.2000000000000002,0.56000000000000005,69,47,0,47656,0.00050016999999999998,0.010227999999999999,0.012500000000000001,0.029742000000000001,0.016576,0.80000000000000004,640,161071.41,0.0080999229000000006,0.083095506,-1.250928,A_asc,0,pre-collapse (healthy),1,2017-10-02,10,2017,winter_Oct-Feb,intermediate,13,0.0044858523119392681,5,7.0585044596642819,0.10941644562334218,0.16091813179514822,640,2898,63,46,39.53846153846154,36.615384615384613,42,30,5,9,0.30769230769230771
A_des:2017-10-06,A_des,DESCENDING,S1A,shift_small,2017-10-06T05:35:37,,0.40999999999999998,17,17.800000000000001,-0.80000000000000004,0,5.5999999999999996,10.300000000000001,15.1,0.57999999999999996,1.5,1.2266999999999999,95,6,0,21083,8.5331e-05,0.0039391000000000001,0.012500000000000001,0.035381999999999997,0.012388,0.27000000000000002,640,62565.487999999998,0.00065049802999999999,0.018658544999999999,1.0297149000000001,A_des,1,pre-collapse (healthy),1,2017-10-06,10,2017,winter_Oct-Feb,compact,3,0.75,1,0.74535599249992779,0.11781609195402298,0.64008894362557833,640,4,2,2,0.66666666666666663,72.666666666666671,0,73,1,3,0
A_asc:2017-10-08,A_asc,ASCENDING,S1B,shift_small,2017-10-08T17:13:50,,-0.23000000000000001,16.699999999999999,19.600000000000001,-2.8999999999999999,0,0.10000000000000001,1.2,10.4,1.1699999999999999,7,3.2332999999999998,84,25,0,48853,0.00080566999999999998,0.016367,0.012500000000000001,0.016945000000000002,0.012756999999999999,0.23999999999999999,640,244306.75,0.013742479,0.086290388999999995,-0.50615686000000004,A_asc,0,pre-collapse (healthy),1,2017-10-08,10,2017,winter_Oct-Feb,compact,8,0.5714285714285714,2,0.72886898685566259,0.20905172413793105,0.094413691657598262,640,14,7,2,40.375,28.625,41,29,2,7,0.125
A_des:2017-10-12,A_des,DESCENDING,S1B,shift_big,2017-10-12T05:35:03,,0.41999999999999998,14.9,16.5,-1.6000000000000001,0,0,0.10000000000000001,5.7999999999999998,1.1699999999999999,3.1000000000000001,1.1599999999999999,94,3,0,17478,0.00013190000000000001,0.018821000000000001,0.012500000000000001,0.12445000000000001,0.10002,57.979999999999997,640,55406.445,0.00032695751999999999,0.033677138000000002,-0.56971097000000004,A_des,1,pre-collapse (healthy),1,2017-10-12,10,2017,winter_Oct-Feb,intermediate,17,0.0029513888888888888,10,22.95203362996109,0.030172413793103453,0.090382994370067291,640,5760,80,72,19.294117647058822,50.058823529411768,20,73,10,4,0.76470588235294112
A_asc:2017-10-14,A_asc,ASCENDING,S1A,shift_small,2017-10-14T17:14:29,,-0.23999999999999999,17.5,21.899999999999999,-4.4000000000000004,0,0,0,0.20000000000000001,0.59999999999999998,1.3999999999999999,1.4117,87,19,0,48369,0.00034699999999999998,0.019931000000000001,0.012500000000000001,0.022780999999999999,0.0081949999999999992,1.0700000000000001,640,199588.84,0.0023908244999999999,0.062212635000000002,0.76620442,A_asc,0,pre-collapse (healthy),1,2017-10-14,10,2017,winter_Oct-Feb,intermediate,16,0.0057245080500894453,7,3.5646923078997999,0.11691810344827586,0.11925595457156457,640,2795,65,43,41.875,33.5625,42,30,7,9,0.4375
A_des:2017-10-18,A_des,DESCENDING,S1A,shift_small,2017-10-18T05:35:37,,0.40999999999999998,15.800000000000001,13.199999999999999,2.6000000000000001,0,0,0,0,0.92000000000000004,2.1000000000000001,1.0449999999999999,76,1,0,20874,0.00048295,0.015803999999999999,0.012500000000000001,0.046470999999999998,0.0071434000000000003,0.52000000000000002,640,54906.480000000003,0.0048781312,0.039935190000000002,0.70133889000000005,A_des,1,pre-collapse (healthy),1,2017-10-18,10,2017,winter_Oct-Feb,compact,4,0.25,2,2.0615528128088303,0.093749999999999986,0.71222139873361034,640,16,2,8,0.5,71,0,73,2,3,0.25
A_asc:2017-10-20,A_asc,ASCENDING,S1B,shift_small,2017-10-20T17:13:50,,-0.23000000000000001,15.699999999999999,20.5,-4.7999999999999998,0,0,0.10000000000000001,0.10000000000000001,0.81000000000000005,2.1000000000000001,1.5017,87,9,0,48540,0.00032557000000000002,0.014651000000000001,0.012500000000000001,0.015620999999999999,0.012652999999999999,0.23000000000000001,640,244530.22,0.0066307457000000002,0.047159184,1.8333451000000001,A_asc,0,pre-collapse (healthy),1,2017-10-20,10,2017,winter_Oct-Feb,intermediate,11,0.0070332480818414318,4,5.3543833900462632,0.18534482758620688,0.17700785978428357,640,1564,34,46,37.545454545454547,33.090909090909093,41,29,4,8,0.27272727272727271
A_des:2017-10-24,A_des,DESCENDING,S1B,shift_big,2017-10-24T05:35:03,,0.41999999999999998,14,14.4,-0.40000000000000002,0,0,10.300000000000001,13.699999999999999,6.75,17.5,5.7882999999999996,39,0,0,19532,1.4003e-05,0.0077682999999999997,0.012500000000000001,0.41137000000000001,0.15948999999999999,57.409999999999997,640,74836.008000000002,0.00018714626,0.030821692000000001,-2.9891021000000002,A_des,1,pre-collapse (healthy),1,2017-10-24,10,2017,winter_Oct-Feb,compact,7,0.0011986301369863014,6,8.5583233147143805,0.041256157635467978,0.18671054494310091,640,5840,80,73,43.142857142857146,46.714285714285715,36,42,6,2,0.7142857142857143
A_asc:2017-10-26,A_asc,ASCENDING,S1A,shift_small,2017-10-26T17:14:29,,-0.23999999999999999,13.4,20,-6.5999999999999996,0,0,0,13.6,1.98,5.0999999999999996,1.4016999999999999,81,3,0,47333,7.8275000000000005e-05,0.026235000000000001,0.012500000000000001,0.013845,0.0064672000000000002,1.29,640,173053.44,0.00021166142999999999,0.0090001886999999999,1.2223542000000001,A_asc,0,pre-collapse (healthy),1,2017-10-26,10,2017,winter_Oct-Feb,intermediate,11,0.13580246913580246,4,0.90909090909090939,0.13401253918495296,0.23345984877549697,640,81,9,9,41.454545454545453,30.727272727272727,42,30,4,8,0.27272727272727271
A_des:2017-10-30,A_des,DESCENDING,S1A,shift_small,2017-10-30T05:35:37,,0.40999999999999998,12.9,12.1,0.80000000000000004,0,0,0.10000000000000001,0.40000000000000002,5.2000000000000002,12.800000000000001,3.4266999999999999,80,0,0,20409,0.00028863000000000001,0.010928999999999999,0.012500000000000001,0.013793,0.021659999999999999,0.68000000000000005,640,50177.273000000001,0.00065633206000000001,0.032691162000000003,-0.14759142,A_des,1,pre-collapse (healthy),1,2017-10-30,10,2017,winter_Oct-Feb,compact,6,0.0015,3,40.705582472732715,0.089080459770114931,0.13983542484766787,640,4000,80,50,37.5,56.166666666666664,0,72,3,3,0.5
A_asc:2017-11-01,A_asc,ASCENDING,S1B,shift_small,2017-11-01T17:13:50,,-0.23000000000000001,15.199999999999999,17.699999999999999,-2.5,0,0,0,0.40000000000000002,1.3,3.7000000000000002,1.5916999999999999,79,1,0,47545,0.00036607000000000002,0.016456999999999999,0.012500000000000001,0.011873999999999999,0.0084349000000000004,1.2,640,170786.67000000001,0.0036920458,0.051442277000000002,0.1016454,A_asc,0,pre-collapse (healthy),1,2017-11-01,11,2017,winter_Oct-Feb,intermediate,11,0.0042968750000000003,4,4.6930579996873814,0.12147335423197493,0.102948133907522,640,2560,64,40,39.272727272727273,32.636363636363633,40,28,4,8,0.27272727272727271
A_des:2017-11-05,A_des,DESCENDING,S1B,shift_big,2017-11-05T05:35:03,,0.41999999999999998,14.9,13.699999999999999,1.2,11.699999999999999,67.200000000000003,71,71.299999999999997,8.4600000000000009,22.199999999999999,3.9117000000000002,94,0,0,43563,3.4996000000000002e-05,0.0053626000000000004,0.012500000000000001,0.23252999999999999,0.091717999999999994,57.689999999999998,640,207796.59,0.00034126570000000001,0.029625197999999998,-1.2446010000000001,A_des,1,pre-collapse (healthy),1,2017-11-05,11,2017,winter_Oct-Feb,compact,6,0.0014084507042253522,4,26.525668909777021,0.046695402298850573,0.4134963427800783,640,4260,60,71,56.166666666666664,45.5,79,59,4,2,0.66666666666666674
A_asc:2017-11-07,A_asc,ASCENDING,S1A,shift_small,2017-11-07T17:14:28,,-0.23999999999999999,10.9,10,0.90000000000000002,0,14,129.80000000000001,134.5,2.73,8.0999999999999996,2.3782999999999999,80,0,0,54287,5.5501999999999998e-05,0.0097113000000000008,0.012500000000000001,0.011376000000000001,0.0068129999999999996,1.8799999999999999,640,197308.07999999999,0.0062082344999999997,0.057063154999999997,-2.8347365999999998,A_asc,0,pre-collapse (healthy),1,2017-11-07,11,2017,winter_Oct-Feb,compact,5,1,1,1,0.27413793103448275,0.062062595365429796,640,5,5,1,42,29,43,29,1,5,0
A_des:2017-11-11,A_des,DESCENDING,S1A,shift_small,2017-11-11T05:35:36,,0.40999999999999998,7.2999999999999998,8.0999999999999996,-0.80000000000000004,0,0,7.7999999999999998,139.19999999999999,0.63,4.7999999999999998,2.2749999999999999,89,0,0,20792,0.00013213,0.0019873,0.012500000000000001,0.029683999999999999,0.027295,0.45000000000000001,640,56760.648000000001,0.00027595468999999997,0.026192751,-2.2528575000000002,A_des,1,pre-collapse (healthy),1,2017-11-11,11,2017,winter_Oct-Feb,compact,6,0.0012931034482758621,3,20.381091454799201,0.081178160919540235,0.0062596448371529051,640,4640,80,58,13.833333333333334,56.166666666666664,1,72,3,3,0.5
A_asc:2017-11-13,A_asc,ASCENDING,S1B,shift_small,2017-11-13T17:13:50,,-0.23000000000000001,11.1,11.199999999999999,-0.10000000000000001,0,3.7000000000000002,9.5,32.299999999999997,8.1300000000000008,23.800000000000001,8.2716999999999992,30,0,0,52717,0.00015503000000000001,0.0027572,0.012500000000000001,0.012399,0.0065900000000000004,1.47,640,194649.54999999999,0.0051695472000000001,0.058304059999999998,-2.1380501000000001,A_asc,0,pre-collapse (healthy),1,2017-11-13,11,2017,winter_Oct-Feb,compact,7,0.28000000000000003,2,0.63887656499993761,0.2161330049261084,0.061957293080096683,640,25,5,5,41.428571428571431,29.285714285714285,42,29,2,6,0.1428571428571429
A_des:2017-11-17,A_des,DESCENDING,S1B,shift_big,2017-11-17T05:35:03,,0.41999999999999998,7.9000000000000004,8.8000000000000007,-0.90000000000000002,0,0,0,9.5,6.9100000000000001,17.199999999999999,6.9932999999999996,67,0,0,17893,2.3991000000000001e-05,0.0013517,0.012500000000000001,0.089288000000000006,0.040084000000000002,57.82,640,58756.269999999997,0.00049711978999999996,0.013080229000000001,-1.9826106999999999,A_des,1,pre-collapse (healthy),1,2017-11-17,11,2017,winter_Oct-Feb,distributed,43,0.0068910256410256408,19,51.140655888387172,0.030773857257417804,0.003401527982596833,640,6240,80,78,34.744186046511629,43.372093023255815,79,69,19,8,0.81395348837209303
A_asc:2017-11-19,A_asc,ASCENDING,S1A,shift_big,2017-11-19T17:14:20,,-0.23999999999999999,8.6999999999999993,14.5,-5.7999999999999998,0,0,0,3.7000000000000002,0.90000000000000002,3.2999999999999998,1.2849999999999999,93,0,0,143840,0.00048255999999999999,0.028055,0.012500000000000001,0.19466,0.10562000000000001,150.13,640,602501,0.0012293011,0.041657802000000001,-0.68062889999999998,A_asc,0,pre-collapse (healthy),1,2017-11-19,11,2017,winter_Oct-Feb,compact,3,0.0028735632183908046,2,15.202339001321841,0.073275862068965511,0.6474628162474908,640,1044,36,29,36,55.333333333333336,48,46,2,2,0.33333333333333337
A_des:2017-11-23,A_des,DESCENDING,S1A,shift_small,2017-11-23T05:35:36,,0.40999999999999998,9.5999999999999996,11.300000000000001,-1.7,0,7.9000000000000004,9.9000000000000004,9.9000000000000004,2.1000000000000001,5,2.3433000000000002,90,0,0,22007,6.2315000000000002e-05,0.012815999999999999,0.012500000000000001,0.084709999999999994,0.025170999999999999,0.59999999999999998,640,52323.32,1.1255998e-05,0.020593684000000001,2.5151945000000002,A_des,1,pre-collapse (healthy),1,2017-11-23,11,2017,winter_Oct-Feb,compact,3,0.00076530612244897955,2,31.098410105841605,0.087643678160919544,0.70123576876130822,640,3920,80,49,26.666666666666668,57,0,73,2,2,0.33333333333333337
A_asc:2017-11-25,A_asc,ASCENDING,S1B,shift_small,2017-11-25T17:13:50,,-0.23000000000000001,9.5,15.300000000000001,-5.7999999999999998,0.10000000000000001,42.100000000000001,43.799999999999997,52.799999999999997,6.5599999999999996,15.699999999999999,4.8700000000000001,91,0,0,55646,0.00023042000000000001,0.0078968000000000007,0.012500000000000001,0.011841000000000001,0.0042624000000000004,1.51,640,203241.70000000001,0.0019913182999999998,0.065850347000000004,0.37048565999999999,A_asc,0,pre-collapse (healthy),1,2017-11-25,11,2017,winter_Oct-Feb,intermediate,12,0.016666666666666666,4,7.5115651572166433,0.13002873563218389,0.10151074684079786,640,720,36,20,36.75,33.166666666666664,43,29,4,8,0.33333333333333337
A_des:2017-11-29,A_des,DESCENDING,S1B,shift_small,2017-11-29T05:34:58,,0.41999999999999998,2.2000000000000002,3.5,-1.3,0,1.7,2.5,53.299999999999997,6.8700000000000001,16.5,6.8716999999999997,76,0,0,23644,0.00069722999999999996,0.025478000000000001,0.012500000000000001,0.019649,0.011214999999999999,1.78,640,51533.476999999999,0.0038259005999999999,0.013201535,0.056747674999999997,A_des,1,pre-collapse (healthy),1,2017-11-29,11,2017,winter_Oct-Feb,compact,4,0.045454545454545456,2,5.7008771254956896,0.057112068965517238,0.21913855732716614,640,88,4,22,1.5,65.5,0,71,2,3,0.25
A_asc:2017-12-01,A_asc,ASCENDING,S1A,shift_big,2017-12-01T17:14:20,,-0.23999999999999999,2.3999999999999999,8,-5.5999999999999996,0,0.40000000000000002,0.69999999999999996,45.100000000000001,5.6100000000000003,14.6,5.2866999999999997,82,0,0.01,166630,4.0491999999999998e-05,0.0036304000000000002,0.012500000000000001,0.2089,0.10553999999999999,150.75999999999999,640,593189.38,0.0013189530000000001,0.025612539,-2.7590887999999998,A_asc,0,pre-collapse (healthy),1,2017-12-01,12,2017,winter_Oct-Feb,compact,6,0.0042735042735042739,3,7.0632067001390286,0.068965517241379309,0.73693022366814265,640,1404,36,39,41.333333333333336,49.333333333333336,48,47,3,4,0.33333333333333337
A_des:2017-12-05,A_des,DESCENDING,S1A,shift_small,2017-12-05T05:35:36,,0.40999999999999998,4.2999999999999998,4.4000000000000004,-0.10000000000000001,0,0,1,4.7000000000000002,0.81999999999999995,3.7000000000000002,0.74666999999999994,63,0,0.02,20110,0.00012609000000000001,0.0069074000000000002,0.012500000000000001,0.052868999999999999,0.023621,0.81999999999999995,640,48918.101999999999,0.0055775312000000002,0.064578623000000002,1.8421232999999999,A_des,1,pre-collapse (healthy),1,2017-12-05,12,2017,winter_Oct-Feb,intermediate,12,0.0023809523809523812,9,56.69129366823249,0.049928160919540228,0.13517275191786352,640,5040,80,63,45.916666666666664,38.75,0,72,9,3,0.75
A_asc:2017-12-07,A_asc,ASCENDING,S1B,shift_small,2017-12-07T17:13:49,,-0.23000000000000001,10.6,11.5,-0.90000000000000002,0,0.10000000000000001,2,4.9000000000000004,2.8500000000000001,7,3.0099999999999998,90,0,0,53396,0.00031273,0.0060520000000000001,0.012500000000000001,0.033605999999999997,0.015350000000000001,0.10000000000000001,640,293744.90999999997,0.0040831529000000004,0.027283628000000001,0.97877955000000005,A_asc,0,pre-collapse (healthy),1,2017-12-07,12,2017,winter_Oct-Feb,intermediate,12,0.020833333333333332,3,13.928388277184119,0.14439655172413793,0.07725376685760621,640,576,36,16,28,34,41,29,3,7,0.41666666666666663
A_des:2017-12-11,A_des,DESCENDING,S1B,shift_small,2017-12-11T05:34:58,,0.41999999999999998,1.1000000000000001,0.80000000000000004,0.29999999999999999,1.3999999999999999,18.699999999999999,21.600000000000001,23.600000000000001,5.4299999999999997,11.4,5.5433000000000003,82,0,0,42581,0.00050516999999999999,0.030682999999999998,0.012500000000000001,0.019081999999999998,0.0029816999999999999,1.0800000000000001,640,125990.10000000001,0.0035685028000000001,0.035126327999999998,0.79847919999999994,A_des,1,pre-collapse (healthy),1,2017-12-11,12,2017,winter_Oct-Feb,compact,6,0.29999999999999999,2,2.0069324297987161,0.035201149425287355,0.043525727805632762,640,20,4,5,1.1666666666666667,70,1,72,2,3,0.5
A_asc:2017-12-13,A_asc,ASCENDING,S1A,shift_big,2017-12-13T17:14:19,,-0.23999999999999999,7.5999999999999996,11.5,-3.8999999999999999,0,0,102.90000000000001,117.2,1.55,4.9000000000000004,1.1100000000000001,84,0,0,112550,0.00018911000000000001,0.0071056000000000001,0.012500000000000001,0.26111000000000001,0.13991999999999999,150.33000000000001,640,526456.81000000006,0.00035994046,0.038959916999999997,-1.1756979999999999,A_asc,0,pre-collapse (healthy),1,2017-12-13,12,2017,winter_Oct-Feb,compact,7,0.0078125,3,22.047259073478074,0.044334975369458129,0.43964867765784105,640,896,28,32,55.285714285714285,56,62,77,3,4,0.4285714285714286
A_des:2017-12-17,A_des,DESCENDING,S1A,shift_small,2017-12-17T05:35:35,,0.40999999999999998,4.5999999999999996,4.9000000000000004,-0.29999999999999999,0,0,0,114.2,5.8499999999999996,15.699999999999999,6.1449999999999996,51,0,0,21235,0.00021625999999999999,0.0040832999999999998,0.012500000000000001,0.058548000000000003,0.029510000000000002,0.62,640,50673.887000000002,0.0050139976999999999,0.026934261000000001,0.80238134000000005,A_des,1,pre-collapse (healthy),1,2017-12-17,12,2017,winter_Oct-Feb,intermediate,12,0.0023076923076923079,7,53.169866674858447,0.052083333333333343,0.069183989135164922,640,5200,80,65,44.833333333333336,43.416666666666664,0,72,7,3,0.75
A_asc:2017-12-19,A_asc,ASCENDING,S1B,shift_small,2017-12-19T17:13:49,,-0.23000000000000001,2.6000000000000001,5.9000000000000004,-3.2999999999999998,0,0,0.29999999999999999,0.29999999999999999,3.8599999999999999,9.6999999999999993,4.2766999999999999,70,0,0,56051,6.5858000000000005e-05,0.014636,0.012500000000000001,0.0040175999999999996,0.0018572,4.3099999999999996,640,128669.31,0.0010199316,0.044844870000000002,1.3432871,A_asc,0,pre-collapse (healthy),1,2017-12-19,12,2017,winter_Oct-Feb,compact,8,0.014814814814814815,2,21.634752136319936,0.075969827586206892,0.028827984926697543,640,540,36,15,32,34.75,12,43,2,5,0.375
A_des:2017-12-23,A_des,DESCENDING,S1B,shift_small,2017-12-23T05:34:57,,0.41999999999999998,6.2999999999999998,7.0999999999999996,-0.80000000000000004,0,0,0,0.29999999999999999,3.6400000000000001,9.8000000000000007,3.46,54,0,0,21690,0.00014876000000000001,0.010192,0.012500000000000001,0.033419999999999998,0.028174999999999999,1.05,640,48260.184000000001,0.0116612,0.075005844000000002,-2.9920418999999998,A_des,1,pre-collapse (healthy),1,2017-12-23,12,2017,winter_Oct-Feb,intermediate,20,0.0034246575342465752,11,54.233292358107853,0.029525862068965521,0.24048297024019394,640,5840,80,73,41,36.5,0,72,11,3,0.84999999999999998
A_asc:2017-12-25,A_asc,ASCENDING,S1A,shift_big,2017-12-25T17:14:18,,-0.23999999999999999,10.5,10.699999999999999,-0.20000000000000001,0.20000000000000001,4.4000000000000004,4.5999999999999996,4.5999999999999996,2.0600000000000001,6,3.27,95,0,0,111860,0.00024531999999999999,0.020403000000000001,0.012500000000000001,0.15594,0.081309000000000006,150,640,500239.65999999997,0.0001120816,0.046540163000000002,0.71310043000000001,A_asc,0,pre-collapse (healthy),1,2017-12-25,12,2017,winter_Oct-Feb,compact,4,0.0022246941045606229,3,8.3852549156242109,0.060344827586206892,0.77048034015093669,640,1798,62,29,45.5,54.25,47,46,3,2,0.5
A_des:2017-12-29,A_des,DESCENDING,S1A,shift_small,2017-12-29T05:35:35,,0.40999999999999998,2,5.5999999999999996,-3.6000000000000001,0,0,57,63.799999999999997,5.0800000000000001,15.6,6.6532999999999998,33,0,0,21527,0.00016872,0.020204,0.012500000000000001,0.022012,0.0030038999999999999,1.1200000000000001,640,45320.855000000003,0.0049916170999999999,0.038907714000000003,-2.3129900000000001,A_des,1,pre-collapse (healthy),1,2017-12-29,12,2017,winter_Oct-Feb,intermediate,19,0.0036538461538461538,13,47.535378281503668,0.029718693284936475,0.039974528918200143,640,5200,80,65,36.526315789473685,42.578947368421055,0,73,13,3,0.84210526315789469
A_asc:2017-12-31,A_asc,ASCENDING,S1B,shift_small,2017-12-31T17:13:48,,-0.23000000000000001,10,11.300000000000001,-1.3,0.29999999999999999,1,1,64.599999999999994,1.0800000000000001,4.5,2.2450000000000001,98,0,0,59529,4.3903000000000003e-05,0.020486000000000001,0.012500000000000001,0.015713999999999999,0.011394,0.32000000000000001,640,312522.15999999997,0.0004432862,0.058981072000000002,-0.54486453999999995,A_asc,0,pre-collapse (healthy),1,2017-12-31,12,2017,winter_Oct-Feb,compact,5,0.01020408163265306,3,21.28097742116184,0.18793103448275864,0.08596441818519561,640,490,35,14,26.800000000000001,34.200000000000003,7,42,3,2,0.59999999999999998
A_des:2018-01-04,A_des,DESCENDING,S1B,shift_small,2018-01-04T05:34:56,,0.41999999999999998,6.2999999999999998,8.0999999999999996,-1.8,0,0,4.4000000000000004,11.4,1.8799999999999999,7.2999999999999998,2.0066999999999999,70,0,0,22587,0.00028144999999999998,0.0027647000000000001,0.012500000000000001,0.025787000000000001,0.0098723000000000005,1.1599999999999999,640,58878.311999999998,0.0055439584,0.043542101999999999,1.0476544999999999,A_des,1,pre-collapse (healthy),1,2018-01-04,1,2018,winter_Oct-Feb,compact,10,0.0025000000000000001,4,30.173498305632378,0.059051724137931028,0.44799130118456904,640,4000,80,50,28.800000000000001,62,0,71,4,4,0.59999999999999998
A_asc:2018-01-06,A_asc,ASCENDING,S1A,shift_big,2018-01-06T17:14:18,,-0.23999999999999999,6.7999999999999998,8.6999999999999993,-1.8999999999999999,0,12.9,13.199999999999999,24.600000000000001,6.0999999999999996,13.4,5.0867000000000004,92,0,0,151690,0.00019927000000000001,0.0050904000000000001,0.012500000000000001,0.16672999999999999,0.071506,150.34,640,636756.62,0.00087467016000000004,0.060694805999999997,1.7972805999999999,A_asc,0,pre-collapse (healthy),1,2018-01-06,1,2018,winter_Oct-Feb,compact,3,0.75,1,0.47140452079103501,0.064655172413793108,0.90743086930942018,640,4,2,2,47.666666666666664,46.333333333333336,48,46,1,3,0
A_des:2018-01-10,A_des,DESCENDING,S1A,shift_small,2018-01-10T05:35:35,,0.40999999999999998,9.0999999999999996,10,-0.90000000000000002,0.10000000000000001,37.799999999999997,86.200000000000003,103.2,1.8,7.4000000000000004,3.1000000000000001,94,0,0,23313,0.00030956000000000001,0.0098563999999999995,0.012500000000000001,0.045074999999999997,0.036636000000000002,0.33000000000000002,640,78778.608999999997,0.0036311843000000001,0.036197014,-0.53270768999999996,A_des,1,pre-collapse (healthy),1,2018-01-10,1,2018,winter_Oct-Feb,compact,4,0.66666666666666663,1,1.1180339887498949,0.09375,0.22873927827601495,640,6,3,2,1,72.5,0,73,1,4,0
A_asc:2018-01-12,A_asc,ASCENDING,S1B,shift_small,2018-01-12T17:13:48,,-0.23000000000000001,7.5999999999999996,8.6999999999999993,-1.1000000000000001,0,0.5,22,110.40000000000001,5.25,14.800000000000001,6.3099999999999996,84,0,0,57106,0.00030286000000000001,0.011683000000000001,0.012500000000000001,0.026630000000000001,0.012033,0.19,640,289794.71999999997,0.0041215410000000003,0.047138337000000002,-0.15579378999999999,A_asc,0,pre-collapse (healthy),1,2018-01-12,1,2018,winter_Oct-Feb,intermediate,12,0.022222222222222223,3,13.186693629901656,0.14439655172413793,0.0084710556477321629,640,540,36,15,29.333333333333332,32.666666666666664,42,29,3,8,0.33333333333333337
A_des:2018-01-16,A_des,DESCENDING,S1B,shift_small,2018-01-16T05:34:56,,0.41999999999999998,4.5,8.8000000000000007,-4.2999999999999998,0,2.5,2.5,47.799999999999997,3.73,10,3.2467000000000001,92,0,0,24737,0.00032537000000000001,0.014134000000000001,0.012500000000000001,0.04752,0.012203,0.81999999999999995,640,72408.452999999994,0.0031128080999999999,0.051231466000000003,0.22979622999999999,A_des,1,pre-collapse (healthy),1,2018-01-16,1,2018,winter_Oct-Feb,compact,4,0.40000000000000002,2,1.3462912017836259,0.1023706896551724,0.23223100405103392,640,10,2,5,0.5,70.75,0,72,2,3,0.25
A_asc:2018-01-18,A_asc,ASCENDING,S1A,shift_big,2018-01-18T17:14:18,,-0.23999999999999999,8.1999999999999993,10.300000000000001,-2.1000000000000001,0,0,1.7,3,2.6600000000000001,9.5,4.0217000000000001,78,1,0,107310,0.00012126,0.011847,0.012500000000000001,0.21758,0.12789,150.16999999999999,640,559733,8.0111886000000006e-06,0.027552568999999999,-0.073591292000000003,A_asc,0,pre-collapse (healthy),1,2018-01-18,1,2018,winter_Oct-Feb,compact,9,0.0021645021645021645,5,4.6890995213353781,0.059386973180076623,0.10092466262043069,640,4158,63,66,43.444444444444443,47.111111111111114,48,46,5,2,0.77777777777777779
A_des:2018-01-22,A_des,DESCENDING,S1A,shift_small,2018-01-22T05:35:34,,0.40999999999999998,5.2000000000000002,9.3000000000000007,-4.0999999999999996,0,0,0.10000000000000001,2.6000000000000001,4.6299999999999999,10.5,4.3766999999999996,74,0,0,21129,0.00010391999999999999,0.010135999999999999,0.012500000000000001,0.049639000000000003,0.0058161999999999997,0.40999999999999998,640,50002.241999999998,0.00026381513,0.025077235,2.5587046999999998,A_des,1,pre-collapse (healthy),1,2018-01-22,1,2018,winter_Oct-Feb,compact,4,0.019607843137254902,2,17,0.11637931034482758,0.3936031432427598,640,204,68,3,17,72,0,72,2,3,0.25
A_asc:2018-01-24,A_asc,ASCENDING,S1B,shift_small,2018-01-24T17:13:50,,-0.23000000000000001,6.9000000000000004,10.699999999999999,-3.7999999999999998,0,0,0,0.10000000000000001,2.04,4.2999999999999998,2.7082999999999999,84,3,0,49077,0.00018599999999999999,0.021507999999999999,0.012500000000000001,0.026263000000000002,0.015086,1.02,640,234447.17000000001,0.0021717734999999998,0.04688121,1.5972172,A_asc,0,pre-collapse (healthy),1,2018-01-24,1,2018,winter_Oct-Feb,compact,10,0.017361111111111112,2,11.354734695271395,0.14698275862068966,0.049099273528205728,640,576,36,16,29.300000000000001,32.799999999999997,40,29,2,7,0.30000000000000004
A_des:2018-01-28,A_des,DESCENDING,S1B,shift_small,2018-01-28T05:34:56,,0.41999999999999998,5.7999999999999998,7.5,-1.7,0,2.1000000000000001,68.099999999999994,68.5,0.70999999999999996,3.6000000000000001,1.2417,87,0,0,25638,4.5118999999999999e-05,0.0067114999999999996,0.012500000000000001,0.011297,0.0081951999999999997,0.93000000000000005,640,80700.608999999997,0.0014090801999999999,0.049415588000000003,2.3906841000000001,A_des,1,pre-collapse (healthy),1,2018-01-28,1,2018,winter_Oct-Feb,compact,5,0.024509803921568627,2,14.035668847618199,0.082758620689655185,0.18820532742662738,640,204,68,3,14,71,0,72,2,4,0.19999999999999996
A_asc:2018-01-30,A_asc,ASCENDING,S1A,shift_big,2018-01-30T17:14:16,,-0.23999999999999999,8.9000000000000004,11.199999999999999,-2.2999999999999998,0,1.8,2.1000000000000001,70.599999999999994,1.02,5.5,2.5550000000000002,89,4,0,130390,0.00043974999999999998,0.017092,0.012500000000000001,0.088960999999999998,0.052614000000000001,149.84999999999999,640,605633.31000000006,0.0022085274000000002,0.047688267999999999,1.3451405000000001,A_asc,0,pre-collapse (healthy),1,2018-01-30,1,2018,winter_Oct-Feb,compact,8,0.0032560032560032559,4,2.481179155159901,0.027478448275862072,0.1737831794715444,640,2457,63,39,49.625,47.875,48,46,4,3,0.625
A_des:2018-02-03,A_des,DESCENDING,S1A,shift_small,2018-02-03T05:35:34,,0.40999999999999998,5.4000000000000004,7.7000000000000002,-2.2999999999999998,0.20000000000000001,1.8,9.0999999999999996,13.9,6.2199999999999998,18.300000000000001,6.8700000000000001,77,0,0,25094,0.00037964999999999999,0.0060917999999999996,0.012500000000000001,0.036572,0.019264,1.1599999999999999,640,70828.358999999997,0.0043076021000000003,0.034248658000000001,-0.041772603999999998,A_des,1,pre-collapse (healthy),1,2018-02-03,2,2018,winter_Oct-Feb,compact,7,0.002070393374741201,4,17.520250673819408,0.061576354679802971,0.23389956446456256,640,3381,69,49,15.285714285714286,62.857142857142854,1,73,4,4,0.4285714285714286
A_asc:2018-02-05,A_asc,ASCENDING,S1B,shift_small,2018-02-05T17:13:50,,-0.23000000000000001,3.2000000000000002,4.4000000000000004,-1.2,1,25.100000000000001,32.299999999999997,42,6.2400000000000002,15.199999999999999,5.8483000000000001,91,4,0.02,80640,0.00016841,0.010104999999999999,0.012500000000000001,0.0053708999999999996,0.0062158999999999999,0.66000000000000003,640,412907.53000000003,0.00098808470999999995,0.012487649999999999,0.16461468000000001,A_asc,0,pre-collapse (healthy),1,2018-02-05,2,2018,winter_Oct-Feb,compact,9,0.016666666666666666,3,7.9853260483693091,0.15181992337164749,0.031440356880348852,640,540,36,15,33.555555555555557,31.888888888888889,41,29,3,6,0.33333333333333337
A_des:2018-02-09,A_des,DESCENDING,S1B,shift_small,2018-02-09T05:34:55,,0.41999999999999998,4.5,5.0999999999999996,-0.59999999999999998,0,2,13.9,58.100000000000001,1.1399999999999999,3.8999999999999999,0.81167,87,0,0.050000000000000003,22982,4.0383999999999998e-05,0.0064505999999999999,0.012500000000000001,0.025801999999999999,0.011256,0.96999999999999997,640,64216.230000000003,0.0022715082999999999,0.031834248000000002,2.2914424000000002,A_des,1,pre-collapse (healthy),1,2018-02-09,2,2018,winter_Oct-Feb,compact,6,0.0014955134596211367,3,16.918924315688631,0.071120689655172417,0.11583843784286023,640,4012,68,59,15,61.5,1,71,3,4,0.33333333333333337
A_asc:2018-02-11,A_asc,ASCENDING,S1A,shift_big,2018-02-11T17:14:17,,-0.23999999999999999,8.6999999999999993,9.9000000000000004,-1.2,0,0,0.5,51.299999999999997,1.97,5.7999999999999998,2.6867000000000001,72,16,0.02,118110,3.5621000000000003e-05,0.015890999999999999,0.012500000000000001,0.19502,0.11316,150.44,640,551023.62,0.0002249083,0.042219903000000003,1.5920506999999999,A_asc,0,pre-collapse (healthy),1,2018-02-11,2,2018,winter_Oct-Feb,intermediate,12,0.0034013605442176869,8,41.778267210490085,0.037356321839080463,0.016476832393932793,640,3528,63,56,50.5,55.583333333333336,13,74,8,2,0.83333333333333337
A_des:2018-02-15,A_des,DESCENDING,S1A,shift_small,2018-02-15T05:35:34,,0.40999999999999998,2.2999999999999998,1.1000000000000001,1.2,0,0,5.7000000000000002,8.0999999999999996,1.5800000000000001,5.5999999999999996,2.3767,68,0,0.040000000000000001,21144,8.1919e-05,0.0075471000000000002,0.012500000000000001,0.042632000000000003,0.028406000000000001,0.48999999999999999,640,51558.815999999999,0.0010106494000000001,0.013224104,-1.8195220000000001,A_des,1,pre-collapse (healthy),1,2018-02-15,2,2018,winter_Oct-Feb,intermediate,15,0.0029296875,8,42.840998017216073,0.044827586206896544,0.007569145857078575,640,5120,80,64,31.533333333333335,44,0,73,8,4,0.73333333333333339
A_asc:2018-02-17,A_asc,ASCENDING,S1B,shift_small,2018-02-17T17:13:50,,-0.23000000000000001,5.5999999999999996,7.5,-1.8999999999999999,0.29999999999999999,2.5,3.5,9.1999999999999993,5.6500000000000004,13.199999999999999,4.8716999999999997,94,7,0.01,74157,7.0298999999999999e-05,0.0056695000000000001,0.012500000000000001,0.020775999999999999,0.015351,0.28000000000000003,640,395968.44,0.0014875603000000001,0.032869332000000001,2.1191404999999999,A_asc,0,pre-collapse (healthy),1,2018-02-17,2,2018,winter_Oct-Feb,compact,10,0.018518518518518517,4,10.016985574512923,0.13103448275862067,0.03296760716566223,640,540,36,15,32.5,34.299999999999997,41,29,4,5,0.5
A_des:2018-02-21,A_des,DESCENDING,S1B,shift_small,2018-02-21T05:34:55,,0.41999999999999998,2.6000000000000001,4.4000000000000004,-1.8,0,0,0,3.7000000000000002,6.3600000000000003,16.600000000000001,5.5149999999999997,84,0,0,21741,9.4390999999999998e-05,0.003872,0.012500000000000001,0.040253999999999998,0.0060140000000000002,1.25,640,45864.741999999998,5.2086153999999997e-05,0.0065221031999999996,-1.0895343,A_des,1,pre-collapse (healthy),1,2018-02-21,2,2018,winter_Oct-Feb,compact,4,0.13333333333333333,2,3.0103986446980739,0.094827586206896547,0.38809706131198402,640,30,2,15,0.25,68,0,71,2,3,0.25
A_asc:2018-02-23,A_asc,ASCENDING,S1A,shift_big,2018-02-23T17:14:16,,-0.23999999999999999,4.0999999999999996,7.4000000000000004,-3.2999999999999998,0.40000000000000002,2.8999999999999999,5.0999999999999996,7.7999999999999998,9.1699999999999999,23.399999999999999,8.7817000000000007,84,14,0.040000000000000001,95192,9.1212999999999996e-05,0.0054425000000000003,0.012500000000000001,0.19170000000000001,0.10606,150.66,640,453490.09000000003,0.0020185742,0.054636708999999999,-2.5173774,A_asc,0,pre-collapse (healthy),1,2018-02-23,2,2018,winter_Oct-Feb,intermediate,12,0.004329004329004329,5,17.335136124197135,0.033405172413793108,0.032912317910716846,640,2772,63,44,53.25,62.666666666666664,63,77,5,5,0.58333333333333326
A_des:2018-02-27,A_des,DESCENDING,S1A,shift_small,2018-02-27T05:35:34,,0.40999999999999998,-3.2999999999999998,-2,-1.3,0,0,5.5,19.199999999999999,3,8.8000000000000007,2.7033,57,0,0.050000000000000003,21423,0.00019484,0.0081562000000000006,0.012500000000000001,0.041494999999999997,0.020421999999999999,0.42999999999999999,640,67698.585999999996,2.1371059000000001e-05,0.012695849,-1.3775857,A_des,1,pre-collapse (healthy),1,2018-02-27,2,2018,winter_Oct-Feb,compact,6,0.090909090909090912,2,6.3879226322456022,0.045258620689655166,0.22561252403677109,640,66,3,22,1.1666666666666667,59.333333333333336,2,53,2,4,0.33333333333333337
A_asc:2018-03-01,A_asc,ASCENDING,S1B,shift_small,2018-03-01T17:13:50,,-0.23000000000000001,-1.3,-1,-0.29999999999999999,0.59999999999999998,15.6,16,33,11.460000000000001,28.100000000000001,11.266999999999999,78,9,0.16,54306,0.00010902,0.0092891999999999992,0.012500000000000001,0.0056689000000000002,0.0060647000000000001,1.6799999999999999,640,199573.48000000001,0.0043639317000000004,0.051538460000000001,2.843502,A_asc,0,pre-collapse (healthy),1,2018-03-01,3,2018,summer_Mar-Jul,compact,8,0.015238095238095238,3,17.410485346480151,0.14762931034482757,0.055495204362455509,640,525,35,15,25.25,35.75,9,42,3,4,0.5
A_des:2018-03-05,A_des,DESCENDING,S1B,shift_small,2018-03-05T05:34:55,,0.41999999999999998,2.7999999999999998,4.0999999999999996,-1.3,0,3.7000000000000002,31.600000000000001,54.600000000000001,7.2000000000000002,16.800000000000001,6.8333000000000004,91,0,0.17000000000000001,27766,0.00015880000000000001,0.020011999999999999,0.012500000000000001,0.049766999999999999,0.026197000000000002,0.76000000000000001,640,82204.273000000001,0.0021423502,0.048337194999999999,1.6420774,A_des,1,pre-collapse (healthy),1,2018-03-05,3,2018,summer_Mar-Jul,compact,5,0.024154589371980676,2,14.422205101855956,0.085344827586206901,0.38105222208472828,640,207,69,3,14.4,71.200000000000003,0,72,2,4,0.19999999999999996
A_asc:2018-03-07,A_asc,ASCENDING,S1A,shift_big,2018-03-07T17:14:17,,-0.23999999999999999,10.1,12.1,-2,0,0.20000000000000001,7,58.399999999999999,1.6299999999999999,4.9000000000000004,1.5600000000000001,76,70,0.059999999999999998,119160,0.00035754,0.0086569000000000004,0.012500000000000001,0.21429000000000001,0.13861999999999999,150.16,640,649169.31000000006,0.0031017445000000002,0.059578903000000002,1.2014651000000001,A_asc,0,pre-collapse (healthy),1,2018-03-07,3,2018,summer_Mar-Jul,compact,8,0.0031746031746031746,4,13.645626588764621,0.055495689655172417,0.22201231823759138,640,2520,63,40,45.75,49.625,45,36,4,3,0.625
A_des:2018-03-11,A_des,DESCENDING,S1A,shift_small,2018-03-11T05:35:34,,0.40999999999999998,9.5,10.699999999999999,-1.2,9.6999999999999993,51.5,60.600000000000001,68.5,3.23,11,2.1316999999999999,90,0,0,38468,6.0361e-05,0.011842999999999999,0.012500000000000001,0.039314000000000002,0.014688,0.27000000000000002,640,149919.67000000001,0.00015053886000000001,0.014146793,-1.7211628000000001,A_des,1,pre-collapse (healthy),1,2018-03-11,3,2018,summer_Mar-Jul,compact,10,0.0017123287671232876,6,10.72054103112338,0.05387931034482759,0.13864905776071937,640,5840,80,73,12.199999999999999,46.700000000000003,2,50,6,3,0.69999999999999996
A_asc:2018-03-13,A_asc,ASCENDING,S1B,shift_small,2018-03-13T17:13:47,,-0.23000000000000001,11.300000000000001,15.1,-3.7999999999999998,0,0.40000000000000002,102.5,128.59999999999999,0.60999999999999999,5.2000000000000002,1.4682999999999999,91,97,0,50934,1.6968000000000001e-05,0.019222,0.012500000000000001,0.013906999999999999,0.0094640999999999996,0.67000000000000004,640,233339.57999999999,0.0068567678999999996,0.040982887000000003,-2.9104231,A_asc,0,pre-collapse (healthy),1,2018-03-13,3,2018,summer_Mar-Jul,compact,7,0.58333333333333337,2,1.5971914124998476,0.20073891625615761,0.096421664705945653,640,12,6,2,39.428571428571431,29.285714285714285,41,29,2,4,0.4285714285714286
A_des:2018-03-17,A_des,DESCENDING,S1B,shift_small,2018-03-17T05:34:55,,0.41999999999999998,8.9000000000000004,9.5,-0.59999999999999998,1.6000000000000001,8.6999999999999993,68.5,187.80000000000001,1.8400000000000001,5.7999999999999998,2.5699999999999998,90,1,0,40173,0.00017714,0.0082985999999999997,0.012500000000000001,0.054457999999999999,0.018891000000000002,1.1200000000000001,640,123337.83,0.0011227310999999999,0.046073664,-2.1090789000000001,A_des,1,pre-collapse (healthy),1,2018-03-17,3,2018,summer_Mar-Jul,compact,10,0.0045045045045045045,4,24.242318370980939,0.056034482758620684,0.042582784699592646,640,2220,37,60,11.199999999999999,49.5,0,71,4,4,0.59999999999999998
A_asc:2018-03-19,A_asc,ASCENDING,S1A,shift_big,2018-03-19T17:14:17,,-0.23999999999999999,9.5999999999999996,10.300000000000001,-0.69999999999999996,0,5.2000000000000002,25.600000000000001,85.799999999999997,3.3199999999999998,9.8000000000000007,3.9900000000000002,61,126,0,117220,0.00015868999999999999,0.017732999999999999,0.012500000000000001,0.20119000000000001,0.10424,150.18000000000001,640,597564.56000000006,0.00070861442000000005,0.031908959000000001,1.1475234000000001,A_asc,0,pre-collapse (healthy),1,2018-03-19,3,2018,summer_Mar-Jul,compact,6,0.0027272727272727275,4,14.142135623730951,0.056034482758620698,0.39837746559466292,640,2200,50,44,46,60,48,46,4,2,0.66666666666666674
A_des:2018-03-23,A_des,DESCENDING,S1A,shift_small,2018-03-23T05:35:34,,0.40999999999999998,5.5,6.0999999999999996,-0.59999999999999998,0,0,0.80000000000000004,26.399999999999999,4.8300000000000001,12.9,3.5167000000000002,63,14,0,21503,2.7148000000000002e-05,0.015379,0.012500000000000001,0.018731000000000001,0.012818,0.34999999999999998,640,66511.491999999998,0.0020494785000000001,0.025977593,-2.6254118000000002,A_des,1,pre-collapse (healthy),1,2018-03-23,3,2018,summer_Mar-Jul,compact,4,1,1,0.70710678118654757,0.12931034482758619,0.41527677230697452,640,4,2,2,0.5,72.5,0,73,1,4,0
A_asc:2018-03-25,A_asc,ASCENDING,S1B,shift_small,2018-03-25T17:13:47,,-0.23000000000000001,11.9,13.1,-1.2,0,0,1.8999999999999999,7.9000000000000004,2.9100000000000001,9.5999999999999996,2.7749999999999999,46,153,0,52637,0.00029401999999999998,0.012392,0.012500000000000001,0.0096488000000000008,0.0097143999999999998,0.32000000000000001,640,259627.79999999999,0.012466233,0.087312742999999998,2.5148096,A_asc,0,pre-collapse (healthy),1,2018-03-25,3,2018,summer_Mar-Jul,compact,10,0.33333333333333331,2,1.7029386365926431,0.17025862068965519,0.091027115880779927,640,30,6,5,39.299999999999997,28.899999999999999,41,29,2,9,0.099999999999999978
A_des:2018-03-29,A_des,DESCENDING,S1B,shift_small,2018-03-29T05:34:56,,0.41999999999999998,11.9,11.199999999999999,0.69999999999999996,0.29999999999999999,4.4000000000000004,4.4000000000000004,6.2999999999999998,3.8100000000000001,8.9000000000000004,4.0816999999999997,98,14,0,23595,3.1164000000000002e-05,0.0045699,0.012500000000000001,0.041696999999999998,0.028466000000000002,1.6899999999999999,640,55480.413999999997,0.0062897437999999998,0.078707590999999993,3.0081609,A_des,1,pre-collapse (healthy),1,2018-03-29,3,2018,summer_Mar-Jul,intermediate,11,0.0028061224489795917,5,15.216889268449858,0.032131661442006271,0.039994744569867208,640,3920,80,49,7.9090909090909092,58,0,71,5,4,0.63636363636363635
A_asc:2018-03-31,A_asc,ASCENDING,S1A,shift_big,2018-03-31T17:14:17,,-0.23999999999999999,10.4,10.4,0,0,41.799999999999997,55.5,57.200000000000003,1.97,5,2.7000000000000002,90,124,0,174330,0.00061536999999999996,0.013161000000000001,0.012500000000000001,0.19661000000000001,0.097309000000000007,150.34999999999999,640,866751.12,0.0044546174000000003,0.053054261999999998,0.89429152000000001,A_asc,0,pre-collapse (healthy),1,2018-03-31,3,2018,summer_Mar-Jul,intermediate,16,0.0037905709547500594,9,11.46904802065106,0.040409482758620691,0.023102677593182516,640,4221,63,67,52.1875,44.9375,45,36,9,4,0.75
A_des:2018-04-04,A_des,DESCENDING,S1A,shift_small,2018-04-04T05:35:34,,0.40999999999999998,9.6999999999999993,11,-1.3,0.20000000000000001,35.100000000000001,39.700000000000003,96.900000000000006,4.1399999999999997,9.4000000000000004,3.54,93,13,0,32781,2.5848000000000001e-05,0.010172,0.012500000000000001,0.021780000000000001,0.015507,0.23000000000000001,640,118599.25,0.00052603636999999995,0.010226588,-2.0770810000000002,A_des,1,pre-collapse (healthy),1,2018-04-04,4,2018,summer_Mar-Jul,compact,8,0.003134796238244514,4,28.825173460015812,0.051185344827586209,0.091805597269469269,640,2552,44,58,17.375,50,0,73,4,4,0.5
A_asc:2018-04-06,A_asc,ASCENDING,S1B,shift_small,2018-04-06T17:13:48,,-0.23000000000000001,16.300000000000001,16.399999999999999,-0.10000000000000001,0,0,59.399999999999999,108.40000000000001,0.28000000000000003,3.1000000000000001,1.5117,79,195,0,50571,0.00024920999999999998,0.022506000000000002,0.012500000000000001,0.038831999999999998,0.024416,0.14999999999999999,640,270948.62,0.0017764230000000001,0.046098939999999998,1.1861098000000001,A_asc,0,pre-collapse (healthy),1,2018-04-06,4,2018,summer_Mar-Jul,intermediate,14,0.025225225225225224,4,1.8294640678379581,0.16841133004926109,0.010200481238884193,640,555,37,15,36.571428571428569,30.142857142857142,38,29,4,11,0.2142857142857143
A_asc:2018-04-12,A_asc,ASCENDING,S1A,shift_big,2018-04-12T17:14:18,,-0.23999999999999999,10.9,15.800000000000001,-4.9000000000000004,3.7999999999999998,23.5,60.299999999999997,67.700000000000003,4.0599999999999996,16.899999999999999,3.8466999999999998,94,65,0,201470,7.8024999999999999e-05,0.0087098000000000002,0.012500000000000001,0.077631000000000006,0.043195999999999998,149.91999999999999,640,770601.81000000006,0.0083377250000000007,0.077406995000000006,2.7125539999999999,A_asc,0,pre-collapse (healthy),1,2018-04-12,4,2018,summer_Mar-Jul,intermediate,16,0.0037348272642390291,8,1.0402073110683274,0.022629310344827586,0.13598903981480454,640,4284,63,68,48.875,45.4375,48,46,8,3,0.8125
A_des:2018-04-16,A_des,DESCENDING,S1A,shift_small,2018-04-16T05:35:34,,0.40999999999999998,14.699999999999999,14,0.69999999999999996,0,0.59999999999999998,3.2999999999999998,78.900000000000006,5.3200000000000003,13.199999999999999,5.2217000000000002,77,68,0,23225,7.2693000000000003e-05,0.0085985999999999996,0.012500000000000001,0.045703000000000001,0.015358,1.1299999999999999,640,63227.383000000002,2.3101022000000001e-05,0.035592664000000003,-2.1129959,A_des,1,pre-collapse (healthy),1,2018-04-16,4,2018,summer_Mar-Jul,compact,7,0.58333333333333337,1,1.0879675865519869,0.097906403940886691,0.78950236935441298,640,12,3,4,0.5714285714285714,72,1,73,1,7,0
A_des:2018-04-22,A_des,DESCENDING,S1B,shift_small,2018-04-22T05:34:56,,0.41999999999999998,18.600000000000001,17.199999999999999,1.3999999999999999,0,0,0,0.59999999999999998,0.89000000000000001,2.5,1.0983000000000001,76,110,0,21766,0.00036457999999999998,0.0051066999999999996,0.012500000000000001,0.010895999999999999,0.0063211999999999999,1.54,640,46216.633000000002,0.012351795,0.058198523000000002,-1.6334299999999999,A_des,1,pre-collapse (healthy),1,2018-04-22,4,2018,summer_Mar-Jul,compact,2,1,1,0.5,0.043103448275862072,0.99892475748761056,640,2,1,2,0,69.5,0,69,1,2,0
A_asc:2018-04-24,A_asc,ASCENDING,S1A,shift_big,2018-04-24T17:14:18,,-0.23999999999999999,16.699999999999999,18.800000000000001,-2.1000000000000001,0,1.6000000000000001,1.6000000000000001,1.6000000000000001,1.1399999999999999,6.4000000000000004,2.2982999999999998,81,221,0,105290,6.1903999999999995e-05,0.012906000000000001,0.012500000000000001,0.48723,0.3075,150.61000000000001,640,578069,0.00071884377,0.032939958999999998,-1.2017435000000001,A_asc,0,pre-collapse (healthy),1,2018-04-24,4,2018,summer_Mar-Jul,intermediate,12,0.0039893617021276593,6,1.3969212178533523,0.058548850574712645,0.041883818271043455,640,3008,64,47,47.583333333333336,48.333333333333336,48,47,6,4,0.66666666666666674
A_des:2018-04-28,A_des,DESCENDING,S1A,shift_small,2018-04-28T05:35:35,,0.40999999999999998,16.5,15.9,0.59999999999999998,0,0.59999999999999998,2.5,4.0999999999999996,5.7300000000000004,13.699999999999999,5.8033000000000001,82,120,0,23674,8.6453999999999996e-05,0.0097476999999999998,0.012500000000000001,0.032488999999999997,0.018332999999999999,0.47999999999999998,640,77734.187999999995,0.0035707517999999999,0.021312978,2.1811155000000002,A_des,1,pre-collapse (healthy),1,2018-04-28,4,2018,summer_Mar-Jul,compact,5,0.83333333333333337,1,0.63245553203367677,0.11120689655172414,0.95494369272439028,640,6,2,3,0.40000000000000002,71.200000000000003,1,71,1,5,0
A_asc:2018-04-30,A_asc,ASCENDING,S1B,shift_small,2018-04-30T17:13:49,,-0.23000000000000001,15.699999999999999,16.600000000000001,-0.90000000000000002,0,8.0999999999999996,8.1999999999999993,12.300000000000001,7.2999999999999998,19.300000000000001,7.6116999999999999,74,181,0,48343,0.00020065999999999999,0.019550000000000001,0.012500000000000001,0.017217,0.0051076999999999997,0.17999999999999999,640,261753.5,0.0051979920999999998,0.087977870999999999,2.2871826,A_asc,0,pre-collapse (healthy),1,2018-04-30,4,2018,summer_Mar-Jul,intermediate,16,0.0039148519696598971,5,1.5322063340164078,0.14816810344827586,0.044727029247717216,640,4087,67,61,40.6875,30.5,41,29,5,12,0.25
A_des:2018-05-04,A_des,DESCENDING,S1B,shift_small,2018-05-04T05:34:57,,0.41999999999999998,16,15.5,0.5,0.40000000000000002,9.9000000000000004,26.100000000000001,35.100000000000001,5.9500000000000002,14.699999999999999,6.2300000000000004,88,24,0,22626,2.6471000000000001e-05,0.0058853000000000004,0.012500000000000001,0.029926000000000001,0.016899000000000001,1.1599999999999999,640,63338.362999999998,0.0029105278999999999,0.011731317,-3.0961254,A_des,1,pre-collapse (healthy),1,2018-05-04,5,2018,summer_Mar-Jul,compact,2,1,1,0.5,0.043103448275862072,0.99800387783718236,640,2,1,2,0,69.5,0,69,1,2,0
A_asc:2018-05-06,A_asc,ASCENDING,S1A,shift_big,2018-05-06T17:14:19,,-0.23999999999999999,22.300000000000001,23.600000000000001,-1.3,0,1.3999999999999999,11.199999999999999,36.5,0.85999999999999999,3.3999999999999999,1.8600000000000001,82,194,0,182290,0.00066874999999999997,0.019030999999999999,0.012500000000000001,0.38433,0.21678,150.88999999999999,640,830823.81000000006,0.00029145579999999998,0.028160128999999999,1.1393371000000001,A_asc,0,pre-collapse (healthy),1,2018-05-06,5,2018,summer_Mar-Jul,compact,4,0.030303030303030304,3,5.0559371040391712,0.050646551724137935,0.72056858765723297,640,132,11,12,48.75,42,48,47,3,2,0.5
A_des:2018-05-10,A_des,DESCENDING,S1A,shift_small,2018-05-10T05:35:36,,0.40999999999999998,16.199999999999999,15.6,0.59999999999999998,0,6.9000000000000004,14.6,28.100000000000001,3.98,10,3.7717000000000001,91,103,0,24607,9.9320000000000005e-05,0.01154,0.012500000000000001,0.018814000000000001,0.0060695999999999996,0.38,640,93624.523000000001,0.003720405,0.013808076000000001,-2.1796511000000001,A_des,1,pre-collapse (healthy),1,2018-05-10,5,2018,summer_Mar-Jul,compact,5,0.83333333333333337,1,0.4472135954999592,0.089655172413793102,0.94646958385436031,640,6,2,3,0.40000000000000002,70.799999999999997,0,71,1,5,0
A_asc:2018-05-12,A_asc,ASCENDING,S1B,shift_small,2018-05-12T17:13:49,,-0.23000000000000001,17.699999999999999,19.800000000000001,-2.1000000000000001,0,0,5,22.5,2.4399999999999999,6.7999999999999998,2.6766999999999999,85,281,0,46725,0.00061622999999999995,0.015531,0.012500000000000001,0.024230000000000002,0.0075646000000000003,1.9099999999999999,640,149078.67000000001,0.0046711894999999998,0.037484012999999997,-0.38555095,A_asc,0,pre-collapse (healthy),1,2018-05-12,5,2018,summer_Mar-Jul,intermediate,16,0.013793103448275862,5,2.8565987205066099,0.11880387931034482,0.034822271852193325,640,1160,40,29,37.1875,28.5,40,28,5,8,0.5
A_des:2018-05-16,A_des,DESCENDING,S1B,shift_big,2018-05-16T05:35:02,,0.41999999999999998,13.9,12.4,1.5,0,1.7,40.700000000000003,53.700000000000003,0.64000000000000001,2.5,1.1817,83,152,0,19497,2.5077000000000001e-05,0.0055043000000000002,0.012500000000000001,0.095755999999999994,0.022887999999999999,57.25,640,73508.5,0.00049845176000000001,0.062815948999999996,2.8531863999999998,A_des,1,pre-collapse (healthy),1,2018-05-16,5,2018,summer_Mar-Jul,intermediate,19,0.0032094594594594596,10,26.050239124598331,0.035617059891107077,0.0067332953057010776,640,5920,80,74,29.421052631578949,41.736842105263158,7,55,10,5,0.73684210526315796
A_asc:2018-05-18,A_asc,ASCENDING,S1A,shift_big,2018-05-18T17:14:20,,-0.23999999999999999,20.100000000000001,21.600000000000001,-1.5,0,1.6000000000000001,3.1000000000000001,44.899999999999999,1.2,4.2000000000000002,1.145,80,262,0,124910,0.00059236,0.016034,0.012500000000000001,0.60719999999999996,0.36964999999999998,150.77000000000001,640,698484.12,0.0056583731999999996,0.072494954,1.5260568000000001,A_asc,0,pre-collapse (healthy),1,2018-05-18,5,2018,summer_Mar-Jul,intermediate,11,0.0044770044770044773,5,3.3053925386723364,0.061128526645768025,0.23183492779412995,640,2457,63,39,45.18181818181818,48.727272727272727,48,47,5,4,0.63636363636363635
A_des:2018-05-22,A_des,DESCENDING,S1A,shift_small,2018-05-22T05:35:36,,0.40999999999999998,16,16.199999999999999,-0.20000000000000001,0.80000000000000004,6.2999999999999998,6.2999999999999998,11.1,3.3399999999999999,9.3000000000000007,3.0266999999999999,91,44,0,33930,6.9215999999999996e-05,0.0090719000000000008,0.012500000000000001,0.014943,0.0074045999999999999,0.40000000000000002,640,125613.36,0.0036190025999999998,0.080330938000000005,2.5037457999999999,A_des,1,pre-collapse (healthy),1,2018-05-22,5,2018,summer_Mar-Jul,compact,10,0.0046598322460391422,5,24.605080776132393,0.061206896551724135,0.25094106571044861,640,2146,37,58,10,48.100000000000001,1,71,5,5,0.5
A_asc:2018-05-24,A_asc,ASCENDING,S1B,shift_small,2018-05-24T17:13:50,,-0.23000000000000001,19.600000000000001,21.399999999999999,-1.8,0,0,10.300000000000001,11.9,1.6399999999999999,5.9000000000000004,2.1566999999999998,88,249,0,46288,4.2443e-05,0.0051361999999999996,0.012500000000000001,0.015431,0.0077073999999999997,0.059999999999999998,640,235849.66,0.00096667854999999997,0.086021528,-2.5663855999999998,A_asc,0,pre-collapse (healthy),1,2018-05-24,5,2018,summer_Mar-Jul,intermediate,14,0.009485094850948509,4,4.497731854694619,0.16748768472906406,0.001883797014361306,640,1476,36,41,43.428571428571431,32.785714285714285,41,29,4,10,0.2857142857142857
A_des:2018-05-28,A_des,DESCENDING,S1B,shift_big,2018-05-28T05:35:03,,0.41999999999999998,19.600000000000001,19.399999999999999,0.20000000000000001,0,9.0999999999999996,9.1999999999999993,19.5,4.4900000000000002,10.9,4.2649999999999997,90,150,0,21380,0.00013265,0.021576999999999999,0.012500000000000001,0.54254999999999998,0.28090999999999999,58.020000000000003,640,74047.077999999994,0.00090599368999999996,0.061141661999999999,-0.70073903000000004,A_des,1,pre-collapse (healthy),1,2018-05-28,5,2018,summer_Mar-Jul,distributed,31,0.005098684210526316,15,39.324485915365813,0.037819799777530597,0.001635237733085246,640,6080,80,76,43.387096774193552,52.322580645161288,79,69,15,5,0.83870967741935487
A_asc:2018-05-30,A_asc,ASCENDING,S1A,shift_big,2018-05-30T17:14:20,,-0.23999999999999999,20.899999999999999,25,-4.0999999999999996,1.8999999999999999,9.3000000000000007,15,19.5,1.02,7.2000000000000002,1.6733,85,93,0,118910,0.0011779,0.028575,0.012500000000000001,0.35027000000000003,0.17357,151.03999999999999,640,517416,0.0013881313,0.014055455,-0.068106651000000004,A_asc,0,pre-collapse (healthy),1,2018-05-30,5,2018,summer_Mar-Jul,intermediate,14,0.0052910052910052907,6,9.866455228475429,0.036022167487684727,0.055532874193891767,640,2646,63,42,48.428571428571431,56.857142857142854,48,47,6,4,0.7142857142857143
A_des:2018-06-03,A_des,DESCENDING,S1A,shift_small,2018-06-03T05:35:37,,0.40999999999999998,20.399999999999999,18.899999999999999,1.5,0,0,3.2000000000000002,30,0.40000000000000002,1.8,0.59167000000000003,79,168,0,20934,0.00012107,0.010541999999999999,0.012500000000000001,0.082285999999999998,0.016657000000000002,0.66000000000000003,640,55184.461000000003,1.0100925e-05,0.023505319,3.1171487,A_des,1,pre-collapse (healthy),1,2018-06-03,6,2018,summer_Mar-Jul,compact,3,0.14999999999999999,2,5.6666666666666714,0.096264367816091947,0.93811904483198716,640,20,1,20,0,65.333333333333329,0,71,2,2,0.33333333333333337
A_asc:2018-06-05,A_asc,ASCENDING,S1B,shift_small,2018-06-05T17:13:51,,-0.23000000000000001,20.600000000000001,21.5,-0.90000000000000002,0,0.29999999999999999,6.7000000000000002,26.600000000000001,2.4399999999999999,7.2999999999999998,2.7149999999999999,83,298,0,46621,0.00046790999999999998,0.011302,0.012500000000000001,0.024736000000000001,0.014676,0.70999999999999996,640,219735.62,0.0062560927999999998,0.063733480999999995,-0.90125113999999995,A_asc,0,pre-collapse (healthy),1,2018-06-05,6,2018,summer_Mar-Jul,compact,10,0.125,3,0.6324555320336781,0.20344827586206896,0.065503741389696238,640,80,8,10,41.200000000000003,29.600000000000001,41,29,3,7,0.30000000000000004
A_des:2018-06-09,A_des,DESCENDING,S1B,shift_big,2018-06-09T05:35:04,,0.41999999999999998,20.300000000000001,16.899999999999999,3.3999999999999999,0,0,10.1,20.199999999999999,2.4399999999999999,6.0999999999999996,1.6016999999999999,90,165,0,19747,3.1380000000000001e-05,0.0099016999999999994,0.012500000000000001,0.38861000000000001,0.18564,57.740000000000002,640,66341.383000000002,0.00069351959999999996,0.053528957000000002,-2.4181379000000001,A_des,1,pre-collapse (healthy),1,2018-06-09,6,2018,summer_Mar-Jul,compact,7,0.0012152777777777778,5,14.165926351204678,0.058497536945812813,0.1060419446386839,640,5760,80,72,20.142857142857142,49.714285714285715,7,55,5,3,0.5714285714285714
A_asc:2018-06-11,A_asc,ASCENDING,S1A,shift_big,2018-06-11T17:14:21,,-0.23999999999999999,22.899999999999999,24.699999999999999,-1.8,0,0,5.0999999999999996,18.899999999999999,1.3,6.5,2.2166999999999999,71,325,0,123120,0.00082839000000000003,0.021628000000000001,0.012500000000000001,0.62361999999999995,0.39526,150.74000000000001,640,645931.62,0.0016623234,0.010256080000000001,0.89040023000000001,A_asc,0,pre-collapse (healthy),1,2018-06-11,6,2018,summer_Mar-Jul,intermediate,12,0.004329004329004329,6,4.5069390943299865,0.056752873563218391,0.17197192611271511,640,2772,63,44,46.5,51.25,48,47,6,4,0.66666666666666674
A_asc:2018-06-17,A_asc,ASCENDING,S1B,shift_small,2018-06-17T17:13:51,,-0.23000000000000001,24.800000000000001,25.699999999999999,-0.90000000000000002,0,0.20000000000000001,1.6000000000000001,23.199999999999999,1,4.0999999999999996,1.3716999999999999,77,305,0,46541,0.00050308999999999998,0.0079299000000000001,0.012500000000000001,0.021018999999999999,0.020615000000000001,0.71999999999999997,640,170814.59,0.0076862791999999999,0.044811331000000003,-1.5908654,A_asc,0,pre-collapse (healthy),1,2018-06-17,6,2018,summer_Mar-Jul,intermediate,13,0.0081709616593337517,5,5.6865875625465332,0.14887267904509283,0.12800302310341885,640,1591,37,43,43.230769230769234,33.230769230769234,41,28,5,7,0.46153846153846156
A_des:2018-06-21,A_des,DESCENDING,S1B,shift_big,2018-06-21T05:35:04,,0.41999999999999998,24.800000000000001,21.899999999999999,2.8999999999999999,0,0,0.20000000000000001,2,1,4.2000000000000002,1.3283,84,196,0,19555,7.9393000000000002e-07,0.0092750000000000003,0.012500000000000001,0.62626000000000004,0.31894,57.719999999999999,640,68989.875,4.7501416999999999e-05,0.033261366000000001,-3.0157048999999998,A_des,1,pre-collapse (healthy),1,2018-06-21,6,2018,summer_Mar-Jul,intermediate,20,0.0037537537537537537,10,32.765263618655659,0.040086206896551721,0.036145439791634877,640,5328,74,72,37.549999999999997,56.600000000000001,58,31,10,3,0.84999999999999998
A_asc:2018-06-23,A_asc,ASCENDING,S1A,shift_big,2018-06-23T17:14:22,,-0.23999999999999999,24.800000000000001,24.5,0.29999999999999999,0,0,1.6000000000000001,2,1.4299999999999999,3.7000000000000002,3.0350000000000001,58,347,0,104460,0.00083370999999999998,0.027078000000000001,0.012500000000000001,0.35142000000000001,0.17255000000000001,150.94999999999999,640,478755.09000000003,0.0061727040000000002,0.0097202322999999993,0.47029304999999999,A_asc,0,pre-collapse (healthy),1,2018-06-23,6,2018,summer_Mar-Jul,intermediate,13,0.003224206349206349,7,3.440104580768911,0.039456233421750656,0.088339223819459384,640,4032,63,64,46.46153846153846,50.07692307692308,48,47,7,3,0.76923076923076916
A_des:2018-06-27,A_des,DESCENDING,S1A,shift_small,2018-06-27T05:35:38,,0.40999999999999998,22.199999999999999,18.699999999999999,3.5,0,0,0.69999999999999996,2.2999999999999998,0.35999999999999999,2.6000000000000001,0.58167000000000002,74,183,0,22463,8.3046000000000004e-05,0.0033203999999999998,0.012500000000000001,0.050074,0.024577999999999999,0.25,640,73203.398000000001,0.0078439135000000007,0.054055322000000003,-2.7129249999999998,A_des,1,pre-collapse (healthy),1,2018-06-27,6,2018,summer_Mar-Jul,compact,6,0.0015306122448979591,2,15.20690632574555,0.07974137931034482,0.93602397306832874,640,3920,80,49,13.5,63,0,70,2,5,0.16666666666666663
A_des:2018-07-03,A_des,DESCENDING,S1B,shift_big,2018-07-03T05:35:05,,0.41999999999999998,23.100000000000001,23,0.10000000000000001,0,0,0,0.69999999999999996,0.93999999999999995,3.6000000000000001,0.84999999999999998,87,179,0,20075,1.4088e-05,0.0085678000000000004,0.012500000000000001,0.40855000000000002,0.19103000000000001,58.100000000000001,640,70656.702999999994,0.00037640773,0.034706823999999997,-3.0943887999999999,A_des,1,pre-collapse (healthy),1,2018-07-03,7,2018,summer_Mar-Jul,compact,8,0.0014084507042253522,7,33.852852538597098,0.047413793103448273,0.06028247600974139,640,5680,80,71,33.5,48.875,0,44,7,2,0.75
A_asc:2018-07-05,A_asc,ASCENDING,S1A,shift_big,2018-07-05T17:14:22,,-0.23999999999999999,24.100000000000001,24.899999999999999,-0.80000000000000004,0,7.2000000000000002,7.2000000000000002,7.2000000000000002,2.1600000000000001,6.2999999999999998,1.8467,85,303,0,112060,0.00064789999999999997,0.01038,0.012500000000000001,0.34483000000000003,0.21185999999999999,150.41,640,533927.12,0.0026070834000000002,0.072902665000000005,1.8165467,A_asc,0,pre-collapse (healthy),1,2018-07-05,7,2018,summer_Mar-Jul,compact,8,0.0032560032560032559,4,4.3047938394306406,0.061961206896551727,0.49802335590703034,640,2457,63,39,49.875,49.875,48,46,4,4,0.5
A_des:2018-07-09,A_des,DESCENDING,S1A,shift_small,2018-07-09T05:35:39,,0.40999999999999998,24.5,22,2.5,0,0.29999999999999999,2.5,9.6999999999999993,0.71999999999999997,3.1000000000000001,0.67832999999999999,77,147,0,21500,0.00012727999999999999,0.0074472000000000002,0.012500000000000001,0.082308000000000006,0.027362000000000001,0.48999999999999999,640,67448.702999999994,0.0018240031000000001,0.0076048002000000002,-1.912326,A_des,1,pre-collapse (healthy),1,2018-07-09,7,2018,summer_Mar-Jul,compact,3,0.75,1,0.47140452079102829,0.1235632183908046,0.93965699477140319,640,4,2,2,0.33333333333333331,71.333333333333329,0,71,1,3,0
A_asc:2018-07-11,A_asc,ASCENDING,S1B,shift_small,2018-07-11T17:13:53,,-0.23000000000000001,24.899999999999999,24.399999999999999,0.5,0,9.1999999999999993,10.9,20.600000000000001,2.48,7.0999999999999996,2.75,74,274,0,49450,6.1119999999999998e-05,0.0075681000000000003,0.012500000000000001,0.0032323,0.0063799,0.46999999999999997,640,233373.47,0.0015659909000000001,0.032856598000000001,-2.0774490999999999,A_asc,0,pre-collapse (healthy),1,2018-07-11,7,2018,summer_Mar-Jul,intermediate,11,0.0076655052264808362,5,5.2444382188567129,0.18730407523510972,0.029632690386154438,640,1435,35,41,43.909090909090907,33.363636363636367,41,29,5,7,0.36363636363636365
A_des:2018-07-15,A_des,DESCENDING,S1B,shift_big,2018-07-15T05:35:06,,0.40999999999999998,23.5,22.100000000000001,1.3999999999999999,0,0,1.5,12.9,3.6299999999999999,10.5,4.5816999999999997,83,174,0,20288,5.1233999999999999e-06,0.0074479999999999998,0.012500000000000001,0.38854,0.19978000000000001,57.829999999999998,640,71613.523000000001,0.00067725789000000003,0.020376274,-2.9674567999999999,A_des,1,pre-collapse (healthy),1,2018-07-15,7,2018,summer_Mar-Jul,intermediate,14,0.002364864864864865,9,26.135928043478341,0.05203201970443351,0.0513090359980901,640,5920,80,74,29.714285714285715,43.071428571428569,7,56,9,3,0.7857142857142857
A_asc:2018-07-17,A_asc,ASCENDING,S1A,shift_big,2018-07-17T17:14:23,,-0.23999999999999999,26.800000000000001,29.5,-2.7000000000000002,0,0,6.2999999999999998,17.199999999999999,0.92000000000000004,5.0999999999999996,1.365,61,353,0,125240,0.0002197,0.030471999999999999,0.012500000000000001,0.11741,0.049710999999999998,150.15000000000001,640,640307.18999999994,0.0021227746999999998,0.022959615999999999,2.0507314000000001,A_asc,0,pre-collapse (healthy),1,2018-07-17,7,2018,summer_Mar-Jul,compact,8,0.0050000000000000001,4,10.770329614269007,0.046336206896551727,0.31181442560658496,640,1600,40,40,44,56,48,46,4,3,0.625
A_des:2018-07-21,A_des,DESCENDING,S1A,shift_small,2018-07-21T05:35:40,,0.40999999999999998,22.699999999999999,22.399999999999999,0.29999999999999999,0,3.7000000000000002,3.7000000000000002,10,1.8600000000000001,5.5,2.0767000000000002,83,98,0,23473,2.296e-05,0.011693,0.012500000000000001,0.026605,0.0098825000000000007,0.53000000000000003,640,83700.366999999998,0.0020075392000000001,0.0095845740000000002,3.1060553,A_des,1,pre-collapse (healthy),1,2018-07-21,7,2018,summer_Mar-Jul,compact,5,0.625,1,0.72111025509280102,0.10603448275862068,0.77363323138254647,640,8,2,4,0.40000000000000002,71.400000000000006,1,71,1,5,0
A_asc:2018-07-23,A_asc,ASCENDING,S1B,shift_small,2018-07-23T17:13:54,,-0.23000000000000001,26.600000000000001,28.800000000000001,-2.2000000000000002,0,1.8,9.3000000000000007,10.5,1.25,5.7999999999999998,1.9666999999999999,75,317,0,45494,0.00025061000000000001,0.016421999999999999,0.012500000000000001,0.027446999999999999,0.0081107000000000002,0.80000000000000004,640,204979.28,0.0088465865999999994,0.059539876999999998,-2.2266550000000001,A_asc,0,pre-collapse (healthy),1,2018-07-23,7,2018,summer_Mar-Jul,intermediate,11,0.13580246913580246,4,2.4478021850611369,0.16300940438871472,0.15664343541228495,640,81,9,9,40.363636363636367,31.363636363636363,41,29,4,5,0.54545454545454541
A_des:2018-07-27,A_des,DESCENDING,S1B,shift_big,2018-07-27T05:35:07,,0.40999999999999998,24.399999999999999,24,0.40000000000000002,0,0,0,10.5,2.7000000000000002,6.2999999999999998,1.0583,72,140,0,21558,7.4214999999999993e-05,0.019786000000000002,0.012500000000000001,0.38799,0.21578,57.350000000000001,640,88113.812000000005,4.5147452999999997e-06,0.061865211000000003,-2.6571536999999998,A_des,1,pre-collapse (healthy),1,2018-07-27,7,2018,summer_Mar-Jul,distributed,34,0.0054487179487179484,12,44.0698662828338,0.038286004056795137,0.046841220624191687,640,6240,80,78,38.617647058823529,50.352941176470587,79,68,12,6,0.82352941176470584
A_asc:2018-07-29,A_asc,ASCENDING,S1A,shift_big,2018-07-29T17:14:24,,-0.23999999999999999,26.199999999999999,27.199999999999999,-1,0,0.40000000000000002,3.5,5.2999999999999998,1.3,5.4000000000000004,1.7666999999999999,78,279,0,106990,0.00036728999999999999,0.026658000000000001,0.012500000000000001,0.61365999999999998,0.371,150.58000000000001,640,586953.38,0.0025702815,0.036508892000000001,0.87332058000000001,A_asc,0,pre-collapse (healthy),1,2018-07-29,7,2018,summer_Mar-Jul,compact,5,0.0024189646831156266,4,18.160396471443018,0.044827586206896551,0.29949362124257911,640,2067,53,39,47.600000000000001,63.799999999999997,65,69,4,2,0.59999999999999998
A_des:2018-08-02,A_des,DESCENDING,S1A,shift_small,2018-08-02T05:35:40,,0.40999999999999998,27.5,24.699999999999999,2.7999999999999998,0,0,0.10000000000000001,3.6000000000000001,3.77,9.8000000000000007,4.0382999999999996,69,135,0,23345,0.00030669999999999997,0.011599999999999999,0.012500000000000001,0.027659,0.014886,0.5,640,80474.375,0.0076513439000000004,0.031308758999999999,-1.8952458999999999,A_des,1,pre-collapse (healthy),1,2018-08-02,8,2018,shoulder_Aug-Sep,compact,6,1,1,1.1180339887498949,0.12068965517241377,0.88693889051890396,640,6,2,3,0.5,72,1,71,1,6,0
A_asc:2018-08-04,A_asc,ASCENDING,S1B,shift_small,2018-08-04T17:13:54,,-0.23000000000000001,31.800000000000001,32.5,-0.69999999999999996,0,1.8,1.8,2.2999999999999998,1.3,5.2999999999999998,1.8583000000000001,58,223,0,48886,0.00050816000000000001,0.019182000000000001,0.012500000000000001,0.028219000000000001,0.0090291999999999994,0.81999999999999995,640,213788.95000000001,0.0046524885000000004,0.045441687000000001,-0.32456784999999999,A_asc,0,pre-collapse (healthy),1,2018-08-04,8,2018,shoulder_Aug-Sep,compact,9,0.14285714285714285,3,2.1081851067789188,0.18678160919540229,0.21645918419216625,640,63,7,9,41.666666666666664,31,41,29,3,6,0.33333333333333337
A_des:2018-08-08,A_des,DESCENDING,S1B,shift_big,2018-08-08T05:35:07,,0.40999999999999998,25.300000000000001,23.199999999999999,2.1000000000000001,0,0.10000000000000001,0.29999999999999999,2.1000000000000001,1.3,3.2999999999999998,0.91000000000000003,85,112,0,19457,0.00018590999999999999,0.02111,0.012500000000000001,,,57.740000000000002,640,67138.914000000004,1.3507241000000001e-05,0.053762782000000002,1.3157041,A_des,1,pre-collapse (healthy),1,2018-08-08,8,2018,shoulder_Aug-Sep,distributed,34,0.0054487179487179484,12,37.564074440631636,0.037271805273833669,0.019278193823954667,640,6240,80,78,45,53.029411764705884,79,69,12,7,0.79411764705882359
A_asc:2018-08-10,A_asc,ASCENDING,S1A,shift_big,2018-08-10T17:14:25,,-0.23999999999999999,26,26.600000000000001,-0.59999999999999998,0,0.59999999999999998,1,3.1000000000000001,3.3300000000000001,8.6999999999999993,3.1200000000000001,76,244,0,114960,0.00013053000000000001,0.0055856999999999999,0.012500000000000001,,,150.81,640,669735.68999999994,0.0021228534000000002,0.016859473999999999,1.6003423000000001,A_asc,0,pre-collapse (healthy),1,2018-08-10,8,2018,shoulder_Aug-Sep,compact,7,0.011437908496732025,4,19.704448891619599,0.016625615763546799,0.74788347692962354,640,612,18,34,57.285714285714285,57.571428571428569,55,38,4,3,0.5714285714285714
A_des:2018-08-14,A_des,DESCENDING,S1A,shift_small,2018-08-14T05:35:41,,0.40999999999999998,19.800000000000001,21.399999999999999,-1.6000000000000001,3,16.399999999999999,17.399999999999999,19.300000000000001,2.1099999999999999,6.5,2.1032999999999999,97,38,0,22273,0.00072647,0.020015000000000002,0.012500000000000001,0.032018999999999999,0.016379000000000001,0.78000000000000003,640,73934.429999999993,0.0032378928999999999,0.022150521999999999,0.47122007999999999,A_des,1,post-collapse,0,2018-08-14,8,2018,shoulder_Aug-Sep,compact,7,0.0017857142857142857,3,19.384929976764983,0.09113300492610836,0.58443411669751166,640,3920,80,49,17.857142857142858,61.428571428571431,1,71,3,5,0.2857142857142857
A_asc:2018-08-16,A_asc,ASCENDING,S1B,shift_small,2018-08-16T17:13:55,,-0.23000000000000001,27.800000000000001,29.600000000000001,-1.8,0,0,14.199999999999999,25,1.1399999999999999,4.7999999999999998,1.9182999999999999,53,235,0,47309,0.00033717000000000003,0.013246000000000001,0.012500000000000001,0.025180000000000001,0.014716,0.38,640,218202.16,0.0019875270999999998,0.0087509974999999997,-1.1343714,A_asc,0,post-collapse,0,2018-08-16,8,2018,shoulder_Aug-Sep,intermediate,15,0.0044117647058823529,7,7.5812634537757315,0.13563218390804596,0.10160021619386672,640,3400,68,50,37.93333333333333,34.93333333333333,41,28,7,7,0.53333333333333333
A_des:2018-08-20,A_des,DESCENDING,S1B,shift_big,2018-08-20T05:35:08,,0.40999999999999998,25.300000000000001,24.399999999999999,0.90000000000000002,0,0,0.29999999999999999,22.899999999999999,4.6399999999999997,11.6,4.1733000000000002,67,94,0,19282,0.00017311,0.015677,0.012500000000000001,0.10876,0.10187,57.799999999999997,640,68380.5,0.00083581143000000001,0.067255199000000002,-1.8462025,A_des,1,post-collapse,0,2018-08-20,8,2018,shoulder_Aug-Sep,distributed,41,0.0067434210526315791,19,53.40682090088162,0.030698065601345675,0.0047131791473126357,640,6080,80,76,33.536585365853661,46.975609756097562,79,75,19,7,0.82926829268292679
A_asc:2018-08-22,A_asc,ASCENDING,S1A,shift_big,2018-08-22T17:14:25,,-0.23999999999999999,30.300000000000001,30.399999999999999,-0.10000000000000001,0,0.20000000000000001,0.40000000000000002,0.69999999999999996,1.26,3.5,1.4917,49,224,0,113040,0.00038313000000000003,0.0044870999999999999,0.012500000000000001,0.40333000000000002,0.17347000000000001,150.72999999999999,640,482081.44,0.0044946307000000001,0.055631299000000002,2.0741990000000001,A_asc,0,post-collapse,0,2018-08-22,8,2018,shoulder_Aug-Sep,intermediate,13,0.0051587301587301586,7,19.495561625070543,0.031167108753315645,0.13687035495323635,640,2520,63,40,44.692307692307693,58.46153846153846,26,64,7,4,0.69230769230769229
A_des:2018-08-26,A_des,DESCENDING,S1A,shift_small,2018-08-26T05:35:42,,0.40999999999999998,18.399999999999999,20.699999999999999,-2.2999999999999998,0,2.8999999999999999,8,8.4000000000000004,9.4399999999999995,27,10.207000000000001,44,90,0,27747,0.00020832000000000001,0.0094902000000000007,0.012500000000000001,0.014486000000000001,0.010801,1.4199999999999999,640,104125.58,0.002148133,0.054144323000000001,-0.40122163,A_des,1,post-collapse,0,2018-08-26,8,2018,shoulder_Aug-Sep,compact,6,0.66666666666666663,1,1.013793755049704,0.072557471264367804,0.66476484340686059,640,9,3,3,1,71.166666666666671,2,71,1,6,0
A_asc:2018-08-28,A_asc,ASCENDING,S1B,shift_small,2018-08-28T17:13:56,,-0.23000000000000001,26.699999999999999,28.5,-1.8,0,0,0.5,8.1999999999999993,0.59999999999999998,3.6000000000000001,1.6950000000000001,46,221,0,47798,0.00069773000000000003,0.022426999999999999,0.012500000000000001,0.012281,0.0033706000000000001,0.56000000000000005,640,183955.84,0.0082225054999999995,0.053033449000000003,-1.3570138,A_asc,0,post-collapse,0,2018-08-28,8,2018,shoulder_Aug-Sep,intermediate,15,0.0073170731707317077,6,13.776630776628789,0.12183908045977013,0.082015517464317136,640,2050,41,50,31.666666666666668,38.133333333333333,41,28,6,6,0.59999999999999998
A_des:2018-09-01,A_des,DESCENDING,S1B,shift_big,2018-09-01T05:35:09,,0.40999999999999998,17.899999999999999,18.899999999999999,-1,0,15.5,20.899999999999999,23.800000000000001,5.5599999999999996,15.4,5.5382999999999996,92,46,0,21933,0.00015861,0.013022000000000001,0.012500000000000001,0.11985,0.045110999999999998,57.130000000000003,640,91426.202999999994,0.00079101265999999997,0.053557076000000002,-1.235171,A_des,1,post-collapse,0,2018-09-01,9,2018,shoulder_Aug-Sep,compact,2,1,1,0.5,0.025862068965517244,0.95176738423126139,640,2,2,1,7.5,55,7,55,1,2,0
A_asc:2018-09-03,A_asc,ASCENDING,S1A,shift_big,2018-09-03T17:14:26,,-0.23999999999999999,21.399999999999999,23,-1.6000000000000001,0,0.59999999999999998,16.5,22.5,1.75,6.5999999999999996,2.2282999999999999,76,144,0,122350,6.9858999999999996e-05,0.0058551999999999996,0.012500000000000001,0.074438000000000004,0.035452999999999998,150.36000000000001,640,589489.12,0.0012531342,0.061980217999999997,2.4564474000000001,A_asc,0,post-collapse,0,2018-09-03,9,2018,shoulder_Aug-Sep,intermediate,16,0.0042328042328042331,9,24.018303567279684,0.040948275862068964,0.072054250927532107,640,3780,63,60,45.75,47.5625,51,71,9,3,0.8125
A_des:2018-09-07,A_des,DESCENDING,S1A,shift_small,2018-09-07T05:35:43,,0.40000000000000002,19.199999999999999,19.899999999999999,-0.69999999999999996,0.80000000000000004,1.3999999999999999,2.3999999999999999,19.5,2.6899999999999999,6.7999999999999998,2.1000000000000001,91,45,0,22188,0.00039647,0.016920000000000001,0.012500000000000001,0.0081375000000000006,0.0056522999999999999,0.78000000000000003,640,78224.937999999995,0.0055744638999999999,0.047663663000000002,0.41984695,A_des,1,post-collapse,0,2018-09-07,9,2018,shoulder_Aug-Sep,compact,5,0.83333333333333337,1,0.44721359549996298,0.10517241379310345,0.93484516592685152,640,6,3,2,0.80000000000000004,71.400000000000006,1,71,1,5,0
A_asc:2018-09-09,A_asc,ASCENDING,S1B,shift_small,2018-09-09T17:13:56,,-0.23000000000000001,24.100000000000001,26.800000000000001,-2.7000000000000002,0,0.10000000000000001,4.2000000000000002,5.7999999999999998,0.89000000000000001,3.3999999999999999,1.6583000000000001,77,121,0,48235,0.00023619,0.015626000000000001,0.012500000000000001,0.0070213999999999997,0.0085248000000000008,0.28999999999999998,640,233119.22,0.0021492955,0.062389534000000003,-1.0430988000000001,A_asc,0,post-collapse,0,2018-09-09,9,2018,shoulder_Aug-Sep,intermediate,13,0.0038235294117647061,7,11.318414591970896,0.14058355437665782,0.013106264192712791,640,3400,68,50,35.846153846153847,39.07692307692308,41,29,7,6,0.53846153846153844
A_des:2018-09-13,A_des,DESCENDING,S1B,shift_big,2018-09-13T05:35:09,,0.40999999999999998,19.5,20.199999999999999,-0.69999999999999996,0,0,0,4.2000000000000002,2.2400000000000002,5.5,1.2250000000000001,87,37,0,18017,0.00015752999999999999,0.021104999999999999,0.012500000000000001,0.16869999999999999,0.053883,57.25,640,57535.167999999998,0.00077346154000000004,0.029477349,2.7251913999999999,A_des,1,post-collapse,0,2018-09-13,9,2018,shoulder_Aug-Sep,intermediate,17,0.0029513888888888888,11,24.227654421225456,0.037778904665314396,0.09732667721065448,640,5760,80,72,29.588235294117649,49.470588235294116,6,55,11,2,0.88235294117647056
