# cts windows mask cache v1 — the echo mask of every committed 80x80 chip
# rule: intensity >= 0.3 * max(intensity) AND intensity >= 5.0 * np.median(intensity); min_n_masked=2
# window: the exported 80x80 cts_windows_*.npz cube
# dedup: (track, date), first occurrence wins
# extractor: code/cts/cts_ocv_masks.py --extract
mid|track|segment|date|orbit|w|h|peak|median|max_masked|min_masked|ss_re|ss_im|ss_abs2|n_masked|peak_row|peak_col|n_components|largest_component|px
beach_asc_48_iw3:2015-09-21|beach_asc_48_iw3|beach_asc_48_iw3|2015-09-21|ASCENDING|80|80|1776245.0|9077.931640625|1776245.0|534741.0|-11357.9189453125|10098.044921875|45100324.0|58|65|38|25|10|5,26;6,25;6,26;8,11;8,12;9,12;15,25;17,32;18,31;18,32;19,26;19,31;19,33;19,34;20,32;20,33;21,32;21,33;21,36;26,31;27,12;36,36;36,37;36,44;36,46;37,37;39,51;47,2;47,3;47,34;47,35;48,2;48,3;57,34;57,39;61,39;62,10;62,15;62,36;63,10;63,14;63,15;63,23;63,24;63,33;63,34;63,36;64,15;65,38;65,39;66,38;66,39;68,40;69,39;69,40;70,4;70,5;71,4
cte_asc_48_iw3:2015-09-21|cte_asc_48_iw3|cte_asc_48_iw3|2015-09-21|ASCENDING|80|80|1963947.0|13734.7431640625|1963947.0|590250.75|-2192.070068359375|3203.08837890625|35813660.0|40|55|75|17|7|4,62;7,68;7,69;8,63;8,68;8,70;9,70;10,69;10,70;15,68;16,67;16,68;25,73;25,74;26,73;26,74;36,39;37,39;37,40;44,57;51,76;52,3;52,52;52,73;53,51;53,52;53,60;53,70;53,73;54,75;55,74;55,75;55,76;56,75;58,76;58,77;59,41;59,77;60,41;61,22
ctn_asc_48_iw3:2015-09-21|ctn_asc_48_iw3|ctn_asc_48_iw3|2015-09-21|ASCENDING|80|80|6204177.5|13611.3037109375|6204177.5|1888140.0|616.5184326171875|1468.7471923828125|38477128.0|9|77|14|2|8|49,73;76,13;76,14;77,12;77,13;77,14;77,15;78,14;78,15
cts_asc_48_iw3:2015-09-21|cts_asc_48_iw3|cts_asc_48_iw3|2015-09-21|ASCENDING|80|80|1463138.0|14947.140625|1463138.0|439103.125|-15213.4609375|10842.4541015625|56133000.0|82|62|75|35|10|1,63;2,62;2,63;4,48;4,49;5,49;11,62;11,63;13,69;14,68;14,69;15,63;15,68;15,70;15,71;16,70;16,71;17,69;17,70;17,73;22,68;23,49;25,28;25,29;25,67;32,30;32,73;32,74;32,77;33,73;33,74;36,74;40,58;43,39;43,40;43,71;43,72;43,73;44,39;44,40;46,78;47,78;49,35;51,57;51,60;53,71;53,76;54,68;54,76;57,76;58,3;58,73;59,3;59,47;59,51;59,52;59,58;59,59;59,60;59,61;59,70;59,71;59,73;60,51;60,52;60,58;60,60;60,73;61,75;61,76;62,74;62,75;62,76;63,75;64,77;65,76;65,77;66,41;66,42;66,77;67,41;70,20
beach_asc_48_iw3:2015-10-15|beach_asc_48_iw3|beach_asc_48_iw3|2015-10-15|ASCENDING|80|80|1320508.75|9702.1171875|1320508.75|405845.4375|-2723.060546875|10144.123046875|55705784.0|88|61|19|32|8|3,26;4,25;4,26;13,25;13,26;13,28;14,28;14,29;15,28;15,29;16,34;17,26;17,27;17,30;17,31;17,34;18,26;18,27;18,30;19,32;20,32;23,31;24,30;24,31;27,29;27,30;27,31;33,44;34,37;34,44;34,46;34,47;35,37;37,37;37,51;38,55;39,55;45,2;45,3;46,3;49,40;49,41;52,23;53,23;54,14;55,27;55,31;55,33;55,34;55,38;55,39;55,43;56,31;56,33;56,34;56,38;56,39;58,39;58,40;59,39;59,40;60,15;60,18;60,19;60,36;61,10;61,15;61,18;61,19;61,34;61,35;62,14;62,15;62,19;62,34;62,36;63,37;63,38;64,38;65,35;65,36;66,35;66,39;66,40;67,39;67,40;68,40;73,54
cte_asc_48_iw3:2015-10-15|cte_asc_48_iw3|cte_asc_48_iw3|2015-10-15|ASCENDING|80|80|6081210.0|14561.712890625|6081210.0|2557745.0|6220.623046875|1856.203125|25331432.0|6|79|17|1|6|78,15;78,16;79,15;79,16;79,17;79,18
ctn_asc_48_iw3:2015-10-15|ctn_asc_48_iw3|ctn_asc_48_iw3|2015-10-15|ASCENDING|80|80|10246374.0|14012.828125|10246374.0|3293484.25|2066.84130859375|1862.482421875|41436328.0|7|74|15|1|7|72,13;72,14;73,13;73,15;73,16;74,15;74,16
cts_asc_48_iw3:2015-10-15|cts_asc_48_iw3|cts_asc_48_iw3|2015-10-15|ASCENDING|80|80|1324611.625|14819.791015625|1324611.625|400243.96875|-2882.399169921875|13524.20703125|59650464.0|97|61|77|34|10|2,37;7,62;7,63;8,65;8,66;9,65;9,66;10,71;11,63;11,64;11,67;11,68;11,71;12,63;12,64;12,67;13,69;14,69;17,68;18,67;18,68;19,67;21,28;21,29;21,66;21,67;21,68;22,67;26,25;28,30;29,74;39,33;39,34;39,39;39,40;40,33;40,34;40,40;41,34;42,34;43,34;43,77;43,78;44,35;44,78;45,34;45,35;46,60;47,60;48,51;49,2;49,64;49,68;49,70;49,71;49,75;49,76;50,64;50,68;50,70;50,71;50,75;50,76;52,76;52,77;53,76;53,77;54,3;54,56;54,73;55,3;55,23;55,47;55,52;55,55;55,56;55,71;55,72;56,23;56,51;56,52;56,56;56,71;56,74;57,74;57,75;58,75;59,72;59,73;60,72;60,77;61,76;61,77;62,77;65,20;66,19;66,20
beach_asc_48_iw3:2016-04-12|beach_asc_48_iw3|beach_asc_48_iw3|2016-04-12|ASCENDING|80|80|2003859.75|8412.46875|2003859.75|605267.9375|5099.95166015625|-2486.41748046875|17201634.0|18|60|16|8|6|2,27;17,28;17,37;18,28;18,34;18,35;19,33;19,35;54,27;59,16;60,15;60,16;60,17;61,15;61,16;61,39;62,39;66,41
cte_asc_48_iw3:2016-04-12|cte_asc_48_iw3|cte_asc_48_iw3|2016-04-12|ASCENDING|80|80|8198961.0|11249.0869140625|8198961.0|2565621.0|1325.3040771484375|-472.594482421875|27057052.0|5|78|18|1|5|76,17;77,18;77,19;78,18;78,19
ctn_asc_48_iw3:2016-04-12|ctn_asc_48_iw3|ctn_asc_48_iw3|2016-04-12|ASCENDING|80|80|9095692.0|11265.8291015625|9095692.0|2742275.25|1603.65576171875|468.8848876953125|29563576.0|6|72|14|2|4|70,12;71,12;71,14;71,15;72,14;72,15
cts_asc_48_iw3:2016-04-12|cts_asc_48_iw3|cts_asc_48_iw3|2016-04-12|ASCENDING|80|80|2503391.5|12289.5322265625|2503391.5|760082.0625|1311.9912109375|-1219.9405517578125|16925488.0|14|50|0|7|5|13,63;14,63;14,70;15,70;49,0;50,0;55,2;55,51;56,50;56,51;56,52;57,51;58,74;64,8
beach_asc_48_iw3:2016-07-05|beach_asc_48_iw3|beach_asc_48_iw3|2016-07-05|ASCENDING|80|80|3054547.75|7876.318359375|3054547.75|917289.625|-3644.468505859375|-14557.740234375|30449408.0|22|38|38|9|6|19,34;20,34;20,35;21,36;22,27;37,37;37,38;37,39;38,37;38,38;38,39;58,39;59,39;59,40;64,19;64,37;64,38;65,16;65,37;65,38;67,39;70,41
cte_asc_48_iw3:2016-07-05|cte_asc_48_iw3|cte_asc_48_iw3|2016-07-05|ASCENDING|80|80|3575433.75|12061.9482421875|3575433.75|1113506.5|-687.4846801757812|-7525.94091796875|16950442.0|10|27|75|4|5|9,70;9,71;26,75;27,74;27,75;27,76;28,75;47,76;48,76;53,56
ctn_asc_48_iw3:2016-07-05|ctn_asc_48_iw3|ctn_asc_48_iw3|2016-07-05|ASCENDING|80|80|5648413.5|12829.146484375|5648413.5|2135578.0|2129.712646484375|-4360.82763671875|24746300.0|7|77|14|2|5|21,70;21,71;76,12;77,12;77,14;78,13;78,14
cts_asc_48_iw3:2016-07-05|cts_asc_48_iw3|cts_asc_48_iw3|2016-07-05|ASCENDING|80|80|3006787.25|12079.9501953125|3006787.25|951199.125|-3495.77197265625|-11398.5107421875|27265346.0|19|34|75|10|4|16,71;16,72;17,73;18,64;33,75;33,76;34,75;34,76;54,76;54,77;55,76;55,77;60,4;60,57;60,75;61,53;61,75;63,76;66,78
beach_asc_48_iw3:2016-09-27|beach_asc_48_iw3|beach_asc_48_iw3|2016-09-27|ASCENDING|80|80|2469853.5|8463.23046875|2469853.5|749235.1875|-8948.46484375|1487.12890625|39824096.0|37|22|35|16|8|0,0;1,0;7,25;7,26;16,24;16,25;17,28;20,24;21,35;22,34;22,35;22,36;23,28;23,33;23,34;23,35;23,36;48,2;49,2;49,3;51,38;57,18;57,19;58,18;58,19;58,38;59,33;59,36;59,37;59,38;64,18;65,14;65,15;65,18;70,39;70,40;77,54
cte_asc_48_iw3:2016-09-27|cte_asc_48_iw3|cte_asc_48_iw3|2016-09-27|ASCENDING|80|80|2119102.5|13871.794921875|2119102.5|641939.25|-18742.25390625|-1526.143310546875|42085344.0|43|9|74|21|10|3,63;4,67;7,63;8,63;8,74;9,73;9,74;10,67;10,72;10,73;10,74;10,75;11,72;11,74;11,75;19,73;24,31;25,31;25,32;25,74;26,76;30,33;35,35;36,35;36,41;37,41;38,77;44,57;45,57;45,77;46,3;46,75;46,76;46,77;47,74;47,75;51,4;51,57;52,53;52,57;53,57;58,78;79,19
ctn_asc_48_iw3:2016-09-27|ctn_asc_48_iw3|ctn_asc_48_iw3|2016-09-27|ASCENDING|80|80|5289034.0|14265.71484375|5289034.0|1647172.375|-8983.267578125|-4722.3759765625|29677448.0|12|75|14|5|5|3,69;3,70;4,70;19,27;30,37;74,14;74,15;75,14;75,15;76,14;78,14;78,15
cts_asc_48_iw3:2016-09-27|cts_asc_48_iw3|cts_asc_48_iw3|2016-09-27|ASCENDING|80|80|2476894.5|12834.205078125|2476894.5|749983.1875|-12707.169921875|-2704.81201171875|42844968.0|40|18|72|17|7|3,62;3,63;13,65;16,61;17,62;17,72;18,72;18,73;19,65;19,70;19,71;19,72;19,73;33,29;33,30;34,29;34,30;39,31;44,33;44,39;45,33;45,34;45,39;45,40;47,75;53,55;53,56;54,55;54,56;54,75;55,70;55,73;55,74;55,75;60,3;60,55;61,51;61,52;61,55;66,77
beach_asc_48_iw3:2016-10-09|beach_asc_48_iw3|beach_asc_48_iw3|2016-10-09|ASCENDING|80|80|2803961.25|7207.6083984375|2803961.25|889590.8125|4043.032958984375|7035.0576171875|25630482.0|20|22|36|10|5|0,0;20,33;21,33;21,35;21,36;22,27;22,36;23,34;23,36;23,37;38,38;38,39;39,38;59,34;62,40;63,40;64,16;65,15;65,16;65,35
cte_asc_48_iw3:2016-10-09|cte_asc_48_iw3|cte_asc_48_iw3|2016-10-09|ASCENDING|80|80|2599291.75|12052.3662109375|2599291.75|806647.125|5749.89306640625|6939.0869140625|22338568.0|18|11|73|7|6|10,70;10,72;10,73;11,64;11,72;11,73;12,64;12,73;13,71;13,73;27,75;27,76;28,75;28,76;52,77;54,52;54,53;55,52
ctn_asc_48_iw3:2016-10-09|ctn_asc_48_iw3|ctn_asc_48_iw3|2016-10-09|ASCENDING|80|80|4974510.5|12819.724609375|4974510.5|1650654.375|-4172.84716796875|2025.7816162109375|30890532.0|12|77|14|4|5|5,68;5,69;6,69;22,71;76,12;76,13;76,14;77,13;77,14;79,12;79,13;79,14
cts_asc_48_iw3:2016-10-09|cts_asc_48_iw3|cts_asc_48_iw3|2016-10-09|ASCENDING|80|80|2869692.25|11356.2578125|2869692.25|867912.0625|4854.521484375|7879.23486328125|24187752.0|19|18|73|8|5|17,71;17,73;18,64;18,73;18,74;19,73;19,74;34,75;34,76;35,75;35,76;58,77;59,77;60,53;60,72;61,52;61,53;61,72;63,76
beach_asc_48_iw3:2016-10-15|beach_asc_48_iw3|beach_asc_48_iw3|2016-10-15|ASCENDING|80|80|7726753.5|11639.1357421875|7726753.5|2564058.25|2977.9091796875|10640.541015625|34845076.0|9|61|19|3|4|18,35;18,36;19,35;19,36;60,19;61,13;61,18;61,19;62,19
cte_asc_48_iw3:2016-10-15|cte_asc_48_iw3|cte_asc_48_iw3|2016-10-15|ASCENDING|80|80|7906079.5|16836.125|7906079.5|2391479.5|680.9127197265625|9893.48828125|34752224.0|9|51|56|3|4|7,72;7,73;8,72;8,73;50,50;50,56;51,55;51,56;52,56
ctn_asc_48_iw3:2016-10-15|ctn_asc_48_iw3|ctn_asc_48_iw3|2016-10-15|ASCENDING|80|80|7732668.5|15861.88671875|7732668.5|2451560.0|1732.4495849609375|10162.47265625|62120000.0|13|75|14|3|5|1,68;2,68;2,69;3,68;44,52;45,51;45,52;46,52;74,12;75,13;75,14;76,13;76,14
cts_asc_48_iw3:2016-10-15|cts_asc_48_iw3|cts_asc_48_iw3|2016-10-15|ASCENDING|80|80|6465701.5|17600.23828125|6465701.5|1945811.75|5040.01953125|9429.6044921875|35773332.0|10|57|56|4|4|14,72;14,73;15,72;15,73;51,76;56,56;57,50;57,56;57,57;58,56
beach_asc_48_iw3:2016-10-21|beach_asc_48_iw3|beach_asc_48_iw3|2016-10-21|ASCENDING|80|80|2774983.25|6914.24609375|2774983.25|836482.9375|1492.836181640625|-5365.740234375|35311944.0|25|21|33|13|6|7,24;16,23;17,27;20,31;21,31;21,33;21,34;22,33;22,34;23,27;23,32;23,34;37,35;37,36;38,35;38,36;39,36;59,32;64,13;64,17;64,32;65,13;65,17;67,36;70,38
cte_asc_48_iw3:2016-10-21|cte_asc_48_iw3|cte_asc_48_iw3|2016-10-21|ASCENDING|80|80|3433748.0|12599.2109375|3433748.0|1035532.9375|2900.9541015625|-6379.7421875|22377076.0|13|9|72|5|6|4,65;8,70;8,72;9,72;9,73;10,72;10,73;11,73;25,74;25,75;26,74;26,75;52,52
ctn_asc_48_iw3:2016-10-21|ctn_asc_48_iw3|ctn_asc_48_iw3|2016-10-21|ASCENDING|80|80|3480765.75|12507.9970703125|3480765.75|1075949.625|-4064.99951171875|-8062.88232421875|45702676.0|25|78|13|5|12|2,65;2,66;2,68;3,68;4,68;4,69;5,69;19,69;19,70;19,71;20,70;20,71;46,48;74,11;74,12;75,11;75,13;75,14;76,12;76,13;77,11;77,13;77,14;78,13;78,14
cts_asc_48_iw3:2016-10-21|cts_asc_48_iw3|cts_asc_48_iw3|2016-10-21|ASCENDING|80|80|2751302.5|11708.009765625|2751302.5|839191.625|2941.04541015625|-4773.5966796875|36921480.0|27|15|72|14|8|1,63;10,62;11,65;11,66;14,70;15,70;15,72;15,73;16,72;16,73;17,66;17,71;17,73;18,71;18,73;31,74;32,74;32,75;33,75;53,71;58,3;58,52;58,56;58,71;59,52;61,75;64,77
beach_asc_48_iw3:2016-11-02|beach_asc_48_iw3|beach_asc_48_iw3|2016-11-02|ASCENDING|80|80|2374445.5|7673.5927734375|2374445.5|716247.8125|-776.264892578125|-7846.49951171875|41574768.0|37|55|38|14|6|2,25;3,25;3,26;16,24;16,25;16,32;17,25;17,32;17,34;17,35;18,28;18,34;18,35;19,28;19,35;19,36;34,37;34,38;35,38;52,20;54,37;54,38;55,37;55,38;55,39;60,10;60,14;60,18;60,19;60,36;61,14;61,15;61,18;61,19;61,33;66,39;66,40
cte_asc_48_iw3:2016-11-02|cte_asc_48_iw3|cte_asc_48_iw3|2016-11-02|ASCENDING|80|80|6724776.0|13307.6376953125|6724776.0|2228419.25|-1973.808837890625|-2415.746337890625|33802240.0|9|77|17|2|8|42,75;76,15;76,16;77,16;77,17;78,16;78,17;79,16;79,17
ctn_asc_48_iw3:2016-11-02|ctn_asc_48_iw3|ctn_asc_48_iw3|2016-11-02|ASCENDING|80|80|8087061.0|12987.52734375|8087061.0|2949618.0|2337.77294921875|2884.669921875|35608144.0|8|71|14|1|8|70,13;71,14;71,15;72,14;72,15;73,14;74,14;74,15
cts_asc_48_iw3:2016-11-02|cts_asc_48_iw3|cts_asc_48_iw3|2016-11-02|ASCENDING|80|80|2531466.75|11944.427734375|2531466.75|777020.625|-121.5316162109375|-9355.46484375|33098944.0|28|49|75|11|5|10,61;10,62;10,69;11,62;11,69;11,72;12,72;13,65;13,72;13,73;14,73;28,74;28,75;29,75;48,75;49,74;49,75;49,76;54,2;54,3;54,51;54,55;54,56;54,73;55,51;55,55;55,56;60,77
beach_asc_48_iw3:2016-11-14|beach_asc_48_iw3|beach_asc_48_iw3|2016-11-14|ASCENDING|80|80|2941630.75|8289.435546875|2941630.75|886301.125|7354.64404296875|1860.74755859375|20909908.0|16|18|35|11|3|3,26;4,25;4,26;14,28;14,29;17,25;18,35;19,35;36,38;56,38;56,39;62,15;62,19;62,34;62,37;68,40
cte_asc_48_iw3:2016-11-14|cte_asc_48_iw3|cte_asc_48_iw3|2016-11-14|ASCENDING|80|80|3028295.5|11186.892578125|3028295.5|932716.1875|9578.7822265625|5358.97412109375|21566852.0|15|8|72|10|4|3,65;7,72;8,71;8,72;9,72;25,75;45,75;51,49;51,52;51,55;51,56;51,70;51,71;51,74;57,77
ctn_asc_48_iw3:2016-11-14|ctn_asc_48_iw3|ctn_asc_48_iw3|2016-11-14|ASCENDING|80|80|9912142.0|10748.9931640625|9912142.0|3386044.25|47.5469970703125|-29.5123291015625|26243516.0|4|74|13|1|4|73,13;73,14;74,13;74,14
cts_asc_48_iw3:2016-11-14|cts_asc_48_iw3|cts_asc_48_iw3|2016-11-14|ASCENDING|80|80|2784770.25|12131.7685546875|2784770.25|862614.4375|7120.40283203125|2714.4619140625|24140378.0|18|14|72|11|3|0,62;0,63;10,65;10,66;13,62;14,72;15,72;15,73;32,75;52,75;52,76;57,56;58,52;58,56;58,71;58,74;59,52;64,77
beach_asc_48_iw3:2016-11-26|beach_asc_48_iw3|beach_asc_48_iw3|2016-11-26|ASCENDING|80|80|2322330.0|7705.0859375|2322330.0|698168.75|570.0491943359375|5179.3857421875|23611990.0|20|18|34|11|6|3,25;16,24;16,32;17,32;17,34;17,35;18,34;18,35;19,34;19,35;55,33;55,37;55,38;56,38;60,18;60,33;61,14;61,18;63,38;66,39
cte_asc_48_iw3:2016-11-26|cte_asc_48_iw3|cte_asc_48_iw3|2016-11-26|ASCENDING|80|80|3222208.5|12176.0703125|3222208.5|989817.3125|1871.570068359375|4330.69970703125|19240786.0|13|7|73|8|4|6,63;6,71;7,73;7,74;8,73;8,74;44,77;45,77;51,53;51,57;56,78;79,18;79,19
ctn_asc_48_iw3:2016-11-26|ctn_asc_48_iw3|ctn_asc_48_iw3|2016-11-26|ASCENDING|80|80|7364418.0|12046.51171875|7364418.0|2513597.75|1256.4490966796875|-46.91015625|24567766.0|6|76|14|3|4|1,69;73,14;75,14;75,15;76,14;76,15
cts_asc_48_iw3:2016-11-26|cts_asc_48_iw3|cts_asc_48_iw3|2016-11-26|ASCENDING|80|80|2490993.25|12293.6484375|2490993.25|778356.25|-3946.952880859375|4133.99755859375|19262538.0|15|14|72|8|6|12,61;13,69;13,71;13,72;14,71;14,72;15,71;15,72;51,70;51,75;52,75;56,2;56,55;57,55;59,75
beach_asc_48_iw3:2016-12-08|beach_asc_48_iw3|beach_asc_48_iw3|2016-12-08|ASCENDING|80|80|2007247.375|10113.16796875|2007247.375|610267.5625|-4945.15625|-11776.6123046875|50384504.0|55|20|36|22|10|13,25;13,26;14,26;14,29;17,25;17,33;18,25;18,35;18,36;19,25;19,26;19,27;19,35;19,36;20,29;20,34;20,36;20,37;21,34;21,36;21,37;25,31;34,36;35,37;35,38;38,38;43,37;44,36;44,37;45,3;46,2;46,3;53,20;54,19;54,20;55,39;56,38;56,39;57,19;60,39;60,40;61,13;61,15;61,19;62,15;62,19;62,34;63,15;63,19;63,39;64,39;67,40;68,40;68,41;75,54
cte_asc_48_iw3:2016-12-08|cte_asc_48_iw3|cte_asc_48_iw3|2016-12-08|ASCENDING|80|80|2902094.75|12688.478515625|2902094.75|887871.875|-4008.619384765625|-9736.9443359375|39295376.0|29|51|56|13|7|4,66;7,62;8,62;8,72;8,73;9,71;9,72;9,73;10,71;10,73;23,30;24,30;33,74;35,39;35,40;43,56;43,57;45,2;45,75;45,76;50,3;50,56;51,52;51,55;51,56;52,52;52,56;56,77;57,77
ctn_asc_48_iw3:2016-12-08|ctn_asc_48_iw3|ctn_asc_48_iw3|2016-12-08|ASCENDING|80|80|8561433.0|13100.169921875|8561433.0|2893004.75|-964.9619140625|-2225.765380859375|33204080.0|5|76|13|2|4|18,26;75,13;75,14;76,13;76,14
cts_asc_48_iw3:2016-12-08|cts_asc_48_iw3|cts_asc_48_iw3|2016-12-08|ASCENDING|80|80|2570667.0|14193.4453125|2570667.0|771245.5625|-2506.8720703125|-15383.6181640625|47855220.0|42|58|56|20|8|9,62;10,63;10,66;13,62;14,62;14,72;15,62;15,72;15,73;16,66;16,71;16,73;16,74;17,71;17,74;21,68;30,30;30,31;31,30;31,31;31,74;34,75;40,74;40,75;41,40;42,40;50,56;50,57;51,76;52,2;52,75;52,76;56,77;57,3;57,56;58,52;58,56;59,56;60,76;63,77;64,77;64,78
beach_asc_48_iw3:2016-12-20|beach_asc_48_iw3|beach_asc_48_iw3|2016-12-20|ASCENDING|80|80|2284350.75|7620.009765625|2284350.75|685768.1875|-5561.6318359375|684.1859130859375|27306644.0|24|21|35|13|4|0,0;1,0;7,26;17,29;20,25;21,35;21,36;22,35;22,36;59,34;59,35;59,39;64,15;64,19;64,34;64,35;65,15;65,16;65,19;65,34;65,35;67,39;70,35;70,40
cte_asc_48_iw3:2016-12-20|cte_asc_48_iw3|cte_asc_48_iw3|2016-12-20|ASCENDING|80|80|2996131.5|12053.6767578125|2996131.5|992973.9375|-2662.278564453125|4514.158203125|14178444.0|10|11|72|5|5|10,72;10,73;11,72;11,73;12,72;48,71;54,52;54,71;55,52;55,56
ctn_asc_48_iw3:2016-12-20|ctn_asc_48_iw3|ctn_asc_48_iw3|2016-12-20|ASCENDING|80|80|4985853.0|12248.169921875|4985853.0|1517163.5|1224.02978515625|1606.74755859375|25525514.0|8|78|14|3|4|3,68;3,69;75,13;75,14;77,13;77,14;78,13;78,14
cts_asc_48_iw3:2016-12-20|cts_asc_48_iw3|cts_asc_48_iw3|2016-12-20|ASCENDING|80|80|2258294.25|12278.4560546875|2258294.25|678734.4375|-5575.375|3608.623046875|23900186.0|22|18|73|11|5|13,66;16,62;17,72;17,73;18,72;18,73;19,73;55,71;55,72;55,76;60,52;60,71;60,72;61,52;61,53;61,56;61,71;61,72;62,52;63,76;66,77;72,20
beach_asc_48_iw3:2017-01-01|beach_asc_48_iw3|beach_asc_48_iw3|2017-01-01|ASCENDING|80|80|2872571.0|7184.212890625|2872571.0|865155.125|6779.99951171875|-1035.380615234375|19157412.0|15|20|35|9|4|18,25;19,35;20,34;20,35;20,36;56,38;57,34;57,36;57,39;62,19;62,34;63,15;63,18;63,19;65,38
cte_asc_48_iw3:2017-01-01|cte_asc_48_iw3|cte_asc_48_iw3|2017-01-01|ASCENDING|80|80|3130091.75|13613.583984375|3130091.75|1059476.375|3014.2578125|3317.58056640625|13031062.0|8|9|72|4|4|8,72;9,71;9,72;10,72;39,34;40,34;46,75;54,75
ctn_asc_48_iw3:2017-01-01|ctn_asc_48_iw3|ctn_asc_48_iw3|2017-01-01|ASCENDING|80|80|5404916.5|13557.50390625|5404916.5|1774901.5|2210.35302734375|-148.2115478515625|22964744.0|8|75|13|3|5|3,67;3,68;34,30;75,13;76,12;76,13;77,13;78,13
cts_asc_48_iw3:2017-01-01|cts_asc_48_iw3|cts_asc_48_iw3|2017-01-01|ASCENDING|80|80|3050898.0|12244.5234375|3050898.0|929194.8125|1463.5958251953125|724.1846313476562|21146422.0|16|16|72|9|4|14,62;15,72;15,73;16,72;16,73;46,34;47,34;47,35;53,71;53,73;53,76;58,56;58,71;59,56;61,75;61,76
beach_asc_48_iw3:2017-01-13|beach_asc_48_iw3|beach_asc_48_iw3|2017-01-13|ASCENDING|80|80|2357508.75|7590.3828125|2357508.75|710225.6875|-5283.482421875|1812.10986328125|28305090.0|27|64|19|11|5|0,0;17,29;21,35;21,36;22,35;22,36;38,38;58,34;58,35;58,38;58,39;59,34;59,35;59,37;59,38;59,39;64,15;64,16;64,19;64,20;64,23;64,35;65,15;65,19;65,20;65,38;66,38
cte_asc_48_iw3:2017-01-13|cte_asc_48_iw3|cte_asc_48_iw3|2017-01-13|ASCENDING|80|80|2380935.25|11813.8974609375|2380935.25|714932.0|-3979.130859375|189.72052001953125|28284240.0|26|53|56|13|5|6,66;9,62;10,72;10,73;11,72;11,73;27,75;38,40;47,71;47,75;47,76;48,71;48,72;48,74;48,75;48,76;51,77;52,3;53,52;53,56;53,60;54,52;54,56;55,74;55,75;56,75
ctn_asc_48_iw3:2017-01-13|ctn_asc_48_iw3|ctn_asc_48_iw3|2017-01-13|ASCENDING|80|80|3854652.0|11928.994140625|3854652.0|1195997.75|-1918.3919677734375|-1477.43310546875|25668346.0|12|77|14|4|7|4,68;5,68;42,67;47,52;48,52;76,12;76,13;77,12;77,13;77,14;78,13;78,14
cts_asc_48_iw3:2017-01-13|cts_asc_48_iw3|cts_asc_48_iw3|2017-01-13|ASCENDING|80|80|2055765.75|11720.509765625|2055765.75|627993.5625|-5476.66357421875|1785.358642578125|33186690.0|33|60|56|13|5|12,66;13,66;17,72;17,73;18,72;18,73;34,75;34,76;54,71;54,72;54,75;54,76;55,71;55,72;55,74;55,75;55,76;58,77;60,4;60,52;60,53;60,56;60,57;60,60;60,72;61,52;61,53;61,56;61,57;61,75;62,75;63,75;66,78
beach_asc_48_iw3:2017-01-25|beach_asc_48_iw3|beach_asc_48_iw3|2017-01-25|ASCENDING|80|80|2024674.0|7607.06640625|2024674.0|614701.4375|5758.96923828125|2976.127685546875|33451944.0|35|63|19|15|6|6,12;7,12;19,35;19,36;20,27;20,35;20,36;36,39;47,3;49,40;54,21;56,39;57,34;57,35;57,37;57,38;57,39;57,40;58,37;62,11;62,15;62,19;62,20;62,37;62,38;63,13;63,15;63,16;63,19;63,20;63,37;63,38;65,38;65,39;66,39
ctn_asc_48_iw3:2017-01-25|ctn_asc_48_iw3|ctn_asc_48_iw3|2017-01-25|ASCENDING|80|80|5861922.0|13001.650390625|5861922.0|1860005.5|3493.439208984375|-1533.9072265625|17932062.0|6|73|14|3|4|44,52;73,13;73,14;74,13;74,14;76,14
cts_asc_48_iw3:2017-01-25|cts_asc_48_iw3|cts_asc_48_iw3|2017-01-25|ASCENDING|80|80|1880204.75|11789.107421875|1880204.75|567768.9375|8107.310546875|-299.1215515136719|38980472.0|43|58|55|20|7|1,62;2,48;3,47;14,61;15,71;16,71;31,29;32,74;43,38;43,39;45,75;50,56;52,0;52,70;52,74;52,75;53,0;53,69;53,70;53,72;53,73;53,74;53,75;54,72;58,2;58,46;58,50;58,51;58,54;58,55;58,70;58,73;59,48;59,50;59,51;59,54;59,55;59,72;59,73;60,74;61,74;62,74;69,19
beach_asc_48_iw3:2017-02-06|beach_asc_48_iw3|beach_asc_48_iw3|2017-02-06|ASCENDING|80|80|2401929.5|7251.171875|2401929.5|728047.625|-5404.4453125|-4649.62548828125|29444764.0|22|69|38|10|5|2,0;9,25;19,28;23,34;23,35;24,34;24,35;25,28;25,35;40,37;40,38;60,38;61,38;66,18;67,14;67,15;67,18;68,38;69,37;69,38;70,37;70,38
cte_asc_48_iw3:2017-02-06|cte_asc_48_iw3|cte_asc_48_iw3|2017-02-06|ASCENDING|80|80|2799919.25|12890.59375|2799919.25|840686.875|-4514.5859375|-3436.4775390625|22583236.0|17|13|71|6|6|12,71;12,72;13,71;13,72;14,71;14,72;29,74;30,74;50,75;55,55;56,51;56,55;57,75;58,74;58,75;59,74;59,75
ctn_asc_48_iw3:2017-02-06|ctn_asc_48_iw3|ctn_asc_48_iw3|2017-02-06|ASCENDING|80|80|2976422.75|12933.603515625|2976422.75|943919.125|-1903.5433349609375|2633.955322265625|28428396.0|19|7|69|6|5|6,69;7,69;8,69;23,72;24,72;44,72;49,52;49,53;50,53;51,72;52,71;52,72;52,73;53,72;78,12;78,13;79,12;79,14;79,15
cts_asc_48_iw3:2017-02-06|cts_asc_48_iw3|cts_asc_48_iw3|2017-02-06|ASCENDING|80|80|2755661.5|12480.8330078125|2755661.5|886797.75|-4655.30078125|-4131.00146484375|27571836.0|19|65|75|8|5|5,62;19,71;19,72;20,71;20,72;21,72;32,25;36,74;36,75;56,75;57,75;62,55;63,51;63,55;64,75;65,74;65,75;66,74;66,75
beach_asc_48_iw3:2017-03-02|beach_asc_48_iw3|beach_asc_48_iw3|2017-03-02|ASCENDING|80|80|2010323.5|8695.7734375|2010323.5|605491.625|-257.8330993652344|9360.4306640625|28202680.0|28|22|34|12|9|1,0;7,25;21,24;21,32;21,33;21,34;21,35;22,25;22,33;22,34;22,35;23,25;23,26;23,28;23,34;23,35;28,30;58,38;59,37;59,38;64,14;64,18;65,10;65,14;65,18;66,18;67,38;78,34
cte_asc_48_iw3:2017-03-02|cte_asc_48_iw3|cte_asc_48_iw3|2017-03-02|ASCENDING|80|80|2571290.25|12405.015625|2571290.25|775342.1875|-648.6578369140625|7757.2998046875|26229214.0|22|53|55|9|5|9,70;9,71;9,72;10,62;10,63;10,71;10,72;25,29;26,29;40,33;40,34;41,33;41,34;46,74;46,75;47,1;47,74;47,75;52,2;52,55;53,51;53,55
ctn_asc_48_iw3:2017-03-02|ctn_asc_48_iw3|ctn_asc_48_iw3|2017-03-02|ASCENDING|80|80|4825319.0|13243.828125|4825319.0|1539461.75|-354.6921081542969|4526.8740234375|24641426.0|8|78|14|3|4|3,68;3,69;4,69;47,53;77,14;77,15;78,14;78,15
cts_asc_48_iw3:2017-03-02|cts_asc_48_iw3|cts_asc_48_iw3|2017-03-02|ASCENDING|80|80|1991175.25|13329.916015625|1991175.25|604642.375|-1215.862548828125|11190.9951171875|34110264.0|37|16|71|16|8|1,62;15,61;15,69;15,70;15,71;16,62;16,70;16,71;16,72;17,62;17,63;17,65;17,71;17,72;22,67;29,23;32,29;32,30;46,34;47,33;47,34;48,34;52,75;53,1;53,74;53,75;54,55;54,75;57,2;58,2;58,55;59,47;59,51;59,55;60,51;60,55;61,75
beach_asc_48_iw3:2017-03-14|beach_asc_48_iw3|beach_asc_48_iw3|2017-03-14|ASCENDING|80|80|1310973.0|8543.80859375|1310973.0|393815.9375|-107.72146606445312|3532.547607421875|33712932.0|50|22|32|21|9|7,25;8,25;17,24;17,25;18,24;18,27;18,28;21,24;21,32;21,33;22,32;22,33;22,34;22,35;23,26;23,28;23,34;23,35;24,27;24,28;24,35;28,25;31,14;32,34;38,37;39,36;39,37;43,54;49,2;49,33;50,2;52,38;63,39;65,11;65,14;65,15;65,22;66,11;66,12;66,14;66,18;67,11;67,14;67,37;67,38;68,35;68,36;68,37;68,38;70,39
cte_asc_48_iw3:2017-03-14|cte_asc_48_iw3|cte_asc_48_iw3|2017-03-14|ASCENDING|80|80|1867771.0|12164.603515625|1867771.0|564458.25|1941.619140625|8402.4423828125|35473972.0|43|9|69|21|5|4,61;5,61;5,64;5,65;8,69;9,69;9,71;10,69;10,71;10,72;11,64;11,65;11,71;11,72;12,64;18,51;26,74;37,38;37,39;44,59;47,0;47,1;52,2;53,2;53,48;53,50;53,51;53,52;53,55;53,59;53,70;54,48;54,51;55,74;55,75;56,23;56,74;58,76;59,76;59,77;62,10;78,19;79,19
ctn_asc_48_iw3:2017-03-14|ctn_asc_48_iw3|ctn_asc_48_iw3|2017-03-14|ASCENDING|80|80|4572017.0|12425.263671875|4572017.0|1474580.375|-1594.7294921875|-308.7615661621094|18456278.0|8|77|14|4|5|3,67;4,69;47,49;76,13;77,13;77,14;77,15;78,14
cts_asc_48_iw3:2017-03-14|cts_asc_48_iw3|cts_asc_48_iw3|2017-03-14|ASCENDING|80|80|1404221.25|13933.01953125|1404221.25|421958.71875|4759.2373046875|6937.52197265625|38721704.0|59|18|69|25|9|0,29;3,62;4,62;13,61;13,62;14,61;14,62;14,64;14,65;17,61;17,69;17,70;18,69;18,70;18,71;18,72;19,63;19,65;19,71;19,72;20,65;20,72;27,51;28,71;28,72;31,21;35,73;35,74;42,32;43,32;45,39;46,39;49,34;55,1;56,1;59,76;60,2;61,2;61,51;62,48;62,49;62,51;62,52;62,55;62,70;63,48;63,49;63,51;63,74;63,75;64,72;64,73;64,74;64,75;65,24;65,74;67,76;68,76;68,77
beach_asc_48_iw3:2017-03-26|beach_asc_48_iw3|beach_asc_48_iw3|2017-03-26|ASCENDING|80|80|3216003.75|7037.669921875|3216003.75|973194.3125|7446.6455078125|2527.693359375|21753370.0|14|24|34|7|6|9,25;23,32;23,34;23,35;24,34;24,35;25,34;25,35;51,2;61,38;66,18;67,13;67,14;67,18
cte_asc_48_iw3:2017-03-26|cte_asc_48_iw3|cte_asc_48_iw3|2017-03-26|ASCENDING|80|80|3091168.0|12579.8193359375|3091168.0|953395.625|8124.455078125|-326.82012939453125|13043109.0|8|11|73|5|4|10,73;11,72;11,73;12,73;38,40;48,2;48,76;54,56
ctn_asc_48_iw3:2017-03-26|ctn_asc_48_iw3|ctn_asc_48_iw3|2017-03-26|ASCENDING|80|80|7070923.5|13055.06640625|7070923.5|2152571.5|4475.875|566.9005126953125|24114484.0|7|77|14|3|3|5,68;5,69;6,69;76,14;77,13;77,14;79,14
cts_asc_48_iw3:2017-03-26|cts_asc_48_iw3|cts_asc_48_iw3|2017-03-26|ASCENDING|80|80|3420997.0|12499.5966796875|3420997.0|1129030.5|7697.21728515625|2350.419921875|17465798.0|10|18|71|5|5|3,62;17,69;17,71;18,71;18,72;19,71;19,72;55,1;60,55;61,55
beach_asc_48_iw3:2017-04-07|beach_asc_48_iw3|beach_asc_48_iw3|2017-04-07|ASCENDING|80|80|3574498.5|6718.56640625|3574498.5|1097035.5|-3557.859130859375|3644.49365234375|21035320.0|13|23|35|6|6|9,26;22,33;23,33;23,35;24,35;66,14;66,15;66,16;66,36;67,14;67,15;67,16;72,40
cte_asc_48_iw3:2017-04-07|cte_asc_48_iw3|cte_asc_48_iw3|2017-04-07|ASCENDING|80|80|3106627.75|12481.404296875|3106627.75|956917.75|365.800048828125|636.1530151367188|15492028.0|10|11|72|5|5|6,65;10,70;10,72;11,72;53,51;53,52;53,73;54,51;54,52;55,52
ctn_asc_48_iw3:2017-04-07|ctn_asc_48_iw3|ctn_asc_48_iw3|2017-04-07|ASCENDING|80|80|8632261.0|12600.3828125|8632261.0|2896389.75|1399.999267578125|-878.3621826171875|21352538.0|5|77|13|2|4|5,68;76,12;76,13;77,12;77,13
cts_asc_48_iw3:2017-04-07|cts_asc_48_iw3|cts_asc_48_iw3|2017-04-07|ASCENDING|80|80|3214316.25|11462.048828125|3214316.25|990550.75|-1675.808837890625|1134.864990234375|24059356.0|16|17|72|7|6|3,63;16,70;17,70;17,72;17,73;18,72;18,73;60,3;60,51;60,52;60,53;60,73;61,51;61,52;61,53;66,77
beach_asc_48_iw3:2017-05-13|beach_asc_48_iw3|beach_asc_48_iw3|2017-05-13|ASCENDING|80|80|2873166.5|6908.9677734375|2873166.5|958822.0|-6321.6845703125|1798.68896484375|23878940.0|15|63|15|6|5|5,26;15,28;15,29;18,33;19,33;19,35;19,36;20,35;20,36;36,38;62,15;62,16;63,14;63,15;63,16
cte_asc_48_iw3:2017-05-13|cte_asc_48_iw3|cte_asc_48_iw3|2017-05-13|ASCENDING|80|80|2502833.0|12610.861328125|2502833.0|759467.8125|-9113.8017578125|80.9932861328125|27945542.0|21|9|72|8|6|4,65;4,66;5,66;7,70;8,62;8,70;8,72;8,73;9,72;9,73;10,73;25,74;25,75;51,3;51,52;52,49;52,51;52,52;52,53;53,51;53,52
ctn_asc_48_iw3:2017-05-13|ctn_asc_48_iw3|ctn_asc_48_iw3|2017-05-13|ASCENDING|80|80|3744413.0|12435.1640625|3744413.0|1133037.125|-5071.501953125|-1773.3980712890625|30888052.0|15|75|13|5|4|2,66;2,68;3,68;3,69;46,47;46,48;47,47;47,48;74,12;74,13;75,13;75,14;77,13;78,13;78,14
cts_asc_48_iw3:2017-05-13|cts_asc_48_iw3|cts_asc_48_iw3|2017-05-13|ASCENDING|80|80|2719172.0|11323.80078125|2719172.0|880162.4375|-4266.11572265625|872.2791137695312|24905820.0|17|59|52|6|7|1,63;11,65;11,66;14,70;14,71;15,70;15,72;15,73;16,72;16,73;32,75;58,3;58,52;58,53;59,52;59,53;60,52
beach_asc_48_iw3:2017-05-25|beach_asc_48_iw3|beach_asc_48_iw3|2017-05-25|ASCENDING|80|80|3022057.5|7997.6669921875|3022057.5|922975.5|-6851.6708984375|6043.77392578125|27966544.0|18|57|39|6|5|19,35;19,36;20,35;20,36;21,36;29,36;56,39;57,38;57,39;57,40;58,39;62,19;62,20;63,15;63,16;63,19;63,20;63,23
cte_asc_48_iw3:2017-05-25|cte_asc_48_iw3|cte_asc_48_iw3|2017-05-25|ASCENDING|80|80|2492925.0|14258.810546875|2492925.0|757287.6875|-8852.626953125|7463.1279296875|30546764.0|24|46|76|11|6|4,66;8,72;8,73;9,72;9,73;10,64;10,72;10,73;19,72;19,73;45,76;46,2;46,75;46,76;47,2;47,76;47,77;52,56;53,50;53,52;53,56;53,57;56,25;78,18
ctn_asc_48_iw3:2017-05-25|ctn_asc_48_iw3|ctn_asc_48_iw3|2017-05-25|ASCENDING|80|80|10898023.0|14411.90625|10898023.0|4120583.75|1829.355712890625|-424.1154479980469|37624112.0|5|78|14|2|4|75,14;77,13;77,14;78,13;78,14
cts_asc_48_iw3:2017-05-25|cts_asc_48_iw3|cts_asc_48_iw3|2017-05-25|ASCENDING|80|80|3060217.25|13918.416015625|3060217.25|938849.0|-1380.61962890625|8295.142578125|28951134.0|20|16|73|9|5|15,73;16,72;16,73;17,73;25,73;26,73;52,76;53,2;53,3;53,76;53,77;54,76;54,77;58,4;58,57;59,53;59,56;59,57;62,25;69,21
beach_asc_48_iw3:2017-06-18|beach_asc_48_iw3|beach_asc_48_iw3|2017-06-18|ASCENDING|80|80|3135669.75|8684.8359375|3135669.75|961364.0625|7035.8173828125|-1296.345703125|27711520.0|15|22|36|7|5|0,0;1,0;21,35;21,36;22,35;22,36;23,36;59,34;59,39;64,13;64,19;65,13;65,15;65,16;65,19
cte_asc_48_iw3:2017-06-18|cte_asc_48_iw3|cte_asc_48_iw3|2017-06-18|ASCENDING|80|80|2809533.75|14611.634765625|2809533.75|846943.3125|6300.9208984375|-5700.23779296875|25590084.0|16|9|73|6|6|5,66;8,62;8,73;9,72;9,73;10,72;10,73;11,73;51,50;52,50;52,52;52,56;53,50;53,52;53,53;53,56
ctn_asc_48_iw3:2017-06-18|ctn_asc_48_iw3|ctn_asc_48_iw3|2017-06-18|ASCENDING|80|80|6241851.0|14519.359375|6241851.0|1939679.75|4262.78662109375|-5760.6142578125|37549232.0|10|78|14|4|4|3,68;3,69;4,68;4,69;47,48;47,52;77,13;77,14;78,13;78,14
cts_asc_48_iw3:2017-06-18|cts_asc_48_iw3|cts_asc_48_iw3|2017-06-18|ASCENDING|80|80|3800742.0|14269.9248046875|3800742.0|1175052.25|2874.587158203125|-3143.0390625|18839920.0|10|16|73|4|4|15,73;16,72;16,73;17,73;58,50;59,50;59,53;59,56;59,57;60,56
beach_asc_48_iw3:2017-07-24|beach_asc_48_iw3|beach_asc_48_iw3|2017-07-24|ASCENDING|80|80|1906379.875|7324.91015625|1906379.875|577397.5625|-5507.599609375|-4723.52685546875|35204392.0|34|62|19|12|6|18,25;18,33;18,35;18,36;19,25;19,29;19,35;19,36;20,29;20,35;20,36;21,29;25,30;25,31;56,34;56,38;56,39;57,34;57,38;57,39;61,19;62,15;62,16;62,19;62,34;62,35;63,15;63,16;63,19;63,38;63,39;64,39;68,40;68,41
cte_asc_48_iw3:2017-07-24|cte_asc_48_iw3|cte_asc_48_iw3|2017-07-24|ASCENDING|80|80|2212588.0|11454.265625|2212588.0|682387.8125|-5408.88720703125|-3767.97119140625|30318678.0|27|51|56|14|4|7,62;7,70;8,62;8,70;8,72;8,73;9,66;9,72;9,73;10,66;15,67;45,75;45,76;46,71;46,75;46,76;51,52;51,56;51,72;52,52;52,53;52,56;52,71;54,76;57,77;62,20;77,21
ctn_asc_48_iw3:2017-07-24|ctn_asc_48_iw3|ctn_asc_48_iw3|2017-07-24|ASCENDING|80|80|12324716.0|11917.271484375|12324716.0|4065876.5|-129.33984375|-333.1748046875|37911892.0|5|75|13|1|5|74,13;75,13;75,14;76,13;76,14
cts_asc_48_iw3:2017-07-24|cts_asc_48_iw3|cts_asc_48_iw3|2017-07-24|ASCENDING|80|80|2391660.25|11489.439453125|2391660.25|781221.1875|-4385.8046875|-4746.20556640625|26588464.0|21|15|73|9|5|14,71;14,73;15,72;15,73;16,66;16,67;16,73;17,66;21,68;52,76;53,76;58,52;58,53;58,56;58,57;58,72;59,52;59,53;59,56;59,76;64,78
beach_asc_48_iw3:2017-08-17|beach_asc_48_iw3|beach_asc_48_iw3|2017-08-17|ASCENDING|80|80|3278750.25|7767.865234375|3278750.25|998639.75|-3630.604248046875|-5711.8994140625|23852538.0|15|69|39|7|3|2,0;3,0;3,1;23,34;23,36;24,36;25,29;26,29;61,34;61,35;67,15;67,16;69,39;69,40;70,39
cte_asc_48_iw3:2017-08-17|cte_asc_48_iw3|cte_asc_48_iw3|2017-08-17|ASCENDING|80|80|3016585.5|13001.138671875|3016585.5|935019.25|-6224.09375|-894.4376220703125|16532552.0|11|11|73|4|4|10,73;11,72;11,73;12,66;12,73;13,66;54,52;55,52;56,76;57,76;58,76
ctn_asc_48_iw3:2017-08-17|ctn_asc_48_iw3|ctn_asc_48_iw3|2017-08-17|ASCENDING|80|80|8450429.0|13015.302734375|8450429.0|2541991.5|-4956.6728515625|550.8597412109375|19149248.0|4|79|14|3|2|5,69;77,14;79,13;79,14
cts_asc_48_iw3:2017-08-17|cts_asc_48_iw3|cts_asc_48_iw3|2017-08-17|ASCENDING|80|80|3106192.5|13384.9365234375|3106192.5|981083.8125|-3813.30322265625|-885.9346313476562|21441868.0|15|20|71|8|4|19,69;19,71;20,61;20,71;20,72;21,65;22,64;22,65;57,70;62,2;63,51;65,74;65,75;66,74;66,75
beach_asc_48_iw3:2017-08-29|beach_asc_48_iw3|beach_asc_48_iw3|2017-08-29|ASCENDING|80|80|2691757.25|7665.6533203125|2691757.25|808082.6875|5541.53271484375|-1281.4429931640625|21164784.0|18|18|35|10|5|13,28;13,29;17,33;17,35;18,25;18,33;18,35;18,36;19,29;19,35;19,36;55,34;61,15;61,19;61,23;62,15;63,38;63,39
cte_asc_48_iw3:2017-08-29|cte_asc_48_iw3|cte_asc_48_iw3|2017-08-29|ASCENDING|80|80|2686048.5|12031.634765625|2686048.5|814821.0625|2019.4727783203125|-810.3168334960938|23005800.0|19|7|72|12|5|3,65;3,66;6,70;7,62;7,70;7,72;7,73;8,72;8,73;9,73;45,71;50,3;51,51;51,52;51,56;51,73;53,75;77,20;79,17
ctn_asc_48_iw3:2017-08-29|ctn_asc_48_iw3|ctn_asc_48_iw3|2017-08-29|ASCENDING|80|80|8681038.0|11687.1796875|8681038.0|2732740.25|1684.875244140625|-3614.25927734375|28688548.0|6|75|13|2|5|1,68;75,12;75,13;75,14;76,13;76,14
cts_asc_48_iw3:2017-08-29|cts_asc_48_iw3|cts_asc_48_iw3|2017-08-29|ASCENDING|80|80|2446728.0|12384.7041015625|2446728.0|743301.1875|5229.7548828125|-2444.853271484375|21465784.0|19|14|72|9|6|9,65;9,66;13,70;13,72;13,73;14,62;14,70;14,72;14,73;15,66;15,72;15,73;51,71;57,52;58,52;58,56;59,75;59,76;60,76
beach_asc_48_iw3:2017-09-10|beach_asc_48_iw3|beach_asc_48_iw3|2017-09-10|ASCENDING|80|80|6391968.0|11037.880859375|6391968.0|1930799.5|193.35986328125|1721.821044921875|51476424.0|14|67|13|9|3|2,0;44,55;50,3;51,3;59,19;60,19;61,34;61,39;66,13;66,19;67,12;67,13;67,19;79,54
cte_asc_48_iw3:2017-09-10|cte_asc_48_iw3|cte_asc_48_iw3|2017-09-10|ASCENDING|80|80|6331041.0|16358.29296875|6331041.0|1910737.25|1083.7076416015625|-7684.8359375|77711120.0|23|69|74|8|7|26,30;27,30;38,39;38,40;46,55;46,56;47,56;48,71;48,75;48,76;53,49;53,50;53,56;54,49;54,50;54,56;67,74;67,75;68,74;69,73;69,74;70,74;71,74
ctn_asc_48_iw3:2017-09-10|ctn_asc_48_iw3|ctn_asc_48_iw3|2017-09-10|ASCENDING|80|80|9366478.0|17873.78515625|9366478.0|2848541.25|329.4971923828125|-6556.2578125|84596456.0|20|77|13|7|6|21,26;32,36;40,52;41,52;47,46;48,45;48,46;61,70;62,70;63,69;63,70;64,70;65,70;76,12;76,13;77,12;77,13;77,14;79,12;79,13
cts_asc_48_iw3:2017-09-10|cts_asc_48_iw3|cts_asc_48_iw3|2017-09-10|ASCENDING|80|80|12934898.0|15255.8671875|12934898.0|4003908.75|2937.784423828125|-415.32763671875|54528464.0|9|78|74|5|4|47,40;55,56;62,50;62,56;63,50;77,74;78,74;78,75;79,74
beach_asc_48_iw3:2017-10-04|beach_asc_48_iw3|beach_asc_48_iw3|2017-10-04|ASCENDING|80|80|3742903.75|9388.9296875|3742903.75|1209991.125|7296.76953125|6122.97412109375|24508160.0|13|24|34|5|6|23,34;24,33;24,34;24,35;25,34;25,35;51,2;61,37;61,38;62,37;66,18;67,14;67,18
cte_asc_48_iw3:2017-10-04|cte_asc_48_iw3|cte_asc_48_iw3|2017-10-04|ASCENDING|80|80|7779430.5|12255.05859375|7779430.5|2866640.5|1146.4136962890625|6091.00048828125|28500772.0|7|73|75|3|4|13,73;14,73;57,57;72,75;73,74;73,75;74,75
ctn_asc_48_iw3:2017-10-04|ctn_asc_48_iw3|ctn_asc_48_iw3|2017-10-04|ASCENDING|80|80|6076256.5|13051.443359375|6076256.5|2029567.875|3765.69775390625|7391.025390625|40129944.0|13|67|71|5|6|7,68;7,69;8,69;45,72;51,52;51,53;66,70;66,71;67,70;67,71;68,70;68,71;77,17
cts_asc_48_iw3:2017-10-04|cts_asc_48_iw3|cts_asc_48_iw3|2017-10-04|ASCENDING|80|80|5190434.0|14236.2470703125|5190434.0|1627921.125|2753.79638671875|7253.087890625|25783592.0|10|78|73|4|4|20,71;20,72;21,71;21,72;47,39;63,55;64,55;77,73;78,73;79,73
beach_asc_48_iw3:2017-10-16|beach_asc_48_iw3|beach_asc_48_iw3|2017-10-16|ASCENDING|80|80|3712716.0|8127.71630859375|3712716.0|1141836.25|2094.27978515625|-1482.1505126953125|16868650.0|9|21|36|4|5|19,34;20,34;20,36;21,27;21,35;21,36;58,39;64,19;64,20
cte_asc_48_iw3:2017-10-16|cte_asc_48_iw3|cte_asc_48_iw3|2017-10-16|ASCENDING|80|80|4078886.5|10916.61328125|4078886.5|1253002.0|2249.28173828125|-914.738525390625|22221922.0|12|10|73|5|6|8,71;9,71;9,73;10,72;10,73;11,64;11,73;47,75;47,76;53,52;53,56;53,57
ctn_asc_48_iw3:2017-10-16|ctn_asc_48_iw3|ctn_asc_48_iw3|2017-10-16|ASCENDING|80|80|8426112.0|11248.736328125|8426112.0|2544269.5|1557.0745849609375|-207.97509765625|30272198.0|6|77|14|3|4|4,69;47,52;77,13;77,14;78,13;78,14
cts_asc_48_iw3:2017-10-16|cts_asc_48_iw3|cts_asc_48_iw3|2017-10-16|ASCENDING|80|80|3973962.0|12253.9697265625|3973962.0|1271571.125|3295.936767578125|430.2802734375|18446036.0|9|17|71|5|4|15,69;16,69;16,71;16,72;17,71;17,72;54,74;60,51;60,55
beach_asc_48_iw3:2017-10-28|beach_asc_48_iw3|beach_asc_48_iw3|2017-10-28|ASCENDING|80|80|3685789.25|9150.390625|3685789.25|1214299.375|-3749.2275390625|-3133.29833984375|37957496.0|20|24|35|8|6|2,0;3,0;23,35;24,35;51,2;51,3;66,12;66,15;66,19;67,12;67,15;67,18;67,19;67,38;68,38;68,39;69,38;69,39;70,38;79,54
cte_asc_48_iw3:2017-10-28|cte_asc_48_iw3|cte_asc_48_iw3|2017-10-28|ASCENDING|80|80|3907620.25|13999.21484375|3907620.25|1303842.0|-740.97314453125|2002.67431640625|33083412.0|18|11|72|8|4|11,71;11,72;12,72;27,30;38,39;39,39;48,75;53,49;54,49;54,56;55,49;55,52;55,55;55,56;55,75;56,75;56,76;57,75
ctn_asc_48_iw3:2017-10-28|ctn_asc_48_iw3|ctn_asc_48_iw3|2017-10-28|ASCENDING|80|80|4262994.0|14186.052734375|4262994.0|1342015.375|1892.064697265625|-514.538330078125|37839208.0|19|79|13|9|3|5,67;5,68;6,68;32,35;33,35;42,71;47,45;48,45;48,51;49,45;49,47;49,48;49,51;49,52;49,71;50,71;51,71;75,16;79,13
cts_asc_48_iw3:2017-10-28|cts_asc_48_iw3|cts_asc_48_iw3|2017-10-28|ASCENDING|80|80|4093551.5|15502.7275390625|4093551.5|1233815.25|674.676025390625|443.2525634765625|29499072.0|15|20|72|6|6|19,72;20,72;47,39;47,40;62,49;63,49;63,52;63,56;63,75;64,56;64,75;64,76;65,75;65,76;66,75
beach_asc_48_iw3:2017-11-09|beach_asc_48_iw3|beach_asc_48_iw3|2017-11-09|ASCENDING|80|80|2579697.0|8645.75390625|2579697.0|777093.375|4617.84228515625|153.8565673828125|26391748.0|20|67|39|8|5|0,0;1,0;21,33;21,34;22,33;22,35;22,36;23,29;38,38;59,39;60,39;64,19;65,19;65,35;66,19;66,39;67,38;67,39;68,38;68,39
cte_asc_48_iw3:2017-11-09|cte_asc_48_iw3|cte_asc_48_iw3|2017-11-09|ASCENDING|80|80|3197677.5|12942.9833984375|3197677.5|987620.3125|868.6607666015625|632.7081298828125|24673742.0|18|55|56|8|4|10,70;11,70;11,72;11,73;12,72;12,73;28,75;49,1;49,75;49,76;54,56;55,52;55,56;55,76;56,56;56,76;57,76;58,76
ctn_asc_48_iw3:2017-11-09|ctn_asc_48_iw3|ctn_asc_48_iw3|2017-11-09|ASCENDING|80|80|7327668.0|12506.6728515625|7327668.0|2687416.25|-4886.9794921875|2919.634765625|19589796.0|4|79|14|3|2|5,66;49,52;79,13;79,14
cts_asc_48_iw3:2017-11-09|cts_asc_48_iw3|cts_asc_48_iw3|2017-11-09|ASCENDING|80|80|2449719.0|13637.6337890625|2449719.0|742170.6875|2640.24560546875|534.7809448242188|27979630.0|25|63|76|10|7|17,70;17,71;18,70;18,71;18,72;18,73;19,64;19,66;19,73;34,75;35,75;55,76;56,76;60,3;60,56;61,56;61,72;62,52;62,56;62,57;62,76;63,75;63,76;63,77;64,76
beach_asc_48_iw3:2017-11-21|beach_asc_48_iw3|beach_asc_48_iw3|2017-11-21|ASCENDING|80|80|2910564.25|8386.509765625|2910564.25|913208.5|-7241.322265625|-2420.81298828125|31626998.0|20|67|39|7|8|0,0;1,0;20,34;21,33;21,34;22,33;22,35;22,36;23,35;23,36;49,3;64,19;64,38;65,13;65,19;66,39;67,38;67,39;68,38;68,39
cte_asc_48_iw3:2017-11-21|cte_asc_48_iw3|cte_asc_48_iw3|2017-11-21|ASCENDING|80|80|4052512.5|12936.115234375|4052512.5|1300261.375|-3852.73095703125|-727.312744140625|26444864.0|13|74|48|6|4|10,70;10,71;11,70;12,72;39,40;55,56;55,76;56,75;56,76;57,76;74,48;75,47;75,48
ctn_asc_48_iw3:2017-11-21|ctn_asc_48_iw3|ctn_asc_48_iw3|2017-11-21|ASCENDING|80|80|6962916.5|12946.369140625|6962916.5|2193976.75|1212.2847900390625|3229.099365234375|25063544.0|6|79|14|4|2|5,66;49,52;68,44;69,44;79,13;79,14
cts_asc_48_iw3:2017-11-21|cts_asc_48_iw3|cts_asc_48_iw3|2017-11-21|ASCENDING|80|80|3129100.5|13421.21875|3129100.5|959500.8125|-8534.6640625|-2246.337890625|29413716.0|19|63|76|6|8|17,70;17,71;18,70;18,71;18,72;18,73;19,72;19,73;45,40;61,50;61,56;62,76;63,75;63,76;63,77;64,75;64,76;79,48;79,49
beach_asc_48_iw3:2017-12-03|beach_asc_48_iw3|beach_asc_48_iw3|2017-12-03|ASCENDING|80|80|2857964.5|8231.865234375|2857964.5|918972.875|-7526.3134765625|-983.1800537109375|17843464.0|12|20|35|4|6|19,35;20,35;21,35;57,37;57,38;62,18;62,19;63,12;63,18;63,19;64,18;64,19
cte_asc_48_iw3:2017-12-03|cte_asc_48_iw3|cte_asc_48_iw3|2017-12-03|ASCENDING|80|80|3327576.75|11527.3134765625|3327576.75|998427.75|-9763.9560546875|-3558.30810546875|20255360.0|12|53|55|4|4|9,72;10,72;47,74;47,75;52,49;52,55;52,56;53,49;53,50;53,51;53,55;53,56
ctn_asc_48_iw3:2017-12-03|ctn_asc_48_iw3|ctn_asc_48_iw3|2017-12-03|ASCENDING|80|80|18844654.0|11419.935546875|18844654.0|6963128.0|84.7098388671875|3035.406005859375|41421032.0|3|77|13|1|3|77,12;77,13;78,13
cts_asc_48_iw3:2017-12-03|cts_asc_48_iw3|cts_asc_48_iw3|2017-12-03|ASCENDING|80|80|2592077.25|12874.083984375|2592077.25|797702.25|-11067.326171875|-3875.451171875|23012208.0|18|16|72|7|5|15,70;16,72;16,73;17,72;17,73;32,72;53,75;54,74;54,75;59,49;59,50;59,55;59,56;60,50;60,55;60,56;60,75;61,56
beach_asc_48_iw3:2017-12-15|beach_asc_48_iw3|beach_asc_48_iw3|2017-12-15|ASCENDING|80|80|2718864.5|7375.134765625|2718864.5|826314.5|6427.03076171875|1844.376708984375|21627424.0|18|65|18|10|3|17,28;20,32;20,33;21,32;21,35;22,24;22,34;22,35;28,29;59,33;64,12;64,18;64,37;64,38;65,12;65,18;65,38;67,38
cte_asc_48_iw3:2017-12-15|cte_asc_48_iw3|cte_asc_48_iw3|2017-12-15|ASCENDING|80|80|1608263.0|12867.8779296875|1608263.0|486358.875|11503.541015625|594.930908203125|44328908.0|56|10|69|23|7|6,64;6,65;7,65;9,69;10,61;10,69;10,71;11,61;11,71;11,72;12,61;12,71;12,72;17,65;17,66;17,67;18,39;18,65;20,27;20,66;21,21;21,71;22,21;35,31;35,32;45,56;45,59;46,56;48,70;48,74;49,70;52,2;53,2;53,46;53,48;53,49;53,54;53,55;53,74;54,48;54,49;54,54;54,55;54,61;54,72;54,74;55,48;55,49;55,55;55,72;55,74;55,75;56,74;56,75;57,75;64,19
ctn_asc_48_iw3:2017-12-15|ctn_asc_48_iw3|ctn_asc_48_iw3|2017-12-15|ASCENDING|80|80|3976730.75|13316.232421875|3976730.75|1218836.25|2047.227783203125|-52.75091552734375|15346489.0|8|77|14|6|2|4,67;5,69;48,46;49,72;50,72;76,14;77,14;79,14
cts_asc_48_iw3:2017-12-15|cts_asc_48_iw3|cts_asc_48_iw3|2017-12-15|ASCENDING|80|80|2305468.5|12304.443359375|2305468.5|698551.4375|9517.4736328125|-952.86376953125|29695312.0|29|61|55|12|8|13,65;16,69;16,70;17,69;17,70;17,72;18,61;18,71;18,72;19,72;24,66;24,67;28,21;29,21;42,32;54,75;55,70;60,2;60,49;60,55;60,74;60,75;61,49;61,55;61,75;62,75;63,74;63,75;64,75
beach_asc_48_iw3:2018-01-08|beach_asc_48_iw3|beach_asc_48_iw3|2018-01-08|ASCENDING|80|80|7032842.5|7827.203125|7032842.5|2278191.25|-2962.296875|9603.591796875|24922996.0|6|48|34|3|4|24,33;47,33;47,34;48,33;48,34;68,19
cte_asc_48_iw3:2018-01-08|cte_asc_48_iw3|cte_asc_48_iw3|2018-01-08|ASCENDING|80|80|7883454.5|11102.771484375|7883454.5|2502800.75|-848.064453125|6850.7568359375|18812454.0|4|35|71|2|3|11,70;34,71;35,70;35,71
ctn_asc_48_iw3:2018-01-08|ctn_asc_48_iw3|ctn_asc_48_iw3|2018-01-08|ASCENDING|80|80|18807122.0|11774.75390625|18807122.0|6755137.5|-7650.212890625|4970.39599609375|40936176.0|4|79|13|2|2|29,66;29,67;79,13;79,14
cts_asc_48_iw3:2018-01-08|cts_asc_48_iw3|cts_asc_48_iw3|2018-01-08|ASCENDING|80|80|8438555.0|11940.2197265625|8438555.0|2566462.75|-2868.35400390625|8115.7431640625|21751746.0|5|42|71|3|3|18,70;41,71;42,70;42,71;62,56
beach_asc_48_iw3:2018-01-20|beach_asc_48_iw3|beach_asc_48_iw3|2018-01-20|ASCENDING|80|80|2980739.75|7419.9853515625|2980739.75|951339.8125|871.9480590820312|1614.23095703125|30269896.0|19|25|35|9|5|4,0;24,33;25,33;25,35;26,35;45,38;68,12;68,19;68,34;68,35;68,38;69,12;69,15;69,19;69,34;69,38;70,38;71,38;71,39
cte_asc_48_iw3:2018-01-20|cte_asc_48_iw3|cte_asc_48_iw3|2018-01-20|ASCENDING|80|80|3155923.25|12937.0634765625|3155923.25|1023482.6875|1699.38720703125|-1392.7529296875|19469214.0|10|13|72|4|4|12,69;12,70;12,72;13,72;14,72;56,49;56,75;57,75;58,75;58,76
ctn_asc_48_iw3:2018-01-20|ctn_asc_48_iw3|ctn_asc_48_iw3|2018-01-20|ASCENDING|80|80|3010817.25|13125.4248046875|3010817.25|935835.625|-94.80859375|-1187.476806640625|26183932.0|16|7|68|5|6|6,65;6,66;6,68;7,67;7,68;8,68;50,45;50,71;51,70;51,71;52,70;52,71;53,71;77,16;78,13;79,13
cts_asc_48_iw3:2018-01-20|cts_asc_48_iw3|cts_asc_48_iw3|2018-01-20|ASCENDING|80|80|3059124.0|11985.390625|3059124.0|972839.0625|1775.40283203125|1960.9227294921875|27485840.0|16|65|75|7|4|18,70;19,70;19,72;20,72;20,73;62,56;62,71;62,72;63,49;63,52;63,56;63,71;64,75;64,76;65,75;65,76
beach_asc_48_iw3:2018-02-01|beach_asc_48_iw3|beach_asc_48_iw3|2018-02-01|ASCENDING|80|80|3582285.0|8325.115234375|3582285.0|1096574.25|-1829.34326171875|5180.150390625|20176906.0|11|52|32|6|4|1,0;22,33;22,35;23,35;51,32;52,31;52,32;53,32;66,19;66,38;67,19
cte_asc_48_iw3:2018-02-01|cte_asc_48_iw3|cte_asc_48_iw3|2018-02-01|ASCENDING|80|80|3310405.75|12372.65234375|3310405.75|1031071.5625|-1036.227294921875|6124.56640625|29358764.0|18|39|69|8|4|9,70;9,72;10,70;10,72;11,72;39,68;39,69;40,68;40,69;47,75;48,73;48,74;52,3;53,55;53,56;53,71;54,56;79,20
ctn_asc_48_iw3:2018-02-01|ctn_asc_48_iw3|ctn_asc_48_iw3|2018-02-01|ASCENDING|80|80|7063471.5|12658.123046875|7063471.5|2400623.0|4644.52197265625|4911.17431640625|27053064.0|8|77|13|4|4|4,68;33,65;47,51;47,52;77,12;77,13;77,14;78,13
cts_asc_48_iw3:2018-02-01|cts_asc_48_iw3|cts_asc_48_iw3|2018-02-01|ASCENDING|80|80|3776407.5|13465.576171875|3776407.5|1252173.25|-1065.612548828125|4645.36279296875|18327698.0|9|48|69|4|3|18,70;18,72;19,72;19,73;47,69;48,69;49,69;62,56;63,56
beach_asc_48_iw3:2018-02-13|beach_asc_48_iw3|beach_asc_48_iw3|2018-02-13|ASCENDING|80|80|2608736.5|8738.376953125|2608736.5|782892.8125|-2013.2254638671875|4785.28662109375|25410400.0|20|52|31|11|4|18,28;18,29;21,32;21,33;22,35;23,26;41,38;42,38;51,31;51,32;52,31;52,32;59,38;64,18;65,18;65,19;65,34;66,18;67,38;68,35
cte_asc_48_iw3:2018-02-13|cte_asc_48_iw3|cte_asc_48_iw3|2018-02-13|ASCENDING|80|80|3928252.0|11407.35546875|3928252.0|1211345.25|-361.2811279296875|6290.23681640625|20479738.0|11|39|68|7|4|9,69;29,74;29,75;38,68;39,68;39,69;40,68;53,51;53,55;53,71;79,20
ctn_asc_48_iw3:2018-02-13|ctn_asc_48_iw3|ctn_asc_48_iw3|2018-02-13|ASCENDING|80|80|6547339.0|11819.1279296875|6547339.0|3111429.5|1493.469482421875|500.98126220703125|27993268.0|6|77|14|3|4|33,66;47,53;77,14;77,15;78,14;78,15
cts_asc_48_iw3:2018-02-13|cts_asc_48_iw3|cts_asc_48_iw3|2018-02-13|ASCENDING|80|80|2970533.0|12728.369140625|2970533.0|925985.0|5270.248046875|6935.33203125|21432384.0|14|46|68|8|4|12,65;12,66;16,72;17,72;36,75;45,68;45,69;46,68;46,69;54,75;60,51;60,55;60,56;60,71
beach_asc_48_iw3:2018-02-25|beach_asc_48_iw3|beach_asc_48_iw3|2018-02-25|ASCENDING|80|80|4323177.0|7398.7646484375|4323177.0|1421814.875|-3447.23876953125|5347.03662109375|15427597.0|7|51|31|3|4|22,34;22,35;50,31;51,31;51,32;52,31;65,18
cte_asc_48_iw3:2018-02-25|cte_asc_48_iw3|cte_asc_48_iw3|2018-02-25|ASCENDING|80|80|4039724.5|11968.5908203125|4039724.5|1272382.125|-3757.368408203125|7040.1015625|24007894.0|11|41|68|4|4|11,71;12,71;40,67;40,68;41,67;41,68;55,55;74,48;74,49;75,48;75,49
ctn_asc_48_iw3:2018-02-25|ctn_asc_48_iw3|ctn_asc_48_iw3|2018-02-25|ASCENDING|80|80|8067042.5|12377.5068359375|8067042.5|2597186.5|959.5513305664062|7533.5224609375|20571570.0|5|79|14|3|2|34,66;35,66;68,46;79,14;79,15
cts_asc_48_iw3:2018-02-25|cts_asc_48_iw3|cts_asc_48_iw3|2018-02-25|ASCENDING|80|80|3955274.25|12682.630859375|3955274.25|1364380.0|-6881.3330078125|6090.74072265625|16974060.0|8|47|68|3|4|18,71;18,72;19,71;19,72;47,68;47,69;48,68;79,49
beach_asc_48_iw3:2018-03-09|beach_asc_48_iw3|beach_asc_48_iw3|2018-03-09|ASCENDING|80|80|2031447.5|7247.97314453125|2031447.5|609579.6875|4492.43359375|-1279.77880859375|32640454.0|30|63|15|14|5|18,32;18,33;19,33;19,35;20,26;20,35;26,12;36,38;48,32;49,32;54,20;54,23;57,36;57,37;62,15;62,16;62,18;62,19;62,33;62,34;63,15;63,18;63,19;63,33;63,34;64,33;64,38;65,38;66,38;68,40
cte_asc_48_iw3:2018-03-09|cte_asc_48_iw3|cte_asc_48_iw3|2018-03-09|ASCENDING|80|80|2168327.0|12290.66015625|2168327.0|656818.8125|1856.0426025390625|-4542.505859375|36049672.0|35|70|49|18|4|7,69;7,70;8,70;8,72;9,63;9,72;16,48;25,75;38,69;43,57;43,60;46,73;46,74;50,2;50,3;50,75;51,3;51,52;51,55;51,56;51,70;51,71;52,49;52,52;52,55;52,56;52,70;53,70;53,75;54,75;57,77;70,49;70,50;71,49;71,50
ctn_asc_48_iw3:2018-03-09|ctn_asc_48_iw3|ctn_asc_48_iw3|2018-03-09|ASCENDING|80|80|5260553.5|12578.25|5260553.5|1854788.25|852.3162841796875|-913.9503173828125|11598860.0|4|75|13|2|3|64,45;74,13;75,13;76,13
cts_asc_48_iw3:2018-03-09|cts_asc_48_iw3|cts_asc_48_iw3|2018-03-09|ASCENDING|80|80|2568008.25|11900.4296875|2568008.25|770534.0|773.5906982421875|-2991.39794921875|38242320.0|29|78|50|14|4|14,70;15,70;15,72;16,64;16,72;32,75;44,69;45,69;50,57;53,73;53,74;57,3;58,3;58,52;58,53;58,55;58,56;58,71;59,52;59,56;59,70;59,71;60,75;61,75;64,77;77,49;77,50;78,49;78,50
beach_asc_48_iw3:2018-03-21|beach_asc_48_iw3|beach_asc_48_iw3|2018-03-21|ASCENDING|80|80|2619850.0|6956.41357421875|2619850.0|835563.9375|-2848.61669921875|1680.5389404296875|31637664.0|23|19|36|9|5|18,36;19,35;19,36;20,35;20,36;25,31;44,22;56,38;56,39;57,37;57,38;57,39;62,15;62,19;62,20;62,35;63,15;63,16;63,19;63,20;63,34;65,39;68,41
cte_asc_48_iw3:2018-03-21|cte_asc_48_iw3|cte_asc_48_iw3|2018-03-21|ASCENDING|80|80|2126310.0|13029.2841796875|2126310.0|639415.9375|2781.322998046875|3618.55126953125|32916832.0|31|9|73|15|5|4,66;8,72;8,73;9,72;9,73;10,73;15,67;15,68;25,75;28,75;28,76;33,33;33,59;43,57;45,75;45,76;46,74;46,75;46,76;50,3;51,3;51,52;51,56;51,57;51,71;51,72;52,52;52,56;52,71;54,76;79,18
ctn_asc_48_iw3:2018-03-21|ctn_asc_48_iw3|ctn_asc_48_iw3|2018-03-21|ASCENDING|80|80|5349592.0|13601.107421875|5349592.0|1802903.75|3193.26025390625|-2269.091796875|23613868.0|9|75|14|3|5|2,68;3,68;3,69;45,52;74,14;75,13;75,14;76,13;76,14
cts_asc_48_iw3:2018-03-21|cts_asc_48_iw3|cts_asc_48_iw3|2018-03-21|ASCENDING|80|80|2855535.5|12168.525390625|2855535.5|859259.875|-873.6865234375|4064.614013671875|29177730.0|21|15|71|8|6|15,71;16,71;52,73;52,74;52,75;53,72;53,73;53,74;58,2;58,50;58,51;58,54;58,55;58,70;59,50;59,51;59,54;59,55;59,69;61,74;64,76
beach_asc_48_iw3:2018-04-02|beach_asc_48_iw3|beach_asc_48_iw3|2018-04-02|ASCENDING|80|80|2645770.25|7721.080078125|2645770.25|795328.4375|5960.6337890625|-1639.975830078125|23263184.0|18|62|19|11|4|18,33;18,35;19,35;20,35;35,38;38,38;39,38;56,38;60,37;62,15;62,18;62,19;62,34;63,12;63,15;63,18;63,19;65,39
cte_asc_48_iw3:2018-04-02|cte_asc_48_iw3|cte_asc_48_iw3|2018-04-02|ASCENDING|80|80|2514040.5|12339.33984375|2514040.5|755658.25|3443.11669921875|-6654.58154296875|25948582.0|23|8|72|14|5|7,70;8,72;9,72;25,75;28,75;43,57;45,74;45,75;46,73;46,74;46,75;49,74;50,3;51,52;51,55;51,56;51,71;52,49;52,52;52,55;52,56;54,75;62,20
ctn_asc_48_iw3:2018-04-02|ctn_asc_48_iw3|ctn_asc_48_iw3|2018-04-02|ASCENDING|80|80|19343302.0|12329.5400390625|19343302.0|6624754.5|2479.035888671875|2627.1162109375|37274312.0|3|75|13|1|3|75,13;75,14;76,13
cts_asc_48_iw3:2018-04-02|cts_asc_48_iw3|cts_asc_48_iw3|2018-04-02|ASCENDING|80|80|2999758.0|12041.5068359375|2999758.0|938082.4375|5614.7060546875|-3664.8251953125|23008622.0|17|58|56|10|4|14,70;14,72;15,72;15,73;16,72;31,75;35,75;52,75;56,74;58,52;58,55;58,56;59,52;59,55;59,56;61,76;69,20
beach_asc_48_iw3:2018-04-14|beach_asc_48_iw3|beach_asc_48_iw3|2018-04-14|ASCENDING|80|80|2539081.5|6839.73486328125|2539081.5|774032.875|-409.59014892578125|8480.0458984375|27457496.0|22|69|38|9|4|23,34;23,35;24,35;40,37;60,38;61,36;61,38;66,14;66,18;66,19;66,33;67,12;67,14;67,15;67,18;67,32;67,33;68,12;68,38;69,37;69,38;70,38
cte_asc_48_iw3:2018-04-14|cte_asc_48_iw3|cte_asc_48_iw3|2018-04-14|ASCENDING|80|80|1803330.375|12356.953125|1803330.375|582820.8125|4148.39111328125|7333.021484375|34170364.0|39|11|73|16|6|10,71;10,73;10,74;11,73;11,74;12,67;17,68;17,69;27,75;27,76;30,76;31,76;45,58;46,58;48,72;48,75;48,76;48,77;53,4;53,53;53,57;53,72;54,50;54,51;54,53;54,57;54,71;54,72;55,51;55,57;55,71;55,76;55,77;56,76;56,77;57,76;57,77;63,21;64,21
ctn_asc_48_iw3:2018-04-14|ctn_asc_48_iw3|ctn_asc_48_iw3|2018-04-14|ASCENDING|80|80|4989689.0|12687.984375|4989689.0|1498830.25|1085.0892333984375|1096.58447265625|15680626.0|7|77|14|3|4|5,69;50,72;50,73;76,14;77,14;77,15;78,14
cts_asc_48_iw3:2018-04-14|cts_asc_48_iw3|cts_asc_48_iw3|2018-04-14|ASCENDING|80|80|2590624.25|11535.48828125|2590624.25|796700.75|-2349.70654296875|12582.734375|29498296.0|25|65|75|11|4|19,71;19,72;20,71;20,72;36,74;57,73;57,75;62,2;62,51;62,52;62,55;62,56;62,70;63,49;63,51;63,52;63,55;63,70;64,49;64,75;65,74;65,75;66,75;73,19;73,20
beach_asc_48_iw3:2018-04-26|beach_asc_48_iw3|beach_asc_48_iw3|2018-04-26|ASCENDING|80|80|1729464.125|8102.255859375|1729464.125|531210.4375|-1942.867431640625|-973.9754638671875|23766592.0|32|64|19|17|10|0,0;6,26;19,33;20,33;20,35;21,29;21,35;22,29;37,38;40,38;41,55;55,20;55,23;59,19;63,19;64,10;64,12;64,15;64,19;64,34;65,15;65,19;65,38;65,39;66,37;66,38;66,39;67,38;67,39;68,38;68,39;69,40
cte_asc_48_iw3:2018-04-26|cte_asc_48_iw3|cte_asc_48_iw3|2018-04-26|ASCENDING|80|80|2585514.0|11474.69140625|2585514.0|782410.625|-4323.0185546875|2766.26416015625|21981512.0|20|53|56|13|4|9,70;10,72;45,57;47,75;52,3;52,56;53,3;53,47;53,52;53,55;53,56;53,71;54,49;54,52;54,56;55,75;55,76;56,75;64,20;79,21
ctn_asc_48_iw3:2018-04-26|ctn_asc_48_iw3|ctn_asc_48_iw3|2018-04-26|ASCENDING|80|80|6091135.0|11508.943359375|6091135.0|1984873.0|-878.12890625|645.8685913085938|17295348.0|5|77|13|2|4|47,52;77,13;77,14;78,13;78,14
cts_asc_48_iw3:2018-04-26|cts_asc_48_iw3|cts_asc_48_iw3|2018-04-26|ASCENDING|80|80|2249247.75|12661.935546875|2249247.75|680687.9375|-3107.741943359375|372.92742919921875|18220064.0|20|60|56|11|6|16,70;17,72;18,66;41,33;54,76;59,3;59,56;60,3;60,47;60,52;60,56;60,71;61,52;61,56;61,75;61,76;62,75;62,76;63,75;63,76
beach_asc_48_iw3:2018-05-08|beach_asc_48_iw3|beach_asc_48_iw3|2018-05-08|ASCENDING|80|80|2035127.625|7258.5615234375|2035127.625|611002.8125|5429.009765625|4.841796875|29649808.0|32|65|15|15|5|0,0;1,0;3,1;21,33;21,35;21,36;22,27;22,35;22,36;23,36;28,30;38,37;38,38;38,39;41,38;56,23;59,37;59,38;59,39;64,15;64,16;64,36;65,13;65,15;65,16;65,19;66,13;66,15;66,38;66,39;67,38;67,39
cte_asc_48_iw3:2018-05-08|cte_asc_48_iw3|cte_asc_48_iw3|2018-05-08|ASCENDING|80|80|1761946.375|13031.90234375|1761946.375|529523.0625|3569.91796875|669.5783081054688|33262328.0|43|11|72|18|6|10,70;11,64;11,70;11,72;11,73;12,64;12,72;12,73;17,67;17,68;21,22;23,22;24,25;25,25;27,74;27,75;27,76;28,74;28,75;31,75;35,32;35,33;46,57;48,75;48,76;52,3;53,3;54,3;54,50;54,52;54,56;55,50;55,52;55,53;55,56;55,71;55,75;55,76;56,52;56,75;56,76;57,75;57,76
ctn_asc_48_iw3:2018-05-08|ctn_asc_48_iw3|ctn_asc_48_iw3|2018-05-08|ASCENDING|80|80|2556698.0|13342.34765625|2556698.0|767360.6875|5268.6806640625|-1075.8948974609375|27396018.0|24|79|13|10|7|4,66;5,68;6,68;18,21;21,70;21,71;22,70;22,71;25,71;42,71;48,48;49,48;49,52;49,71;50,48;50,71;50,72;76,13;77,13;78,11;78,12;79,12;79,13;79,14
cts_asc_48_iw3:2018-05-08|cts_asc_48_iw3|cts_asc_48_iw3|2018-05-08|ASCENDING|80|80|1749190.625|12876.544921875|1749190.625|528198.75|2803.482421875|3691.4833984375|34692160.0|41|34|75|17|7|17,70;17,71;17,72;17,73;18,64;18,72;18,73;19,64;19,73;20,56;24,67;24,68;27,22;31,25;34,74;34,75;34,76;35,75;37,75;42,33;52,61;53,57;54,76;55,74;55,75;55,76;59,3;60,3;60,4;60,52;60,53;61,50;61,52;61,53;61,56;62,50;62,52;62,76;63,75;63,76;64,76
beach_asc_48_iw3:2018-05-20|beach_asc_48_iw3|beach_asc_48_iw3|2018-05-20|ASCENDING|80|80|2906670.75|8182.0341796875|2906670.75|883392.0|-7187.6943359375|-11643.9677734375|26644072.0|20|64|19|11|6|0,0;20,33;20,34;20,35;21,34;21,35;22,26;22,35;27,30;37,38;48,2;64,18;64,19;64,34;64,38;65,18;65,19;65,38;70,40;77,54
cte_asc_48_iw3:2018-05-20|cte_asc_48_iw3|cte_asc_48_iw3|2018-05-20|ASCENDING|80|80|2719770.0|11884.482421875|2719770.0|832936.1875|-5397.0869140625|-5306.5361328125|27437112.0|21|53|55|12|5|6,65;9,70;10,70;10,71;10,72;11,63;11,72;16,67;27,74;34,32;37,39;52,2;52,3;53,55;53,56;53,71;54,55;54,56;55,75;56,75;79,20
ctn_asc_48_iw3:2018-05-20|ctn_asc_48_iw3|ctn_asc_48_iw3|2018-05-20|ASCENDING|80|80|21597210.0|12306.060546875|21597210.0|10125318.0|754.9747314453125|-4428.19140625|42719392.0|3|77|13|1|3|77,12;77,13;78,13
cts_asc_48_iw3:2018-05-20|cts_asc_48_iw3|cts_asc_48_iw3|2018-05-20|ASCENDING|80|80|3314764.75|11967.259765625|3314764.75|1006149.8125|-7356.763671875|-5988.02978515625|21565064.0|15|60|56|6|5|16,70;16,72;17,71;17,72;18,63;18,72;59,3;60,55;60,56;60,71;60,72;61,55;61,56;62,75;63,75
beach_asc_48_iw3:2018-06-13|beach_asc_48_iw3|beach_asc_48_iw3|2018-06-13|ASCENDING|80|80|2441011.0|7834.0556640625|2441011.0|742074.875|-2814.286865234375|2496.8603515625|33459258.0|29|18|34|13|5|17,34;18,34;18,36;19,27;19,34;19,36;19,37;20,27;20,30;20,36;20,37;25,31;25,32;38,39;56,39;61,20;62,13;62,16;62,19;62,20;62,24;62,36;63,13;63,16;63,20;64,39;64,40;65,39;65,40
cte_asc_48_iw3:2018-06-13|cte_asc_48_iw3|cte_asc_48_iw3|2018-06-13|ASCENDING|80|80|2869926.75|11496.1083984375|2869926.75|863816.3125|-1902.02685546875|-73.0540771484375|34228788.0|24|51|56|12|3|7,70;7,71;8,71;8,73;9,64;9,73;14,68;15,68;45,76;46,75;50,4;51,50;51,52;51,53;51,56;51,57;51,72;52,50;52,52;52,56;53,76;54,76;54,77;77,21
ctn_asc_48_iw3:2018-06-13|ctn_asc_48_iw3|ctn_asc_48_iw3|2018-06-13|ASCENDING|80|80|7135062.5|12176.501953125|7135062.5|2145848.75|-813.8089599609375|2925.431640625|19199948.0|5|75|14|4|2|2,69;45,52;48,72;75,14;76,14
cts_asc_48_iw3:2018-06-13|cts_asc_48_iw3|cts_asc_48_iw3|2018-06-13|ASCENDING|80|80|3119229.5|11814.533203125|3119229.5|995635.375|-677.2741088867188|1473.95751953125|29548820.0|21|58|55|10|4|14,69;15,69;15,71;15,72;16,63;16,65;16,71;16,72;21,66;21,67;52,74;58,51;58,54;58,55;59,49;59,51;59,55;60,74;60,75;61,74;61,75
beach_asc_48_iw3:2018-06-25|beach_asc_48_iw3|beach_asc_48_iw3|2018-06-25|ASCENDING|80|80|1727345.125|8117.9970703125|1727345.125|519875.25|6157.74365234375|2211.18212890625|38286092.0|51|66|12|21|6|4,0;4,1;20,10;20,11;20,16;20,17;21,10;21,16;21,17;21,33;22,33;22,35;23,26;23,28;23,35;24,28;24,33;24,35;29,29;29,30;38,36;43,54;57,20;59,37;59,38;60,33;60,36;60,37;60,38;60,39;60,43;65,12;65,14;65,18;65,34;66,12;66,14;66,15;66,18;66,19;66,33;66,34;66,35;67,12;67,18;67,38;68,38;71,38;71,39;72,39;72,40
cte_asc_48_iw3:2018-06-25|cte_asc_48_iw3|cte_asc_48_iw3|2018-06-25|ASCENDING|80|80|2358926.25|10969.201171875|2358926.25|709962.1875|12332.943359375|867.6767578125|41084644.0|38|53|57|16|6|8,49;8,55;9,71;10,73;11,67;11,74;47,72;47,75;47,76;47,77;48,72;48,75;48,76;48,77;52,4;53,4;53,50;53,51;53,53;53,54;53,57;53,61;53,72;53,73;53,74;54,50;54,51;54,53;54,57;55,76;55,77;56,76;56,77;58,78;59,78;71,49;72,49;72,50
ctn_asc_48_iw3:2018-06-25|ctn_asc_48_iw3|ctn_asc_48_iw3|2018-06-25|ASCENDING|80|80|4538312.5|11384.8388671875|4538312.5|1378770.75|4109.1640625|3456.808349609375|27645502.0|11|77|14|7|4|41,72;47,49;47,53;47,68;47,69;48,46;66,45;77,14;77,15;78,14;78,15
cts_asc_48_iw3:2018-06-25|cts_asc_48_iw3|cts_asc_48_iw3|2018-06-25|ASCENDING|80|80|1675663.875|12583.3515625|1675663.875|505865.375|10555.64453125|2074.4345703125|48057344.0|63|60|71|26|8|14,47;14,48;14,54;15,47;15,53;15,54;16,70;16,72;17,63;17,65;17,72;18,63;18,65;18,70;18,72;19,55;19,68;23,66;23,67;33,74;37,31;51,57;51,60;53,75;54,70;54,71;54,73;54,74;54,75;54,76;55,73;55,75;55,76;58,2;59,2;59,3;59,49;59,55;59,71;60,3;60,49;60,51;60,52;60,53;60,55;60,56;60,59;60,70;60,71;60,72;61,49;61,51;61,52;61,55;62,75;63,75;65,76;65,77;66,76;66,77;71,20;79,47;79,48
beach_asc_48_iw3:2018-07-07|beach_asc_48_iw3|beach_asc_48_iw3|2018-07-07|ASCENDING|80|80|1921852.25|7787.52734375|1921852.25|577312.875|-2984.570068359375|7410.1259765625|31777610.0|37|19|35|18|6|14,28;17,33;18,33;18,35;19,35;20,28;20,33;20,35;21,31;35,38;36,38;53,20;53,23;54,20;55,38;56,37;56,38;56,39;57,39;61,10;61,18;61,19;61,36;62,12;62,14;62,15;62,18;62,19;62,35;62,36;63,12;63,18;63,19;63,38;65,36;67,39;68,40
cte_asc_48_iw3:2018-07-07|cte_asc_48_iw3|cte_asc_48_iw3|2018-07-07|ASCENDING|80|80|2527097.75|11447.11328125|2527097.75|793128.0625|-322.929931640625|8304.1025390625|26744252.0|24|51|55|13|5|3,65;7,70;7,72;8,71;8,72;9,65;9,72;21,23;25,75;45,74;45,75;46,70;46,75;46,76;50,2;51,51;51,55;51,56;51,72;51,73;52,49;52,55;53,75;54,75
ctn_asc_48_iw3:2018-07-07|ctn_asc_48_iw3|ctn_asc_48_iw3|2018-07-07|ASCENDING|80|80|8988896.0|11277.58203125|8988896.0|4684130.0|783.925537109375|-546.404052734375|28288232.0|4|75|15|1|4|75,14;75,15;76,14;76,15
cts_asc_48_iw3:2018-07-07|cts_asc_48_iw3|cts_asc_48_iw3|2018-07-07|ASCENDING|80|80|2009863.5|12282.62109375|2009863.5|604177.25|-6335.4541015625|8532.6943359375|29993712.0|31|15|72|17|5|10,65;13,70;14,70;14,72;15,72;15,73;16,65;16,72;17,68;28,23;31,75;32,75;49,60;50,57;52,74;52,75;52,76;53,75;53,76;57,3;58,47;58,51;58,52;58,55;58,56;58,72;58,73;59,49;59,55;59,56;64,77
beach_asc_48_iw3:2018-07-19|beach_asc_48_iw3|beach_asc_48_iw3|2018-07-19|ASCENDING|80|80|1640545.375|7642.79296875|1640545.375|498603.46875|-2436.71435546875|3103.645263671875|37908068.0|49|67|38|19|8|0,22;7,25;8,25;20,16;21,16;21,32;21,33;22,32;22,34;22,35;23,26;23,34;23,35;24,35;28,30;39,36;39,37;40,37;43,54;50,9;52,38;57,19;57,22;58,19;59,33;59,38;60,33;60,37;60,38;64,36;64,37;65,11;65,14;65,15;65,18;65,37;66,11;66,12;66,14;66,15;66,18;66,33;66,34;66,38;67,18;67,37;67,38;68,37;68,38
cte_asc_48_iw3:2018-07-19|cte_asc_48_iw3|cte_asc_48_iw3|2018-07-19|ASCENDING|80|80|1599325.125|12109.7705078125|1599325.125|481783.9375|-6771.0947265625|-8113.2119140625|47649072.0|59|12|73|21|13|10,55;10,71;11,70;11,71;11,73;12,73;13,64;13,73;13,74;14,71;18,68;28,75;28,76;29,75;29,76;42,34;42,35;43,35;46,58;46,61;47,57;47,58;49,71;49,72;49,76;49,77;50,72;50,74;50,76;50,77;54,3;54,4;54,72;54,75;54,76;55,4;55,48;55,50;55,52;55,53;55,54;55,56;55,57;55,71;55,72;55,73;55,74;55,76;56,50;56,52;56,53;56,57;56,76;56,77;57,76;57,77;58,76;72,74;74,50
ctn_asc_48_iw3:2018-07-19|ctn_asc_48_iw3|ctn_asc_48_iw3|2018-07-19|ASCENDING|80|80|5911760.0|12435.064453125|5911760.0|2703892.0|-3643.96728515625|-1751.2578125|8615651.0|2|79|14|1|2|79,13;79,14
cts_asc_48_iw3:2018-07-19|cts_asc_48_iw3|cts_asc_48_iw3|2018-07-19|ASCENDING|80|80|1595724.125|13454.748046875|1595724.125|480202.5625|-4617.66455078125|-2591.576171875|47634572.0|65|62|55|25|9|3,62;4,62;16,53;17,53;17,54;17,69;17,70;18,69;18,70;18,71;18,72;19,63;19,71;19,72;20,63;20,72;21,70;25,66;25,67;35,73;35,74;36,73;36,74;46,46;48,33;48,75;49,33;49,34;53,56;53,59;54,56;55,75;56,67;56,70;56,74;56,75;57,67;57,72;57,75;60,2;60,74;61,2;61,55;61,74;62,2;62,46;62,48;62,49;62,51;62,52;62,55;62,70;62,71;62,72;62,75;63,51;63,55;63,74;63,75;64,72;64,74;64,75;65,74;65,75;79,73
beach_asc_48_iw3:2018-07-31|beach_asc_48_iw3|beach_asc_48_iw3|2018-07-31|ASCENDING|80|80|3015568.0|7510.99462890625|3015568.0|919939.375|6343.74609375|4687.9912109375|24590206.0|17|20|34|9|4|0,0;20,33;20,34;21,34;21,36;22,27;48,3;58,39;59,39;59,40;64,13;64,19;64,20;64,35;65,13;65,19;65,20
cte_asc_48_iw3:2018-07-31|cte_asc_48_iw3|cte_asc_48_iw3|2018-07-31|ASCENDING|80|80|2439121.75|13114.5478515625|2439121.75|738936.75|5552.96337890625|-21.52374267578125|29865722.0|25|8|71|13|4|7,55;7,70;7,71;8,70;8,71;8,73;9,64;9,66;9,73;10,66;15,67;15,68;29,32;30,31;30,32;36,40;45,76;46,75;46,76;51,50;51,56;51,72;52,50;52,56;52,74
ctn_asc_48_iw3:2018-07-31|ctn_asc_48_iw3|ctn_asc_48_iw3|2018-07-31|ASCENDING|80|80|11439141.0|13584.0830078125|11439141.0|3446620.0|1245.1650390625|-168.07315063476562|24672096.0|4|75|14|1|4|74,14;75,13;75,14;76,14
cts_asc_48_iw3:2018-07-31|cts_asc_48_iw3|cts_asc_48_iw3|2018-07-31|ASCENDING|80|80|2749857.75|12375.3720703125|2749857.75|868219.375|2931.638916015625|2620.431884765625|27938610.0|21|16|69|10|4|15,53;16,69;16,70;17,69;17,71;18,62;38,30;39,30;54,74;54,75;55,74;55,75;60,46;60,48;60,54;60,55;60,70;61,48;61,51;61,54;61,55
beach_asc_48_iw3:2018-08-24|beach_asc_48_iw3|beach_asc_48_iw3|2018-08-24|ASCENDING|80|80|2641235.25|7342.77392578125|2641235.25|793465.0|844.9747924804688|-3840.681640625|28025454.0|23|21|34|14|4|1,0;17,29;20,34;21,33;21,34;21,36;22,36;23,27;23,29;28,31;28,32;38,39;49,3;59,32;59,39;59,40;60,39;60,40;64,19;65,15;65,19;65,20;67,39
cte_asc_48_iw3:2018-08-24|cte_asc_48_iw3|cte_asc_48_iw3|2018-08-24|ASCENDING|80|80|2319579.25|11933.236328125|2319579.25|696860.9375|438.29595947265625|887.5953369140625|29135640.0|25|49|76|13|4|7,66;10,70;10,71;11,70;11,71;11,73;12,64;12,66;12,73;13,66;17,68;18,68;27,31;28,76;39,40;48,76;49,75;49,76;49,77;54,56;55,52;55,53;55,56;55,57;55,72
ctn_asc_48_iw3:2018-08-24|ctn_asc_48_iw3|ctn_asc_48_iw3|2018-08-24|ASCENDING|80|80|9617847.0|12081.4375|9617847.0|8712182.0|5997.744140625|791.88037109375|18330032.0|2|79|14|1|2|79,13;79,14
cts_asc_48_iw3:2018-08-24|cts_asc_48_iw3|cts_asc_48_iw3|2018-08-24|ASCENDING|80|80|2833834.5|12829.3984375|2833834.5|890196.875|-1260.50341796875|-5701.78759765625|19929114.0|14|17|71|8|4|17,71;18,71;18,73;19,64;24,68;24,69;34,31;55,2;55,76;55,77;56,76;56,77;61,57;62,57
beach_asc_48_iw3:2018-09-05|beach_asc_48_iw3|beach_asc_48_iw3|2018-09-05|ASCENDING|80|80|1772185.875|8368.3623046875|1772185.875|545871.125|2379.61083984375|89.030517578125|30242194.0|36|23|27|16|6|1,0;1,1;21,34;22,27;22,33;22,34;22,35;22,36;23,27;23,36;24,27;24,29;24,34;39,39;43,55;50,3;52,40;58,44;59,39;59,44;60,32;60,38;60,39;60,40;61,40;65,13;65,15;65,16;65,20;66,13;66,15;66,16;66,20;67,15;67,39;68,39
cte_asc_48_iw3:2018-09-05|cte_asc_48_iw3|cte_asc_48_iw3|2018-09-05|ASCENDING|80|80|1660623.625|10635.48046875|1660623.625|502318.34375|2138.72119140625|2075.2919921875|38289764.0|44|11|71|17|7|10,71;11,70;11,71;11,72;11,73;12,64;12,72;12,73;13,64;13,66;18,68;28,75;28,76;29,75;35,33;36,32;36,33;39,40;41,77;42,35;43,35;49,69;49,76;49,77;50,69;50,76;50,77;54,53;54,72;55,50;55,52;55,53;55,56;55,57;55,71;55,72;56,50;56,52;56,53;57,75;57,76;58,75;58,76;60,77
ctn_asc_48_iw3:2018-09-05|ctn_asc_48_iw3|ctn_asc_48_iw3|2018-09-05|ASCENDING|80|80|10936398.0|11168.2890625|10936398.0|10211105.0|3175.415283203125|-5673.80810546875|21147500.0|2|79|14|1|2|79,13;79,14
cts_asc_48_iw3:2018-09-05|cts_asc_48_iw3|cts_asc_48_iw3|2018-09-05|ASCENDING|80|80|1805596.125|11934.697265625|1805596.125|544843.1875|638.99755859375|130.05191040039062|34336492.0|40|18|71|17|5|17,71;18,71;18,72;18,73;19,64;19,65;19,73;20,64;20,65;20,66;20,71;34,31;35,76;42,33;42,34;43,33;43,34;46,40;48,77;49,35;56,69;56,76;56,77;57,77;57,78;61,53;61,57;61,72;62,50;62,52;62,53;62,57;62,72;63,50;63,52;63,53;64,76;64,77;65,76;68,78
beach_asc_48_iw3:2018-09-17|beach_asc_48_iw3|beach_asc_48_iw3|2018-09-17|ASCENDING|80|80|1648288.25|7756.919921875|1648288.25|499130.875|-360.0350341796875|-3888.583984375|34003856.0|41|60|38|18|6|8,25;22,34;22,35;23,26;23,28;23,35;24,26;24,28;24,33;28,29;28,30;29,28;29,29;38,37;38,38;39,36;39,37;39,38;43,54;52,38;57,19;59,33;59,37;59,38;60,36;60,37;60,38;60,39;60,43;65,14;65,15;65,18;65,34;66,12;66,14;66,18;66,34;66,38;67,14;67,38;68,38
cte_asc_48_iw3:2018-09-17|cte_asc_48_iw3|cte_asc_48_iw3|2018-09-17|ASCENDING|80|80|1660781.5|11580.9365234375|1660781.5|508795.5625|3808.387451171875|-2760.631103515625|39754524.0|49|55|53|17|8|11,73;11,74;12,64;12,65;12,73;12,74;13,64;13,65;13,66;13,67;14,72;17,68;18,67;18,68;28,75;28,76;29,75;29,76;41,77;46,58;46,61;47,58;48,76;48,77;49,72;49,76;49,77;50,74;50,75;50,76;50,77;54,57;54,72;55,48;55,50;55,52;55,53;55,56;55,57;55,72;55,73;56,52;56,53;56,77;57,76;57,77;58,76;58,77;61,78
ctn_asc_48_iw3:2018-09-17|ctn_asc_48_iw3|ctn_asc_48_iw3|2018-09-17|ASCENDING|80|80|8893406.0|11570.515625|8893406.0|2973498.25|-1643.8775634765625|3565.473876953125|24948438.0|5|79|14|1|5|78,12;78,13;79,13;79,14;79,15
cts_asc_48_iw3:2018-09-17|cts_asc_48_iw3|cts_asc_48_iw3|2018-09-17|ASCENDING|80|80|1769188.625|12436.990234375|1769188.625|531448.3125|-1114.65625|-6894.19873046875|33540632.0|41|56|75|13|6|4,62;18,71;18,72;19,63;19,65;19,71;19,72;20,63;20,65;20,70;24,66;24,67;25,65;25,66;25,67;35,73;35,74;35,75;36,74;48,75;55,74;55,75;56,74;56,75;56,76;57,75;61,51;61,52;61,55;61,71;62,49;62,51;62,52;62,55;62,71;63,51;63,75;64,74;64,75;65,74;65,75
beach_asc_48_iw3:2018-09-29|beach_asc_48_iw3|beach_asc_48_iw3|2018-09-29|ASCENDING|80|80|2511594.75|7628.2060546875|2511594.75|758558.375|2490.0634765625|-3387.3427734375|22058122.0|22|22|33|9|8|1,0;21,33;21,34;22,33;22,34;22,35;22,36;23,27;23,35;23,36;24,27;28,31;29,30;29,31;39,38;58,19;59,19;60,31;65,19;66,15;66,19;67,15
cte_asc_48_iw3:2018-09-29|cte_asc_48_iw3|cte_asc_48_iw3|2018-09-29|ASCENDING|80|80|2746125.5|10597.8017578125|2746125.5|837091.0|5834.4189453125|-3136.425048828125|17744158.0|15|9|70|8|4|9,70;9,71;10,70;10,72;11,63;11,64;16,67;16,68;27,75;46,56;53,52;53,56;53,71;54,52;54,56
ctn_asc_48_iw3:2018-09-29|ctn_asc_48_iw3|ctn_asc_48_iw3|2018-09-29|ASCENDING|80|80|9239415.0|10952.662109375|9239415.0|2775623.5|2145.948486328125|-1820.8836669921875|34365500.0|7|77|13|2|6|3,66;76,12;77,12;77,13;77,14;78,13;78,14
cts_asc_48_iw3:2018-09-29|cts_asc_48_iw3|cts_asc_48_iw3|2018-09-29|ASCENDING|80|80|2315753.25|12389.681640625|2315753.25|710096.5|5891.4111328125|-1595.9942626953125|25002512.0|25|18|70|10|7|17,70;17,71;18,70;18,71;18,73;19,64;19,72;19,73;20,64;24,68;25,67;25,68;35,75;36,75;54,56;55,56;56,68;62,52;62,53;62,56;62,71;62,72;63,52;63,56;65,76
beach_asc_48_iw3:2018-10-11|beach_asc_48_iw3|beach_asc_48_iw3|2018-10-11|ASCENDING|80|80|2120069.0|8431.4453125|2120069.0|640472.1875|1161.509033203125|8909.615234375|39695032.0|40|66|19|18|7|2,0;22,33;23,35;23,36;24,26;24,27;24,35;24,36;25,36;29,30;29,31;30,30;30,31;33,35;41,38;44,55;49,37;50,2;50,3;51,2;51,3;58,43;60,36;60,38;60,39;61,36;61,37;61,38;61,39;66,15;66,18;66,19;66,34;67,15;67,18;67,19;69,38;69,39;72,40;73,4
cte_asc_48_iw3:2018-10-11|cte_asc_48_iw3|cte_asc_48_iw3|2018-10-11|ASCENDING|80|80|2419957.75|14554.25390625|2419957.75|737378.9375|3949.225341796875|-1255.1861572265625|41200268.0|38|26|30|14|5|10,70;10,72;11,63;11,72;12,63;12,72;12,73;16,67;17,67;17,68;20,72;21,21;21,22;22,21;25,30;26,29;26,30;27,29;27,30;36,74;38,39;38,40;41,34;42,35;43,35;47,75;48,73;48,75;48,76;49,74;53,55;53,56;54,52;54,55;54,56;55,75;56,74;56,75
ctn_asc_48_iw3:2018-10-11|ctn_asc_48_iw3|ctn_asc_48_iw3|2018-10-11|ASCENDING|80|80|10161445.0|14976.779296875|10161445.0|3808516.5|2412.202392578125|4445.892578125|22246588.0|4|77|13|1|4|77,12;77,13;77,14;78,13
cts_asc_48_iw3:2018-10-11|cts_asc_48_iw3|cts_asc_48_iw3|2018-10-11|ASCENDING|80|80|2598846.25|13452.33203125|2598846.25|794183.75|4149.37646484375|2734.747314453125|41063348.0|35|33|30|15|4|17,72;18,64;18,72;18,73;19,73;23,67;23,68;24,67;24,68;27,72;28,21;28,22;29,21;32,30;33,30;33,31;34,30;44,40;45,40;49,35;50,35;54,75;54,76;55,73;55,75;55,76;60,52;60,55;60,56;61,52;61,56;63,75;63,76;66,77;67,41
beach_asc_48_iw3:2018-10-23|beach_asc_48_iw3|beach_asc_48_iw3|2018-10-23|ASCENDING|80|80|1846462.0|7215.0947265625|1846462.0|564114.9375|-9056.6865234375|-6641.9453125|40276544.0|43|38|39|16|7|0,0;20,33;20,34;21,33;21,34;21,36;22,27;22,36;22,37;23,27;23,36;23,37;28,30;28,31;37,39;38,38;38,39;51,42;52,42;56,21;56,24;57,21;58,39;59,37;59,38;59,39;59,40;60,37;60,38;64,11;64,16;64,19;64,20;64,35;65,13;65,15;65,16;65,19;65,20;65,35;66,13;67,39;67,40
cte_asc_48_iw3:2018-10-23|cte_asc_48_iw3|cte_asc_48_iw3|2018-10-23|ASCENDING|80|80|1816988.125|12159.0703125|1816988.125|576203.375|-2017.28662109375|-3735.524169921875|33387642.0|35|10|71|14|6|9,71;10,70;10,71;11,73;12,64;12,66;12,73;17,67;17,68;18,67;24,24;27,75;27,76;28,75;28,76;41,79;46,58;48,75;48,76;49,74;49,75;49,76;50,74;53,56;54,50;54,52;54,56;54,57;54,72;55,50;55,52;55,53;55,56;55,57;55,72
ctn_asc_48_iw3:2018-10-23|ctn_asc_48_iw3|ctn_asc_48_iw3|2018-10-23|ASCENDING|80|80|3762042.0|12116.916015625|3762042.0|1149110.25|-1463.2867431640625|-3723.691650390625|26165448.0|16|79|14|8|3|4,66;4,67;5,69;6,69;21,71;21,72;42,71;42,72;43,71;48,52;49,48;49,52;76,14;77,13;77,14;79,14
cts_asc_48_iw3:2018-10-23|cts_asc_48_iw3|cts_asc_48_iw3|2018-10-23|ASCENDING|80|80|1951339.875|11974.6845703125|1951339.875|598077.75|-5440.86669921875|-6162.08056640625|32406038.0|35|17|69|16|7|16,69;17,69;18,71;18,72;19,62;19,71;19,72;24,66;31,23;34,74;35,74;48,77;52,56;52,59;53,56;54,74;55,73;55,74;55,75;56,72;56,73;56,74;60,2;60,54;60,55;60,70;61,48;61,50;61,51;61,54;61,55;61,70;62,48;62,55;63,75
beach_asc_48_iw3:2018-11-04|beach_asc_48_iw3|beach_asc_48_iw3|2018-11-04|ASCENDING|80|80|3784119.25|7830.224609375|3784119.25|1155337.625|-404.59954833984375|399.8717041015625|25988392.0|14|21|33|6|8|20,33;20,34;21,33;21,34;22,35;22,36;23,35;23,36;38,38;64,19;65,15;65,19;65,35;67,39
cte_asc_48_iw3:2018-11-04|cte_asc_48_iw3|cte_asc_48_iw3|2018-11-04|ASCENDING|80|80|4200833.5|13286.654296875|4200833.5|1286356.875|1220.692626953125|110.27774047851562|19141658.0|10|10|70|4|6|10,70;10,71;11,70;11,72;12,72;12,73;54,56;55,52;55,56;55,71
ctn_asc_48_iw3:2018-11-04|ctn_asc_48_iw3|ctn_asc_48_iw3|2018-11-04|ASCENDING|80|80|4212949.5|13745.240234375|4212949.5|1323886.25|-675.4664306640625|1671.90185546875|29034768.0|15|4|66|9|3|3,44;4,66;5,66;5,68;6,59;6,68;48,52;49,48;49,51;49,52;49,67;77,13;79,12;79,13;79,14
cts_asc_48_iw3:2018-11-04|cts_asc_48_iw3|cts_asc_48_iw3|2018-11-04|ASCENDING|80|80|3684772.25|12748.455078125|3684772.25|1245437.5|-1236.48974609375|-1558.33544921875|22867658.0|12|17|70|4|8|16,70;16,71;17,70;17,71;18,72;18,73;19,72;19,73;60,56;61,52;61,56;61,72
beach_asc_48_iw3:2018-11-16|beach_asc_48_iw3|beach_asc_48_iw3|2018-11-16|ASCENDING|80|80|4517309.0|7815.21337890625|4517309.0|1493629.5|-1138.622802734375|-7979.0576171875|26707220.0|11|22|32|4|5|22,32;22,33;23,32;23,35;66,14;67,14;68,37;68,38;69,37;69,38;70,38
cte_asc_48_iw3:2018-11-16|cte_asc_48_iw3|cte_asc_48_iw3|2018-11-16|ASCENDING|80|80|4966828.0|12315.86328125|4966828.0|1495525.625|-3930.033203125|-4328.27294921875|37187744.0|13|73|36|4|4|9,69;9,70;10,69;10,71;53,51;54,51;55,74;55,75;56,74;56,75;73,36;73,37;74,36
ctn_asc_48_iw3:2018-11-16|ctn_asc_48_iw3|ctn_asc_48_iw3|2018-11-16|ASCENDING|80|80|6992413.0|12888.3046875|6992413.0|2118054.5|-1016.979736328125|-4919.123046875|41497528.0|11|77|14|5|5|3,67;4,67;47,49;49,72;50,72;67,34;76,13;77,13;77,14;77,15;78,14
cts_asc_48_iw3:2018-11-16|cts_asc_48_iw3|cts_asc_48_iw3|2018-11-16|ASCENDING|80|80|4146827.5|12515.30078125|4146827.5|1358890.0|-2860.67919921875|-9845.6826171875|30861400.0|13|18|69|4|5|18,69;18,70;19,69;19,70;19,72;62,51;62,52;63,51;64,74;64,75;65,74;65,75;66,75
beach_asc_48_iw3:2018-11-28|beach_asc_48_iw3|beach_asc_48_iw3|2018-11-28|ASCENDING|80|80|2659729.75|7376.1025390625|2659729.75|798308.6875|1277.32470703125|-3427.01220703125|28788688.0|24|19|32|11|6|15,28;16,28;18,32;19,32;19,34;19,35;20,34;20,35;21,34;21,35;26,30;36,37;55,19;57,42;62,14;62,18;63,13;63,14;63,18;63,33;65,37;65,38;66,37;66,38
cte_asc_48_iw3:2018-11-28|cte_asc_48_iw3|cte_asc_48_iw3|2018-11-28|ASCENDING|80|80|2442458.5|13263.01171875|2442458.5|736353.5|7520.35107421875|-1571.741943359375|27109504.0|24|8|71|10|6|5,66;5,67;8,70;8,71;9,71;9,73;10,64;10,72;10,73;15,68;15,69;20,22;26,76;47,74;52,52;52,53;52,56;52,57;53,52;53,53;53,56;53,57;54,76;55,76
ctn_asc_48_iw3:2018-11-28|ctn_asc_48_iw3|ctn_asc_48_iw3|2018-11-28|ASCENDING|80|80|10482720.0|13440.455078125|10482720.0|3421609.5|-484.56640625|-183.4888916015625|27024140.0|4|78|14|1|4|77,13;77,14;78,13;78,14
cts_asc_48_iw3:2018-11-28|cts_asc_48_iw3|cts_asc_48_iw3|2018-11-28|ASCENDING|80|80|2764870.75|13055.484375|2764870.75|836931.375|3024.079345703125|-4194.6142578125|24279402.0|20|15|69|10|4|12,65;14,69;15,69;16,69;16,71;16,72;17,71;17,72;22,66;22,67;27,20;32,74;51,56;58,55;59,51;59,55;60,55;61,74;61,75;62,74
beach_asc_48_iw3:2018-12-10|beach_asc_48_iw3|beach_asc_48_iw3|2018-12-10|ASCENDING|80|80|2375671.25|7527.4873046875|2375671.25|727035.8125|3510.220458984375|-11997.875|34174424.0|32|21|33|18|4|11,13;17,28;20,33;21,32;21,33;21,35;22,26;22,35;23,26;28,29;28,30;38,38;56,20;56,23;57,19;59,34;59,36;59,37;59,38;59,42;60,36;64,18;64,19;64,34;65,12;65,14;65,15;65,18;65,19;65,37;66,38;70,40
cte_asc_48_iw3:2018-12-10|cte_asc_48_iw3|cte_asc_48_iw3|2018-12-10|ASCENDING|80|80|2179602.0|13169.7978515625|2179602.0|664917.9375|2436.9267578125|-6224.31884765625|30389616.0|30|8|70|14|4|5,65;5,66;8,69;8,70;8,72;9,69;9,70;9,72;10,63;10,72;15,67;16,66;25,75;26,75;44,57;46,74;46,75;47,73;47,74;47,79;52,49;52,51;52,55;52,56;53,51;53,52;53,55;53,56;78,17;79,20
ctn_asc_48_iw3:2018-12-10|ctn_asc_48_iw3|ctn_asc_48_iw3|2018-12-10|ASCENDING|80|80|6490168.0|13130.5087890625|6490168.0|2005024.875|680.501953125|-548.3349609375|19000218.0|5|78|13|2|4|47,51;77,12;77,13;78,12;78,13
cts_asc_48_iw3:2018-12-10|cts_asc_48_iw3|cts_asc_48_iw3|2018-12-10|ASCENDING|80|80|2563532.5|13465.650390625|2563532.5|777497.8125|146.9781494140625|-9970.7314453125|25777916.0|23|17|70|12|4|7,50;14,66;16,70;17,69;17,70;17,72;18,63;18,72;19,63;24,67;34,75;55,73;55,74;55,75;56,74;60,3;60,55;60,56;61,49;61,51;61,52;61,55;61,56
beach_asc_48_iw3:2019-01-03|beach_asc_48_iw3|beach_asc_48_iw3|2019-01-03|ASCENDING|80|80|2852278.5|7558.69921875|2852278.5|882562.625|-478.5570068359375|4813.3330078125|21305688.0|15|21|32|7|4|20,32;21,32;22,34;22,35;23,34;38,37;59,33;59,36;59,37;60,36;64,17;64,18;65,14;65,17;65,18
cte_asc_48_iw3:2019-01-03|cte_asc_48_iw3|cte_asc_48_iw3|2019-01-03|ASCENDING|80|80|2314940.0|13733.2119140625|2314940.0|699116.25|-1441.8232421875|4854.017578125|27992698.0|25|10|71|9|6|10,70;10,71;11,70;11,71;11,73;12,64;12,66;12,73;28,75;28,76;48,75;48,76;49,74;49,75;49,76;50,74;54,56;54,57;54,72;55,52;55,53;55,56;55,57;55,71;55,72
ctn_asc_48_iw3:2019-01-03|ctn_asc_48_iw3|ctn_asc_48_iw3|2019-01-03|ASCENDING|80|80|5684563.0|14115.380859375|5684563.0|1873489.25|3948.51806640625|4359.990234375|16604494.0|5|79|14|3|2|4,66;4,67;49,52;79,13;79,14
cts_asc_48_iw3:2019-01-03|cts_asc_48_iw3|cts_asc_48_iw3|2019-01-03|ASCENDING|80|80|2945780.25|13995.97265625|2945780.25|891036.8125|2183.9697265625|5053.21826171875|18425660.0|14|17|69|6|4|16,69;17,69;18,69;18,71;19,62;19,71;55,70;55,73;55,74;56,73;60,55;61,54;61,55;62,55
beach_asc_48_iw3:2019-01-15|beach_asc_48_iw3|beach_asc_48_iw3|2019-01-15|ASCENDING|80|80|2783513.5|7380.85791015625|2783513.5|858385.625|-3495.111328125|1923.1656494140625|28560486.0|21|20|33|11|4|0,0;20,32;20,33;21,33;21,35;22,26;22,35;38,37;38,38;56,20;59,34;59,43;64,14;64,15;64,18;64,19;64,34;65,14;65,15;65,18;65,19
cte_asc_48_iw3:2019-01-15|cte_asc_48_iw3|cte_asc_48_iw3|2019-01-15|ASCENDING|80|80|2934345.25|14060.330078125|2934345.25|887514.1875|-3501.445068359375|3140.0908203125|23831472.0|18|8|70|8|4|7,70;8,69;8,70;8,72;9,63;9,70;9,72;10,63;25,74;25,75;26,74;30,31;51,2;51,3;51,52;52,51;52,52;52,55
ctn_asc_48_iw3:2019-01-15|ctn_asc_48_iw3|ctn_asc_48_iw3|2019-01-15|ASCENDING|80|80|3482432.0|13969.8515625|3482432.0|1072934.625|-5849.85888671875|742.771484375|39775476.0|22|78|13|9|5|1,66;2,65;2,66;3,68;4,59;19,70;20,70;24,27;46,47;46,48;46,51;47,47;47,51;74,11;74,12;74,13;75,12;75,13;77,12;77,13;78,12;78,13
cts_asc_48_iw3:2019-01-15|cts_asc_48_iw3|cts_asc_48_iw3|2019-01-15|ASCENDING|80|80|3055166.75|12762.728515625|3055166.75|927098.0625|-1783.00439453125|4952.13671875|27640224.0|19|17|70|10|4|16,70;17,70;17,72;18,63;18,72;34,74;34,75;38,31;39,31;55,71;60,2;60,3;60,52;60,55;60,56;60,71;61,52;61,55;61,56
beach_asc_48_iw3:2019-01-27|beach_asc_48_iw3|beach_asc_48_iw3|2019-01-27|ASCENDING|80|80|2637799.0|8316.537109375|2637799.0|794609.0|-4696.701171875|-9404.453125|31550100.0|25|63|15|13|5|15,29;18,33;19,33;19,34;19,35;20,27;36,38;46,3;47,3;54,20;57,34;62,10;62,14;62,15;62,19;62,34;62,37;63,14;63,15;63,16;63,19;63,34;64,38;65,38;65,39
cte_asc_48_iw3:2019-01-27|cte_asc_48_iw3|cte_asc_48_iw3|2019-01-27|ASCENDING|80|80|2824688.0|14135.005859375|2824688.0|863779.4375|-3432.55322265625|-5760.38134765625|22866000.0|19|8|70|10|4|8,70;8,71;8,72;9,72;10,63;19,21;20,21;36,39;36,40;46,71;51,52;51,56;52,51;52,52;52,56;52,71;53,52;54,75;79,17
ctn_asc_48_iw3:2019-01-27|ctn_asc_48_iw3|ctn_asc_48_iw3|2019-01-27|ASCENDING|80|80|5495843.5|14884.2421875|5495843.5|1692676.625|627.3701782226562|-1395.20703125|20207026.0|7|75|13|3|4|2,66;74,12;74,13;75,13;75,14;77,13;78,13
cts_asc_48_iw3:2019-01-27|cts_asc_48_iw3|cts_asc_48_iw3|2019-01-27|ASCENDING|80|80|2521908.5|12906.9365234375|2521908.5|775341.9375|-7526.7890625|-8660.669921875|37692704.0|32|15|70|15|7|11,66;14,70;14,71;15,70;15,71;15,72;15,73;16,64;16,72;26,21;27,21;32,75;42,40;43,40;50,57;53,71;58,3;58,48;58,52;58,53;58,56;58,71;58,74;59,52;59,53;59,56;59,71;59,72;60,75;60,76;61,75;61,76
beach_asc_48_iw3:2019-02-08|beach_asc_48_iw3|beach_asc_48_iw3|2019-02-08|ASCENDING|80|80|2394875.75|7628.35693359375|2394875.75|730728.1875|439.92626953125|7829.6083984375|27906584.0|24|21|33|15|4|0,0;1,0;7,26;20,33;20,34;21,33;21,34;22,29;24,31;28,30;38,38;57,20;59,34;59,38;64,11;64,15;64,19;64,34;64,35;65,15;65,16;65,19;66,15;70,40
cte_asc_48_iw3:2019-02-08|cte_asc_48_iw3|cte_asc_48_iw3|2019-02-08|ASCENDING|80|80|2791103.75|14008.173828125|2791103.75|844668.6875|2657.3798828125|-308.886474609375|19889658.0|16|8|70|8|4|8,70;8,71;9,70;20,21;25,75;26,75;46,2;46,75;51,3;51,56;52,52;52,56;53,52;53,53;53,56;54,52
ctn_asc_48_iw3:2019-02-08|ctn_asc_48_iw3|ctn_asc_48_iw3|2019-02-08|ASCENDING|80|80|6333394.0|14066.2119140625|6333394.0|2046538.375|497.62176513671875|801.5142822265625|28576680.0|8|77|13|4|5|2,66;47,48;75,13;77,12;77,13;77,14;78,13;78,14
cts_asc_48_iw3:2019-02-08|cts_asc_48_iw3|cts_asc_48_iw3|2019-02-08|ASCENDING|80|80|2316199.5|13404.55859375|2316199.5|702445.75|5028.0654296875|1792.314453125|32767386.0|30|17|70|17|5|3,63;16,70;16,71;17,70;17,71;17,73;18,66;19,66;24,67;28,21;28,22;34,75;42,33;53,57;54,2;55,1;55,2;55,71;55,75;55,76;60,3;60,48;60,52;60,56;60,72;61,52;61,53;61,56;62,52;62,53
beach_asc_48_iw3:2019-02-20|beach_asc_48_iw3|beach_asc_48_iw3|2019-02-20|ASCENDING|80|80|2074492.375|8025.033203125|2074492.375|626484.5|2612.11962890625|5053.5|38661696.0|38|64|18|12|7|16,27;16,28;17,28;19,32;19,33;20,32;20,33;20,35;21,26;21,28;21,34;21,35;22,25;22,28;23,27;27,29;37,37;37,38;55,19;56,19;57,37;58,36;58,37;58,38;59,36;59,37;63,18;64,14;64,15;64,17;64,18;64,33;64,34;64,38;65,14;65,15;65,18;65,38
cte_asc_48_iw3:2019-02-20|cte_asc_48_iw3|cte_asc_48_iw3|2019-02-20|ASCENDING|80|80|2546949.0|11494.541015625|2546949.0|765231.125|5291.82763671875|3317.00048828125|38838984.0|32|9|71|13|5|5,66;5,67;6,66;6,67;8,71;9,70;9,71;10,71;10,73;11,64;11,66;11,73;12,66;26,75;26,76;27,76;45,58;47,75;47,76;48,74;48,75;48,76;53,52;53,53;53,56;53,57;53,71;53,72;54,50;54,53;55,76;56,76
ctn_asc_48_iw3:2019-02-20|ctn_asc_48_iw3|ctn_asc_48_iw3|2019-02-20|ASCENDING|80|80|20328650.0|12136.3896484375|20328650.0|11689245.0|84.77532958984375|-4080.099853515625|47232256.0|3|77|14|1|3|77,13;77,14;78,14
cts_asc_48_iw3:2019-02-20|cts_asc_48_iw3|cts_asc_48_iw3|2019-02-20|ASCENDING|80|80|2755423.75|12663.91015625|2755423.75|850418.4375|6401.09716796875|3367.219482421875|31989994.0|26|60|55|10|6|12,65;13,65;15,69;15,70;16,69;16,70;17,65;17,71;17,72;18,62;18,65;33,74;54,73;54,74;54,75;55,73;55,74;60,51;60,52;60,54;60,55;60,70;60,71;60,75;61,51;61,55
beach_asc_48_iw3:2019-03-04|beach_asc_48_iw3|beach_asc_48_iw3|2019-03-04|ASCENDING|80|80|3346526.25|7292.529296875|3346526.25|1049485.0|-722.818603515625|-2100.74462890625|12050843.0|8|67|14|4|4|23,34;61,33;66,13;66,14;66,33;67,13;67,14;67,33
cte_asc_48_iw3:2019-03-04|cte_asc_48_iw3|cte_asc_48_iw3|2019-03-04|ASCENDING|80|80|1854101.125|13330.52734375|1854101.125|585031.625|2640.171875|240.61721801757812|23921492.0|28|56|52|11|8|12,71;12,73;13,64;13,72;13,73;14,64;15,71;19,67;26,54;27,54;29,75;29,76;30,75;34,32;48,57;50,72;55,52;55,53;56,52;56,53;56,71;56,72;57,52;57,53;57,71;57,72;58,52;58,53
ctn_asc_48_iw3:2019-03-04|ctn_asc_48_iw3|ctn_asc_48_iw3|2019-03-04|ASCENDING|80|80|2918448.5|13381.693359375|2918448.5|882177.25|1855.418212890625|-2384.716552734375|19503548.0|14|79|14|6|6|7,68;7,69;8,60;49,48;50,48;50,49;51,48;51,49;51,68;52,48;77,17;78,13;79,13;79,14
cts_asc_48_iw3:2019-03-04|cts_asc_48_iw3|cts_asc_48_iw3|2019-03-04|ASCENDING|80|80|2795000.0|13657.853515625|2795000.0|862390.875|-735.760986328125|-1771.622314453125|14026125.0|11|63|51|6|5|19,69;19,71;20,71;57,70;62,50;62,51;63,50;63,51;63,70;64,51;65,74
beach_asc_48_iw3:2019-03-16|beach_asc_48_iw3|beach_asc_48_iw3|2019-03-16|ASCENDING|80|80|1936705.375|7452.8369140625|1936705.375|592668.4375|3433.41259765625|-1760.871826171875|38761808.0|40|63|16|16|6|15,29;18,33;18,34;19,34;19,36;20,27;20,29;20,36;21,29;25,30;25,31;35,38;35,39;36,38;36,39;54,20;54,21;56,37;56,38;56,39;57,37;57,38;57,39;58,50;58,51;62,15;62,16;62,19;62,33;62,34;62,35;62,39;63,13;63,15;63,16;63,19;63,34;63,35;63,39;68,41
cte_asc_48_iw3:2019-03-16|cte_asc_48_iw3|cte_asc_48_iw3|2019-03-16|ASCENDING|80|80|1867494.125|12345.908203125|1867494.125|562255.875|5428.5869140625|-5510.62255859375|45570192.0|50|52|52|21|6|4,65;4,66;7,70;7,71;8,70;8,71;8,73;9,64;9,66;9,73;10,64;10,66;14,67;14,68;15,67;15,68;19,22;21,26;24,75;24,76;25,75;25,76;29,32;30,32;43,57;43,58;44,57;45,2;45,74;45,75;45,76;46,74;46,75;46,76;51,52;51,53;51,56;51,70;51,71;51,72;52,50;52,52;52,53;52,56;52,72;54,75;62,21;76,21;77,21;78,18
ctn_asc_48_iw3:2019-03-16|ctn_asc_48_iw3|ctn_asc_48_iw3|2019-03-16|ASCENDING|80|80|14106392.0|12685.603515625|14106392.0|5456953.0|1933.6748046875|-243.7440185546875|38736072.0|4|75|14|1|4|75,13;75,14;76,13;76,14
cts_asc_48_iw3:2019-03-16|cts_asc_48_iw3|cts_asc_48_iw3|2019-03-16|ASCENDING|80|80|2378291.5|11910.0888671875|2378291.5|741990.25|3538.4716796875|-1487.024658203125|33561336.0|30|59|51|14|5|14,69;15,69;15,71;16,62;16,71;21,66;26,20;28,24;31,73;31,74;32,73;32,74;36,30;50,56;52,73;52,74;53,72;53,73;53,74;58,50;58,51;58,52;58,54;58,55;58,69;58,70;59,48;59,50;59,51;59,70
beach_asc_48_iw3:2019-03-28|beach_asc_48_iw3|beach_asc_48_iw3|2019-03-28|ASCENDING|80|80|2362857.25|7581.357421875|2362857.25|714813.875|5877.642578125|6897.53125|38212788.0|35|67|15|17|6|0,23;2,0;19,28;22,33;22,34;23,33;23,34;23,35;24,26;24,35;33,35;39,37;39,38;40,37;40,38;50,2;51,2;58,43;59,43;60,43;60,44;61,34;61,36;61,37;66,14;66,15;66,34;66,38;67,12;67,14;67,15;67,19;68,12;68,38;69,38
cte_asc_48_iw3:2019-03-28|cte_asc_48_iw3|cte_asc_48_iw3|2019-03-28|ASCENDING|80|80|2276085.25|13516.6904296875|2276085.25|710596.1875|912.3539428710938|3036.5966796875|42393524.0|36|10|70|16|7|6,65;9,70;10,69;10,70;10,71;10,72;11,63;11,71;11,72;12,63;12,65;21,21;26,75;27,29;27,30;27,74;27,75;38,39;41,34;41,35;42,34;42,35;43,35;48,71;48,73;53,51;53,52;53,55;54,49;54,51;54,52;54,71;54,75;55,49;55,75;56,75
ctn_asc_48_iw3:2019-03-28|ctn_asc_48_iw3|ctn_asc_48_iw3|2019-03-28|ASCENDING|80|80|9034088.0|13936.470703125|9034088.0|4328611.5|-3216.07470703125|1344.399658203125|19294170.0|3|77|13|1|3|77,12;77,13;78,13
cts_asc_48_iw3:2019-03-28|cts_asc_48_iw3|cts_asc_48_iw3|2019-03-28|ASCENDING|80|80|2544446.0|12735.767578125|2544446.0|763572.5|2812.642578125|4402.50537109375|43080408.0|36|63|52|17|6|15,65;18,70;18,71;19,70;19,71;19,72;20,63;20,72;29,72;30,21;35,30;35,75;36,30;36,74;36,75;47,39;50,34;50,35;51,34;51,35;52,35;57,71;57,73;57,74;62,3;62,51;62,52;62,56;62,71;63,49;63,51;63,52;63,56;64,75;64,76;65,75
beach_asc_48_iw3:2019-04-09|beach_asc_48_iw3|beach_asc_48_iw3|2019-04-09|ASCENDING|80|80|5864460.5|10880.515625|5864460.5|1759362.0|-6298.89453125|2064.671875|31363800.0|11|64|19|5|4|2,1;21,35;21,36;63,13;64,13;64,18;64,19;65,13;65,19;66,13;77,54
cte_asc_48_iw3:2019-04-09|cte_asc_48_iw3|cte_asc_48_iw3|2019-04-09|ASCENDING|80|80|6208916.5|15780.740234375|6208916.5|2117494.25|1296.526611328125|5937.14404296875|27752842.0|8|52|50|3|4|8,72;51,49;51,50;51,55;51,56;52,49;52,50;52,56
ctn_asc_48_iw3:2019-04-09|ctn_asc_48_iw3|ctn_asc_48_iw3|2019-04-09|ASCENDING|80|80|14953578.0|16655.029296875|14953578.0|4720940.0|2480.67578125|4710.04296875|49015712.0|6|75|13|3|4|45,52;46,46;75,13;75,14;76,13;76,14
cts_asc_48_iw3:2019-04-09|cts_asc_48_iw3|cts_asc_48_iw3|2019-04-09|ASCENDING|80|80|6389848.5|16012.1005859375|6389848.5|1974740.25|1181.0684814453125|2590.95361328125|25496938.0|7|60|56|4|3|17,73;54,76;59,50;60,50;60,56;61,50;61,56
beach_asc_48_iw3:2019-04-21|beach_asc_48_iw3|beach_asc_48_iw3|2019-04-21|ASCENDING|80|80|2788650.5|7344.05078125|2788650.5|854972.6875|2013.764404296875|-92.7127685546875|16621805.0|14|63|15|6|6|15,28;20,35;36,37;36,38;62,14;62,15;62,34;63,12;63,14;63,15;63,16;63,34;64,12;64,15
cte_asc_48_iw3:2019-04-21|cte_asc_48_iw3|cte_asc_48_iw3|2019-04-21|ASCENDING|80|80|7149631.0|12452.267578125|7149631.0|2441124.75|-3723.873291015625|-4441.92919921875|12050052.0|3|79|17|1|3|79,16;79,17;79,18
ctn_asc_48_iw3:2019-04-21|ctn_asc_48_iw3|ctn_asc_48_iw3|2019-04-21|ASCENDING|80|80|13079706.0|12374.806640625|13079706.0|4088358.5|-3459.4287109375|-1708.7857666015625|45403888.0|6|75|13|2|5|73,13;75,12;75,13;76,12;76,13;76,14
cts_asc_48_iw3:2019-04-21|cts_asc_48_iw3|cts_asc_48_iw3|2019-04-21|ASCENDING|80|80|2587903.25|12184.3330078125|2587903.25|782115.6875|-40.62713623046875|1242.444580078125|19182266.0|18|59|52|10|5|1,63;11,65;16,72;32,74;32,75;33,75;43,40;51,57;58,52;58,71;59,49;59,51;59,52;59,53;59,71;60,49;60,52;66,8
beach_asc_48_iw3:2019-05-03|beach_asc_48_iw3|beach_asc_48_iw3|2019-05-03|ASCENDING|80|80|3926988.5|10404.494140625|3926988.5|1186679.125|-5016.56884765625|-6325.05224609375|34844740.0|18|63|13|9|4|45,38;46,3;47,3;55,19;57,37;61,39;62,13;62,19;62,20;62,39;63,13;63,15;63,16;63,19;63,20;64,13;75,54;75,55
cte_asc_48_iw3:2019-05-03|cte_asc_48_iw3|cte_asc_48_iw3|2019-05-03|ASCENDING|80|80|4323534.5|16768.05859375|4323534.5|1378454.875|-4909.44775390625|3098.803466796875|32665318.0|15|79|18|8|3|34,40;42,56;49,50;49,56;50,50;50,52;50,56;51,50;51,56;74,21;75,20;75,21;78,16;79,16;79,18
ctn_asc_48_iw3:2019-05-03|ctn_asc_48_iw3|ctn_asc_48_iw3|2019-05-03|ASCENDING|80|80|3823803.25|17140.98828125|3823803.25|1153562.25|-3266.156005859375|1016.685791015625|41233520.0|23|73|14|9|6|0,66;26,70;28,36;36,52;43,46;43,52;44,45;44,46;44,48;44,51;44,52;45,46;45,52;68,16;68,17;69,16;69,17;72,12;73,12;73,13;73,14;74,13;74,14
cts_asc_48_iw3:2019-05-03|cts_asc_48_iw3|cts_asc_48_iw3|2019-05-03|ASCENDING|80|80|4026118.25|14599.951171875|4026118.25|1247675.125|-6948.0205078125|-1504.215087890625|29146250.0|15|57|50|7|4|39,75;40,40;41,40;51,74;55,76;56,50;56,56;56,57;56,76;57,50;57,51;57,53;57,56;57,57;58,50
beach_asc_48_iw3:2019-05-15|beach_asc_48_iw3|beach_asc_48_iw3|2019-05-15|ASCENDING|80|80|2315670.25|7529.931640625|2315670.25|709184.375|1591.968505859375|9366.3974609375|29338938.0|29|65|15|13|6|17,28;21,33;21,34;21,35;22,26;22,34;22,35;23,26;23,33;37,37;38,36;38,37;46,20;49,2;51,39;56,20;59,36;64,15;64,18;64,19;64,34;65,12;65,14;65,15;65,18;65,19;66,12;66,14;66,15
cte_asc_48_iw3:2019-05-15|cte_asc_48_iw3|cte_asc_48_iw3|2019-05-15|ASCENDING|80|80|1449221.25|13553.181640625|1449221.25|436270.65625|1706.328125|15527.6865234375|49448432.0|70|53|51|28|8|4,65;5,65;5,66;8,70;8,72;9,62;9,63;9,65;9,71;9,72;10,62;10,63;10,65;10,70;10,71;10,72;11,70;15,66;15,67;18,68;20,20;23,64;25,29;25,73;25,74;26,73;26,74;33,32;33,57;34,57;36,39;37,39;38,75;38,76;39,75;39,76;42,35;43,60;44,56;44,57;45,1;46,1;46,74;46,75;47,73;51,2;51,74;52,47;52,49;52,51;52,52;52,55;52,56;52,71;52,74;52,75;53,49;53,51;53,52;53,55;53,56;53,75;54,51;54,52;78,16;78,17;79,16;79,17;79,19;79,20
ctn_asc_48_iw3:2019-05-15|ctn_asc_48_iw3|ctn_asc_48_iw3|2019-05-15|ASCENDING|80|80|10007496.0|13542.599609375|10007496.0|5606884.0|4297.888671875|2876.15576171875|49318948.0|6|78|15|2|4|75,14;75,15;77,14;77,15;78,14;78,15
cts_asc_48_iw3:2019-05-15|cts_asc_48_iw3|cts_asc_48_iw3|2019-05-15|ASCENDING|80|80|2161951.75|12971.0234375|2161951.75|650906.5|4216.60888671875|9577.4267578125|35192796.0|39|61|52|19|5|13,65;17,70;17,72;18,63;18,71;18,72;19,63;19,70;24,67;34,29;34,73;34,74;34,75;35,74;42,57;45,39;47,76;52,57;53,57;54,1;55,1;55,2;55,71;55,73;55,75;60,2;60,3;60,52;60,55;60,56;60,71;61,49;61,51;61,52;61,55;61,56;62,49;62,51;62,52
beach_asc_48_iw3:2019-05-27|beach_asc_48_iw3|beach_asc_48_iw3|2019-05-27|ASCENDING|80|80|2291366.0|7072.83984375|2291366.0|701366.0|5410.9697265625|-5841.55126953125|32316238.0|30|65|14|14|4|3,0;21,34;21,35;22,26;22,35;23,33;27,28;27,29;27,30;37,37;38,36;38,37;56,19;56,20;58,33;58,37;58,38;59,33;59,36;59,37;64,14;64,15;64,18;64,33;64,34;65,12;65,14;65,15;65,18;67,37
cte_asc_48_iw3:2019-05-27|cte_asc_48_iw3|cte_asc_48_iw3|2019-05-27|ASCENDING|80|80|2387162.25|12300.9697265625|2387162.25|763249.0|3354.243896484375|-8012.0634765625|28382462.0|26|54|51|14|4|10,71;11,62;11,71;11,72;16,65;16,66;26,74;27,73;27,74;45,56;47,70;47,74;48,70;48,73;48,74;52,2;53,2;53,46;53,51;53,52;53,55;53,70;54,48;54,51;54,52;56,74
ctn_asc_48_iw3:2019-05-27|ctn_asc_48_iw3|ctn_asc_48_iw3|2019-05-27|ASCENDING|80|80|7341226.0|12773.923828125|7341226.0|2460391.75|485.54840087890625|-2227.6181640625|20698212.0|5|77|14|1|5|77,13;77,14;77,15;78,14;78,15
cts_asc_48_iw3:2019-05-27|cts_asc_48_iw3|cts_asc_48_iw3|2019-05-27|ASCENDING|80|80|2333214.75|12185.73046875|2333214.75|719127.6875|4343.73828125|-7753.392578125|34589400.0|32|61|51|15|4|17,71;17,72;18,63;18,72;19,70;23,65;23,66;23,67;33,74;34,73;34,74;52,56;52,57;54,70;54,74;54,75;55,70;55,73;55,74;59,2;60,2;60,46;60,51;60,52;60,55;60,70;60,71;61,49;61,51;61,52;61,55;63,74
beach_asc_48_iw3:2019-06-08|beach_asc_48_iw3|beach_asc_48_iw3|2019-06-08|ASCENDING|80|80|2454344.0|10730.6328125|2454344.0|742266.0625|6141.05224609375|-3604.6181640625|43414156.0|39|65|19|19|6|1,0;4,1;9,13;10,13;18,29;22,35;22,36;23,26;23,35;28,30;40,38;43,55;46,20;47,37;48,37;49,2;49,3;58,19;59,38;59,39;60,37;60,38;64,18;64,19;65,12;65,13;65,15;65,18;65,19;66,12;66,13;66,15;66,18;66,19;67,38;67,39;68,38;68,39;77,54
cte_asc_48_iw3:2019-06-08|cte_asc_48_iw3|cte_asc_48_iw3|2019-06-08|ASCENDING|80|80|3721488.5|13753.9404296875|3721488.5|1184769.0|8781.2822265625|1013.984375|28005518.0|16|55|56|8|4|11,72;12,72;27,30;28,30;39,39;39,40;48,75;49,2;49,75;54,55;54,56;55,52;55,55;55,56;57,75;58,75
ctn_asc_48_iw3:2019-06-08|ctn_asc_48_iw3|ctn_asc_48_iw3|2019-06-08|ASCENDING|80|80|16068722.0|13796.533203125|16068722.0|5942860.5|-8079.2529296875|-3639.05224609375|28575174.0|3|79|13|1|3|79,12;79,13;79,14
cts_asc_48_iw3:2019-06-08|cts_asc_48_iw3|cts_asc_48_iw3|2019-06-08|ASCENDING|80|80|3318078.5|16417.6328125|3318078.5|1033318.5625|6621.29931640625|2178.68505859375|28553702.0|20|62|56|10|4|0,38;6,50;18,72;19,72;34,30;35,30;45,40;46,40;55,2;55,75;55,76;56,2;56,75;56,76;61,56;62,52;62,55;62,56;63,56;63,75
beach_asc_48_iw3:2019-06-20|beach_asc_48_iw3|beach_asc_48_iw3|2019-06-20|ASCENDING|80|80|1636035.25|9240.880859375|1636035.25|490872.21875|1797.302978515625|-13213.9697265625|42616356.0|55|62|20|23|6|14,30;17,28;17,34;18,33;18,34;18,36;19,27;19,29;19,30;19,36;19,37;20,27;20,29;20,30;20,34;24,30;24,31;25,30;25,31;34,38;34,39;35,38;35,39;36,38;36,39;38,38;38,39;39,55;39,56;48,40;49,40;53,21;53,24;55,39;56,35;56,38;56,39;61,19;61,20;62,13;62,15;62,16;62,19;62,20;62,23;62,24;62,34;62,35;63,13;63,15;63,16;63,19;63,20;68,41;77,0
cte_asc_48_iw3:2019-06-20|cte_asc_48_iw3|cte_asc_48_iw3|2019-06-20|ASCENDING|80|80|2739686.5|11876.3525390625|2739686.5|829449.6875|-4346.9677734375|-7739.134765625|25222634.0|21|51|56|12|3|7,71;7,73;8,73;9,64;9,66;24,75;24,76;25,76;45,75;45,76;51,50;51,52;51,53;51,56;51,57;51,60;51,72;52,50;52,52;52,56;65,37
ctn_asc_48_iw3:2019-06-20|ctn_asc_48_iw3|ctn_asc_48_iw3|2019-06-20|ASCENDING|80|80|13531366.0|11939.705078125|13531366.0|5852647.5|-1828.700439453125|-481.4833984375|40632272.0|4|75|14|1|4|75,13;75,14;76,13;76,14
cts_asc_48_iw3:2019-06-20|cts_asc_48_iw3|cts_asc_48_iw3|2019-06-20|ASCENDING|80|80|2817030.25|13162.16796875|2817030.25|864272.875|-1461.636962890625|-7539.0712890625|19491146.0|15|58|55|8|4|14,69;14,71;15,71;15,72;16,65;31,74;32,74;52,74;57,55;58,51;58,54;58,55;58,70;59,51;59,55
beach_asc_48_iw3:2019-07-02|beach_asc_48_iw3|beach_asc_48_iw3|2019-07-02|ASCENDING|80|80|1914256.0|7924.6064453125|1914256.0|580468.125|-6065.720703125|-657.323486328125|38776284.0|41|64|36|14|6|19,33;20,33;20,35;21,35;22,26;22,35;22,36;23,31;26,29;26,30;27,29;27,30;36,37;36,38;37,36;37,37;37,38;38,38;41,54;41,55;50,39;57,37;57,38;58,37;58,38;63,14;63,36;64,12;64,14;64,15;64,18;64,19;64,33;64,34;64,35;64,36;65,12;65,14;65,15;65,36;65,38
cte_asc_48_iw3:2019-07-02|cte_asc_48_iw3|cte_asc_48_iw3|2019-07-02|ASCENDING|80|80|2074687.5|12033.4716796875|2074687.5|630125.5625|-11053.3330078125|3966.010986328125|46898228.0|45|51|51|17|7|7,69;7,70;7,72;8,71;8,72;9,63;9,72;10,68;14,66;14,67;24,73;24,74;24,75;25,74;25,75;29,31;38,75;38,76;45,73;45,74;45,75;46,70;46,73;46,74;46,75;50,2;50,3;51,49;51,51;51,52;51,55;51,56;51,59;51,70;51,72;51,73;52,49;52,51;52,52;52,72;52,73;53,74;53,75;54,75;76,20
ctn_asc_48_iw3:2019-07-02|ctn_asc_48_iw3|ctn_asc_48_iw3|2019-07-02|ASCENDING|80|80|13198698.0|11670.3623046875|13198698.0|10330844.0|-1070.959228515625|-916.9295654296875|45841272.0|4|75|14|1|4|75,14;75,15;76,14;76,15
cts_asc_48_iw3:2019-07-02|cts_asc_48_iw3|cts_asc_48_iw3|2019-07-02|ASCENDING|80|80|2170419.5|12595.7978515625|2170419.5|655594.75|-5175.32470703125|-879.0008544921875|37427572.0|35|58|73|13|6|13,70;14,70;14,72;15,72;16,63;16,73;17,68;20,66;21,66;21,67;31,73;31,74;31,75;32,75;51,75;52,74;52,75;53,74;57,73;58,47;58,49;58,51;58,52;58,55;58,56;58,70;58,71;58,72;58,73;59,49;59,51;59,52;59,73;60,75;61,75
beach_asc_48_iw3:2019-07-14|beach_asc_48_iw3|beach_asc_48_iw3|2019-07-14|ASCENDING|80|80|1918019.125|8003.6259765625|1918019.125|576356.5625|9740.466796875|-4610.78515625|32982462.0|36|65|15|18|6|0,0;1,0;9,13;18,29;21,33;21,35;22,35;23,26;23,27;23,36;28,30;38,36;38,37;38,38;39,37;39,38;51,38;57,20;59,34;59,37;59,38;60,37;64,15;64,19;64,34;65,12;65,14;65,15;65,16;65,19;65,23;65,34;66,12;66,14;66,15;77,54
cte_asc_48_iw3:2019-07-14|cte_asc_48_iw3|cte_asc_48_iw3|2019-07-14|ASCENDING|80|80|2105468.0|12051.90234375|2105468.0|637588.3125|13213.7802734375|1049.945556640625|36060004.0|37|53|52|19|7|5,65;8,70;9,70;9,72;10,63;10,72;11,63;25,74;25,75;26,73;26,74;26,75;31,31;39,75;42,35;44,57;44,60;46,75;47,2;47,74;47,75;52,3;52,51;52,52;52,56;52,71;53,49;53,51;53,52;53,53;53,55;53,56;53,60;53,71;54,51;54,52;78,17
ctn_asc_48_iw3:2019-07-14|ctn_asc_48_iw3|ctn_asc_48_iw3|2019-07-14|ASCENDING|80|80|11342442.0|11985.453125|11342442.0|5710906.0|1558.731201171875|2184.332275390625|27784904.0|3|77|13|1|3|77,12;77,13;78,13
cts_asc_48_iw3:2019-07-14|cts_asc_48_iw3|cts_asc_48_iw3|2019-07-14|ASCENDING|80|80|1522612.875|12992.76953125|1522612.875|457320.84375|18775.056640625|26.30828857421875|48736120.0|66|61|52|24|7|5,50;14,65;14,66;17,70;17,71;18,70;18,72;18,73;19,63;19,64;19,66;19,73;20,64;20,65;20,68;20,71;24,66;24,67;24,68;31,23;31,24;34,73;34,74;34,75;34,76;35,74;35,75;35,76;39,31;39,32;47,75;48,34;48,76;49,34;50,35;51,35;51,36;52,60;53,57;55,1;55,2;55,68;55,71;55,74;55,75;56,73;56,74;56,75;60,2;60,3;60,56;60,71;61,49;61,51;61,52;61,53;61,56;61,60;61,71;62,49;62,51;62,52;62,53;62,56;62,71;63,52
beach_asc_48_iw3:2019-07-26|beach_asc_48_iw3|beach_asc_48_iw3|2019-07-26|ASCENDING|80|80|2621167.0|7504.783203125|2621167.0|810964.5625|1752.952880859375|-5872.35400390625|32952348.0|28|73|15|13|4|8,0;9,0;25,28;28,33;28,34;29,33;30,26;31,26;46,37;46,38;47,37;47,38;49,37;57,2;67,33;67,34;67,37;67,38;72,34;73,12;73,14;73,15;73,33;73,34;74,14;74,15;75,38;76,38
cte_asc_48_iw3:2019-07-26|cte_asc_48_iw3|cte_asc_48_iw3|2019-07-26|ASCENDING|80|80|1844846.75|13062.107421875|1844846.75|562354.0|1775.082763671875|-4418.8974609375|45482168.0|54|63|52|22|8|0,53;15,65;15,66;18,70;18,71;19,70;19,72;20,63;21,70;30,20;33,65;35,74;35,75;36,74;36,75;37,74;37,75;38,74;39,74;46,39;46,40;47,39;49,75;49,76;50,78;52,34;52,35;54,57;56,70;56,71;56,74;56,75;57,70;57,71;57,73;61,3;62,49;62,51;62,52;62,56;62,71;63,49;63,51;63,52;63,55;63,70;63,71;64,51;64,52;64,75;65,74;65,75;65,76;79,73
ctn_asc_48_iw3:2019-07-26|ctn_asc_48_iw3|ctn_asc_48_iw3|2019-07-26|ASCENDING|80|80|2007574.5|12422.150390625|2007574.5|608634.625|3334.3154296875|-3824.524658203125|39770936.0|43|57|47|20|6|9,61;12,66;13,65;13,66;13,68;14,59;15,66;24,16;29,70;30,70;30,71;31,70;32,70;33,70;40,35;41,35;43,71;43,72;44,74;46,30;48,53;50,66;50,70;50,71;51,66;51,67;51,69;56,45;56,47;56,48;56,51;56,67;57,45;57,47;57,48;57,51;57,66;57,67;58,47;58,48;59,70;59,71;73,69
cts_asc_48_iw3:2019-07-26|cts_asc_48_iw3|cts_asc_48_iw3|2019-07-26|ASCENDING|80|80|2176998.25|13392.7421875|2176998.25|687578.3125|2066.128662109375|-6943.802734375|43964488.0|43|69|52|17|5|4,36;4,37;5,28;5,36;5,37;21,65;21,66;22,65;22,66;24,71;25,70;25,71;26,63;26,72;27,63;42,74;42,75;43,74;43,75;45,74;53,39;53,40;56,76;58,35;59,35;63,70;63,71;63,74;63,75;64,71;67,3;68,3;68,71;69,49;69,51;69,52;69,53;69,71;70,51;70,52;71,75;72,75;72,76
beach_asc_48_iw3:2019-08-07|beach_asc_48_iw3|beach_asc_48_iw3|2019-08-07|ASCENDING|80|80|2335866.0|9105.73046875|2335866.0|700957.0|-3579.467529296875|7149.17919921875|26116690.0|25|59|15|10|5|10,28;10,29;11,29;13,25;15,26;15,27;16,26;16,27;17,34;31,37;31,38;41,3;42,2;42,3;58,14;58,15;58,16;58,19;59,14;59,15;60,38;61,38;61,39;78,48;79,48
cte_asc_48_iw3:2019-08-07|cte_asc_48_iw3|cte_asc_48_iw3|2019-08-07|ASCENDING|80|80|9337912.0|13135.98828125|9337912.0|6055132.0|1613.21728515625|52.902099609375|30414400.0|4|77|17|1|4|77,17;77,18;78,17;78,18
ctn_asc_48_iw3:2019-08-07|ctn_asc_48_iw3|ctn_asc_48_iw3|2019-08-07|ASCENDING|80|80|10381298.0|13392.451171875|10381298.0|4191099.0|1517.9366455078125|-441.4610595703125|27844396.0|4|71|13|1|4|71,13;71,14;72,13;72,14
cts_asc_48_iw3:2019-08-07|cts_asc_48_iw3|cts_asc_48_iw3|2019-08-07|ASCENDING|80|80|2590316.5|12780.58984375|2590316.5|792548.625|-3709.951171875|6601.3466796875|24405800.0|22|55|52|12|6|6,66;7,66;9,62;11,64;12,63;12,64;13,71;27,75;38,34;38,40;44,35;48,2;54,51;54,52;54,53;54,56;55,51;55,52;55,53;56,75;57,75;57,76
beach_asc_48_iw3:2019-08-19|beach_asc_48_iw3|beach_asc_48_iw3|2019-08-19|ASCENDING|80|80|2518115.75|7968.4248046875|2518115.75|761331.6875|-4139.47314453125|-4886.5126953125|30609314.0|23|65|14|10|4|20,33;21,26;21,33;21,35;22,26;35,27;37,37;38,37;38,38;58,34;59,33;59,34;59,36;64,14;64,15;64,33;64,34;65,14;65,15;65,34;66,37;67,37;67,38
cte_asc_48_iw3:2019-08-19|cte_asc_48_iw3|cte_asc_48_iw3|2019-08-19|ASCENDING|80|80|3111960.5|11820.84375|3111960.5|937334.1875|-5550.79541015625|-1310.42041015625|27034050.0|17|54|51|9|4|9,70;10,70;11,63;26,74;27,74;48,70;48,73;52,2;53,51;53,52;53,70;53,71;54,51;54,52;55,74;56,74;56,75
ctn_asc_48_iw3:2019-08-19|ctn_asc_48_iw3|ctn_asc_48_iw3|2019-08-19|ASCENDING|80|80|10229517.0|12217.18359375|10229517.0|3253438.25|1332.0501708984375|-2266.951171875|42340392.0|5|77|14|2|4|48,49;77,14;77,15;78,14;78,15
cts_asc_48_iw3:2019-08-19|cts_asc_48_iw3|cts_asc_48_iw3|2019-08-19|ASCENDING|80|80|2564917.5|12013.048828125|2564917.5|795703.625|-4726.140625|-3690.0751953125|33027452.0|24|61|52|10|5|16,70;17,63;17,70;17,72;18,63;28,21;33,74;34,74;34,75;54,71;55,70;55,71;55,73;60,51;60,52;60,53;60,70;60,71;61,51;61,52;61,71;62,74;63,74;63,75
beach_asc_48_iw3:2019-08-31|beach_asc_48_iw3|beach_asc_48_iw3|2019-08-31|ASCENDING|80|80|2157153.5|7893.6953125|2157153.5|652680.1875|4364.37060546875|-2651.927734375|34734792.0|30|59|38|12|4|21,33;22,32;22,33;22,35;23,26;23,35;24,26;28,29;28,30;38,37;38,38;39,37;39,38;49,2;52,38;59,33;59,34;59,37;59,38;60,33;60,34;60,37;60,38;65,14;65,15;65,18;66,12;66,14;66,15;66,18
cte_asc_48_iw3:2019-08-31|cte_asc_48_iw3|cte_asc_48_iw3|2019-08-31|ASCENDING|80|80|2589988.0|11263.244140625|2589988.0|795306.8125|5041.94384765625|-393.30828857421875|32909068.0|26|47|70|13|5|8,70;9,69;9,70;10,63;10,72;11,63;16,66;16,67;26,74;26,75;37,39;46,74;46,75;47,70;47,71;47,74;47,75;48,70;48,74;53,51;53,52;53,55;53,71;54,51;56,75;60,40
ctn_asc_48_iw3:2019-08-31|ctn_asc_48_iw3|ctn_asc_48_iw3|2019-08-31|ASCENDING|80|80|9817666.0|11688.068359375|9817666.0|7826626.5|1297.3232421875|-1167.116943359375|35022256.0|4|78|15|1|4|77,14;77,15;78,14;78,15
cts_asc_48_iw3:2019-08-31|cts_asc_48_iw3|cts_asc_48_iw3|2019-08-31|ASCENDING|80|80|1911458.125|12179.533203125|1911458.125|585491.0|7033.51416015625|-3345.765380859375|42881748.0|44|16|70|18|5|15,70;16,69;16,70;16,72;17,63;17,72;18,63;22,66;22,67;23,66;23,67;28,21;32,74;32,75;33,74;33,75;34,75;43,39;44,39;46,34;46,75;46,76;51,60;53,70;53,71;53,74;53,75;54,70;54,71;54,74;54,75;55,70;59,51;59,52;59,55;60,49;60,51;60,52;60,55;60,56;60,71;61,52;65,77;67,41
beach_asc_48_iw3:2019-09-06|beach_asc_48_iw3|beach_asc_48_iw3|2019-09-06|ASCENDING|80|80|1948709.375|7299.23046875|1948709.375|585900.0|-2381.74951171875|-4762.6064453125|32129100.0|35|64|14|17|5|6,26;16,28;19,24;19,25;20,33;20,35;21,26;21,35;22,26;22,27;22,28;22,35;23,28;36,15;37,37;37,38;38,37;38,38;40,37;51,41;55,20;58,43;63,10;63,14;63,15;64,10;64,12;64,14;64,15;64,34;65,12;65,14;65,38;66,38;67,38
cte_asc_48_iw3:2019-09-06|cte_asc_48_iw3|cte_asc_48_iw3|2019-09-06|ASCENDING|80|80|2643015.5|10931.447265625|2643015.5|832585.9375|-4772.6201171875|-1289.963623046875|26378440.0|23|53|51|11|4|9,70;10,71;10,72;11,63;11,65;11,72;12,65;23,24;26,74;27,74;27,75;52,2;53,47;53,49;53,51;53,52;54,49;54,51;55,75;56,75;78,20;79,19;79,20
ctn_asc_48_iw3:2019-09-06|ctn_asc_48_iw3|ctn_asc_48_iw3|2019-09-06|ASCENDING|80|80|9058620.0|10619.1806640625|9058620.0|2755595.5|3219.44384765625|-2458.80615234375|33045172.0|5|78|13|2|4|47,47;77,12;77,13;78,12;78,13
cts_asc_48_iw3:2019-09-06|cts_asc_48_iw3|cts_asc_48_iw3|2019-09-06|ASCENDING|80|80|2026894.75|11836.5634765625|2026894.75|619298.5|-2571.645263671875|-6634.63916015625|33123872.0|35|60|51|16|6|2,63;12,65;15,62;16,70;16,72;17,63;17,72;18,63;18,64;18,65;18,72;19,65;29,23;30,24;30,25;32,52;33,74;33,75;34,74;34,75;47,78;51,57;59,47;59,51;59,52;60,47;60,49;60,51;60,52;60,71;61,49;61,51;61,52;62,75;63,75
beach_asc_48_iw3:2019-09-12|beach_asc_48_iw3|beach_asc_48_iw3|2019-09-12|ASCENDING|80|80|1963021.0|7539.333984375|1963021.0|594276.9375|-8060.8994140625|9105.2734375|35677796.0|38|64|18|17|6|17,28;17,29;22,26;23,26;37,37;38,37;38,38;39,38;41,37;49,2;56,20;56,23;57,19;58,37;58,38;59,33;59,36;59,37;59,38;60,36;62,39;63,39;64,10;64,14;64,15;64,18;64,19;64,34;65,12;65,14;65,15;65,18;65,19;66,12;67,37;67,38;77,53;77,54
cte_asc_48_iw3:2019-09-12|cte_asc_48_iw3|cte_asc_48_iw3|2019-09-12|ASCENDING|80|80|1641115.125|12898.9775390625|1641115.125|495968.5|-4222.3505859375|5352.71337890625|36893372.0|50|27|76|23|6|6,67;7,67;7,68;11,64;11,65;11,73;12,64;12,65;12,67;17,68;21,64;22,22;23,25;24,24;24,25;24,26;26,76;27,31;27,74;27,75;27,76;28,76;28,77;30,76;31,76;36,72;38,41;41,77;43,37;44,37;48,72;48,75;48,76;48,77;49,75;49,76;52,4;52,77;52,78;53,4;53,53;53,54;53,57;54,51;54,53;54,57;55,51;55,53;55,57;58,77
ctn_asc_48_iw3:2019-09-12|ctn_asc_48_iw3|ctn_asc_48_iw3|2019-09-12|ASCENDING|80|80|6217045.5|13080.912109375|6217045.5|3505024.25|1477.4864501953125|230.321044921875|19184172.0|4|77|14|1|4|77,14;77,15;78,14;78,15
cts_asc_48_iw3:2019-09-12|cts_asc_48_iw3|cts_asc_48_iw3|2019-09-12|ASCENDING|80|80|1832476.75|12025.765625|1832476.75|554174.3125|-846.7293090820312|7334.13818359375|43784156.0|51|60|55|22|6|13,65;13,66;14,66;17,72;18,63;18,72;19,63;30,23;31,23;31,24;33,74;34,74;34,75;35,75;37,74;45,39;48,34;50,35;51,35;52,57;52,60;53,56;54,1;54,75;55,70;55,71;55,73;55,74;55,75;56,73;56,74;58,76;59,2;59,3;59,76;60,2;60,3;60,47;60,51;60,52;60,55;60,56;60,71;61,49;61,51;61,52;61,55;61,56;62,49;63,74;63,75
beach_asc_48_iw3:2019-09-24|beach_asc_48_iw3|beach_asc_48_iw3|2019-09-24|ASCENDING|80|80|1704724.875|7783.61181640625|1704724.875|522336.0625|-1342.7607421875|2742.463134765625|32640014.0|43|65|15|23|7|1,0;21,25;21,33;22,35;22,36;23,26;23,27;23,29;23,35;23,36;28,30;29,3;38,37;38,38;39,36;39,37;39,38;40,37;40,38;43,55;52,39;53,41;56,23;57,20;59,43;59,44;60,37;64,15;65,12;65,14;65,15;65,23;65,24;65,34;65,36;65,37;66,12;66,14;66,15;67,38;67,39;68,38;77,54
cte_asc_48_iw3:2019-09-24|cte_asc_48_iw3|cte_asc_48_iw3|2019-09-24|ASCENDING|80|80|1986616.625|11741.86328125|1986616.625|606613.875|-2819.2314453125|1500.51611328125|30771610.0|33|57|75|19|5|11,70;11,72;12,72;13,63;13,64;21,69;25,23;28,73;28,74;28,75;29,74;29,75;46,57;46,60;49,1;49,2;49,71;50,74;54,3;54,51;54,52;55,47;55,49;55,51;55,52;55,60;55,71;55,73;55,74;56,49;56,52;57,75;58,75
ctn_asc_48_iw3:2019-09-24|ctn_asc_48_iw3|ctn_asc_48_iw3|2019-09-24|ASCENDING|80|80|9805670.0|11500.908203125|9805670.0|3600150.0|-4364.3837890625|2498.1484375|13405820.0|2|79|13|1|2|79,13;79,14
cts_asc_48_iw3:2019-09-24|cts_asc_48_iw3|cts_asc_48_iw3|2019-09-24|ASCENDING|80|80|1601904.625|13131.541015625|1601904.625|481624.71875|-7690.73193359375|3477.90673828125|37435656.0|52|35|75|20|8|0,38;2,35;3,35;17,62;17,71;18,62;18,72;18,73;19,64;19,66;19,72;19,73;20,64;20,66;20,71;20,73;21,71;24,67;25,40;28,69;31,23;31,24;34,74;34,75;35,73;35,74;35,75;36,74;36,75;48,76;53,57;56,2;56,74;60,3;61,3;61,52;61,53;61,61;61,74;62,49;62,50;62,51;62,52;62,71;62,72;62,74;63,52;63,75;63,76;64,75;64,76;65,75
beach_asc_48_iw3:2019-10-06|beach_asc_48_iw3|beach_asc_48_iw3|2019-10-06|ASCENDING|80|80|1846293.75|7973.2421875|1846293.75|559456.6875|3579.242431640625|8305.9345703125|32319402.0|38|67|15|18|5|3,0;20,28;23,33;23,34;24,33;24,35;25,26;25,27;25,29;26,34;30,31;40,37;40,38;41,37;41,38;42,38;45,55;51,2;51,3;52,2;52,3;54,39;54,41;55,39;55,41;59,20;66,15;67,10;67,14;67,15;67,16;67,19;67,34;67,37;67,38;68,15;68,19;68,37
cte_asc_48_iw3:2019-10-06|cte_asc_48_iw3|cte_asc_48_iw3|2019-10-06|ASCENDING|80|80|2176601.25|11963.865234375|2176601.25|673519.375|-275.1894226074219|635.2247314453125|28187552.0|26|57|52|14|5|9,65;12,71;13,70;15,63;30,74;30,75;31,74;31,75;41,39;44,75;44,76;44,78;51,1;51,2;56,3;56,52;57,47;57,51;57,52;57,55;57,56;57,71;57,74;57,75;58,51;58,52
ctn_asc_48_iw3:2019-10-06|ctn_asc_48_iw3|ctn_asc_48_iw3|2019-10-06|ASCENDING|80|80|2040883.625|11725.3671875|2040883.625|621851.625|2351.00390625|1876.5233154296875|30791330.0|29|51|48|19|5|3,61;7,66;8,68;9,59;9,61;21,19;24,69;24,70;24,71;25,70;25,71;35,35;38,71;38,72;38,74;43,52;50,48;51,43;51,45;51,47;51,48;51,51;51,52;51,67;51,70;52,47;52,48;77,16;79,74
cts_asc_48_iw3:2019-10-06|cts_asc_48_iw3|cts_asc_48_iw3|2019-10-06|ASCENDING|80|80|2035979.875|13580.765625|2035979.875|616776.3125|-74.69929504394531|8192.8759765625|27691280.0|30|37|75|17|5|0,28;16,65;19,71;20,70;20,71;21,64;21,66;22,64;26,68;33,24;36,74;36,75;37,30;37,74;37,75;38,75;48,40;50,76;51,76;51,78;55,57;63,52;63,53;64,51;64,52;64,56;64,71;64,74;64,75;65,52
beach_asc_48_iw3:2019-10-18|beach_asc_48_iw3|beach_asc_48_iw3|2019-10-18|ASCENDING|80|80|1782946.625|7037.52734375|1782946.625|535619.375|-6203.54345703125|-13752.8076171875|42795692.0|47|22|33|22|5|22,32;22,33;23,32;23,33;23,35;24,26;24,28;24,35;25,26;25,28;25,33;29,28;29,29;29,30;29,31;40,38;44,54;50,14;58,20;58,23;59,19;60,37;60,38;61,34;61,36;61,37;61,38;66,10;66,14;66,15;66,18;66,19;66,22;66,34;67,10;67,12;67,14;67,15;67,16;67,18;67,19;67,34;68,12;68,38;69,38;72,40;79,54
cte_asc_48_iw3:2019-10-18|cte_asc_48_iw3|cte_asc_48_iw3|2019-10-18|ASCENDING|80|80|1845871.125|12881.24609375|1845871.125|554022.25|-5392.02294921875|-10634.9453125|37956308.0|46|50|74|19|8|11,69;11,70;12,69;12,70;12,72;13,63;13,69;13,71;13,72;14,62;14,63;14,65;18,67;19,65;19,66;19,67;25,21;29,74;40,51;48,56;50,70;50,73;50,74;50,75;51,73;51,74;51,75;54,2;55,2;55,52;55,55;55,59;55,71;56,51;56,52;56,55;56,59;56,71;56,73;57,51;57,52;57,55;57,75;58,75;69,31;70,29
ctn_asc_48_iw3:2019-10-18|ctn_asc_48_iw3|ctn_asc_48_iw3|2019-10-18|ASCENDING|80|80|9203913.0|13349.8203125|9203913.0|6846201.5|-447.2550354003906|5611.9658203125|16050116.0|2|79|14|1|2|79,14;79,15
cts_asc_48_iw3:2019-10-18|cts_asc_48_iw3|cts_asc_48_iw3|2019-10-18|ASCENDING|80|80|2000446.625|11878.025390625|2000446.625|613302.625|-7857.00390625|-12101.876953125|41116720.0|43|19|70|20|5|18,70;19,69;19,70;19,72;20,63;20,72;21,63;21,65;25,65;25,67;36,75;46,51;54,57;55,56;56,74;56,75;57,71;57,73;57,74;57,75;62,2;62,3;62,47;62,51;62,52;62,55;62,56;62,59;62,71;63,49;63,51;63,52;63,53;63,55;63,56;63,71;64,75;65,75;76,31;76,32;77,29;77,30;77,31
beach_asc_48_iw3:2019-10-30|beach_asc_48_iw3|beach_asc_48_iw3|2019-10-30|ASCENDING|80|80|2432177.75|7559.279296875|2432177.75|774419.6875|3338.12548828125|6478.99951171875|29713884.0|24|22|33|12|4|4,0;21,33;22,32;22,33;23,35;24,26;29,29;29,30;39,37;39,38;40,37;40,38;57,43;60,37;60,38;61,37;66,14;66,15;66,18;66,22;66,34;67,14;67,15;67,18
cte_asc_48_iw3:2019-10-30|cte_asc_48_iw3|cte_asc_48_iw3|2019-10-30|ASCENDING|80|80|2528624.75|11303.4091796875|2528624.75|762909.5|5120.40625|5531.25439453125|32340170.0|26|9|71|14|4|9,71;9,72;10,71;10,73;11,64;16,68;26,76;27,75;27,76;45,58;47,76;48,72;48,75;48,76;52,4;53,48;53,52;53,53;53,56;53,57;53,61;53,72;53,73;54,53;54,57;67,33
ctn_asc_48_iw3:2019-10-30|ctn_asc_48_iw3|ctn_asc_48_iw3|2019-10-30|ASCENDING|80|80|12647284.0|11484.8310546875|12647284.0|3918677.75|-3115.8515625|-592.5096435546875|38233592.0|5|77|14|1|5|77,13;77,14;77,15;78,14;78,15
cts_asc_48_iw3:2019-10-30|cts_asc_48_iw3|cts_asc_48_iw3|2019-10-30|ASCENDING|80|80|2561460.0|12127.3671875|2561460.0|770400.5|4032.2841796875|7436.185546875|33896188.0|28|62|55|13|5|17,70;18,69;18,70;19,69;19,72;20,63;25,66;25,67;35,74;35,75;36,74;36,75;56,1;56,74;56,75;57,73;57,74;57,75;62,51;62,52;62,55;62,59;62,71;63,49;63,51;63,52;63,55;76,31
beach_asc_48_iw3:2019-11-11|beach_asc_48_iw3|beach_asc_48_iw3|2019-11-11|ASCENDING|80|80|1861762.625|8446.701171875|1861762.625|562878.4375|4309.943359375|-128.52508544921875|41610048.0|45|21|33|19|7|21,24;21,32;21,33;22,32;22,33;22,34;22,35;23,26;23,35;24,33;25,33;28,30;31,31;38,36;38,37;38,38;39,36;39,37;40,36;42,37;43,54;49,14;52,37;52,38;57,19;59,33;59,37;59,38;60,33;60,36;60,37;60,38;65,11;65,12;65,14;65,15;65,18;65,33;65,34;66,12;66,14;66,18;66,33;66,34;70,34
cte_asc_48_iw3:2019-11-11|cte_asc_48_iw3|cte_asc_48_iw3|2019-11-11|ASCENDING|80|80|2527564.75|13091.837890625|2527564.75|759836.0|6978.880859375|-3836.212890625|33764352.0|29|11|71|17|3|10,71;11,71;11,73;12,73;13,64;28,31;28,75;28,76;29,75;43,36;47,58;48,76;49,72;49,75;49,76;54,4;54,72;55,48;55,50;55,52;55,53;55,56;55,57;55,72;55,73;56,53;58,76;60,78;61,78
ctn_asc_48_iw3:2019-11-11|ctn_asc_48_iw3|ctn_asc_48_iw3|2019-11-11|ASCENDING|80|80|10715893.0|12709.021484375|10715893.0|3690421.0|7166.39794921875|1367.8564453125|18865152.0|3|79|14|1|3|79,13;79,14;79,15
cts_asc_48_iw3:2019-11-11|cts_asc_48_iw3|cts_asc_48_iw3|2019-11-11|ASCENDING|80|80|1705967.0|14774.8515625|1705967.0|546098.5625|6355.69580078125|-511.61651611328125|50828852.0|58|62|55|24|10|0,37;17,61;17,69;17,70;18,69;18,70;18,71;18,72;19,63;19,71;19,72;20,63;20,70;21,70;24,67;27,68;31,23;34,29;34,73;34,74;35,29;35,73;35,74;36,73;38,74;40,30;45,51;46,39;48,33;48,74;48,75;49,34;50,34;53,56;54,56;55,70;55,74;55,75;56,70;56,73;56,74;56,75;61,49;61,51;61,52;61,55;61,71;62,49;62,51;62,52;62,55;62,70;62,71;63,51;66,71;67,76;68,76;68,77
beach_asc_48_iw3:2019-11-23|beach_asc_48_iw3|beach_asc_48_iw3|2019-11-23|ASCENDING|80|80|1769536.5|7193.3505859375|1769536.5|536761.5625|6201.4228515625|3512.73046875|35863228.0|41|63|15|20|6|18,25;18,27;18,33;18,34;19,33;19,35;20,26;20,27;20,36;21,34;25,30;25,31;28,32;35,37;35,38;36,37;36,38;39,37;39,38;49,39;54,20;56,38;57,34;57,37;57,38;57,39;62,10;62,14;62,15;62,16;62,18;62,19;62,23;62,34;63,14;63,15;63,16;63,18;63,19;64,38;68,40
cte_asc_48_iw3:2019-11-23|cte_asc_48_iw3|cte_asc_48_iw3|2019-11-23|ASCENDING|80|80|2882634.0|12576.7763671875|2882634.0|865426.5|6103.58447265625|-3430.90234375|23842968.0|18|46|0|10|3|7,70;8,70;8,72;9,72;25,74;43,57;45,75;46,0;46,1;46,75;47,0;51,51;51,52;51,55;51,56;51,71;52,52;77,20
ctn_asc_48_iw3:2019-11-23|ctn_asc_48_iw3|ctn_asc_48_iw3|2019-11-23|ASCENDING|80|80|14001175.0|12572.318359375|14001175.0|4687569.5|-661.4044189453125|-5677.42626953125|29840548.0|4|75|13|1|4|75,12;75,13;75,14;76,13
cts_asc_48_iw3:2019-11-23|cts_asc_48_iw3|cts_asc_48_iw3|2019-11-23|ASCENDING|80|80|2679462.75|12157.216796875|2679462.75|808961.875|5400.5439453125|-2143.579833984375|29560438.0|23|53|0|9|4|14,70;14,71;15,70;15,72;31,74;32,74;32,75;50,57;52,1;52,75;53,0;53,1;53,71;53,75;53,76;54,0;58,51;58,52;58,53;58,56;58,71;59,52;59,56
beach_asc_48_iw3:2019-12-05|beach_asc_48_iw3|beach_asc_48_iw3|2019-12-05|ASCENDING|80|80|2114043.5|7042.10791015625|2114043.5|638164.3125|1611.4659423828125|-11256.4873046875|36542232.0|37|69|15|17|7|4,0;24,33;24,34;25,35;25,36;26,27;26,29;26,36;31,31;41,37;41,38;41,39;42,37;42,38;45,38;52,15;60,20;62,38;62,39;63,38;63,39;68,11;68,13;68,14;68,15;68,16;68,19;68,23;68,24;68,35;68,37;69,13;69,15;69,16;69,19;72,35;72,36
cte_asc_48_iw3:2019-12-05|cte_asc_48_iw3|cte_asc_48_iw3|2019-12-05|ASCENDING|80|80|2179234.75|11811.15625|2179234.75|666718.0|-973.583984375|-14793.482421875|37118276.0|38|55|52|18|7|11,70;11,71;12,70;12,72;12,73;13,64;13,66;13,73;14,66;18,68;28,74;28,75;29,74;29,75;32,75;39,52;47,57;49,75;49,76;50,75;50,76;55,3;55,47;55,50;55,51;55,52;55,53;55,56;55,60;55,61;55,71;56,50;56,52;56,53;56,56;58,76;59,73;70,30
ctn_asc_48_iw3:2019-12-05|ctn_asc_48_iw3|ctn_asc_48_iw3|2019-12-05|ASCENDING|80|80|9581829.0|12062.1005859375|9581829.0|3575794.75|-3627.769775390625|-1896.97998046875|21029412.0|3|79|13|1|3|78,13;79,13;79,14
cts_asc_48_iw3:2019-12-05|cts_asc_48_iw3|cts_asc_48_iw3|2019-12-05|ASCENDING|80|80|1799370.125|11844.5625|1799370.125|543929.1875|1925.56640625|-13995.498046875|48219236.0|52|65|50|26|7|0,27;0,35;1,27;2,30;3,30;4,64;20,69;21,69;21,71;22,62;22,64;22,65;22,71;27,66;37,72;37,73;37,74;38,72;38,73;41,73;48,50;56,55;56,56;56,59;57,55;58,73;58,74;59,72;59,73;59,74;59,75;64,1;64,2;64,46;64,48;64,49;64,50;64,51;64,54;64,55;64,59;64,70;64,72;65,48;65,50;65,51;65,54;67,74;68,71;69,71;70,76;79,28
beach_asc_48_iw3:2019-12-17|beach_asc_48_iw3|beach_asc_48_iw3|2019-12-17|ASCENDING|80|80|1474280.625|7693.9853515625|1474280.625|445895.4375|-3873.783203125|9614.9677734375|37787724.0|54|22|34|21|8|21,32;21,33;22,32;22,34;22,35;23,25;23,26;23,28;23,34;27,29;27,30;28,28;28,29;28,30;29,28;29,29;38,35;38,36;38,37;39,36;39,37;42,36;43,54;49,13;49,14;52,37;52,38;57,18;57,19;57,22;59,33;59,36;59,37;60,36;60,37;65,9;65,11;65,13;65,14;65,15;65,18;65,22;65,33;66,11;66,12;66,13;66,14;66,18;66,22;66,33;67,37;68,35;70,39;71,38
cte_asc_48_iw3:2019-12-17|cte_asc_48_iw3|cte_asc_48_iw3|2019-12-17|ASCENDING|80|80|1988656.625|12141.90625|1988656.625|598134.75|-5173.92529296875|8589.109375|31579234.0|35|53|52|16|5|8,71;9,71;9,73;10,72;10,73;11,64;15,67;15,68;16,67;16,68;25,75;26,74;26,75;36,52;44,58;45,58;47,75;47,76;52,3;53,50;53,52;53,53;53,56;53,57;53,60;53,61;53,72;53,74;54,52;54,53;58,77;59,77;59,78;78,21;79,21
ctn_asc_48_iw3:2019-12-17|ctn_asc_48_iw3|ctn_asc_48_iw3|2019-12-17|ASCENDING|80|80|11226614.0|11951.138671875|11226614.0|6462057.0|-1303.0821533203125|144.625244140625|38884156.0|4|77|14|1|4|77,13;77,14;78,13;78,14
cts_asc_48_iw3:2019-12-17|cts_asc_48_iw3|cts_asc_48_iw3|2019-12-17|ASCENDING|80|80|2052307.75|12911.837890625|2052307.75|622555.0|-1856.163330078125|11508.8525390625|33645856.0|33|1|34|15|4|0,33;0,34;1,33;1,34;15,69;16,69;16,71;17,71;22,66;22,67;23,66;32,73;32,74;33,73;33,74;43,50;43,51;51,56;53,74;54,74;59,48;59,51;59,55;60,48;60,50;60,51;60,54;60,55;60,59;60,70;60,72;61,51;66,76
beach_asc_48_iw3:2019-12-29|beach_asc_48_iw3|beach_asc_48_iw3|2019-12-29|ASCENDING|80|80|2170797.25|8126.6787109375|2170797.25|657761.3125|2979.305419921875|2218.11865234375|45252024.0|41|67|18|18|6|9,25;11,12;11,13;22,24;22,32;22,33;23,32;23,33;24,25;24,26;25,25;25,26;25,33;39,36;39,37;40,36;40,37;40,38;41,37;44,54;50,2;51,2;58,20;60,38;61,33;61,37;61,38;66,14;66,15;66,18;66,22;66,33;66,34;67,14;67,15;67,18;67,22;67,33;67,34;72,39;79,53
cte_asc_48_iw3:2019-12-29|cte_asc_48_iw3|cte_asc_48_iw3|2019-12-29|ASCENDING|80|80|2477843.75|14340.849609375|2477843.75|757815.0625|636.5968017578125|7138.92236328125|24426748.0|21|10|71|9|4|10,71;11,64;11,71;12,64;27,75;27,76;28,75;28,76;38,40;38,41;48,76;49,76;53,4;53,72;54,53;54,56;54,57;54,72;55,53;55,56;55,57
ctn_asc_48_iw3:2019-12-29|ctn_asc_48_iw3|ctn_asc_48_iw3|2019-12-29|ASCENDING|80|80|4239031.5|14974.345703125|4239031.5|1329355.5|-1614.8604736328125|148.3529052734375|18513204.0|9|77|14|5|4|4,67;6,60;21,71;21,72;42,72;77,14;77,15;78,14;79,14
cts_asc_48_iw3:2019-12-29|cts_asc_48_iw3|cts_asc_48_iw3|2019-12-29|ASCENDING|80|80|2141445.25|13732.603515625|2141445.25|656756.8125|4422.974609375|-773.6942749023438|43263344.0|41|34|74|18|6|3,62;5,49;5,50;16,24;16,61;16,70;17,69;17,70;18,62;18,63;19,62;19,63;19,70;33,73;33,74;34,73;34,74;34,75;35,74;44,39;45,39;55,0;55,70;55,74;55,75;59,2;60,2;60,3;60,51;60,52;60,55;60,59;60,70;60,71;61,51;61,52;61,55;61,59;61,70;61,71;66,76
beach_asc_48_iw3:2020-01-10|beach_asc_48_iw3|beach_asc_48_iw3|2020-01-10|ASCENDING|80|80|2684277.0|7052.8232421875|2684277.0|811681.5625|2581.2333984375|-3535.3154296875|29354230.0|21|65|19|9|6|9,13;20,34;21,33;21,34;21,36;22,35;22,36;37,38;38,37;38,38;42,55;43,55;58,39;59,38;59,39;64,15;64,19;64,35;65,15;65,19;65,23
cte_asc_48_iw3:2020-01-10|cte_asc_48_iw3|cte_asc_48_iw3|2020-01-10|ASCENDING|80|80|1878479.375|13426.673828125|1878479.375|570373.4375|5132.1669921875|-6386.6181640625|37106728.0|39|10|70|17|8|9,71;10,70;10,71;11,70;11,72;11,73;12,66;12,72;12,73;13,68;14,68;17,67;17,68;24,24;27,74;27,75;28,74;28,75;32,31;32,32;38,52;41,34;46,60;48,1;48,2;48,75;48,76;49,2;49,75;49,76;53,3;53,56;54,52;54,55;54,56;54,60;55,52;55,56;55,73
ctn_asc_48_iw3:2020-01-10|ctn_asc_48_iw3|ctn_asc_48_iw3|2020-01-10|ASCENDING|80|80|5493902.0|13428.41015625|5493902.0|1656292.0|2783.457763671875|1869.1258544921875|23193806.0|7|79|13|4|2|4,66;5,66;49,52;77,13;77,14;79,13;79,14
cts_asc_48_iw3:2020-01-10|cts_asc_48_iw3|cts_asc_48_iw3|2020-01-10|ASCENDING|80|80|2376696.5|12306.9404296875|2376696.5|719510.375|4508.89306640625|-1227.6219482421875|35316400.0|30|61|56|15|4|5,50;5,51;16,71;17,70;17,71;17,73;18,66;18,73;19,73;24,68;34,74;34,75;34,76;35,75;39,32;48,34;48,35;54,2;54,76;55,2;55,75;55,76;56,76;60,3;60,52;60,56;60,72;61,52;61,56;61,60
beach_asc_48_iw3:2020-01-22|beach_asc_48_iw3|beach_asc_48_iw3|2020-01-22|ASCENDING|80|80|2366932.25|7673.15625|2366932.25|723445.4375|2522.835693359375|1914.54052734375|24051006.0|24|19|33|11|5|18,34;19,33;19,34;20,29;20,33;26,30;36,37;36,38;49,40;50,39;50,40;55,19;55,20;57,38;62,18;62,19;62,34;63,15;63,18;63,19;63,34;63,35;64,19;68,40
cte_asc_48_iw3:2020-01-22|cte_asc_48_iw3|cte_asc_48_iw3|2020-01-22|ASCENDING|80|80|2019949.5|13057.544921875|2019949.5|611700.4375|-1404.28662109375|4942.716796875|36500556.0|40|9|70|19|4|8,62;8,70;8,71;9,70;10,63;10,66;12,68;15,67;16,66;16,67;21,22;22,23;22,24;25,74;25,75;26,74;26,75;39,76;39,77;40,78;44,57;44,60;45,57;47,2;47,68;47,74;47,75;48,73;52,55;52,56;52,71;53,52;53,55;53,56;53,71;58,77;59,77;78,20;79,20;79,21
ctn_asc_48_iw3:2020-01-22|ctn_asc_48_iw3|ctn_asc_48_iw3|2020-01-22|ASCENDING|80|80|8049854.5|12884.677734375|8049854.5|2826446.75|-249.90484619140625|379.416748046875|21248822.0|4|77|13|1|4|77,13;77,14;78,13;78,14
cts_asc_48_iw3:2020-01-22|cts_asc_48_iw3|cts_asc_48_iw3|2020-01-22|ASCENDING|80|80|2160144.25|13284.6669921875|2160144.25|669195.0|2684.3095703125|369.71942138671875|26653062.0|29|15|70|15|4|14,71;15,62;15,70;15,71;16,66;16,70;17,66;22,67;22,68;29,24;32,74;32,75;33,75;45,77;46,76;46,77;51,56;51,57;53,2;53,75;58,3;58,56;59,52;59,55;59,56;59,71;59,72;60,56;64,77
beach_asc_48_iw3:2020-02-03|beach_asc_48_iw3|beach_asc_48_iw3|2020-02-03|ASCENDING|80|80|2337933.5|7197.00048828125|2337933.5|712499.1875|-6571.6396484375|221.77545166015625|29667872.0|26|66|18|13|4|22,33;23,34;23,35;24,26;24,35;29,30;39,35;39,37;40,37;40,38;50,2;53,38;53,39;58,19;58,20;60,38;61,38;66,18;66,34;66,36;67,14;67,15;67,18;67,34;67,36;67,37
cte_asc_48_iw3:2020-02-03|cte_asc_48_iw3|cte_asc_48_iw3|2020-02-03|ASCENDING|80|80|1717916.75|12373.017578125|1717916.75|515517.0|-9018.3212890625|2867.298583984375|48079836.0|57|13|72|21|10|11,69;11,70;12,69;12,70;12,71;12,72;13,63;13,71;13,72;14,70;14,72;15,67;18,67;19,66;19,67;24,21;25,23;26,23;28,71;28,72;29,72;29,74;30,74;39,39;40,39;42,74;42,75;42,76;43,75;44,57;47,56;47,59;48,55;48,56;49,0;49,1;49,74;49,75;50,0;50,1;50,70;50,74;50,75;55,46;55,51;55,52;55,54;55,55;55,70;55,71;56,51;56,54;56,55;56,70;56,71;56,73;57,73
ctn_asc_48_iw3:2020-02-03|ctn_asc_48_iw3|ctn_asc_48_iw3|2020-02-03|ASCENDING|80|80|14283496.0|12499.36328125|14283496.0|6303396.0|2504.07080078125|5768.728515625|20586894.0|2|79|14|1|2|79,14;79,15
cts_asc_48_iw3:2020-02-03|cts_asc_48_iw3|cts_asc_48_iw3|2020-02-03|ASCENDING|80|80|2438585.75|11662.171875|2438585.75|757967.1875|-9625.021484375|4083.8271484375|35600184.0|31|62|55|17|4|1,31;18,70;19,70;19,72;20,63;20,72;25,67;32,23;35,72;36,74;36,75;46,39;49,75;49,76;54,56;54,57;55,56;56,0;56,1;56,75;57,0;57,1;57,75;62,52;62,55;62,71;63,51;63,52;63,55;63,71;63,73
beach_asc_48_iw3:2020-02-15|beach_asc_48_iw3|beach_asc_48_iw3|2020-02-15|ASCENDING|80|80|4051675.0|8362.70703125|4051675.0|1221580.25|11136.8330078125|-5471.5478515625|34363136.0|18|40|37|7|4|23,34;23,35;24,35;40,36;40,37;40,38;41,37;50,2;60,37;61,37;65,37;66,14;66,17;66,18;66,37;67,14;67,17;67,18
cte_asc_48_iw3:2020-02-15|cte_asc_48_iw3|cte_asc_48_iw3|2020-02-15|ASCENDING|80|80|3459326.25|13703.46484375|3459326.25|1049238.375|2860.385986328125|-7777.93310546875|39674240.0|23|53|56|12|4|10,73;11,64;11,73;16,68;26,31;27,75;27,76;28,75;28,76;37,40;47,76;48,75;48,76;52,76;53,53;53,56;53,57;53,75;53,76;54,50;54,52;54,56;59,78
ctn_asc_48_iw3:2020-02-15|ctn_asc_48_iw3|ctn_asc_48_iw3|2020-02-15|ASCENDING|80|80|12359151.0|13900.421875|12359151.0|4862378.0|-2149.98193359375|-2117.3427734375|24484568.0|3|77|14|1|3|77,13;77,14;78,14
cts_asc_48_iw3:2020-02-15|cts_asc_48_iw3|cts_asc_48_iw3|2020-02-15|ASCENDING|80|80|3602260.25|13613.837890625|3602260.25|1086109.5|9692.953125|-6679.9814453125|42258036.0|24|36|74|10|5|19,71;19,72;20,71;20,72;25,66;35,29;36,73;36,74;36,75;37,73;37,74;46,39;56,74;57,73;57,74;61,74;62,51;62,54;62,55;62,74;63,51;63,54;63,55;68,76
beach_asc_48_iw3:2020-02-27|beach_asc_48_iw3|beach_asc_48_iw3|2020-02-27|ASCENDING|80|80|2020268.75|7856.8056640625|2020268.75|608972.875|-3892.116455078125|-4085.690185546875|29649016.0|30|62|19|15|6|18,33;19,33;19,35;19,36;20,26;20,36;25,30;36,38;46,2;46,3;54,20;56,38;56,39;57,31;57,36;57,37;57,38;57,39;62,15;62,18;62,19;62,34;63,15;63,18;63,19;63,34;65,15;66,15;68,40;75,54
cte_asc_48_iw3:2020-02-27|cte_asc_48_iw3|cte_asc_48_iw3|2020-02-27|ASCENDING|80|80|1342520.5|13519.56640625|1342520.5|404312.71875|-6221.19775390625|-832.7522583007812|54054544.0|82|51|55|38|6|3,65;7,24;7,61;7,62;7,70;8,66;8,67;8,70;8,71;8,72;9,63;9,72;9,73;10,63;10,70;14,67;15,66;15,67;18,55;20,22;21,23;24,29;24,30;25,29;25,30;25,74;25,75;26,75;28,74;28,75;30,31;35,39;35,40;36,39;36,40;38,76;43,56;43,57;43,60;44,56;44,57;45,1;45,2;45,75;46,1;46,68;46,70;46,71;46,73;46,74;46,75;46,76;47,73;49,76;50,2;50,3;51,2;51,3;51,47;51,51;51,52;51,55;51,56;51,71;51,75;52,49;52,51;52,52;52,55;52,56;52,71;52,73;53,73;53,75;54,52;55,52;57,77;65,32;67,75;78,17;78,18;79,78
ctn_asc_48_iw3:2020-02-27|ctn_asc_48_iw3|ctn_asc_48_iw3|2020-02-27|ASCENDING|80|80|14562914.0|13823.951171875|14562914.0|5313807.0|-1517.459716796875|3119.79931640625|27038984.0|3|75|13|1|3|75,12;75,13;76,13
cts_asc_48_iw3:2020-02-27|cts_asc_48_iw3|cts_asc_48_iw3|2020-02-27|ASCENDING|80|80|2169112.0|12295.666015625|2169112.0|660374.5625|-4314.9091796875|-1971.8709716796875|35552320.0|36|58|56|17|6|0,34;0,35;14,70;14,71;15,70;15,72;15,73;16,63;16,73;17,71;31,30;32,75;42,39;42,40;43,40;50,57;52,1;52,2;52,75;52,76;53,68;53,74;53,75;53,76;58,3;58,52;58,55;58,56;58,71;59,52;59,55;59,56;59,71;61,52;62,52;64,77
beach_asc_48_iw3:2020-03-10|beach_asc_48_iw3|beach_asc_48_iw3|2020-03-10|ASCENDING|80|80|2621509.25|6655.35009765625|2621509.25|791021.4375|-4412.271484375|-5191.9658203125|19151156.0|15|69|14|9|4|24,33;25,35;26,26;26,35;27,26;60,20;63,38;68,14;68,15;69,12;69,14;69,15;69,18;74,39;74,40
cte_asc_48_iw3:2020-03-10|cte_asc_48_iw3|cte_asc_48_iw3|2020-03-10|ASCENDING|80|80|1809904.5|13576.640625|1809904.5|547616.625|-400.60552978515625|-4913.04736328125|28238260.0|34|56|51|19|5|11,61;11,70;12,69;13,71;13,72;14,62;14,63;14,72;15,70;23,71;26,23;32,73;37,32;43,75;47,56;47,59;48,55;48,56;49,1;50,0;50,1;50,75;51,1;54,2;55,51;55,52;56,48;56,49;56,51;56,52;56,55;57,51;57,55;62,76
ctn_asc_48_iw3:2020-03-10|ctn_asc_48_iw3|ctn_asc_48_iw3|2020-03-10|ASCENDING|80|80|9423073.0|13478.265625|9423073.0|5436703.0|5218.78369140625|-1381.22021484375|14859776.0|2|79|12|1|2|79,12;79,13
cts_asc_48_iw3:2020-03-10|cts_asc_48_iw3|cts_asc_48_iw3|2020-03-10|ASCENDING|80|80|2509987.25|12630.484375|2509987.25|779770.6875|-3640.66796875|-6386.1513671875|22969768.0|19|63|51|12|4|18,61;18,70;19,72;20,63;20,72;21,63;54,57;56,1;57,1;57,75;62,2;62,51;62,52;63,49;63,51;63,52;63,55;68,76;68,77
beach_asc_48_iw3:2020-03-22|beach_asc_48_iw3|beach_asc_48_iw3|2020-03-22|ASCENDING|80|80|1648963.875|7316.8759765625|1648963.875|495251.34375|-5611.27880859375|1048.470458984375|29669924.0|40|66|14|19|5|4,0;7,25;8,25;10,11;10,12;11,12;21,33;22,35;23,26;23,28;23,34;23,35;24,26;24,28;24,35;32,35;42,36;42,37;43,54;49,14;50,38;57,19;57,20;58,19;59,38;60,36;60,37;60,38;65,12;65,14;65,15;66,12;66,14;66,15;66,18;66,33;67,12;67,14;69,38;70,38
cte_asc_48_iw3:2020-03-22|cte_asc_48_iw3|cte_asc_48_iw3|2020-03-22|ASCENDING|80|80|2649561.25|10912.900390625|2649561.25|800822.8125|-7536.23779296875|624.8807983398438|21189890.0|19|55|53|12|5|0,50;12,73;12,74;13,64;13,74;47,58;49,3;49,76;55,50;55,52;55,53;55,54;55,57;55,72;56,50;56,52;56,53;58,76;71,76
ctn_asc_48_iw3:2020-03-22|ctn_asc_48_iw3|ctn_asc_48_iw3|2020-03-22|ASCENDING|80|80|7871457.5|10875.7412109375|7871457.5|2544456.75|-2806.08935546875|-5254.86328125|17374562.0|4|79|14|2|3|49,49;79,13;79,14;79,15
cts_asc_48_iw3:2020-03-22|cts_asc_48_iw3|cts_asc_48_iw3|2020-03-22|ASCENDING|80|80|2051343.5|12810.76171875|2051343.5|619473.3125|-5241.0205078125|1758.0042724609375|23662922.0|26|62|51|14|6|4,62;6,49;7,49;18,72;19,63;19,72;20,63;20,72;38,74;53,56;54,56;56,1;56,74;56,75;61,51;61,52;62,49;62,51;62,52;62,55;62,70;63,49;63,51;63,52;65,75;78,75
beach_asc_48_iw3:2020-04-03|beach_asc_48_iw3|beach_asc_48_iw3|2020-04-03|ASCENDING|80|80|2651673.0|6644.9912109375|2651673.0|799223.0|4793.61181640625|1084.901611328125|17066586.0|15|67|15|9|4|2,0;9,10;9,11;23,36;24,27;24,36;58,20;61,39;66,15;66,16;66,34;66,35;67,13;67,15;67,16
cte_asc_48_iw3:2020-04-03|cte_asc_48_iw3|cte_asc_48_iw3|2020-04-03|ASCENDING|80|80|2250879.0|11212.5986328125|2250879.0|683455.6875|6709.53125|-3741.098388671875|17471140.0|19|56|52|12|4|13,63;13,64;13,72;13,73;18,68;34,31;42,76;47,57;49,2;50,75;50,76;54,3;55,52;55,53;55,71;56,49;56,50;56,52;56,53
ctn_asc_48_iw3:2020-04-03|ctn_asc_48_iw3|ctn_asc_48_iw3|2020-04-03|ASCENDING|80|80|11395927.0|11697.982421875|11395927.0|8851837.0|5256.19482421875|3518.873046875|20247764.0|2|79|13|1|2|79,13;79,14
cts_asc_48_iw3:2020-04-03|cts_asc_48_iw3|cts_asc_48_iw3|2020-04-03|ASCENDING|80|80|2540440.25|10909.859375|2540440.25|787018.0625|4657.98876953125|380.5284423828125|17104514.0|14|63|52|8|4|5,48;19,73;20,64;20,73;56,2;56,76;57,76;62,52;62,53;62,71;62,72;63,50;63,52;63,53
beach_asc_48_iw3:2020-04-15|beach_asc_48_iw3|beach_asc_48_iw3|2020-04-15|ASCENDING|80|80|2591455.0|6476.0654296875|2591455.0|779535.3125|3508.257080078125|-2300.803466796875|21472522.0|20|65|15|10|5|0,0;1,0;21,36;22,27;22,35;22,36;23,27;23,36;59,34;59,39;64,15;64,16;64,35;64,39;65,13;65,15;65,16;65,19;66,13;66,15
cte_asc_48_iw3:2020-04-15|cte_asc_48_iw3|cte_asc_48_iw3|2020-04-15|ASCENDING|80|80|1542208.625|12076.208984375|1542208.625|464901.5625|1973.406005859375|-639.1163330078125|38762132.0|51|52|52|22|7|7,62;9,64;9,72;9,73;10,64;10,72;10,73;18,69;19,69;19,72;22,24;25,30;28,74;29,75;30,31;30,32;31,31;31,32;36,52;39,76;44,57;45,1;46,1;46,2;46,71;46,75;46,76;47,1;47,74;47,75;47,76;50,76;51,52;51,53;51,76;52,50;52,52;52,53;52,56;52,72;52,76;53,50;53,52;53,53;53,56;54,52;78,17;78,18;79,17;79,20;79,21
ctn_asc_48_iw3:2020-04-15|ctn_asc_48_iw3|ctn_asc_48_iw3|2020-04-15|ASCENDING|80|80|9336106.0|12812.7216796875|9336106.0|6041244.5|1473.243896484375|-5944.7392578125|43005544.0|6|78|14|2|4|75,13;75,14;77,13;77,14;78,13;78,14
cts_asc_48_iw3:2020-04-15|cts_asc_48_iw3|cts_asc_48_iw3|2020-04-15|ASCENDING|80|80|2096229.625|11100.908203125|2096229.625|651009.125|-920.6354370117188|-2122.76953125|32250902.0|34|61|52|14|5|17,73;18,64;18,73;18,74;19,64;19,73;27,69;27,70;38,32;39,31;39,32;52,58;52,61;54,1;54,2;54,76;55,1;55,2;55,71;55,72;55,76;59,76;60,52;60,53;60,72;60,76;61,50;61,52;61,53;61,56;61,57;61,72;62,50;62,52
beach_asc_48_iw3:2020-04-27|beach_asc_48_iw3|beach_asc_48_iw3|2020-04-27|ASCENDING|80|80|2461362.25|7022.79736328125|2461362.25|738835.5|2571.951171875|386.55340576171875|17371498.0|14|68|14|6|4|24,33;25,26;25,34;25,35;26,26;52,2;60,19;60,20;68,14;68,15;68,33;68,34;69,14;69,15
cte_asc_48_iw3:2020-04-27|cte_asc_48_iw3|cte_asc_48_iw3|2020-04-27|ASCENDING|80|80|3343040.5|11005.646484375|3343040.5|1015219.6875|1118.968017578125|-2606.362548828125|14180033.0|9|55|51|6|4|12,71;13,63;39,39;47,56;55,50;55,51;55,52;55,70;56,51
ctn_asc_48_iw3:2020-04-27|ctn_asc_48_iw3|ctn_asc_48_iw3|2020-04-27|ASCENDING|80|80|9797898.0|11149.5205078125|9797898.0|3210912.25|-1179.257080078125|5174.4599609375|22778362.0|4|79|14|2|3|49,49;79,13;79,14;79,15
cts_asc_48_iw3:2020-04-27|cts_asc_48_iw3|cts_asc_48_iw3|2020-04-27|ASCENDING|80|80|2701092.75|11793.626953125|2701092.75|811886.0|4951.84228515625|498.9804992675781|18816236.0|14|64|51|8|4|0,28;21,71;21,72;22,63;48,39;56,56;56,57;59,73;64,51;64,52;64,70;64,71;65,51;65,52
beach_asc_48_iw3:2020-05-09|beach_asc_48_iw3|beach_asc_48_iw3|2020-05-09|ASCENDING|80|80|2172824.0|7129.5634765625|2172824.0|654965.5|-765.38330078125|4755.32666015625|35559152.0|36|63|15|16|5|19,35;19,36;20,27;20,35;20,36;21,27;21,29;21,36;25,31;26,31;36,38;36,39;54,23;55,20;56,38;56,39;57,32;57,34;57,37;57,38;57,39;62,15;62,19;62,34;62,35;63,13;63,15;63,16;63,19;63,21;63,34;63,35;63,37;64,13;64,15;64,37
cte_asc_48_iw3:2020-05-09|cte_asc_48_iw3|cte_asc_48_iw3|2020-05-09|ASCENDING|80|80|4001862.0|12972.37109375|4001862.0|1216767.625|-3885.125244140625|4980.859375|23587886.0|13|79|18|5|4|7,72;7,73;44,75;44,76;45,75;45,76;50,52;51,52;51,74;78,17;78,18;79,17;79,18
ctn_asc_48_iw3:2020-05-09|ctn_asc_48_iw3|ctn_asc_48_iw3|2020-05-09|ASCENDING|80|80|6153079.0|13189.169921875|6153079.0|1953075.125|-4481.9892578125|2571.83740234375|25694630.0|7|76|13|3|4|1,68;73,13;73,14;75,13;75,14;76,13;76,14
cts_asc_48_iw3:2020-05-09|cts_asc_48_iw3|cts_asc_48_iw3|2020-05-09|ASCENDING|80|80|1894143.0|11916.392578125|1894143.0|574219.8125|1404.6678466796875|8097.34130859375|41395016.0|47|57|52|22|8|13,73;14,64;14,72;14,73;15,64;15,66;15,73;16,69;19,68;20,67;20,68;30,75;30,76;31,76;33,75;35,32;41,52;48,61;49,57;50,75;50,76;51,69;51,71;51,74;51,75;51,76;52,74;52,75;52,76;55,3;56,3;56,52;56,53;56,56;56,71;56,72;57,50;57,52;57,53;57,56;57,58;57,60;57,72;57,74;58,50;58,52;58,74
beach_asc_48_iw3:2020-05-21|beach_asc_48_iw3|beach_asc_48_iw3|2020-05-21|ASCENDING|80|80|2173744.5|7913.8056640625|2173744.5|664823.375|765.8434448242188|-5317.56005859375|31910698.0|30|17|33|13|8|6,12;17,33;17,34;18,26;18,32;18,33;18,34;18,35;19,26;19,35;19,36;20,33;24,30;35,38;45,2;45,3;48,39;53,20;55,37;55,38;56,36;56,37;56,38;61,12;61,14;61,15;61,34;62,12;62,14;62,15
cte_asc_48_iw3:2020-05-21|cte_asc_48_iw3|cte_asc_48_iw3|2020-05-21|ASCENDING|80|80|2646620.5|11513.4248046875|2646620.5|836825.375|562.377197265625|-3066.10302734375|29779896.0|24|7|70|10|6|6,24;6,70;7,69;7,70;7,71;7,72;8,63;8,72;9,63;34,39;35,39;45,74;45,75;50,51;50,52;51,51;51,52;51,55;51,71;52,51;52,52;76,20;77,20;79,17
ctn_asc_48_iw3:2020-05-21|ctn_asc_48_iw3|ctn_asc_48_iw3|2020-05-21|ASCENDING|80|80|9260889.0|11913.43359375|9260889.0|4477881.5|1949.31884765625|719.0467529296875|28423558.0|4|75|15|1|4|75,14;75,15;76,14;76,15
cts_asc_48_iw3:2020-05-21|cts_asc_48_iw3|cts_asc_48_iw3|2020-05-21|ASCENDING|80|80|2437678.75|12339.03125|2437678.75|744088.3125|2121.44287109375|-7955.19287109375|27705038.0|24|14|70|10|8|2,49;13,70;13,71;14,69;14,70;14,71;14,72;15,63;15,72;15,73;20,67;31,75;41,39;41,40;44,76;51,75;52,73;52,74;52,75;57,51;57,52;58,51;58,52;58,56
beach_asc_48_iw3:2020-06-02|beach_asc_48_iw3|beach_asc_48_iw3|2020-06-02|ASCENDING|80|80|1867239.875|8091.7236328125|1867239.875|563918.9375|7099.55126953125|-5926.87353515625|40244408.0|45|22|33|23|9|1,0;4,1;8,11;8,26;21,33;21,34;22,33;22,34;22,35;22,36;23,26;23,27;23,35;23,36;24,26;24,27;24,34;28,30;36,19;38,36;39,38;42,38;43,55;57,20;57,21;57,23;59,34;59,38;59,39;60,34;60,37;60,38;60,39;65,15;65,18;65,19;65,23;65,35;66,13;66,15;66,19;66,37;67,15;67,19;77,54
cte_asc_48_iw3:2020-06-02|cte_asc_48_iw3|cte_asc_48_iw3|2020-06-02|ASCENDING|80|80|2865161.75|11618.77734375|2865161.75|875752.8125|5354.31982421875|4825.421875|26414024.0|19|53|56|8|4|9,70;9,71;10,72;10,73;11,63;11,64;26,30;47,75;47,76;53,52;53,55;53,56;53,71;53,72;54,52;54,56;78,21;79,20;79,21
ctn_asc_48_iw3:2020-06-02|ctn_asc_48_iw3|ctn_asc_48_iw3|2020-06-02|ASCENDING|80|80|16728449.0|11836.654296875|16728449.0|5235969.5|147.397216796875|-3725.955322265625|49220208.0|5|77|13|1|5|77,12;77,13;77,14;78,13;78,14
cts_asc_48_iw3:2020-06-02|cts_asc_48_iw3|cts_asc_48_iw3|2020-06-02|ASCENDING|80|80|2249165.0|13761.076171875|2249165.0|683754.4375|3165.25732421875|-2069.776123046875|31909582.0|30|60|56|11|7|15,71;16,70;16,71;16,73;17,63;17,64;17,72;17,73;18,63;18,64;18,71;29,24;32,30;33,30;33,75;51,58;53,76;54,75;54,76;59,52;59,56;60,50;60,52;60,53;60,56;60,71;60,72;61,52;61,53;61,56
beach_asc_48_iw3:2020-06-14|beach_asc_48_iw3|beach_asc_48_iw3|2020-06-14|ASCENDING|80|80|2319543.5|8060.09130859375|2319543.5|698532.625|-4149.81591796875|5004.79248046875|19502144.0|19|21|27|13|4|20,27;20,36;21,27;22,27;22,34;26,31;36,47;37,39;41,55;55,20;58,37;63,13;63,15;63,16;63,39;64,13;64,15;64,16;64,37
cte_asc_48_iw3:2020-06-14|cte_asc_48_iw3|cte_asc_48_iw3|2020-06-14|ASCENDING|80|80|2178030.5|11464.3916015625|2178030.5|663095.8125|-5715.029296875|1871.2568359375|31848990.0|31|79|18|16|5|7,73;8,63;8,64;8,73;9,63;9,64;13,68;37,76;38,35;39,35;40,36;45,73;45,74;45,76;50,3;50,50;50,52;50,72;51,50;51,52;51,53;51,56;51,72;51,74;51,76;52,50;52,52;52,53;56,77;79,17;79,18
ctn_asc_48_iw3:2020-06-14|ctn_asc_48_iw3|ctn_asc_48_iw3|2020-06-14|ASCENDING|80|80|7566459.0|11525.5654296875|7566459.0|2316328.75|-1238.8597412109375|-2084.322265625|25403940.0|5|76|14|2|4|45,48;75,13;75,14;76,13;76,14
cts_asc_48_iw3:2020-06-14|cts_asc_48_iw3|cts_asc_48_iw3|2020-06-14|ASCENDING|80|80|2311381.75|12234.39453125|2311381.75|709480.375|-3898.699462890625|8681.7060546875|20550778.0|20|17|64|11|4|16,64;16,73;17,64;17,65;18,64;22,68;33,76;37,32;47,35;48,36;51,57;51,58;54,74;59,50;59,52;59,53;60,50;60,52;60,53;60,74
beach_asc_48_iw3:2020-06-26|beach_asc_48_iw3|beach_asc_48_iw3|2020-06-26|ASCENDING|80|80|1438055.0|7405.35595703125|1438055.0|433432.15625|-204.95236206054688|-2029.5269775390625|41289640.0|60|65|15|28|6|1,0;7,26;8,8;8,9;8,25;8,26;22,35;23,26;23,27;23,36;24,26;24,27;24,34;25,31;28,29;28,30;29,29;29,30;37,51;38,41;38,42;38,47;38,50;38,51;39,37;39,38;42,37;43,54;43,55;52,38;56,23;57,19;57,20;57,23;58,20;59,34;59,38;60,34;60,36;60,37;60,38;61,36;64,15;65,10;65,12;65,14;65,15;65,19;65,23;65,34;66,12;66,14;66,15;66,19;66,34;66,36;67,15;67,19;67,38;77,54
cte_asc_48_iw3:2020-06-26|cte_asc_48_iw3|cte_asc_48_iw3|2020-06-26|ASCENDING|80|80|1767258.0|11542.2138671875|1767258.0|533911.4375|-4711.458984375|-4200.84716796875|37449236.0|44|53|52|20|6|10,63;10,72;11,63;11,64;12,68;16,66;16,67;25,29;25,30;26,30;26,74;26,78;27,74;27,75;29,74;31,31;44,57;44,60;45,56;45,57;47,73;47,74;47,75;48,73;52,3;52,51;52,52;52,71;53,49;53,51;53,52;53,55;53,56;53,70;53,71;53,73;54,49;54,51;54,52;59,77;78,20;78,21;79,20;79,21
ctn_asc_48_iw3:2020-06-26|ctn_asc_48_iw3|ctn_asc_48_iw3|2020-06-26|ASCENDING|80|80|13368160.0|11430.744140625|13368160.0|4917617.0|552.326904296875|-2138.453125|38119868.0|4|77|13|1|4|77,12;77,13;78,12;78,13
cts_asc_48_iw3:2020-06-26|cts_asc_48_iw3|cts_asc_48_iw3|2020-06-26|ASCENDING|80|80|1607799.25|13046.2265625|1607799.25|482465.75|-2674.55322265625|-1514.5289306640625|36644936.0|49|60|52|24|6|2,45;2,46;2,63;15,62;16,72;17,63;17,64;17,66;18,63;18,64;18,71;19,68;22,67;23,66;23,67;29,24;32,30;32,78;32,79;33,74;33,75;34,75;36,74;37,31;37,32;38,31;51,57;51,60;52,57;53,75;54,71;54,73;54,74;54,75;54,76;55,73;59,49;59,51;59,52;59,71;60,49;60,51;60,52;60,56;60,71;60,73;61,49;61,52;61,56
beach_asc_48_iw3:2020-07-08|beach_asc_48_iw3|beach_asc_48_iw3|2020-07-08|ASCENDING|80|80|2294683.5|8759.861328125|2294683.5|705090.375|-3586.1640625|3881.42578125|26194592.0|25|18|34|12|6|4,12;17,34;18,33;18,34;18,35;18,36;19,27;19,36;20,27;24,31;25,31;34,52;35,39;38,38;45,3;55,39;56,39;61,16;61,19;61,20;62,13;62,16;62,19;62,20;63,16
cte_asc_48_iw3:2020-07-08|cte_asc_48_iw3|cte_asc_48_iw3|2020-07-08|ASCENDING|80|80|2137051.0|11974.6064453125|2137051.0|646383.125|-3166.8701171875|6153.13232421875|43192988.0|39|7|71|15|7|7,70;7,71;7,72;8,64;8,70;8,71;8,72;8,73;9,64;14,67;14,68;23,30;23,31;24,30;24,31;24,76;25,76;27,75;35,40;45,2;45,3;45,75;45,76;50,56;50,57;51,50;51,52;51,53;51,56;51,57;51,72;52,50;52,52;52,53;53,76;54,76;76,21;77,20;77,21
ctn_asc_48_iw3:2020-07-08|ctn_asc_48_iw3|ctn_asc_48_iw3|2020-07-08|ASCENDING|80|80|11295812.0|12055.294921875|11295812.0|4491243.5|2072.15966796875|412.224365234375|34374160.0|4|75|14|1|4|75,13;75,14;76,13;76,14
cts_asc_48_iw3:2020-07-08|cts_asc_48_iw3|cts_asc_48_iw3|2020-07-08|ASCENDING|80|80|2454613.75|13074.9833984375|2454613.75|737152.0|1552.892578125|1493.3997802734375|29045858.0|25|58|55|13|5|0,48;14,69;14,70;14,71;15,62;15,63;15,71;15,72;16,62;16,63;21,66;30,29;31,29;31,74;34,74;42,39;52,0;52,1;52,74;52,75;57,55;58,51;58,55;59,51;61,74
beach_asc_48_iw3:2020-07-20|beach_asc_48_iw3|beach_asc_48_iw3|2020-07-20|ASCENDING|80|80|1455714.375|8479.146484375|1455714.375|439255.53125|-5976.517578125|-4956.34521484375|44531856.0|63|62|19|28|6|0,1;3,24;4,26;4,27;7,13;17,30;17,34;18,33;18,34;18,35;18,36;19,27;19,36;20,27;20,34;21,31;21,32;21,34;24,30;24,31;24,34;25,30;25,31;34,51;34,52;35,38;35,39;36,39;38,37;38,38;38,39;39,55;45,3;46,3;48,39;48,40;49,34;49,39;53,21;53,23;53,24;55,38;55,39;56,37;56,38;56,39;57,37;61,15;61,16;61,19;61,35;62,13;62,15;62,16;62,19;62,20;62,34;62,35;62,37;63,15;63,19;67,40;73,54
cte_asc_48_iw3:2020-07-20|cte_asc_48_iw3|cte_asc_48_iw3|2020-07-20|ASCENDING|80|80|8290055.5|10516.0791015625|8290055.5|2839694.75|3809.197998046875|-2972.417724609375|20489380.0|4|79|18|1|4|78,16;79,16;79,17;79,18
ctn_asc_48_iw3:2020-07-20|ctn_asc_48_iw3|ctn_asc_48_iw3|2020-07-20|ASCENDING|80|80|7822586.0|10406.2333984375|7822586.0|2627986.5|-727.211181640625|272.82769775390625|33325304.0|7|73|14|1|7|72,12;72,13;73,12;73,13;73,14;74,13;74,14
cts_asc_48_iw3:2020-07-20|cts_asc_48_iw3|cts_asc_48_iw3|2020-07-20|ASCENDING|80|80|1552253.125|11778.2109375|1552253.125|465836.25|-8880.951171875|-1117.882080078125|48885460.0|65|27|24|29|6|0,63;0,64;3,50;13,68;13,71;14,70;14,71;14,73;15,64;15,73;15,74;16,64;17,68;17,69;17,71;17,72;20,67;20,68;20,71;21,67;21,68;27,23;27,24;27,25;28,24;28,25;30,30;31,30;31,75;31,76;32,76;34,75;34,76;36,32;41,40;42,40;42,52;44,76;45,76;45,77;49,58;49,61;51,75;51,76;52,3;52,74;52,75;52,76;53,74;57,53;57,72;58,48;58,52;58,53;58,56;58,57;58,71;58,72;58,74;59,50;59,52;59,53;59,56;59,57;63,77
beach_asc_48_iw3:2020-08-01|beach_asc_48_iw3|beach_asc_48_iw3|2020-08-01|ASCENDING|80|80|1964996.875|7665.1201171875|1964996.875|589956.5625|-4915.3212890625|601.4693603515625|43657496.0|46|58|38|19|6|6,25;20,32;20,33;21,26;21,32;21,33;21,34;21,35;22,25;22,26;23,26;23,33;27,29;27,30;36,50;37,50;37,51;38,37;38,38;42,54;48,2;49,2;55,42;55,43;56,20;56,42;56,43;58,33;58,37;58,38;59,33;59,35;59,36;59,37;59,38;59,40;64,14;64,15;64,18;64,33;64,34;65,12;65,14;65,15;65,18;65,36
cte_asc_48_iw3:2020-08-01|cte_asc_48_iw3|cte_asc_48_iw3|2020-08-01|ASCENDING|80|80|1966418.75|11811.953125|1966418.75|590362.125|-4937.8515625|5004.9111328125|48564908.0|53|45|76|25|6|7,71;8,70;8,71;8,72;8,73;9,64;9,65;9,73;10,64;11,69;14,68;21,24;22,26;24,31;25,31;25,76;35,40;35,41;36,40;36,41;43,58;44,57;45,2;45,3;45,71;45,76;45,77;46,71;46,72;46,74;46,75;46,76;46,77;46,79;50,4;51,4;51,48;51,52;51,53;51,56;51,57;51,72;52,50;52,52;52,53;52,56;53,75;70,77;77,21;78,18;78,19;79,19;79,79
ctn_asc_48_iw3:2020-08-01|ctn_asc_48_iw3|ctn_asc_48_iw3|2020-08-01|ASCENDING|80|80|11724672.0|12813.451171875|11724672.0|4254947.5|-4019.795654296875|-3250.9677734375|31649232.0|4|75|14|1|4|75,13;75,14;75,15;76,14
cts_asc_48_iw3:2020-08-01|cts_asc_48_iw3|cts_asc_48_iw3|2020-08-01|ASCENDING|80|80|1996165.0|11607.9443359375|1996165.0|599454.8125|-7901.45849609375|1167.2034912109375|45655920.0|47|52|75|22|6|0,62;1,62;14,69;14,70;15,69;15,70;15,71;15,72;16,62;16,63;17,63;17,70;21,66;21,67;28,22;28,23;31,29;32,29;32,74;32,75;42,39;43,39;50,57;50,79;52,1;52,70;52,74;52,75;53,70;53,72;53,73;53,74;53,75;53,77;57,2;58,2;58,46;58,51;58,52;58,55;58,70;58,71;59,49;59,51;59,52;59,55;77,75
beach_asc_48_iw3:2020-08-13|beach_asc_48_iw3|beach_asc_48_iw3|2020-08-13|ASCENDING|80|80|1967927.375|6855.03515625|1967927.375|591170.0|-1804.4053955078125|495.01751708984375|21591930.0|25|65|14|12|4|19,34;21,26;21,34;21,35;22,26;22,35;36,50;36,51;37,41;37,50;37,51;48,14;56,22;57,38;58,37;58,38;64,14;64,15;64,33;64,34;65,12;65,14;65,15;67,37;67,38
cte_asc_48_iw3:2020-08-13|cte_asc_48_iw3|cte_asc_48_iw3|2020-08-13|ASCENDING|80|80|1905240.75|10684.51171875|1905240.75|575726.375|-3817.01171875|-4819.400390625|33537334.0|38|53|53|20|4|8,72;10,73;10,74;11,64;11,65;11,73;11,74;16,68;23,24;23,25;26,31;26,79;40,77;41,35;42,35;45,61;47,2;47,3;47,76;47,77;48,2;48,69;48,75;48,76;52,4;52,72;53,4;53,48;53,52;53,53;53,72;54,50;54,52;54,53;55,76;56,76;56,77;59,78
ctn_asc_48_iw3:2020-08-13|ctn_asc_48_iw3|ctn_asc_48_iw3|2020-08-13|ASCENDING|80|80|13346555.0|11324.39453125|13346555.0|4393026.5|1075.449462890625|4654.24560546875|32950412.0|4|77|14|1|4|77,13;77,14;77,15;78,14
cts_asc_48_iw3:2020-08-13|cts_asc_48_iw3|cts_asc_48_iw3|2020-08-13|ASCENDING|80|80|2130200.75|11724.8125|2130200.75|644393.8125|-2000.4276123046875|-3794.2744140625|26298892.0|28|61|51|14|4|15,71;17,63;17,71;17,72;18,63;18,72;30,23;33,78;44,51;48,33;48,34;54,0;54,1;54,74;54,75;55,0;55,73;59,2;60,2;60,51;60,52;60,70;60,71;61,49;61,51;61,52;63,74;63,75
beach_asc_48_iw3:2020-08-25|beach_asc_48_iw3|beach_asc_48_iw3|2020-08-25|ASCENDING|80|80|1872621.875|7305.3740234375|1872621.875|571112.1875|-1467.708251953125|-327.3419494628906|26908106.0|31|67|15|18|4|2,0;6,51;23,35;24,26;24,27;24,35;38,51;39,41;39,42;39,51;50,2;50,3;57,23;58,20;61,31;61,36;61,37;66,10;66,14;66,15;66,19;66,34;67,12;67,14;67,15;67,19;67,34;67,38;68,38;69,38;72,40
cte_asc_48_iw3:2020-08-25|cte_asc_48_iw3|cte_asc_48_iw3|2020-08-25|ASCENDING|80|80|1795753.75|10847.5673828125|1795753.75|539580.5625|-11618.806640625|-3671.934326171875|33239146.0|40|53|52|23|4|10,72;11,63;11,72;12,63;16,67;23,23;23,24;24,23;26,29;26,30;26,78;26,79;27,30;27,75;37,39;38,39;44,36;45,57;45,60;47,1;47,2;48,68;48,73;48,74;53,2;53,3;53,47;53,51;53,52;53,71;54,47;54,49;54,51;54,52;54,56;55,75;56,75;59,76;59,77;79,20
ctn_asc_48_iw3:2020-08-25|ctn_asc_48_iw3|ctn_asc_48_iw3|2020-08-25|ASCENDING|80|80|15967437.0|11536.3125|15967437.0|5154454.0|-2512.609130859375|1664.65234375|39846872.0|4|77|13|1|4|77,12;77,13;78,12;78,13
cts_asc_48_iw3:2020-08-25|cts_asc_48_iw3|cts_asc_48_iw3|2020-08-25|ASCENDING|80|80|2099085.25|11277.673828125|2099085.25|648688.5|-6454.28076171875|-3089.22900390625|24085686.0|25|63|52|15|4|19,72;20,63;20,64;20,72;32,23;32,24;35,30;46,39;46,40;52,36;56,2;57,68;57,73;57,74;62,3;62,51;62,52;62,56;62,71;63,51;63,52;63,56;64,75;65,75;68,77
beach_asc_48_iw3:2020-09-06|beach_asc_48_iw3|beach_asc_48_iw3|2020-09-06|ASCENDING|80|80|4456842.5|11510.716796875|4456842.5|1438098.625|-12041.7314453125|-2091.55419921875|35084008.0|16|68|19|8|4|3,0;4,0;24,33;24,34;24,35;25,36;26,27;41,38;60,19;67,19;67,38;68,15;68,18;68,19;68,38;69,19
cte_asc_48_iw3:2020-09-06|cte_asc_48_iw3|cte_asc_48_iw3|2020-09-06|ASCENDING|80|80|4482795.0|15288.365234375|4482795.0|1354182.75|-9015.6904296875|-4934.31103515625|46158556.0|22|57|56|8|7|13,70;13,71;14,70;14,71;14,72;14,73;15,64;15,73;30,75;31,75;50,56;57,49;57,50;57,52;57,55;57,56;57,75;58,50;58,52;58,55;58,56;58,74
ctn_asc_48_iw3:2020-09-06|ctn_asc_48_iw3|ctn_asc_48_iw3|2020-09-06|ASCENDING|80|80|3727068.75|14783.341796875|3727068.75|1126011.875|-7996.5244140625|-4394.2744140625|52125876.0|27|51|52|9|7|7,66;7,67;8,66;8,67;8,68;8,69;9,59;9,60;9,69;24,71;25,71;44,52;51,45;51,46;51,48;51,51;51,52;51,70;51,71;52,45;52,46;52,48;52,51;52,52;52,70;52,71;77,16
cts_asc_48_iw3:2020-09-06|cts_asc_48_iw3|cts_asc_48_iw3|2020-09-06|ASCENDING|80|80|5135396.5|16483.64453125|5135396.5|1627107.375|-7223.66162109375|-2406.985107421875|31268808.0|13|64|56|10|2|0,37;20,70;20,71;21,73;22,64;37,75;56,56;64,50;64,52;64,56;64,75;65,50;65,56
beach_asc_48_iw3:2020-09-30|beach_asc_48_iw3|beach_asc_48_iw3|2020-09-30|ASCENDING|80|80|2308057.5|7500.587890625|2308057.5|692599.25|-4849.8017578125|-6936.97900390625|42122632.0|39|64|19|19|6|0,0;1,0;6,8;8,13;9,13;20,34;21,33;21,35;21,36;22,27;22,29;22,35;22,36;23,29;27,30;27,31;37,36;37,38;37,42;37,51;37,52;38,38;48,15;58,38;58,39;59,37;59,38;62,40;64,15;64,16;64,19;64,34;64,35;65,13;65,15;65,16;65,19;70,40;70,41
cte_asc_48_iw3:2020-09-30|cte_asc_48_iw3|cte_asc_48_iw3|2020-09-30|ASCENDING|80|80|1983789.0|11860.6767578125|1983789.0|604379.25|-8100.375|-6883.8212890625|39912192.0|43|53|56|22|5|10,70;10,72;10,73;11,63;11,64;11,66;11,72;11,73;12,64;12,66;16,67;16,68;17,67;17,68;20,22;23,23;23,24;24,21;26,73;26,79;27,75;28,75;37,52;45,60;47,75;47,76;48,71;48,74;48,75;48,76;51,77;52,3;53,52;53,53;53,56;53,71;53,72;54,50;54,52;54,56;54,72;58,77;59,77
ctn_asc_48_iw3:2020-09-30|ctn_asc_48_iw3|ctn_asc_48_iw3|2020-09-30|ASCENDING|80|80|7913154.5|12690.0322265625|7913154.5|4601403.0|-173.17578125|-1111.0985107421875|26469288.0|4|77|13|1|4|77,13;77,14;78,13;78,14
cts_asc_48_iw3:2020-09-30|cts_asc_48_iw3|cts_asc_48_iw3|2020-09-30|ASCENDING|80|80|2147429.5|11788.482421875|2147429.5|650613.9375|-7165.9658203125|-6189.560546875|42074052.0|40|60|56|20|4|5,50;16,71;17,70;17,71;17,73;18,64;18,66;18,73;19,64;19,66;23,67;23,68;24,67;30,24;31,21;33,73;33,79;34,75;34,76;44,52;54,75;54,76;55,75;55,76;56,3;58,77;60,52;60,53;60,56;60,57;60,71;60,72;61,50;61,52;61,53;61,56;61,57;61,72;66,77;66,78
beach_asc_48_iw3:2020-10-12|beach_asc_48_iw3|beach_asc_48_iw3|2020-10-12|ASCENDING|80|80|2624855.25|9075.23828125|2624855.25|787787.75|2542.82666015625|-5952.185546875|36248708.0|32|2|0|17|4|0,23;1,0;2,0;23,25;23,35;23,36;24,26;24,27;24,36;39,42;39,51;40,38;50,2;50,3;53,41;58,43;59,19;59,43;66,10;66,14;66,15;66,19;67,12;67,14;67,15;67,18;67,19;68,38;68,39;69,38;69,39;79,54
cte_asc_48_iw3:2020-10-12|cte_asc_48_iw3|cte_asc_48_iw3|2020-10-12|ASCENDING|80|80|1993390.625|13380.671875|1993390.625|603591.5|-829.7542724609375|-17147.966796875|57613356.0|62|54|52|24|8|9,62;10,62;10,70;10,72;11,62;11,63;11,64;11,72;11,73;12,63;12,64;12,65;13,71;21,5;23,23;26,30;26,78;26,79;27,30;27,75;31,31;32,30;32,31;37,39;37,40;38,39;38,40;40,78;41,78;46,55;46,56;47,1;47,2;47,75;48,1;48,2;48,68;48,73;48,74;48,75;48,76;52,2;52,3;53,47;53,51;53,52;53,55;53,56;54,47;54,49;54,51;54,52;54,55;54,56;55,75;55,76;56,75;56,76;69,73;69,74;78,20;79,20
ctn_asc_48_iw3:2020-10-12|ctn_asc_48_iw3|ctn_asc_48_iw3|2020-10-12|ASCENDING|80|80|13695735.0|14320.35546875|13695735.0|9175439.0|852.6669921875|471.50689697265625|22871174.0|2|77|13|1|2|77,13;78,13
cts_asc_48_iw3:2020-10-12|cts_asc_48_iw3|cts_asc_48_iw3|2020-10-12|ASCENDING|80|80|2574852.0|13141.6552734375|2574852.0|779263.75|177.677734375|-12965.5419921875|38605616.0|35|63|52|19|5|19,62;19,72;19,73;20,63;20,64;20,73;21,63;21,64;21,71;32,23;35,30;35,79;36,30;36,75;40,31;41,31;46,39;46,40;49,78;55,56;56,1;56,2;57,74;61,3;62,47;62,52;62,56;63,49;63,50;63,52;63,56;64,75;64,76;65,75;65,76
beach_asc_48_iw3:2020-10-24|beach_asc_48_iw3|beach_asc_48_iw3|2020-10-24|ASCENDING|80|80|2312145.5|9299.9833984375|2312145.5|704245.6875|-6206.61669921875|-1505.9903564453125|45660324.0|43|66|19|16|6|1,0;2,0;22,33;22,34;22,36;23,27;23,35;23,36;24,27;24,28;35,43;36,43;38,51;38,52;39,38;39,39;43,55;49,3;50,3;58,19;58,43;59,19;59,39;60,38;60,39;61,39;65,15;65,16;65,19;66,13;66,15;66,16;66,19;66,20;67,13;67,15;67,16;67,19;67,39;68,39;68,40;79,54;79,55
cte_asc_48_iw3:2020-10-24|cte_asc_48_iw3|cte_asc_48_iw3|2020-10-24|ASCENDING|80|80|2869574.75|11770.236328125|2869574.75|863704.4375|-7235.06494140625|-9637.93359375|36601568.0|27|55|56|13|4|11,71;12,72;12,73;13,64;13,73;14,64;28,30;28,75;29,75;33,31;33,32;39,40;42,35;43,35;49,2;49,75;49,76;50,75;50,76;55,52;55,53;55,56;56,50;56,52;56,56;57,76;58,76
ctn_asc_48_iw3:2020-10-24|ctn_asc_48_iw3|ctn_asc_48_iw3|2020-10-24|ASCENDING|80|80|9211797.0|12517.880859375|9211797.0|2770911.25|-3725.5|2953.6123046875|20682468.0|3|79|14|2|2|49,48;79,13;79,14
cts_asc_48_iw3:2020-10-24|cts_asc_48_iw3|cts_asc_48_iw3|2020-10-24|ASCENDING|80|80|2361864.25|13222.908203125|2361864.25|710356.1875|-9422.109375|-6898.74169921875|42672564.0|38|62|56|15|5|18,70;18,71;19,73;19,74;20,64;20,65;20,74;35,30;35,31;35,76;36,76;38,75;39,32;40,32;45,40;46,40;46,41;49,35;49,36;50,35;50,36;56,2;56,76;57,76;61,53;62,50;62,52;62,53;62,56;62,57;63,50;63,52;63,53;63,56;63,76;64,76;64,77;65,77
beach_asc_48_iw3:2020-11-05|beach_asc_48_iw3|beach_asc_48_iw3|2020-11-05|ASCENDING|80|80|2944479.75|8065.9248046875|2944479.75|888475.25|-2058.4970703125|913.9236450195312|45110992.0|35|65|15|14|6|0,0;1,0;21,33;21,34;21,35;22,26;22,27;22,35;22,36;23,26;23,27;23,28;23,29;38,38;42,54;42,55;49,2;57,19;58,30;59,30;59,38;64,14;64,15;64,18;64,19;64,34;65,14;65,15;65,18;65,19;65,38;66,15;66,38;67,38;77,54
cte_asc_48_iw3:2020-11-05|cte_asc_48_iw3|cte_asc_48_iw3|2020-11-05|ASCENDING|80|80|2678751.5|14047.53125|2678751.5|809950.3125|386.9944763183594|-925.12353515625|42501156.0|33|11|72|14|6|10,70;11,70;11,71;11,72;11,73;12,63;12,64;12,65;12,72;13,63;13,65;13,70;23,23;24,23;27,29;27,30;28,30;28,75;38,39;46,56;48,1;48,67;49,67;53,52;54,51;54,52;54,55;54,71;55,51;55,52;55,55;55,75;56,75
ctn_asc_48_iw3:2020-11-05|ctn_asc_48_iw3|ctn_asc_48_iw3|2020-11-05|ASCENDING|80|80|4975852.5|14700.748046875|4975852.5|1612058.875|284.19024658203125|-3924.74365234375|25782238.0|11|79|13|7|4|4,66;5,67;5,68;6,59;6,68;18,19;48,47;49,47;49,51;77,13;79,13
cts_asc_48_iw3:2020-11-05|cts_asc_48_iw3|cts_asc_48_iw3|2020-11-05|ASCENDING|80|80|2905679.0|13167.615234375|2905679.0|910781.75|668.264404296875|-1426.38037109375|39424760.0|29|61|52|13|5|17,70;17,71;17,72;18,63;18,72;18,73;19,63;19,64;19,65;19,66;30,23;31,23;33,30;34,30;34,75;45,39;53,56;55,1;55,67;60,52;60,71;61,51;61,52;61,55;61,56;61,75;62,52;62,75;63,75
beach_asc_48_iw3:2020-11-29|beach_asc_48_iw3|beach_asc_48_iw3|2020-11-29|ASCENDING|80|80|1826711.0|8204.6083984375|1826711.0|554726.3125|8263.4384765625|-3212.08056640625|44981376.0|50|66|18|20|7|1,0;8,8;8,9;8,25;9,9;20,24;21,24;21,25;21,32;21,33;22,24;22,32;22,34;22,35;23,26;23,28;23,34;23,35;24,26;24,28;25,31;29,29;35,42;38,50;38,51;39,37;39,38;40,37;40,38;57,18;58,18;59,37;59,38;60,37;60,38;64,18;64,34;65,14;65,18;65,22;65,33;65,34;66,12;66,14;66,18;66,33;66,34;67,14;67,18;77,53
cte_asc_48_iw3:2020-11-29|cte_asc_48_iw3|cte_asc_48_iw3|2020-11-29|ASCENDING|80|80|3098946.75|11822.2451171875|3098946.75|963434.875|9219.25|-1292.802978515625|27538956.0|19|55|57|9|4|10,63;11,63;11,71;12,73;12,74;13,65;28,76;29,76;29,77;49,76;49,77;54,57;55,53;55,56;55,57;55,72;55,73;56,53;56,57
ctn_asc_48_iw3:2020-11-29|ctn_asc_48_iw3|ctn_asc_48_iw3|2020-11-29|ASCENDING|80|80|6860479.5|12210.62890625|6860479.5|2084691.125|6838.548828125|6288.39453125|20986188.0|6|79|14|4|2|6,69;49,52;49,53;49,68;79,14;79,15
cts_asc_48_iw3:2020-11-29|cts_asc_48_iw3|cts_asc_48_iw3|2020-11-29|ASCENDING|80|80|2654805.5|12942.044921875|2654805.5|796767.8125|8097.8115234375|-1360.1729736328125|31499334.0|27|62|55|11|4|4,46;17,61;17,70;18,61;18,69;18,72;19,63;19,71;19,72;20,63;35,74;35,75;36,74;36,75;54,55;55,75;56,74;56,75;61,55;61,71;62,51;62,55;62,56;62,70;62,71;63,51;63,55
beach_asc_48_iw3:2020-12-11|beach_asc_48_iw3|beach_asc_48_iw3|2020-12-11|ASCENDING|80|80|4105263.75|10626.8203125|4105263.75|1248082.875|903.3084716796875|-1285.15283203125|45679372.0|22|65|37|11|6|8,13;21,33;22,33;22,35;23,26;23,35;39,38;49,2;52,40;59,38;64,18;64,37;65,12;65,18;65,37;65,38;66,12;66,18;66,37;66,38;67,18;67,38
cte_asc_48_iw3:2020-12-11|cte_asc_48_iw3|cte_asc_48_iw3|2020-12-11|ASCENDING|80|80|6094456.5|14671.431640625|6094456.5|1837800.25|-3261.642578125|1207.42431640625|36092760.0|13|53|55|5|5|9,70;10,72;52,55;52,74;53,49;53,54;53,55;53,74;53,75;54,49;54,55;54,74;54,75
ctn_asc_48_iw3:2020-12-11|ctn_asc_48_iw3|ctn_asc_48_iw3|2020-12-11|ASCENDING|80|80|16080296.0|15121.541015625|16080296.0|4838404.0|2.769012451171875|2082.788330078125|55233564.0|5|77|14|2|4|47,53;77,14;77,15;78,14;78,15
cts_asc_48_iw3:2020-12-11|cts_asc_48_iw3|cts_asc_48_iw3|2020-12-11|ASCENDING|80|80|4153502.25|16602.19921875|4153502.25|1317030.875|-564.5948486328125|655.6533203125|40963696.0|19|62|55|7|6|4,50;17,70;18,70;18,72;19,72;35,75;60,74;61,49;61,55;61,74;61,75;62,49;62,55;62,56;62,74;62,75;63,49;63,55;63,75
beach_asc_48_iw3:2020-12-23|beach_asc_48_iw3|beach_asc_48_iw3|2020-12-23|ASCENDING|80|80|1629418.25|7563.615234375|1629418.25|494357.46875|-5679.43994140625|5885.1474609375|35753268.0|46|67|18|18|6|22,24;23,24;24,26;24,27;24,28;24,34;24,35;25,25;25,26;25,28;25,35;30,28;30,29;30,30;39,50;39,51;40,50;41,37;41,38;51,14;54,38;54,39;60,18;61,33;61,36;61,37;61,38;62,35;62,36;66,9;66,14;66,18;66,33;66,34;67,13;67,14;67,17;67,18;67,22;67,32;67,33;67,34;67,37;68,14;68,18;79,53
cte_asc_48_iw3:2020-12-23|cte_asc_48_iw3|cte_asc_48_iw3|2020-12-23|ASCENDING|80|80|1709641.5|12294.876953125|1709641.5|525029.8125|-5948.87353515625|4495.078125|34768188.0|45|57|56|20|6|12,62;13,73;14,64;14,65;14,66;14,73;15,64;15,66;19,67;19,68;20,67;20,68;26,25;30,76;34,32;44,77;48,61;49,56;50,76;51,2;51,75;51,76;51,77;56,3;56,48;56,52;56,53;56,56;56,57;56,72;57,52;57,53;57,56;57,57;57,61;57,71;57,72;57,76;58,52;58,53;58,56;58,71;58,72;58,76;77,32
ctn_asc_48_iw3:2020-12-23|ctn_asc_48_iw3|ctn_asc_48_iw3|2020-12-23|ASCENDING|80|80|2087932.625|12281.3359375|2087932.625|627022.0625|-5995.283203125|-110.5107421875|28335936.0|29|51|52|13|4|7,69;8,60;8,62;8,69;9,60;9,62;13,64;14,63;14,64;24,72;43,52;44,72;45,71;45,72;50,52;50,68;51,48;51,49;51,52;51,53;51,67;51,68;51,72;52,48;52,67;77,16;77,17;79,14;79,15
cts_asc_48_iw3:2020-12-23|cts_asc_48_iw3|cts_asc_48_iw3|2020-12-23|ASCENDING|80|80|1189262.125|12961.078125|1189262.125|363421.6875|-2790.13818359375|2596.5703125|50246664.0|90|63|55|28|12|0,27;0,28;1,28;4,49;5,49;5,60;18,61;19,60;19,61;20,61;20,63;20,64;20,65;20,68;20,71;20,72;21,62;21,63;21,64;21,65;21,71;21,72;22,64;22,70;22,72;26,65;26,66;26,67;27,65;27,66;27,67;33,23;33,24;33,78;33,79;37,74;37,75;41,30;41,31;46,72;47,50;47,51;49,79;50,75;50,76;55,59;56,54;56,55;57,0;57,55;57,70;57,73;57,74;57,75;58,72;58,73;58,74;58,75;61,2;62,1;62,2;62,46;62,47;62,51;62,54;62,55;62,70;62,71;62,74;63,46;63,50;63,51;63,54;63,55;63,59;63,69;63,70;63,71;63,74;64,51;64,54;64,55;64,69;64,70;64,74;65,51;65,69;65,70;65,74;68,54
beach_asc_48_iw3:2021-01-04|beach_asc_48_iw3|beach_asc_48_iw3|2021-01-04|ASCENDING|80|80|2805925.25|7343.2724609375|2805925.25|865277.625|-4067.69482421875|5054.60546875|16784478.0|13|65|14|7|5|22,26;22,35;23,26;39,37;39,38;59,38;64,14;64,15;65,14;65,15;65,34;66,14;77,53
cte_asc_48_iw3:2021-01-04|cte_asc_48_iw3|cte_asc_48_iw3|2021-01-04|ASCENDING|80|80|2696314.0|12822.2431640625|2696314.0|822505.375|-2323.023193359375|4090.07568359375|21152552.0|18|55|51|9|5|11,71;11,72;12,63;12,72;13,63;24,24;25,24;28,74;49,1;49,74;49,75;54,51;54,52;55,51;55,52;55,55;55,70;56,51
ctn_asc_48_iw3:2021-01-04|ctn_asc_48_iw3|ctn_asc_48_iw3|2021-01-04|ASCENDING|80|80|7530253.0|13674.732421875|7530253.0|2495457.25|-4744.14599609375|375.4960021972656|17005092.0|4|79|14|3|2|49,49;77,14;79,14;79,15
cts_asc_48_iw3:2021-01-04|cts_asc_48_iw3|cts_asc_48_iw3|2021-01-04|ASCENDING|80|80|2292996.0|13302.580078125|2292996.0|691341.125|-2331.930419921875|9104.59765625|27627576.0|28|61|51|11|6|18,63;18,64;18,71;18,72;19,63;19,64;19,65;19,72;31,23;31,24;31,25;35,74;35,75;55,1;55,74;55,75;56,75;56,76;60,51;60,52;61,51;61,52;61,71;62,49;62,51;62,52;62,55;63,75
beach_asc_48_iw3:2021-01-28|beach_asc_48_iw3|beach_asc_48_iw3|2021-01-28|ASCENDING|80|80|2391249.5|7038.1298828125|2391249.5|721280.0625|-1970.8717041015625|-1097.4443359375|31188614.0|30|65|14|16|4|4,50;5,50;7,10;21,32;22,26;22,34;22,35;23,25;23,26;27,29;27,30;37,50;38,37;39,37;56,22;59,37;59,38;64,9;64,13;64,14;64,18;64,33;64,37;65,13;65,14;65,17;65,18;65,33;65,37;70,39
cte_asc_48_iw3:2021-01-28|cte_asc_48_iw3|cte_asc_48_iw3|2021-01-28|ASCENDING|80|80|1630532.875|12359.466796875|1630532.875|489830.5625|-204.83096313476562|-1777.3509521484375|41575468.0|57|54|52|22|6|10,71;11,64;11,65;11,66;11,70;11,73;12,64;12,65;12,66;12,74;13,71;16,68;17,67;17,68;24,24;27,75;27,76;28,75;28,76;37,73;38,40;41,71;45,61;48,1;48,2;48,75;48,76;48,77;49,2;49,3;49,77;52,3;53,3;53,4;53,48;53,52;53,53;53,56;53,71;53,72;53,75;53,76;54,48;54,50;54,52;54,53;54,56;54,57;54,72;54,75;54,76;55,52;55,56;60,77;60,78;78,21;79,21
ctn_asc_48_iw3:2021-01-28|ctn_asc_48_iw3|ctn_asc_48_iw3|2021-01-28|ASCENDING|80|80|4485820.5|13123.904296875|4485820.5|1431137.25|-2147.586181640625|-3516.207763671875|19664166.0|8|78|14|4|3|4,60;46,48;74,14;75,13;75,14;77,14;78,13;78,14
cts_asc_48_iw3:2021-01-28|cts_asc_48_iw3|cts_asc_48_iw3|2021-01-28|ASCENDING|80|80|2239257.5|12131.4921875|2239257.5|688883.5625|-581.809814453125|-5912.2734375|32302818.0|32|61|51|16|5|3,47;17,69;18,63;18,71;18,72;19,62;19,63;23,66;23,67;24,66;34,74;35,74;52,59;55,0;55,1;55,74;55,75;60,2;60,46;60,50;60,51;60,55;60,70;60,74;61,50;61,51;61,52;61,54;61,55;61,70;61,74;66,76
beach_asc_48_iw3:2021-02-09|beach_asc_48_iw3|beach_asc_48_iw3|2021-02-09|ASCENDING|80|80|2257650.0|8385.5185546875|2257650.0|708879.1875|-4422.71875|-6336.78369140625|26716892.0|25|57|38|14|6|3,27;6,12;18,34;20,26;20,35;20,36;21,26;21,27;22,34;32,54;37,38;47,2;47,3;56,38;57,37;57,38;57,39;58,38;58,39;63,10;63,14;63,15;63,18;63,19;75,54
cte_asc_48_iw3:2021-02-09|cte_asc_48_iw3|cte_asc_48_iw3|2021-02-09|ASCENDING|80|80|2340925.0|13206.421875|2340925.0|713094.25|-5244.548828125|-6039.53662109375|35543396.0|34|79|17|13|5|7,70;7,72;8,63;8,64;8,65;8,72;9,63;9,64;20,23;20,79;23,29;23,30;24,75;34,39;34,40;35,39;44,75;44,76;45,74;45,75;45,76;50,51;50,56;51,51;51,52;51,55;51,56;76,20;76,21;77,20;77,21;79,16;79,17;79,18
ctn_asc_48_iw3:2021-02-09|ctn_asc_48_iw3|ctn_asc_48_iw3|2021-02-09|ASCENDING|80|80|9758163.0|12935.638671875|9758163.0|3092437.25|2161.9296875|-67.0052490234375|29153398.0|5|75|13|1|5|75,12;75,13;75,14;76,13;76,14
cts_asc_48_iw3:2021-02-09|cts_asc_48_iw3|cts_asc_48_iw3|2021-02-09|ASCENDING|80|80|2108131.25|13198.966796875|2108131.25|634480.1875|-1911.645751953125|-6869.576171875|29690804.0|30|53|75|17|4|0,34;2,49;14,71;16,70;16,72;16,73;17,63;17,64;17,73;18,64;18,71;29,23;31,30;32,30;33,75;43,39;43,40;52,56;53,75;53,76;54,75;54,76;58,3;59,47;59,51;59,52;59,55;59,56;60,52;60,56
beach_asc_48_iw3:2021-02-21|beach_asc_48_iw3|beach_asc_48_iw3|2021-02-21|ASCENDING|80|80|2085655.625|7544.28857421875|2085655.625|627116.5625|9511.8125|5718.46435546875|35358816.0|36|38|38|16|5|0,0;19,34;20,33;21,25;21,27;21,33;21,35;21,36;22,26;22,27;22,35;22,36;23,26;27,29;27,30;34,42;34,43;37,38;38,38;42,55;58,38;58,39;59,37;59,38;64,10;64,14;64,15;64,19;64,34;65,12;65,14;65,15;65,18;65,19;70,40;77,54
cte_asc_48_iw3:2021-02-21|cte_asc_48_iw3|cte_asc_48_iw3|2021-02-21|ASCENDING|80|80|2617700.0|11814.462890625|2617700.0|839872.4375|12947.3037109375|-1691.1533203125|33772460.0|27|53|3|12|4|10,70;10,72;11,63;11,64;11,72;11,73;12,63;23,79;27,74;27,75;28,75;47,1;47,75;48,74;48,75;52,2;52,3;53,2;53,3;53,51;53,52;53,55;53,56;53,71;54,49;54,51;54,52
ctn_asc_48_iw3:2021-02-21|ctn_asc_48_iw3|ctn_asc_48_iw3|2021-02-21|ASCENDING|80|80|8257802.0|12432.275390625|8257802.0|3322531.5|1141.42626953125|-2355.73583984375|15902336.0|3|77|13|1|3|77,13;77,14;78,13
cts_asc_48_iw3:2021-02-21|cts_asc_48_iw3|cts_asc_48_iw3|2021-02-21|ASCENDING|80|80|2789491.75|11646.1328125|2789491.75|851027.875|11575.462890625|2838.243408203125|32975756.0|26|60|3|11|5|17,72;17,73;18,63;18,64;18,73;30,79;33,75;34,75;54,1;54,2;54,75;54,76;55,74;55,75;59,2;59,3;60,2;60,3;60,4;60,51;60,52;60,56;60,71;61,52;61,56;66,77
beach_asc_48_iw3:2021-03-05|beach_asc_48_iw3|beach_asc_48_iw3|2021-03-05|ASCENDING|80|80|2283889.75|6922.0302734375|2283889.75|687273.875|-12954.888671875|6924.6435546875|28146460.0|28|65|14|10|6|22,26;22,27;22,28;22,34;22,35;23,26;23,27;23,28;23,35;27,29;27,30;28,29;37,50;38,37;39,37;55,54;58,37;58,38;59,37;59,38;64,14;64,18;64,33;64,34;64,35;65,13;65,14;65,18
cte_asc_48_iw3:2021-03-05|cte_asc_48_iw3|cte_asc_48_iw3|2021-03-05|ASCENDING|80|80|1770267.875|12854.7490234375|1770267.875|538277.8125|-10194.3720703125|4342.42529296875|39940448.0|46|11|73|18|6|11,65;11,66;11,70;11,72;11,73;11,74;12,64;12,65;12,66;12,73;12,74;13,66;17,67;17,68;17,69;18,67;24,24;26,31;28,76;29,29;30,29;37,34;38,34;41,78;47,56;48,75;48,76;48,77;49,76;49,77;53,53;54,52;54,53;54,56;54,72;55,52;55,53;55,56;55,75;72,32;73,31;73,32;75,31;75,32;76,31;76,32
ctn_asc_48_iw3:2021-03-05|ctn_asc_48_iw3|ctn_asc_48_iw3|2021-03-05|ASCENDING|80|80|3382686.0|13392.025390625|3382686.0|1015194.75|-6414.11572265625|2861.680908203125|24386664.0|16|79|14|10|3|5,69;6,60;6,62;6,69;11,64;22,72;42,72;43,72;43,73;48,48;49,48;69,27;69,28;77,14;77,15;79,14
cts_asc_48_iw3:2021-03-05|cts_asc_48_iw3|cts_asc_48_iw3|2021-03-05|ASCENDING|80|80|2014854.5|12642.3125|2014854.5|615332.625|-11527.9453125|4155.5234375|35145440.0|40|61|51|16|6|18,63;18,64;18,65;18,68;18,71;18,72;19,63;19,64;19,65;19,72;20,70;23,67;24,65;24,66;24,67;31,22;31,23;34,74;35,74;35,75;36,27;37,27;44,33;48,77;51,35;55,73;55,74;55,75;56,74;56,75;60,51;60,54;60,55;60,71;60,72;61,50;61,51;61,55;62,51;79,30
beach_asc_48_iw3:2021-03-17|beach_asc_48_iw3|beach_asc_48_iw3|2021-03-17|ASCENDING|80|80|1923723.25|6897.40625|1923723.25|581556.5625|-1728.706787109375|-10727.9921875|34259220.0|36|65|18|13|6|7,25;22,25;22,26;22,28;22,31;22,34;22,35;23,25;23,28;23,33;24,28;37,50;37,51;38,37;38,38;39,37;39,38;56,22;58,37;58,38;59,36;59,37;59,38;60,36;64,13;64,14;64,17;64,18;64,33;64,37;64,38;65,13;65,14;65,17;65,18;65,33
cte_asc_48_iw3:2021-03-17|cte_asc_48_iw3|cte_asc_48_iw3|2021-03-17|ASCENDING|80|80|1909904.375|13061.5478515625|1909904.375|589123.3125|1870.3465576171875|-5003.67041015625|27256776.0|32|26|76|13|6|9,64;9,66;9,70;9,73;10,64;10,66;10,67;11,66;15,68;25,76;26,75;26,76;39,77;42,37;43,61;45,76;46,75;46,76;47,74;47,75;47,76;51,56;52,52;52,53;52,56;52,57;52,72;53,52;53,53;53,56;53,57;53,72
ctn_asc_48_iw3:2021-03-17|ctn_asc_48_iw3|ctn_asc_48_iw3|2021-03-17|ASCENDING|80|80|3810088.5|13585.22265625|3810088.5|1147716.75|-3309.60107421875|-37.8455810546875|22023404.0|12|78|14|8|3|3,69;4,60;4,62;20,72;40,72;46,52;74,14;75,14;75,15;77,14;78,14;78,15
cts_asc_48_iw3:2021-03-17|cts_asc_48_iw3|cts_asc_48_iw3|2021-03-17|ASCENDING|80|80|1690951.375|12422.529296875|1690951.375|507451.28125|-3248.19384765625|-5263.69091796875|40327264.0|51|61|55|19|11|3,62;17,64;18,62;18,63;18,64;18,65;18,68;18,71;18,72;19,62;19,63;19,64;19,65;19,72;20,64;20,65;20,70;26,51;34,74;34,75;35,74;35,75;47,69;47,70;48,75;51,35;52,59;53,55;54,55;54,74;54,75;55,73;55,74;55,75;56,2;56,72;56,73;60,50;60,51;60,54;60,55;60,70;60,74;60,75;61,51;61,52;61,54;61,55;61,70;62,51;65,3
beach_asc_48_iw3:2021-03-29|beach_asc_48_iw3|beach_asc_48_iw3|2021-03-29|ASCENDING|80|80|1809950.5|7513.47412109375|1809950.5|544559.5|7610.5048828125|-1309.4412841796875|32405570.0|38|58|37|16|8|4,26;19,29;20,29;21,27;21,28;21,34;22,27;22,28;23,27;23,33;27,29;36,50;37,37;37,50;38,37;51,38;51,40;55,22;57,36;57,37;58,35;58,36;58,37;58,38;59,35;59,36;64,13;64,14;64,17;64,18;64,33;64,35;65,13;65,14;65,17;65,18;69,38;70,39
cte_asc_48_iw3:2021-03-29|cte_asc_48_iw3|cte_asc_48_iw3|2021-03-29|ASCENDING|80|80|1954448.0|10643.837890625|1954448.0|587483.25|-3181.07763671875|-9294.2451171875|33459628.0|37|53|54|17|7|10,64;10,70;10,71;11,64;11,71;12,63;12,64;12,69;16,65;16,66;23,22;23,23;23,78;27,73;27,74;40,77;46,74;47,72;47,73;47,74;48,72;48,73;48,74;49,1;53,50;53,51;53,54;53,58;53,70;53,72;54,48;54,50;54,51;54,54;58,75;59,75;59,76
ctn_asc_48_iw3:2021-03-29|ctn_asc_48_iw3|ctn_asc_48_iw3|2021-03-29|ASCENDING|80|80|10864511.0|10969.818359375|10864511.0|5971059.5|-309.43408203125|-736.7347412109375|34380104.0|4|77|14|1|4|77,13;77,14;78,13;78,14
cts_asc_48_iw3:2021-03-29|cts_asc_48_iw3|cts_asc_48_iw3|2021-03-29|ASCENDING|80|80|1783958.0|11592.826171875|1783958.0|535467.5|2893.903076171875|-8241.365234375|39496076.0|47|54|74|21|8|0,63;1,33;16,66;17,64;17,65;17,71;18,64;18,65;18,72;19,64;19,69;19,70;23,65;23,66;30,22;30,23;30,78;33,74;34,74;47,75;47,77;51,59;53,74;54,72;54,73;54,74;54,75;55,72;55,73;55,74;56,1;59,70;59,72;60,2;60,46;60,50;60,51;60,54;60,55;60,70;60,72;61,50;61,51;61,54;61,55;65,75;66,76
beach_asc_48_iw3:2021-04-10|beach_asc_48_iw3|beach_asc_48_iw3|2021-04-10|ASCENDING|80|80|2204313.75|7020.3955078125|2204313.75|665587.75|779.69140625|-4195.19775390625|25784676.0|27|65|14|17|4|4,26;4,27;22,26;22,28;22,35;23,28;27,29;27,30;30,31;34,42;36,50;37,50;38,37;51,40;58,38;59,38;64,14;64,15;64,18;64,33;64,35;64,37;64,38;65,14;65,15;65,18;67,37
cte_asc_48_iw3:2021-04-10|cte_asc_48_iw3|cte_asc_48_iw3|2021-04-10|ASCENDING|80|80|1822621.625|12061.4736328125|1822621.625|548695.375|-1476.5267333984375|2067.572021484375|28265496.0|34|54|51|19|4|11,62;11,64;11,71;12,62;12,64;16,66;16,67;20,67;20,68;23,78;24,78;27,74;28,74;31,30;32,30;37,71;40,77;41,77;45,56;47,74;47,75;48,74;48,75;53,46;53,50;53,51;53,55;53,70;53,72;53,74;53,75;54,50;54,51;56,74
ctn_asc_48_iw3:2021-04-10|ctn_asc_48_iw3|ctn_asc_48_iw3|2021-04-10|ASCENDING|80|80|7058292.0|12505.2705078125|7058292.0|2194244.0|679.8372192382812|-712.3563232421875|17615554.0|4|77|12|1|4|77,12;77,13;78,12;78,13
cts_asc_48_iw3:2021-04-10|cts_asc_48_iw3|cts_asc_48_iw3|2021-04-10|ASCENDING|80|80|2308481.75|11468.732421875|2308481.75|729808.9375|-1339.996337890625|-1717.185546875|21781634.0|21|61|51|14|4|0,63;0,64;1,63;18,72;19,65;23,67;30,79;34,74;47,77;54,75;55,75;60,51;60,52;60,55;60,70;60,72;60,74;60,75;61,51;61,52;63,74
beach_asc_48_iw3:2021-04-22|beach_asc_48_iw3|beach_asc_48_iw3|2021-04-22|ASCENDING|80|80|1980952.5|7366.55029296875|1980952.5|596783.6875|-6567.775390625|-689.5396118164062|29804984.0|31|65|12|16|6|4,24;21,32;21,33;22,23;22,32;22,33;27,26;27,27;34,39;37,48;38,35;48,0;58,34;58,35;58,36;59,31;59,34;59,35;59,36;64,7;64,11;64,12;64,13;64,16;64,31;64,35;64,36;65,11;65,12;65,31;69,36
cte_asc_48_iw3:2021-04-22|cte_asc_48_iw3|cte_asc_48_iw3|2021-04-22|ASCENDING|80|80|1948866.75|11764.109375|1948866.75|586618.4375|-5718.00732421875|-3798.5498046875|38260444.0|41|54|50|19|6|10,70;10,71;11,70;11,71;12,62;16,65;16,66;23,78;27,73;27,74;37,38;38,38;40,74;44,34;45,56;47,73;47,74;48,0;48,69;48,72;48,73;48,74;48,75;49,0;49,1;52,1;52,2;53,1;53,2;53,46;53,50;53,51;53,54;53,69;53,70;53,74;54,50;54,51;78,19;79,18;79,19
ctn_asc_48_iw3:2021-04-22|ctn_asc_48_iw3|ctn_asc_48_iw3|2021-04-22|ASCENDING|80|80|15214342.0|12150.248046875|15214342.0|8296921.5|97.364990234375|-2230.77587890625|48014676.0|4|77|11|1|4|77,11;77,12;78,11;78,12
cts_asc_48_iw3:2021-04-22|cts_asc_48_iw3|cts_asc_48_iw3|2021-04-22|ASCENDING|80|80|2098839.5|11605.52734375|2098839.5|634115.375|-3400.25732421875|-4763.2197265625|31441606.0|31|61|49|16|5|0,61;1,61;17,69;17,70;18,69;18,70;23,64;30,76;34,72;44,36;44,37;50,33;51,33;54,71;54,72;55,68;55,71;55,72;55,73;56,0;59,0;60,0;60,44;60,48;60,49;60,50;60,53;60,68;60,72;61,48;61,49
beach_asc_48_iw3:2021-05-04|beach_asc_48_iw3|beach_asc_48_iw3|2021-05-04|ASCENDING|80|80|2016460.375|6764.03515625|2016460.375|608050.4375|5999.88330078125|3836.71826171875|33990100.0|35|65|17|16|5|5,25;5,26;22,33;22,34;23,25;23,27;23,34;24,32;28,28;28,29;35,41;37,50;38,50;39,36;39,37;52,38;59,32;59,36;59,37;60,36;60,37;64,14;64,17;64,33;64,36;64,37;65,13;65,14;65,17;65,18;65,32;65,33;65,37;66,37;67,36
cte_asc_48_iw3:2021-05-04|cte_asc_48_iw3|cte_asc_48_iw3|2021-05-04|ASCENDING|80|80|2023070.75|12370.0849609375|2023070.75|613706.5|11270.30078125|9538.0615234375|31648580.0|33|53|54|14|5|9,70;9,71;10,70;10,71;16,65;22,78;26,73;27,73;39,75;43,34;44,58;46,73;46,74;47,69;47,72;47,73;47,74;51,1;51,73;52,1;52,50;52,54;52,69;52,73;52,74;53,50;53,51;53,53;53,54;53,69;53,70;53,73;53,74
ctn_asc_48_iw3:2021-05-04|ctn_asc_48_iw3|ctn_asc_48_iw3|2021-05-04|ASCENDING|80|80|5796296.0|12098.373046875|5796296.0|2027310.125|-415.850341796875|2187.23291015625|27516068.0|7|78|11|4|4|41,69;47,50;75,12;77,11;77,12;78,11;78,12
cts_asc_48_iw3:2021-05-04|cts_asc_48_iw3|cts_asc_48_iw3|2021-05-04|ASCENDING|80|80|1630100.875|12662.451171875|1630100.875|495013.15625|10996.7080078125|3622.51611328125|37344852.0|46|59|54|22|6|0,62;2,61;15,60;16,70;16,71;17,62;17,64;17,71;18,69;22,65;22,66;23,65;29,78;33,73;33,74;40,31;46,75;49,34;50,34;53,69;53,72;53,73;53,74;54,0;54,69;54,73;54,74;58,1;58,51;58,54;58,73;58,74;59,1;59,50;59,51;59,54;59,69;59,70;59,74;60,48;60,50;60,54;60,70;60,74;61,73;61,74
beach_asc_48_iw3:2021-05-16|beach_asc_48_iw3|beach_asc_48_iw3|2021-05-16|ASCENDING|80|80|1899587.25|6763.6279296875|1899587.25|582275.8125|-68.5794677734375|-9343.265625|38933732.0|44|58|37|17|9|6,25;7,7;7,12;7,25;19,33;20,32;20,33;21,32;21,34;21,35;22,25;22,26;22,34;22,35;23,33;27,28;27,29;31,24;36,50;37,50;38,37;46,35;47,34;47,35;51,38;51,39;58,37;58,38;59,36;59,37;59,38;59,39;63,37;64,9;64,13;64,14;64,15;64,17;64,18;64,33;64,37;64,38;65,14;65,18
cte_asc_48_iw3:2021-05-16|cte_asc_48_iw3|cte_asc_48_iw3|2021-05-16|ASCENDING|80|80|1814321.5|11370.548828125|1814321.5|550527.6875|-3878.66064453125|-9299.4794921875|40916352.0|46|45|74|22|5|6,70;7,69;8,69;8,71;9,62;9,71;9,72;10,62;10,69;10,72;14,65;14,66;21,78;25,74;33,72;34,71;34,72;38,75;39,76;42,34;42,35;43,59;45,0;45,73;45,74;46,73;46,74;46,75;47,1;48,35;50,74;51,46;51,50;51,51;51,54;51,55;51,69;51,70;51,74;52,50;52,51;52,54;76,19;77,19;78,16;79,17
ctn_asc_48_iw3:2021-05-16|ctn_asc_48_iw3|ctn_asc_48_iw3|2021-05-16|ASCENDING|80|80|13262868.0|11547.994140625|13262868.0|5654186.0|-1974.267822265625|-424.581787109375|39079500.0|4|75|12|1|4|75,11;75,12;76,11;76,12
cts_asc_48_iw3:2021-05-16|cts_asc_48_iw3|cts_asc_48_iw3|2021-05-16|ASCENDING|80|80|1880185.625|11147.794921875|1880185.625|574878.8125|1052.9312744140625|-9725.810546875|43109704.0|48|52|74|19|9|0,62;1,44;1,49;1,62;2,44;2,49;13,70;14,69;14,70;15,69;15,71;15,72;16,62;16,71;16,72;17,70;21,65;21,66;25,61;32,74;40,72;41,71;41,72;45,75;48,35;49,35;52,0;52,74;52,75;53,0;53,73;53,74;53,75;54,36;55,36;57,74;58,46;58,50;58,51;58,52;58,54;58,55;58,70;58,74;58,75;59,50;59,51;59,55
beach_asc_48_iw3:2021-05-28|beach_asc_48_iw3|beach_asc_48_iw3|2021-05-28|ASCENDING|80|80|2173836.25|6259.0|2173836.25|660748.1875|-10969.8193359375|2995.4794921875|28169708.0|26|65|12|10|5|21,32;22,23;22,32;22,33;23,23;34,39;37,48;38,35;39,35;51,36;51,37;58,35;59,34;59,35;59,36;64,11;64,12;64,16;64,31;64,32;64,33;65,11;65,12;65,16;65,32;65,33
cte_asc_48_iw3:2021-05-28|cte_asc_48_iw3|cte_asc_48_iw3|2021-05-28|ASCENDING|80|80|1874548.0|11963.40234375|1874548.0|564729.3125|-9958.775390625|4081.8251953125|33196322.0|37|11|71|16|6|10,71;11,70;11,71;12,62;12,71;17,65;21,19;21,20;24,78;27,73;27,74;28,73;28,74;36,72;40,75;41,75;41,76;47,74;48,0;48,69;48,72;48,73;48,74;49,0;49,73;49,74;53,1;53,50;53,51;53,71;54,50;54,51;54,54;54,71;55,50;55,51;57,71
ctn_asc_48_iw3:2021-05-28|ctn_asc_48_iw3|ctn_asc_48_iw3|2021-05-28|ASCENDING|80|80|6090845.5|12665.138671875|6090845.5|1858672.25|-1128.766845703125|-356.2943115234375|16575548.0|5|77|12|1|5|77,11;77,12;78,11;78,12;79,12
cts_asc_48_iw3:2021-05-28|cts_asc_48_iw3|cts_asc_48_iw3|2021-05-28|ASCENDING|80|80|2050808.625|11561.9052734375|2050808.625|616083.0|-8608.859375|4093.33984375|28830614.0|29|61|49|13|5|17,69;18,69;18,70;19,60;28,18;28,19;30,76;34,72;35,72;43,70;47,73;48,73;48,74;54,72;55,68;55,71;55,72;55,73;60,0;60,48;60,49;60,53;60,68;60,69;60,70;61,48;61,49;61,69;62,49
beach_asc_48_iw3:2021-06-09|beach_asc_48_iw3|beach_asc_48_iw3|2021-06-09|ASCENDING|80|80|2021710.75|6683.310546875|2021710.75|622725.6875|4886.892578125|-5871.5009765625|26765374.0|28|65|12|14|5|21,32;22,32;23,23;24,30;24,31;34,39;37,48;38,35;39,35;52,38;57,15;58,15;58,35;59,34;59,35;59,36;60,35;64,11;64,12;64,15;64,16;64,31;64,35;65,11;65,12;65,15;65,16;67,35
cte_asc_48_iw3:2021-06-09|cte_asc_48_iw3|cte_asc_48_iw3|2021-06-09|ASCENDING|80|80|1652853.625|12663.8046875|1652853.625|504480.71875|2118.51220703125|2021.857421875|32294760.0|40|48|74|20|6|10,71;11,70;11,71;12,62;12,71;13,69;14,69;16,66;17,66;20,50;23,21;24,21;24,22;24,78;28,73;28,74;35,31;41,69;41,76;44,34;47,54;48,73;48,74;49,0;49,73;49,74;49,75;50,1;53,50;53,51;54,50;54,51;54,54;54,69;55,50;55,51;55,54;55,69;55,73;79,18
ctn_asc_48_iw3:2021-06-09|ctn_asc_48_iw3|ctn_asc_48_iw3|2021-06-09|ASCENDING|80|80|6394822.5|12886.662109375|6394822.5|2082792.25|1192.634765625|-474.792236328125|20966464.0|6|77|12|1|6|77,11;77,12;77,13;78,12;79,11;79,12
cts_asc_48_iw3:2021-06-09|cts_asc_48_iw3|cts_asc_48_iw3|2021-06-09|ASCENDING|80|80|1937787.0|11947.1982421875|1937787.0|601278.125|3387.361328125|-1832.5654296875|30450876.0|35|61|49|15|6|17,69;18,68;18,69;19,60;20,67;20,68;30,19;30,76;31,20;31,76;34,72;35,72;42,29;48,75;51,32;51,33;53,52;54,52;54,72;55,71;55,72;55,73;56,72;56,73;60,48;60,49;60,52;60,53;60,72;61,48;61,49;61,52;61,53;62,49;63,72
beach_asc_48_iw3:2021-06-21|beach_asc_48_iw3|beach_asc_48_iw3|2021-06-21|ASCENDING|80|80|2031445.125|6556.32421875|2031445.125|610606.875|-5629.32861328125|-2286.8564453125|28770908.0|29|65|13|15|5|21,27;21,33;21,34;22,34;23,32;24,32;37,49;37,50;38,36;38,37;42,53;48,13;51,39;57,17;58,36;58,37;59,32;59,35;59,36;59,37;64,8;64,13;64,14;64,17;64,32;64,33;65,13;65,14;65,17
cte_asc_48_iw3:2021-06-21|cte_asc_48_iw3|cte_asc_48_iw3|2021-06-21|ASCENDING|80|80|1565974.5|12734.896484375|1565974.5|472792.625|-7712.47412109375|2233.39501953125|47469288.0|68|54|50|27|9|9,69;10,63;10,70;10,71;11,63;11,70;11,71;12,61;12,69;12,71;13,68;13,69;15,78;17,65;23,20;23,21;23,77;24,20;24,21;24,22;24,77;25,27;27,73;28,73;37,31;37,32;37,49;37,50;38,32;38,37;38,49;41,32;41,33;41,76;42,33;45,55;45,58;46,53;47,53;47,54;47,73;48,68;48,69;48,71;48,72;48,73;48,74;49,0;49,73;50,0;53,1;53,45;53,49;53,50;53,53;53,54;53,69;54,47;54,49;54,50;54,53;54,54;54,69;55,47;55,49;55,50;78,18;79,18
ctn_asc_48_iw3:2021-06-21|ctn_asc_48_iw3|ctn_asc_48_iw3|2021-06-21|ASCENDING|80|80|12606749.0|13347.9560546875|12606749.0|4829223.0|-5738.67724609375|1079.9110107421875|30057566.0|4|77|11|1|4|77,10;77,11;77,12;78,11
cts_asc_48_iw3:2021-06-21|cts_asc_48_iw3|cts_asc_48_iw3|2021-06-21|ASCENDING|80|80|1987983.625|11894.3896484375|1987983.625|611341.8125|-12446.525390625|1876.426513671875|33439760.0|35|61|50|15|6|17,70;17,71;18,70;18,71;19,69;20,69;30,21;30,22;31,21;31,22;34,73;44,32;44,50;48,33;53,54;54,73;54,74;55,0;55,69;55,72;55,73;55,74;56,0;56,1;60,45;60,49;60,50;60,51;60,54;60,69;60,70;61,47;61,50;61,51;61,54
beach_asc_48_iw3:2021-07-03|beach_asc_48_iw3|beach_asc_48_iw3|2021-07-03|ASCENDING|80|80|2272846.75|8077.58251953125|2272846.75|686017.0|-1495.0455322265625|-11662.8701171875|48261252.0|48|63|13|19|6|19,28;19,32;20,23;20,33;20,34;21,24;21,25;21,34;22,32;35,49;36,49;37,36;37,37;47,0;47,1;55,41;56,17;57,29;57,32;57,35;57,36;57,37;58,35;58,36;58,37;62,13;62,17;62,21;62,33;62,36;62,37;63,10;63,11;63,13;63,14;63,17;63,21;63,32;63,33;63,36;63,37;64,10;64,11;64,13;64,36;68,38;68,39;69,38
cte_asc_48_iw3:2021-07-03|cte_asc_48_iw3|cte_asc_48_iw3|2021-07-03|ASCENDING|80|80|2773837.0|13500.076171875|2773837.0|833487.1875|-1602.49267578125|-14116.16015625|41031240.0|32|79|15|16|4|7,68;7,70;8,61;8,70;9,61;17,20;24,73;25,73;31,30;41,34;44,73;45,72;45,73;45,74;50,49;50,50;50,54;50,69;50,73;51,47;51,49;51,50;51,53;51,54;51,69;51,70;51,73;56,75;79,14;79,15;79,16;79,76
ctn_asc_48_iw3:2021-07-03|ctn_asc_48_iw3|ctn_asc_48_iw3|2021-07-03|ASCENDING|80|80|14610151.0|13189.19140625|14610151.0|5136008.5|-1563.849853515625|1582.564208984375|41620548.0|4|75|13|1|4|75,12;75,13;76,12;76,13
cts_asc_48_iw3:2021-07-03|cts_asc_48_iw3|cts_asc_48_iw3|2021-07-03|ASCENDING|80|80|2024062.0|13878.5166015625|2024062.0|607678.875|3608.128173828125|-10944.0859375|57097516.0|62|57|50|27|6|13,65;13,69;14,60;14,68;14,69;14,70;14,71;15,61;15,62;15,71;16,61;16,62;16,69;23,20;24,20;27,21;27,77;29,28;30,28;31,73;31,74;38,30;38,31;41,37;41,38;44,74;44,79;47,34;48,34;49,78;50,54;51,66;51,69;51,72;51,73;51,74;52,72;52,73;52,74;53,1;56,50;56,73;57,47;57,49;57,50;57,53;57,54;57,58;57,69;57,70;57,73;57,74;58,47;58,50;58,54;58,69;58,70;58,73;59,73;62,75;63,74;63,75
beach_asc_48_iw3:2021-07-15|beach_asc_48_iw3|beach_asc_48_iw3|2021-07-15|ASCENDING|80|80|2589668.75|7408.3486328125|2589668.75|794891.1875|3911.595458984375|1136.60693359375|19203490.0|17|63|13|10|4|20,33;20,34;21,34;33,40;37,36;47,0;47,1;57,37;62,13;62,32;63,12;63,13;63,32;64,10;64,13;65,36;68,38
cte_asc_48_iw3:2021-07-15|cte_asc_48_iw3|cte_asc_48_iw3|2021-07-15|ASCENDING|80|80|1576412.625|12972.5908203125|1576412.625|479487.6875|-187.06634521484375|5205.318359375|43230088.0|57|53|51|24|6|7,71;9,61;9,65;9,72;9,73;10,61;10,63;10,65;10,72;10,73;11,63;11,65;11,70;15,67;22,23;22,79;23,23;24,29;25,29;26,74;26,75;27,75;33,32;36,39;36,40;37,39;46,1;46,75;47,1;47,75;47,76;48,2;49,2;52,47;52,51;52,52;52,55;52,71;52,75;53,47;53,49;53,51;53,52;53,55;53,71;53,75;54,49;54,51;54,52;54,75;55,75;58,76;58,77;59,76;78,17;79,20;79,21
ctn_asc_48_iw3:2021-07-15|ctn_asc_48_iw3|ctn_asc_48_iw3|2021-07-15|ASCENDING|80|80|10149831.0|13255.00390625|10149831.0|4776939.5|791.238037109375|-1657.490966796875|29595512.0|4|78|13|1|4|77,12;77,13;78,12;78,13
cts_asc_48_iw3:2021-07-15|cts_asc_48_iw3|cts_asc_48_iw3|2021-07-15|ASCENDING|80|80|2311989.25|12850.5673828125|2311989.25|710548.375|129.630859375|2302.93359375|25209258.0|25|59|50|16|4|0,32;14,69;16,70;16,71;17,71;18,69;29,21;29,77;33,73;40,30;43,37;43,38;53,73;53,74;55,0;58,50;58,69;59,49;59,50;59,69;60,47;60,50;60,73;61,73;64,75
beach_asc_48_iw3:2021-07-27|beach_asc_48_iw3|beach_asc_48_iw3|2021-07-27|ASCENDING|80|80|2159658.5|7259.7548828125|2159658.5|661342.1875|5152.65234375|-7396.8583984375|40342680.0|35|56|38|13|6|19,35;19,36;20,29;20,35;20,36;25,30;36,38;56,33;56,34;56,37;56,38;56,39;57,33;57,34;57,37;57,38;57,39;62,10;62,14;62,15;62,18;62,19;62,34;62,35;62,38;63,12;63,14;63,15;63,18;63,19;63,34;63,38;64,12;67,40;68,40
cte_asc_48_iw3:2021-07-27|cte_asc_48_iw3|cte_asc_48_iw3|2021-07-27|ASCENDING|80|80|2080848.5|12217.1572265625|2080848.5|641645.875|-856.855224609375|-7831.634765625|49718448.0|48|46|70|22|5|8,72;9,65;9,72;10,70;14,67;21,23;22,23;25,48;25,75;26,75;38,34;39,34;39,35;40,34;40,35;42,36;45,1;45,70;45,71;45,74;45,75;46,0;46,1;46,70;46,71;46,74;46,75;50,75;51,47;51,51;51,52;51,55;51,56;51,59;51,71;51,75;52,49;52,51;52,52;52,55;52,56;52,71;53,49;56,77;57,76;57,77;77,20;78,17
ctn_asc_48_iw3:2021-07-27|ctn_asc_48_iw3|ctn_asc_48_iw3|2021-07-27|ASCENDING|80|80|11486221.0|12399.2109375|11486221.0|4604173.0|1695.2470703125|2608.934326171875|22789296.0|3|75|13|1|3|75,12;75,13;76,13
cts_asc_48_iw3:2021-07-27|cts_asc_48_iw3|cts_asc_48_iw3|2021-07-27|ASCENDING|80|80|2069800.625|11964.21484375|2069800.625|630666.1875|6726.669921875|-4829.50341796875|53399092.0|49|58|56|19|6|15,72;15,73;16,66;16,72;16,73;21,67;28,23;28,24;32,48;32,75;45,34;45,35;46,34;46,35;47,35;49,36;52,1;52,2;52,70;52,71;52,74;52,75;52,76;53,1;53,2;53,70;53,71;53,74;53,75;53,76;58,47;58,51;58,52;58,55;58,56;58,60;58,71;58,72;58,75;59,49;59,52;59,55;59,56;59,71;59,72;60,49;60,50;63,77;64,77
beach_asc_48_iw3:2021-08-08|beach_asc_48_iw3|beach_asc_48_iw3|2021-08-08|ASCENDING|80|80|1855185.0|7229.8203125|1855185.0|557045.6875|-811.2565307617188|-8604.455078125|40949972.0|45|19|34|21|5|19,23;19,33;19,34;19,35;20,25;20,34;20,35;21,32;25,29;32,41;35,37;35,50;36,36;36,37;46,1;46,2;47,1;47,22;49,38;49,39;49,40;56,25;56,32;56,36;56,37;57,32;57,36;58,0;58,1;59,0;59,1;61,33;62,9;62,13;62,14;62,17;62,18;62,33;63,11;63,13;63,14;63,17;63,18;64,11;68,39
cte_asc_48_iw3:2021-08-08|cte_asc_48_iw3|cte_asc_48_iw3|2021-08-08|ASCENDING|80|80|11903450.0|12207.11328125|11903450.0|10890918.0|-6639.28125|-83.04937744140625|22794368.0|2|79|16|1|2|79,15;79,16
ctn_asc_48_iw3:2021-08-08|ctn_asc_48_iw3|ctn_asc_48_iw3|2021-08-08|ASCENDING|80|80|12361849.0|12236.5966796875|12361849.0|7350932.0|-1510.043701171875|-1659.893310546875|37946528.0|4|73|11|1|4|73,11;73,12;74,11;74,12
cts_asc_48_iw3:2021-08-08|cts_asc_48_iw3|cts_asc_48_iw3|2021-08-08|ASCENDING|80|80|1813577.125|11791.1162109375|1813577.125|546860.1875|-5451.79736328125|-8141.66455078125|46629236.0|51|58|54|26|4|15,60;15,70;15,71;16,62;16,64;16,71;16,72;17,69;21,66;24,21;25,21;28,22;28,78;29,22;31,74;32,73;32,74;42,32;42,38;43,38;43,59;45,75;45,76;45,77;52,0;52,62;52,69;52,73;52,74;53,69;53,72;53,73;54,37;54,38;55,37;55,38;57,70;58,46;58,50;58,51;58,54;58,55;58,58;58,70;59,48;59,50;59,51;59,54;60,48;64,75;64,76
beach_asc_48_iw3:2021-08-20|beach_asc_48_iw3|beach_asc_48_iw3|2021-08-20|ASCENDING|80|80|2135127.0|6656.2666015625|2135127.0|643875.0|-11628.439453125|4148.89501953125|29533144.0|28|65|12|13|4|21,22;21,33;22,26;22,32;22,33;23,26;23,33;24,31;38,35;38,36;39,35;39,36;58,36;59,31;59,35;59,36;64,12;64,13;64,16;64,20;64,32;65,12;65,13;65,16;65,32;65,34;70,37;70,38
cte_asc_48_iw3:2021-08-20|cte_asc_48_iw3|cte_asc_48_iw3|2021-08-20|ASCENDING|80|80|2137097.0|12739.1796875|2137097.0|668661.9375|-9708.1103515625|6229.64013671875|32280944.0|31|11|69|14|5|10,58;11,62;11,68;11,69;11,70;12,62;12,69;12,70;20,19;21,18;21,19;24,20;24,21;27,72;28,72;45,33;48,63;48,68;48,72;48,73;49,72;49,73;53,0;53,49;54,48;54,49;54,53;54,68;55,48;55,49;55,68
ctn_asc_48_iw3:2021-08-20|ctn_asc_48_iw3|ctn_asc_48_iw3|2021-08-20|ASCENDING|80|80|4039958.75|13042.0478515625|4039958.75|1212387.5|-2937.755859375|704.1966552734375|30589858.0|17|77|10|8|8|5,65;6,65;15,15;18,16;22,68;42,68;48,45;48,64;49,45;77,10;77,11;78,9;78,10;79,8;79,9;79,10;79,11
cts_asc_48_iw3:2021-08-20|cts_asc_48_iw3|cts_asc_48_iw3|2021-08-20|ASCENDING|80|80|2088797.625|12137.720703125|2088797.625|641190.5625|-10987.1328125|7674.23876953125|36340620.0|35|61|49|17|5|17,59;18,63;18,69;18,70;19,63;19,70;20,68;27,19;27,20;28,19;30,21;31,20;31,21;34,72;34,73;35,72;35,73;51,33;55,68;55,72;55,73;56,73;60,0;60,49;60,50;60,53;60,57;60,69;61,49;61,50;61,53;61,69;61,71;62,49;66,74
beach_asc_48_iw3:2021-09-01|beach_asc_48_iw3|beach_asc_48_iw3|2021-09-01|ASCENDING|80|80|1862530.875|7438.8837890625|1862530.875|559679.4375|895.3190307617188|-11473.4052734375|40368328.0|45|63|13|18|5|20,25;20,31;20,32;20,33;20,34;21,24;21,25;21,34;22,25;22,32;25,29;26,29;33,41;35,49;35,50;36,36;36,37;36,49;36,50;37,36;37,37;47,0;47,1;48,1;50,39;55,41;56,41;57,35;57,36;57,37;58,35;62,13;62,17;63,9;63,13;63,14;63,17;63,33;64,11;64,13;64,17;65,37;68,39;69,38;69,39
cte_asc_48_iw3:2021-09-01|cte_asc_48_iw3|cte_asc_48_iw3|2021-09-01|ASCENDING|80|80|2063913.5|12296.4609375|2063913.5|620824.625|6765.8310546875|-3241.64404296875|44044480.0|48|53|50|20|6|9,68;9,69;9,70;9,71;10,61;10,62;10,70;10,71;11,61;11,62;12,69;15,66;22,22;22,77;23,22;26,73;26,74;36,37;37,37;37,38;40,76;43,34;45,77;45,78;46,0;46,73;47,0;47,72;47,73;48,0;48,71;52,45;52,50;52,54;53,45;53,49;53,50;53,53;53,54;53,69;54,47;54,50;58,75;59,75;78,18;79,17;79,18;79,19
ctn_asc_48_iw3:2021-09-01|ctn_asc_48_iw3|ctn_asc_48_iw3|2021-09-01|ASCENDING|80|80|11335372.0|11722.876953125|11335372.0|4366573.5|2105.546875|2290.34423828125|35629584.0|5|77|11|1|5|77,10;77,11;77,12;78,11;78,12
cts_asc_48_iw3:2021-09-01|cts_asc_48_iw3|cts_asc_48_iw3|2021-09-01|ASCENDING|80|80|1604234.375|13410.865234375|1604234.375|488463.21875|5835.2734375|-6022.23291015625|47271612.0|60|59|50|18|8|15,60;16,60;16,62;16,68;16,69;16,70;16,71;17,60;17,61;17,62;17,70;17,71;18,61;18,62;18,69;19,69;21,66;22,65;22,66;29,22;29,77;29,78;32,73;32,74;33,73;33,74;43,37;43,38;44,37;44,38;46,76;47,33;47,76;48,33;49,34;50,34;51,78;52,78;53,0;53,72;53,73;53,74;54,0;54,72;54,73;55,0;55,1;58,50;59,45;59,46;59,50;59,51;59,54;60,48;60,50;60,54;61,73;61,74;65,75;65,76
beach_asc_48_iw3:2021-09-13|beach_asc_48_iw3|beach_asc_48_iw3|2021-09-13|ASCENDING|80|80|2489721.75|8339.39453125|2489721.75|761445.4375|-615.59375|-808.9400024414062|34151224.0|31|66|14|16|5|22,24;22,32;23,24;23,32;23,34;23,35;24,25;24,26;24,34;24,35;25,26;36,41;38,50;39,37;39,50;40,37;50,1;50,2;53,40;58,42;61,30;66,9;66,13;66,14;66,18;66,33;66,37;67,13;67,14;67,37;69,37
cte_asc_48_iw3:2021-09-13|cte_asc_48_iw3|cte_asc_48_iw3|2021-09-13|ASCENDING|80|80|2197347.75|12701.416015625|2197347.75|662589.75|2055.454345703125|332.78985595703125|40121016.0|38|55|52|18|6|11,62;12,62;12,70;12,71;12,72;12,73;13,62;13,63;13,64;13,73;13,74;14,64;14,71;23,22;26,19;29,75;29,76;39,34;39,40;40,40;42,78;44,36;49,2;50,2;50,69;55,52;55,53;55,56;55,72;55,76;56,52;56,53;56,56;57,76;58,76;62,6;62,7;63,6
ctn_asc_48_iw3:2021-09-13|ctn_asc_48_iw3|ctn_asc_48_iw3|2021-09-13|ASCENDING|80|80|10749199.0|13512.501953125|10749199.0|6895835.0|-3553.650390625|-4672.35595703125|17645034.0|2|79|14|1|2|79,13;79,14
cts_asc_48_iw3:2021-09-13|cts_asc_48_iw3|cts_asc_48_iw3|2021-09-13|ASCENDING|80|80|2556151.75|13165.388671875|2556151.75|778836.4375|2148.719482421875|1652.52490234375|42467960.0|38|62|51|18|6|18,61;19,61;19,69;19,71;19,72;20,62;20,63;20,71;20,72;21,62;21,63;32,78;35,74;36,74;46,38;46,39;49,77;51,34;54,79;56,0;56,1;57,0;57,1;57,67;62,46;62,50;62,51;62,55;62,70;62,74;63,50;63,51;63,74;65,74;69,4;69,5;70,4;70,5
beach_asc_48_iw3:2021-09-25|beach_asc_48_iw3|beach_asc_48_iw3|2021-09-25|ASCENDING|80|80|2637790.25|8011.82373046875|2637790.25|794767.6875|-1869.9112548828125|-330.8885498046875|28303280.0|24|65|16|13|4|1,1;22,36;22,37;23,27;23,28;23,37;24,35;37,52;38,39;38,40;39,39;39,40;49,4;57,44;64,16;64,35;65,15;65,16;65,20;65,35;65,36;65,39;66,16;70,41
cte_asc_48_iw3:2021-09-25|cte_asc_48_iw3|cte_asc_48_iw3|2021-09-25|ASCENDING|80|80|1840026.0|13195.66015625|1840026.0|554708.3125|1081.970703125|-2967.9130859375|41217964.0|46|55|53|20|6|10,63;11,63;11,67;11,71;11,73;11,74;12,64;12,65;12,73;12,74;13,64;13,65;13,72;17,68;21,23;24,24;24,25;25,24;27,76;28,76;28,77;38,40;38,41;39,41;41,77;41,79;42,36;43,36;46,61;47,57;48,76;54,48;54,52;54,53;54,57;54,72;54,73;55,48;55,52;55,53;55,57;55,72;55,73;55,75;55,76;56,53
ctn_asc_48_iw3:2021-09-25|ctn_asc_48_iw3|ctn_asc_48_iw3|2021-09-25|ASCENDING|80|80|7223569.5|13774.18359375|7223569.5|3121949.5|4094.92578125|-842.3953247070312|17279208.0|4|79|14|2|3|77,14;79,13;79,14;79,15
cts_asc_48_iw3:2021-09-25|cts_asc_48_iw3|cts_asc_48_iw3|2021-09-25|ASCENDING|80|80|2364087.25|12991.76171875|2364087.25|711114.125|-466.03460693359375|446.60968017578125|27497188.0|25|61|51|13|4|18,71;18,72;19,62;19,63;19,72;20,70;31,22;31,23;34,75;35,74;35,75;45,39;49,34;53,79;55,75;60,51;60,71;61,51;61,52;61,55;61,70;61,71;61,74;62,51;62,71
beach_asc_48_iw3:2021-10-07|beach_asc_48_iw3|beach_asc_48_iw3|2021-10-07|ASCENDING|80|80|1955637.0|7580.1484375|1955637.0|598239.9375|7425.837890625|-455.5123291015625|31998562.0|33|21|35|17|4|0,0;21,34;21,35;21,36;22,26;23,34;27,30;34,42;36,51;37,35;37,51;38,38;58,34;58,37;58,38;59,31;59,34;59,36;59,37;63,34;64,10;64,14;64,15;64,18;64,19;64,34;64,35;65,14;65,15;65,18;65,19;65,35;70,40
cte_asc_48_iw3:2021-10-07|cte_asc_48_iw3|cte_asc_48_iw3|2021-10-07|ASCENDING|80|80|2003316.5|12354.95703125|2003316.5|601536.75|8252.673828125|-10809.83203125|44148616.0|49|53|55|23|6|10,71;10,72;11,63;11,65;11,71;11,72;12,63;12,70;13,71;16,67;20,22;23,23;23,24;23,79;24,23;26,72;27,74;27,75;47,1;47,71;47,74;47,75;48,1;48,68;48,70;48,71;48,73;48,74;48,75;52,2;52,71;53,2;53,47;53,51;53,52;53,55;53,56;53,71;53,72;54,49;54,51;54,52;54,55;54,71;59,5;59,76;61,7;78,19;79,19
ctn_asc_48_iw3:2021-10-07|ctn_asc_48_iw3|ctn_asc_48_iw3|2021-10-07|ASCENDING|80|80|10358004.0|12940.3115234375|10358004.0|4847867.5|-1245.90625|-1346.726806640625|29257106.0|4|77|15|1|4|77,14;77,15;78,14;78,15
cts_asc_48_iw3:2021-10-07|cts_asc_48_iw3|cts_asc_48_iw3|2021-10-07|ASCENDING|80|80|1895289.25|11960.744140625|1895289.25|592374.4375|10335.6201171875|-5925.79931640625|43248712.0|46|17|72|21|5|17,71;17,72;17,73;18,63;18,72;19,71;23,67;27,22;30,23;30,24;30,79;31,23;33,72;34,75;54,1;54,71;54,74;54,75;55,1;55,68;55,71;55,73;55,74;55,75;59,2;59,71;60,3;60,47;60,51;60,52;60,55;60,56;60,71;60,72;61,49;61,51;61,52;61,55;61,56;61,72;66,5;66,6;66,77;67,5;68,7;68,8
beach_asc_48_iw3:2021-10-19|beach_asc_48_iw3|beach_asc_48_iw3|2021-10-19|ASCENDING|80|80|1975860.875|7431.16845703125|1975860.875|598421.875|2467.4306640625|6619.0205078125|33403116.0|36|21|35|20|5|0,0;7,14;8,13;21,34;21,35;21,36;22,26;22,35;22,36;34,42;36,51;37,38;37,51;38,38;42,55;56,23;58,34;58,38;59,31;59,34;59,37;59,38;64,10;64,14;64,15;64,18;64,19;64,23;64,34;65,12;65,14;65,15;65,34;66,12;67,38;70,40
cte_asc_48_iw3:2021-10-19|cte_asc_48_iw3|cte_asc_48_iw3|2021-10-19|ASCENDING|80|80|1556482.25|12147.9697265625|1556482.25|468236.5|10013.5078125|11991.564453125|46936896.0|62|9|72|29|5|6,71;8,71;8,72;9,65;9,71;9,72;10,63;10,65;10,70;14,66;14,67;19,52;20,30;21,23;21,79;22,23;22,79;25,74;25,75;26,75;35,51;36,60;43,57;43,60;45,71;45,75;46,1;46,68;46,70;46,71;46,73;46,74;46,75;47,1;47,2;48,2;50,2;51,2;51,3;51,47;51,51;51,52;51,55;51,59;51,60;51,71;52,49;52,51;52,52;52,55;53,49;54,74;54,75;57,76;57,77;76,19;76,20;77,19;77,20;78,17;79,18;79,19
ctn_asc_48_iw3:2021-10-19|ctn_asc_48_iw3|ctn_asc_48_iw3|2021-10-19|ASCENDING|80|80|10858589.0|12796.7822265625|10858589.0|3695095.75|200.433349609375|2234.25439453125|28197424.0|4|75|13|1|4|75,12;75,13;76,12;76,13
cts_asc_48_iw3:2021-10-19|cts_asc_48_iw3|cts_asc_48_iw3|2021-10-19|ASCENDING|80|80|1874630.0|11455.65234375|1874630.0|574298.8125|5686.3251953125|11556.8876953125|35418204.0|39|17|72|21|6|3,51;4,50;17,71;17,72;17,73;18,63;18,72;18,73;19,63;19,71;23,67;30,23;30,24;30,79;34,75;52,60;54,71;54,75;55,1;55,68;55,71;55,74;55,75;56,2;60,3;60,47;60,51;60,52;60,55;60,56;60,60;60,71;60,72;61,49;61,51;61,52;62,49;63,75;66,77
beach_asc_48_iw3:2021-11-12|beach_asc_48_iw3|beach_asc_48_iw3|2021-11-12|ASCENDING|80|80|1695327.375|7357.9560546875|1695327.375|514044.71875|-1260.0489501953125|-12282.3779296875|36198544.0|41|63|12|20|4|17,32;19,33;20,24;20,26;20,33;21,24;21,26;25,27;25,28;34,49;35,36;35,49;36,36;46,12;47,21;48,25;48,26;49,25;49,26;56,35;56,36;57,37;61,36;62,8;62,12;62,13;62,16;62,17;62,21;62,32;62,34;63,12;63,13;63,16;63,32;64,36;65,36;67,37;67,38;68,37;68,38
cte_asc_48_iw3:2021-11-12|cte_asc_48_iw3|cte_asc_48_iw3|2021-11-12|ASCENDING|80|80|2312874.25|12448.92578125|2312874.25|716872.0|916.6080932617188|-5076.70166015625|30949526.0|29|51|49|15|4|8,70;9,61;9,70;10,60;10,61;10,63;18,19;21,21;22,21;25,72;25,73;37,62;38,62;38,63;46,71;46,72;47,0;51,49;51,50;51,53;51,68;51,69;52,49;54,73;57,74;76,17;76,18;77,17;77,18
ctn_asc_48_iw3:2021-11-12|ctn_asc_48_iw3|ctn_asc_48_iw3|2021-11-12|ASCENDING|80|80|14134527.0|12708.173828125|14134527.0|5921968.5|1396.114501953125|-1320.707763671875|36073888.0|4|75|12|1|4|75,12;75,13;76,12;76,13
cts_asc_48_iw3:2021-11-12|cts_asc_48_iw3|cts_asc_48_iw3|2021-11-12|ASCENDING|80|80|1976008.5|12102.3720703125|1976008.5|596118.125|3191.8623046875|-7029.5595703125|36203368.0|36|59|49|18|4|13,69;15,70;16,61;16,70;17,61;17,63;21,64;21,65;24,19;25,19;25,20;28,21;32,73;43,58;44,62;44,63;45,62;45,63;52,72;52,73;53,73;54,0;58,45;58,49;58,50;58,53;58,69;59,49;59,50;59,53;59,69;60,73;61,73;63,74;64,74;64,75
beach_asc_48_iw3:2021-11-24|beach_asc_48_iw3|beach_asc_48_iw3|2021-11-24|ASCENDING|80|80|2999340.75|7507.68212890625|2999340.75|917098.5|-3340.23681640625|171.442626953125|21011960.0|16|67|14|9|4|24,34;24,35;25,28;40,37;41,37;51,2;51,23;61,33;66,13;66,14;66,33;67,13;67,14;67,33;67,34;69,37
cte_asc_48_iw3:2021-11-24|cte_asc_48_iw3|cte_asc_48_iw3|2021-11-24|ASCENDING|80|80|1706710.625|13613.77734375|1706710.625|518016.0625|-9652.0234375|1442.928955078125|43938756.0|52|54|50|20|6|9,70;11,64;11,66;11,67;11,70;11,71;12,62;12,64;12,71;13,64;13,69;13,70;17,66;24,22;24,23;24,78;27,74;28,74;38,38;38,39;38,59;39,38;39,59;48,0;48,69;48,70;49,0;49,1;53,46;53,50;53,51;53,70;53,74;54,46;54,50;54,51;54,59;54,69;54,70;54,74;55,50;55,51;55,59;55,70;55,74;56,73;56,74;78,18;78,19;78,29;79,18;79,19
ctn_asc_48_iw3:2021-11-24|ctn_asc_48_iw3|ctn_asc_48_iw3|2021-11-24|ASCENDING|80|80|6209015.0|13892.998046875|6209015.0|2045563.375|-383.5736083984375|-1473.743896484375|20699700.0|5|77|14|2|3|76,13;77,13;77,14;79,13;79,14
cts_asc_48_iw3:2021-11-24|cts_asc_48_iw3|cts_asc_48_iw3|2021-11-24|ASCENDING|80|80|2547797.0|13165.796875|2547797.0|770383.5625|-5707.244140625|337.1769714355469|31719320.0|29|63|51|17|5|4,2;20,71;20,72;21,62;21,65;22,70;33,22;33,23;36,74;37,74;37,75;47,38;47,39;47,60;48,59;57,70;58,1;62,46;62,50;62,51;62,70;62,74;63,50;63,51;63,70;63,71;64,51;65,74;68,76
beach_asc_48_iw3:2021-12-06|beach_asc_48_iw3|beach_asc_48_iw3|2021-12-06|ASCENDING|80|80|1789700.75|9602.50390625|1789700.75|540735.25|-4943.3828125|320.41680908203125|37972308.0|46|20|36|20|7|18,35;19,25;19,33;19,34;20,29;20,33;20,35;20,36;21,26;21,27;21,29;21,36;22,27;22,29;22,34;33,43;35,52;36,38;36,39;36,51;36,52;37,38;37,39;47,3;47,24;48,3;48,23;48,24;55,43;57,39;58,38;58,39;62,19;62,39;63,15;63,16;63,19;63,23;63,24;63,39;64,13;64,15;64,19;64,37;65,39;68,40
cte_asc_48_iw3:2021-12-06|cte_asc_48_iw3|cte_asc_48_iw3|2021-12-06|ASCENDING|80|80|1909919.0|13007.369140625|1909919.0|583698.8125|-7568.3203125|-2638.9970703125|41991428.0|46|53|52|19|7|7,72;8,71;9,70;9,71;9,73;10,64;10,66;10,72;10,73;11,63;11,64;11,66;12,71;19,22;19,23;20,22;25,30;26,75;26,76;27,76;37,40;37,61;46,2;47,2;47,75;47,76;51,76;52,56;52,76;53,52;53,53;53,56;53,60;53,61;53,72;53,76;54,50;54,52;54,73;58,77;59,77;78,18;78,20;79,19;79,20;79,21
ctn_asc_48_iw3:2021-12-06|ctn_asc_48_iw3|ctn_asc_48_iw3|2021-12-06|ASCENDING|80|80|11959473.0|13420.1337890625|11959473.0|8567045.0|1222.0113525390625|97.52294921875|41561896.0|4|77|13|1|4|77,13;77,14;78,13;78,14
cts_asc_48_iw3:2021-12-06|cts_asc_48_iw3|cts_asc_48_iw3|2021-12-06|ASCENDING|80|80|1621875.875|14174.5078125|1621875.875|489766.3125|-4997.97119140625|-4639.33203125|44171948.0|59|33|76|21|6|14,72;15,71;16,70;16,71;16,73;16,74;17,64;17,66;17,67;17,73;17,74;18,64;18,65;18,66;19,72;22,68;25,22;26,22;26,23;27,22;32,30;32,31;33,75;33,76;43,40;44,40;44,61;47,79;51,61;53,2;53,3;53,56;53,76;54,2;54,3;54,75;54,76;54,77;58,76;58,77;59,52;59,53;59,56;59,57;59,61;59,76;60,52;60,53;60,56;60,57;60,60;60,61;60,76;61,50;61,52;61,53;61,76;61,77;62,74
beach_asc_48_iw3:2021-12-18|beach_asc_48_iw3|beach_asc_48_iw3|2021-12-18|ASCENDING|80|80|2885893.5|8447.1181640625|2885893.5|872790.4375|4778.37841796875|-4577.42333984375|29352498.0|23|22|31|12|4|22,31;22,32;23,25;23,28;23,31;23,32;23,35;24,25;24,28;38,50;39,37;50,23;58,18;59,37;60,36;60,37;60,38;65,18;66,14;66,18;66,33;66,34;67,14
cte_asc_48_iw3:2021-12-18|cte_asc_48_iw3|cte_asc_48_iw3|2021-12-18|ASCENDING|80|80|3057305.5|11685.8349609375|3057305.5|944401.875|8706.9814453125|-2588.526123046875|29420796.0|19|12|70|10|4|11,69;11,70;12,69;12,70;12,73;13,64;13,66;13,67;29,76;49,75;49,76;55,52;55,53;55,56;55,57;55,72;56,50;56,52;56,53
ctn_asc_48_iw3:2021-12-18|ctn_asc_48_iw3|ctn_asc_48_iw3|2021-12-18|ASCENDING|80|80|14295656.0|11843.587890625|14295656.0|6599831.0|5549.0419921875|-3076.166748046875|20895488.0|2|79|14|1|2|79,13;79,14
cts_asc_48_iw3:2021-12-18|cts_asc_48_iw3|cts_asc_48_iw3|2021-12-18|ASCENDING|80|80|2606735.5|13074.5390625|2606735.5|812797.3125|8129.60595703125|-6555.15673828125|36305768.0|29|19|68|12|4|18,68;18,69;19,65;19,68;19,69;19,71;19,72;20,62;20,63;20,65;35,74;36,74;36,75;46,60;47,59;54,55;55,55;55,74;56,73;56,74;56,75;61,47;61,55;62,51;62,55;62,70;62,71;63,51;63,55
beach_asc_48_iw3:2021-12-30|beach_asc_48_iw3|beach_asc_48_iw3|2021-12-30|ASCENDING|80|80|2472604.25|8368.48046875|2472604.25|773391.9375|-3528.28515625|-13834.3916015625|34527360.0|29|64|19|11|4|20,32;20,33;21,29;21,30;21,32;21,33;21,36;22,27;22,29;37,36;37,38;37,39;38,38;38,39;57,39;58,38;58,39;63,19;63,35;64,15;64,16;64,19;64,20;64,34;64,35;64,39;65,15;65,19;65,39
cte_asc_48_iw3:2021-12-30|cte_asc_48_iw3|cte_asc_48_iw3|2021-12-30|ASCENDING|80|80|3348991.25|11985.7236328125|3348991.25|1096200.25|-5815.2099609375|-9154.4150390625|30000648.0|20|51|56|13|3|8,69;8,70;8,73;9,66;21,25;25,75;25,76;45,75;45,76;50,56;51,52;51,56;51,60;51,71;51,72;51,76;52,56;76,20;77,20;79,19
ctn_asc_48_iw3:2021-12-30|ctn_asc_48_iw3|ctn_asc_48_iw3|2021-12-30|ASCENDING|80|80|13058871.0|12727.228515625|13058871.0|7045439.5|1161.96240234375|-324.284423828125|41863732.0|4|75|14|1|4|75,13;75,14;76,13;76,14
cts_asc_48_iw3:2021-12-30|cts_asc_48_iw3|cts_asc_48_iw3|2021-12-30|ASCENDING|80|80|2523000.75|13247.169921875|2523000.75|778452.3125|-784.91650390625|-13305.2138671875|36508560.0|29|17|68|14|5|16,61;16,68;17,65;17,68;17,71;17,72;18,62;18,64;18,65;29,23;30,23;33,71;33,74;34,74;54,73;54,74;55,73;59,54;59,70;60,50;60,51;60,54;60,55;60,59;60,70;60,74;61,54;61,55;61,74
beach_asc_48_iw3:2022-01-11|beach_asc_48_iw3|beach_asc_48_iw3|2022-01-11|ASCENDING|80|80|4431387.0|15637.15234375|4431387.0|1341337.25|3394.63671875|-11040.693359375|70583944.0|33|66|38|11|6|9,25;10,25;25,27;25,35;26,27;37,41;37,42;38,41;41,37;51,2;52,2;52,23;52,24;53,23;59,18;60,17;60,18;60,37;61,35;61,36;61,37;62,35;62,36;65,38;66,37;66,38;67,11;67,12;67,37;67,38;68,11;68,12;69,12
cte_asc_48_iw3:2022-01-11|cte_asc_48_iw3|cte_asc_48_iw3|2022-01-11|ASCENDING|80|80|4359014.0|20266.33984375|4359014.0|1337169.5|5413.0634765625|-9803.8544921875|94849224.0|41|56|76|19|5|3,38;12,72;14,73;15,66;16,66;21,41;31,76;41,40;41,41;41,61;41,62;42,61;42,62;43,35;46,36;47,36;49,56;49,57;50,56;50,57;50,75;51,2;51,74;51,75;51,76;52,74;55,76;55,77;56,50;56,76;56,77;57,50;57,53;57,56;57,76;58,50;58,51;59,76;60,76;73,74;73,75
ctn_asc_48_iw3:2022-01-11|ctn_asc_48_iw3|ctn_asc_48_iw3|2022-01-11|ASCENDING|80|80|4740216.5|20122.61328125|4740216.5|1466301.375|8257.3984375|-8802.990234375|89333792.0|36|52|46|16|5|8,69;9,62;10,62;21,76;25,72;35,36;35,57;35,58;36,57;36,58;37,30;37,31;40,32;41,32;43,52;44,52;44,71;45,70;45,71;46,69;46,70;49,72;49,73;50,71;50,72;51,46;51,48;51,49;51,52;52,46;52,47;53,72;54,72;67,70;67,71;77,16
cts_asc_48_iw3:2022-01-11|cts_asc_48_iw3|cts_asc_48_iw3|2022-01-11|ASCENDING|80|80|5430160.5|23330.732421875|5430160.5|1636559.0|3595.9140625|-10262.009765625|83947040.0|34|0|36|14|5|0,35;0,36;6,62;22,64;34,78;34,79;48,39;48,60;49,33;49,60;50,33;50,34;53,34;56,54;56,55;57,55;57,73;57,74;58,72;58,73;59,72;62,74;62,75;63,48;63,49;63,74;63,75;64,49;64,51;65,48;65,49;66,74;67,74;67,75
beach_asc_48_iw3:2022-01-23|beach_asc_48_iw3|beach_asc_48_iw3|2022-01-23|ASCENDING|80|80|2226628.25|7448.39794921875|2226628.25|671553.125|-2306.276611328125|3590.453125|28928748.0|27|63|14|13|6|20,28;20,35;20,36;21,26;21,28;33,42;36,38;37,37;37,38;47,2;48,22;57,37;57,38;62,10;62,14;62,15;62,18;62,34;63,14;63,15;63,18;63,34;63,38;64,14;64,15;64,38;65,38
cte_asc_48_iw3:2022-01-23|cte_asc_48_iw3|cte_asc_48_iw3|2022-01-23|ASCENDING|80|80|2540507.5|13511.8759765625|2540507.5|774998.875|-2966.25146484375|1836.4197998046875|33272154.0|30|79|17|14|5|7,72;8,63;8,65;8,72;9,65;20,79;24,74;24,75;34,39;35,59;44,74;45,74;45,75;50,51;50,52;50,55;50,71;51,51;51,52;51,55;51,71;51,75;52,51;52,75;77,19;77,20;78,16;78,17;79,17;79,18
ctn_asc_48_iw3:2022-01-23|ctn_asc_48_iw3|ctn_asc_48_iw3|2022-01-23|ASCENDING|80|80|4505285.0|13968.7392578125|4505285.0|1527229.25|-4958.4345703125|2054.9677734375|25558262.0|9|76|13|5|4|18,70;44,47;45,47;71,15;73,13;75,12;75,13;76,12;76,13
cts_asc_48_iw3:2022-01-23|cts_asc_48_iw3|cts_asc_48_iw3|2022-01-23|ASCENDING|80|80|1927732.25|13413.076171875|1927732.25|579602.875|-3948.070068359375|3598.824462890625|32047242.0|34|59|51|14|6|14,71;16,65;16,72;16,73;17,63;17,65;18,65;29,79;32,75;33,74;33,75;43,39;44,59;53,74;53,75;54,73;54,74;54,75;58,47;58,51;58,52;58,55;58,71;59,47;59,51;59,52;59,55;59,71;59,75;60,51;60,52;60,71;60,75;61,75
beach_asc_48_iw3:2022-02-04|beach_asc_48_iw3|beach_asc_48_iw3|2022-02-04|ASCENDING|80|80|1384560.375|8246.728515625|1384560.375|419294.65625|-13014.107421875|-162.05865478515625|47960956.0|72|79|52|27|6|4,12;5,12;16,24;16,34;17,24;17,25;17,32;18,28;18,34;18,35;18,36;19,25;19,26;19,28;19,29;20,28;20,34;23,29;23,30;23,33;24,28;24,29;24,30;33,51;34,38;34,51;35,37;35,38;45,23;45,24;46,23;47,40;47,41;48,41;48,43;52,20;52,23;55,34;55,36;55,37;55,38;56,34;56,36;56,37;60,10;60,11;60,15;60,18;60,23;60,34;60,38;61,10;61,14;61,15;61,18;61,19;61,22;61,23;61,34;61,36;61,37;62,15;62,18;62,34;62,36;62,38;63,38;66,40;78,51;78,52;79,51;79,52
cte_asc_48_iw3:2022-02-04|cte_asc_48_iw3|cte_asc_48_iw3|2022-02-04|ASCENDING|80|80|1757513.75|12712.3828125|1757513.75|528140.4375|-8903.353515625|-3012.52734375|37848120.0|47|51|55|19|9|6,61;6,69;7,61;7,69;7,72;8,63;8,65;9,63;9,65;13,66;13,67;14,66;24,74;24,75;25,75;35,60;37,77;42,60;44,74;45,73;45,74;49,2;50,2;50,3;50,47;50,51;50,52;50,55;50,71;50,73;51,47;51,51;51,52;51,55;51,59;51,70;51,71;51,73;76,17;76,18;77,18;77,19;77,20;78,16;78,17;79,16;79,17
ctn_asc_48_iw3:2022-02-04|ctn_asc_48_iw3|ctn_asc_48_iw3|2022-02-04|ASCENDING|80|80|12801102.0|12820.6318359375|12801102.0|6485093.5|-512.611083984375|-401.708251953125|39788980.0|4|75|15|1|4|75,14;75,15;76,14;76,15
cts_asc_48_iw3:2022-02-04|cts_asc_48_iw3|cts_asc_48_iw3|2022-02-04|ASCENDING|80|80|1339190.0|13105.705078125|1339190.0|402766.15625|-15373.419921875|-2042.7149658203125|41946160.0|68|31|75|21|6|0,49;1,49;12,71;13,61;13,62;13,69;14,62;14,65;14,71;14,72;14,73;15,62;15,63;15,65;15,66;16,63;16,65;16,66;16,71;19,66;19,67;20,65;20,66;20,67;21,66;31,74;31,75;41,60;41,61;42,60;42,61;43,77;43,78;44,77;44,78;48,60;51,71;51,73;51,74;51,75;52,71;52,73;52,74;52,75;56,3;56,47;56,48;56,52;56,55;56,71;57,3;57,47;57,48;57,51;57,52;57,55;57,56;57,59;57,60;57,71;57,73;58,51;58,52;58,55;58,56;58,58;58,71;58,73
beach_asc_48_iw3:2022-02-16|beach_asc_48_iw3|beach_asc_48_iw3|2022-02-16|ASCENDING|80|80|1929057.5|8898.8125|1929057.5|583722.3125|9356.185546875|6341.314453125|38875896.0|41|65|20|17|5|0,1;1,0;1,1;7,27;22,30;22,36;22,37;23,27;23,28;23,30;28,30;28,31;35,43;35,44;37,52;38,39;38,52;39,39;49,3;49,4;59,38;59,39;60,38;64,11;64,12;64,15;64,16;64,19;64,20;64,35;64,36;65,15;65,16;65,19;65,20;65,35;65,36;66,16;66,20;66,38;70,41
cte_asc_48_iw3:2022-02-16|cte_asc_48_iw3|cte_asc_48_iw3|2022-02-16|ASCENDING|80|80|2077404.625|13356.12890625|2077404.625|634601.75|1851.5650634765625|3337.068603515625|34532880.0|34|53|57|13|5|9,73;9,74;10,64;10,66;10,67;10,73;10,74;11,64;15,68;16,67;26,76;36,40;44,61;46,76;47,75;47,76;51,4;52,4;52,56;52,57;52,72;53,52;53,53;53,56;53,57;53,72;53,73;54,52;54,53;78,18;78,19;79,20;79,21;79,22
ctn_asc_48_iw3:2022-02-16|ctn_asc_48_iw3|ctn_asc_48_iw3|2022-02-16|ASCENDING|80|80|12557039.0|13556.560546875|12557039.0|4262268.0|1636.9716796875|866.2189331054688|38927820.0|5|78|14|1|5|77,13;77,14;77,15;78,14;78,15
cts_asc_48_iw3:2022-02-16|cts_asc_48_iw3|cts_asc_48_iw3|2022-02-16|ASCENDING|80|80|1790446.25|13893.033203125|1790446.25|544488.0|9132.6064453125|5819.5361328125|32988546.0|37|61|55|16|5|18,65;18,71;18,72;19,62;19,63;19,65;19,72;20,62;20,63;24,66;24,67;31,79;35,74;35,75;45,39;47,59;55,73;55,74;56,73;56,74;60,2;60,47;60,51;60,55;60,71;61,51;61,52;61,54;61,55;61,59;61,71;61,73;62,51;62,55;62,71;62,73;63,51
beach_asc_48_iw3:2022-02-28|beach_asc_48_iw3|beach_asc_48_iw3|2022-02-28|ASCENDING|80|80|1526664.5|8658.720703125|1526664.5|458462.875|557.7586669921875|-9321.4755859375|40012412.0|54|37|38|22|6|0,0;6,25;18,34;19,34;20,32;20,35;21,25;21,26;21,28;21,31;21,32;21,35;22,25;22,26;22,28;23,31;26,29;26,30;27,29;27,30;36,50;36,51;37,35;37,37;37,38;38,38;40,37;48,23;48,24;49,23;51,39;57,37;57,38;58,37;58,38;63,10;63,11;63,14;63,15;63,18;63,34;64,10;64,11;64,12;64,14;64,15;64,18;64,19;64,23;64,34;64,36;65,14;65,15;70,40
cte_asc_48_iw3:2022-02-28|cte_asc_48_iw3|cte_asc_48_iw3|2022-02-28|ASCENDING|80|80|2039698.25|11749.689453125|2039698.25|611918.625|4452.875|-8118.31591796875|41673388.0|44|53|53|19|5|8,72;8,73;10,67;10,70;10,71;10,73;10,74;11,64;11,65;11,67;16,68;16,69;26,77;27,76;27,77;37,62;38,62;40,77;47,76;47,77;48,75;52,49;52,50;52,73;53,48;53,49;53,52;53,53;53,54;53,57;53,61;53,62;53,72;53,73;53,75;54,53;54,54;58,78;59,78;67,69;78,21;78,22;79,21;79,22
ctn_asc_48_iw3:2022-02-28|ctn_asc_48_iw3|ctn_asc_48_iw3|2022-02-28|ASCENDING|80|80|11967708.0|11994.7607421875|11967708.0|6866637.5|886.7958984375|323.5955810546875|34591016.0|4|77|14|1|4|77,14;77,15;78,14;78,15
cts_asc_48_iw3:2022-02-28|cts_asc_48_iw3|cts_asc_48_iw3|2022-02-28|ASCENDING|80|80|1558566.625|13288.111328125|1558566.625|473793.34375|5996.89306640625|-7382.45361328125|38612676.0|47|60|71|20|6|14,71;15,71;16,69;16,72;17,63;17,65;17,68;17,69;17,72;18,63;18,65;22,67;23,66;23,67;33,72;33,75;34,75;36,74;44,39;44,60;44,61;45,60;47,76;54,74;54,75;59,3;59,47;59,48;59,49;59,51;59,52;59,71;60,47;60,48;60,51;60,52;60,55;60,56;60,59;60,60;60,71;60,73;61,51;61,52;61,55;66,76;66,77
beach_asc_48_iw3:2022-03-12|beach_asc_48_iw3|beach_asc_48_iw3|2022-03-12|ASCENDING|80|80|15285824.0|8281.94140625|15285824.0|8204434.5|-7758.4365234375|3499.195068359375|32520396.0|3|53|36|1|3|52,36;53,35;53,36
cte_asc_48_iw3:2022-03-12|cte_asc_48_iw3|cte_asc_48_iw3|2022-03-12|ASCENDING|80|80|15344712.0|11906.904296875|15344712.0|6465677.0|-8408.04296875|2590.330078125|33335182.0|3|40|74|1|3|40,74;40,75;41,74
ctn_asc_48_iw3:2022-03-12|ctn_asc_48_iw3|ctn_asc_48_iw3|2022-03-12|ASCENDING|80|80|17218662.0|12167.5576171875|17218662.0|7805795.0|-8177.45703125|2802.937744140625|50054416.0|5|34|70|2|3|34,70;34,71;35,70;75,14;76,14
cts_asc_48_iw3:2022-03-12|cts_asc_48_iw3|cts_asc_48_iw3|2022-03-12|ASCENDING|80|80|17192126.0|13030.234375|17192126.0|5492325.0|-6898.01953125|4573.484375|30900970.0|3|47|73|1|3|46,73;47,72;47,73
beach_asc_48_iw3:2022-03-24|beach_asc_48_iw3|beach_asc_48_iw3|2022-03-24|ASCENDING|80|80|1958506.25|7743.5048828125|1958506.25|587631.625|-162.50830078125|1589.803955078125|35581936.0|37|64|15|15|6|0,0;18,35;19,32;19,33;19,34;20,32;20,33;20,36;21,35;21,36;22,26;22,27;22,28;22,29;22,36;23,28;36,51;37,38;38,38;38,39;48,24;49,24;51,41;55,23;56,43;63,15;64,12;64,14;64,15;64,16;64,34;64,35;64,37;65,12;65,15;65,16;70,40
cte_asc_48_iw3:2022-03-24|cte_asc_48_iw3|cte_asc_48_iw3|2022-03-24|ASCENDING|80|80|2302595.0|11702.46875|2302595.0|714117.625|-4319.587890625|1518.588134765625|36253432.0|33|53|52|12|9|8,70;8,71;9,69;9,70;10,71;10,72;10,73;11,63;11,64;11,72;11,73;12,63;12,65;27,75;28,75;38,60;38,61;44,36;53,49;53,51;53,52;53,71;53,72;53,74;54,49;54,51;54,52;59,77;76,30;76,31;78,20;79,19;79,20
ctn_asc_48_iw3:2022-03-24|ctn_asc_48_iw3|ctn_asc_48_iw3|2022-03-24|ASCENDING|80|80|10716330.0|12562.302734375|10716330.0|4262548.5|933.421630859375|299.242919921875|29055258.0|4|77|13|1|4|77,13;77,14;78,13;78,14
cts_asc_48_iw3:2022-03-24|cts_asc_48_iw3|cts_asc_48_iw3|2022-03-24|ASCENDING|80|80|2221162.25|12289.771484375|2221162.25|670828.0625|-836.7783203125|4563.2431640625|30098548.0|28|60|52|11|9|15,70;15,71;15,72;16,69;16,70;16,73;17,72;17,73;18,63;18,64;18,66;18,73;30,24;34,75;34,76;44,61;45,61;60,49;60,51;60,52;60,53;60,71;60,72;60,74;61,49;61,52;61,53;66,77
beach_asc_48_iw3:2022-04-05|beach_asc_48_iw3|beach_asc_48_iw3|2022-04-05|ASCENDING|80|80|1721497.125|7687.609375|1721497.125|526537.75|-8989.2958984375|9299.3955078125|44853400.0|53|63|16|21|10|17,35;17,36;19,36;19,37;20,27;20,28;20,30;20,37;21,27;21,28;21,29;21,30;21,35;25,31;25,32;32,43;32,44;35,39;35,43;35,48;35,52;36,39;36,40;46,25;47,24;47,25;51,39;54,24;57,35;57,37;57,38;62,11;62,13;62,14;62,15;62,16;62,17;62,20;62,35;62,36;63,13;63,14;63,15;63,16;63,17;63,20;63,35;63,36;63,38;67,40;67,41;68,41;68,42
cte_asc_48_iw3:2022-04-05|cte_asc_48_iw3|cte_asc_48_iw3|2022-04-05|ASCENDING|80|80|1515884.25|12416.724609375|1515884.25|455925.21875|-5675.90869140625|8929.048828125|53873900.0|71|51|53|26|9|6,72;6,73;7,63;7,72;8,68;8,73;8,74;9,33;9,34;9,64;9,66;9,73;9,74;10,33;10,34;10,64;10,65;10,66;10,67;10,72;11,72;14,68;14,69;15,67;15,68;18,53;21,25;25,76;26,76;36,61;36,62;37,61;39,79;40,76;43,58;43,61;46,71;46,72;46,74;46,75;46,76;50,4;51,4;51,48;51,50;51,51;51,52;51,53;51,54;51,56;51,57;51,72;51,73;52,50;52,51;52,52;52,53;52,57;52,72;52,75;56,78;57,77;57,78;58,77;58,78;76,20;76,21;77,20;77,21;78,18;79,20
ctn_asc_48_iw3:2022-04-05|ctn_asc_48_iw3|ctn_asc_48_iw3|2022-04-05|ASCENDING|80|80|10137424.0|12947.1083984375|10137424.0|3653156.0|-2439.962890625|3744.882080078125|24316442.0|4|75|14|1|4|75,13;75,14;75,15;76,14
cts_asc_48_iw3:2022-04-05|cts_asc_48_iw3|cts_asc_48_iw3|2022-04-05|ASCENDING|80|80|1745111.25|12097.736328125|1745111.25|524454.9375|-6233.60546875|7563.92236328125|47720760.0|56|59|51|20|10|13,70;13,71;15,71;15,72;16,31;16,32;16,62;16,63;16,65;16,72;17,31;17,32;17,62;17,63;17,64;17,65;17,70;17,71;18,70;21,66;21,67;28,23;28,78;28,79;31,78;32,74;32,75;43,59;43,60;47,74;50,59;53,70;53,73;53,74;57,2;58,2;58,46;58,48;58,49;58,50;58,51;58,52;58,55;58,70;58,71;59,48;59,49;59,50;59,51;59,52;59,55;59,70;59,71;63,76;64,76;64,77
beach_asc_48_iw3:2022-04-17|beach_asc_48_iw3|beach_asc_48_iw3|2022-04-17|ASCENDING|80|80|4569454.0|8019.31640625|4569454.0|1438430.125|4195.228515625|760.9429931640625|12382816.0|6|31|14|3|4|23,36;31,13;31,14;31,15;32,14;66,15
cte_asc_48_iw3:2022-04-17|cte_asc_48_iw3|cte_asc_48_iw3|2022-04-17|ASCENDING|80|80|3456388.5|11387.94921875|3456388.5|1038851.375|4028.9169921875|24.3748779296875|25048960.0|15|18|51|7|5|10,72;10,73;11,63;18,50;18,51;19,50;19,51;19,52;27,75;53,51;53,52;53,72;54,52;78,20;79,20
ctn_asc_48_iw3:2022-04-17|ctn_asc_48_iw3|ctn_asc_48_iw3|2022-04-17|ASCENDING|80|80|11437336.0|11590.51953125|11437336.0|3504562.25|1830.54150390625|668.4661865234375|39473644.0|6|77|13|1|6|76,12;77,12;77,13;77,14;78,13;78,14
cts_asc_48_iw3:2022-04-17|cts_asc_48_iw3|cts_asc_48_iw3|2022-04-17|ASCENDING|80|80|4331711.5|12628.203125|4331711.5|1349628.75|4852.4443359375|2084.931640625|16009904.0|8|27|51|5|4|19,73;20,64;27,51;27,52;28,51;28,52;62,52;62,72
beach_asc_48_iw3:2022-04-29|beach_asc_48_iw3|beach_asc_48_iw3|2022-04-29|ASCENDING|80|80|2550027.0|7151.81201171875|2550027.0|767317.0|-2105.2099609375|3533.35107421875|27207158.0|21|63|14|8|4|20,25;20,26;20,34;20,35;20,36;21,25;21,26;32,42;33,42;36,37;36,38;37,38;47,2;47,23;48,23;62,14;62,15;62,34;63,14;63,15;63,34
cte_asc_48_iw3:2022-04-29|cte_asc_48_iw3|cte_asc_48_iw3|2022-04-29|ASCENDING|80|80|2021853.875|12399.857421875|2021853.875|618204.3125|6314.318359375|2912.634765625|38414232.0|38|53|53|15|6|7,73;8,69;9,64;9,65;9,70;9,71;9,73;9,74;10,64;10,65;10,73;10,74;11,65;15,68;15,69;22,25;25,76;25,77;26,76;26,77;36,41;36,62;37,61;37,62;39,79;43,37;52,52;52,53;52,54;52,73;53,52;53,53;53,54;53,73;58,78;59,78;79,20;79,21
ctn_asc_48_iw3:2022-04-29|ctn_asc_48_iw3|ctn_asc_48_iw3|2022-04-29|ASCENDING|80|80|8693854.0|13525.689453125|8693854.0|2741401.75|3101.059814453125|-3826.565185546875|40537104.0|7|78|14|1|7|75,14;75,15;76,14;77,14;77,15;78,14;78,15
cts_asc_48_iw3:2022-04-29|cts_asc_48_iw3|cts_asc_48_iw3|2022-04-29|ASCENDING|80|80|2314925.75|12395.0830078125|2314925.75|707697.9375|1518.172119140625|626.204833984375|33600576.0|30|59|51|11|5|14,71;16,62;16,63;16,68;16,69;16,71;16,72;16,73;17,62;17,63;17,72;28,23;28,79;29,23;29,79;32,74;32,75;33,74;33,75;43,39;43,60;44,59;44,60;58,51;58,52;58,71;59,51;59,52;59,71;60,51
beach_asc_48_iw3:2022-05-11|beach_asc_48_iw3|beach_asc_48_iw3|2022-05-11|ASCENDING|80|80|2197932.25|7664.708984375|2197932.25|676438.6875|-4283.2685546875|1099.67333984375|28058324.0|28|21|36|13|6|19,33;20,33;20,36;21,27;21,35;21,36;22,27;22,29;22,36;36,51;36,52;37,38;37,39;48,24;49,24;58,39;63,15;64,14;64,15;64,16;64,19;64,35;64,38;64,39;65,15;65,16;65,39;70,40
cte_asc_48_iw3:2022-05-11|cte_asc_48_iw3|cte_asc_48_iw3|2022-05-11|ASCENDING|80|80|2349626.5|11508.986328125|2349626.5|708763.875|-2501.55517578125|4640.99365234375|30386254.0|28|51|52|11|5|6,71;6,72;7,70;8,72;8,73;9,63;9,64;9,72;9,73;10,71;24,75;25,75;35,61;36,60;36,61;50,75;51,51;51,52;51,53;51,71;51,72;51,75;51,76;52,52;57,77;73,31;76,20;77,20
ctn_asc_48_iw3:2022-05-11|ctn_asc_48_iw3|ctn_asc_48_iw3|2022-05-11|ASCENDING|80|80|5899151.5|11956.775390625|5899151.5|1926704.0|-1233.6251220703125|2416.59765625|33625408.0|9|75|13|3|7|2,68;45,48;74,11;74,12;75,11;75,13;75,14;76,13;76,14
cts_asc_48_iw3:2022-05-11|cts_asc_48_iw3|cts_asc_48_iw3|2022-05-11|ASCENDING|80|80|2302541.75|12211.623046875|2302541.75|699994.875|-2119.562744140625|4349.90380859375|26701902.0|25|17|73|11|6|15,70;15,72;16,70;16,73;17,72;17,73;18,64;18,73;33,75;33,76;34,76;44,61;45,61;54,76;59,52;60,51;60,52;60,53;60,56;60,72;60,76;61,52;61,53;61,76;66,77
beach_asc_48_iw3:2022-06-04|beach_asc_48_iw3|beach_asc_48_iw3|2022-06-04|ASCENDING|80|80|2139680.75|9275.66796875|2139680.75|645376.6875|-759.5525512695312|3529.640380859375|30942668.0|31|18|34|13|5|16,28;17,34;18,25;18,34;18,35;20,35;21,26;21,27;21,35;21,36;26,30;37,38;42,19;42,20;47,2;47,3;47,23;47,24;48,2;48,3;48,23;48,24;57,34;62,14;62,34;63,14;63,15;63,34;64,14;64,15;64,34
cte_asc_48_iw3:2022-06-04|cte_asc_48_iw3|cte_asc_48_iw3|2022-06-04|ASCENDING|80|80|2186485.75|12881.875|2186485.75|658538.6875|-110.22824096679688|1855.20947265625|44339456.0|44|7|71|20|5|5,65;7,70;7,71;7,72;8,62;8,71;10,63;10,64;10,72;11,63;11,64;11,72;16,66;16,67;22,25;23,25;31,30;31,31;32,56;36,39;37,39;37,40;37,60;37,61;38,60;43,35;43,36;47,71;47,74;52,50;52,51;52,71;53,51;53,52;53,60;53,70;53,71;54,52;55,75;64,20;78,19;78,20;79,19;79,20
ctn_asc_48_iw3:2022-06-04|ctn_asc_48_iw3|ctn_asc_48_iw3|2022-06-04|ASCENDING|80|80|11351762.0|13703.708984375|11351762.0|6139028.5|-1623.933837890625|187.7314453125|36873840.0|4|77|15|1|4|77,14;77,15;78,14;78,15
cts_asc_48_iw3:2022-06-04|cts_asc_48_iw3|cts_asc_48_iw3|2022-06-04|ASCENDING|80|80|2100690.25|13890.548828125|2100690.25|632533.8125|287.0074462890625|4474.4951171875|33638220.0|34|14|71|17|4|12,65;13,71;14,62;14,71;14,72;15,62;15,71;17,63;17,64;17,72;17,73;18,63;18,64;22,67;29,25;32,30;33,75;37,31;38,57;43,39;43,40;44,39;44,40;44,60;44,61;45,60;50,36;54,75;59,51;59,52;59,71;60,51;60,52;60,71
beach_asc_48_iw3:2022-06-16|beach_asc_48_iw3|beach_asc_48_iw3|2022-06-16|ASCENDING|80|80|1950005.25|8004.380859375|1950005.25|606191.875|-7224.1796875|-8167.5859375|40856600.0|43|22|36|18|8|1,0;1,1;20,35;21,26;21,32;22,35;22,36;22,37;23,27;23,36;23,37;28,30;28,31;37,52;38,39;38,52;39,39;49,25;50,24;58,39;59,32;59,35;59,38;59,39;60,38;60,39;64,11;64,15;64,16;64,19;64,20;64,35;65,11;65,13;65,14;65,15;65,16;65,19;65,20;65,35;66,13;66,14;70,41
cte_asc_48_iw3:2022-06-16|cte_asc_48_iw3|cte_asc_48_iw3|2022-06-16|ASCENDING|80|80|1805515.5|13189.2861328125|1805515.5|547143.3125|-7012.24755859375|-9153.4697265625|42401288.0|48|12|73|16|9|9,72;10,63;10,68;10,69;11,63;11,69;11,72;11,73;11,74;12,64;12,73;12,74;13,64;13,71;13,74;17,67;17,68;21,23;24,25;25,25;28,76;39,61;39,62;48,75;48,76;49,75;49,76;49,77;53,48;54,48;54,50;54,51;54,52;54,53;54,56;54,57;54,72;55,48;55,50;55,51;55,52;55,53;55,56;55,57;55,72;56,50;60,77;60,78
ctn_asc_48_iw3:2022-06-16|ctn_asc_48_iw3|ctn_asc_48_iw3|2022-06-16|ASCENDING|80|80|9494615.0|13337.134765625|9494615.0|2901625.75|228.4637451171875|-278.331298828125|24239370.0|4|78|14|1|4|77,13;77,14;78,14;78,15
cts_asc_48_iw3:2022-06-16|cts_asc_48_iw3|cts_asc_48_iw3|2022-06-16|ASCENDING|80|80|1594862.25|13372.369140625|1594862.25|480814.34375|-11078.9892578125|-5407.81591796875|47648180.0|61|18|73|23|8|4,64;16,72;16,73;17,63;17,69;18,63;18,69;18,73;18,74;19,64;19,65;19,67;19,73;19,74;20,72;20,74;24,67;24,68;24,69;27,23;28,23;31,25;31,26;34,76;35,76;35,77;43,72;45,62;46,61;46,62;55,67;55,69;55,72;55,75;55,76;55,77;56,75;56,76;56,77;60,48;60,53;60,56;60,57;60,72;61,48;61,50;61,51;61,52;61,53;61,56;61,57;61,61;61,72;61,73;62,50;62,51;62,53;62,57;66,78;67,78;71,21
beach_asc_48_iw3:2022-06-28|beach_asc_48_iw3|beach_asc_48_iw3|2022-06-28|ASCENDING|80|80|2005928.25|7123.8623046875|2005928.25|601916.3125|-4358.98779296875|6692.34912109375|33814864.0|37|20|35|18|5|17,34;18,30;19,30;19,35;20,26;20,28;20,34;20,35;20,36;21,26;21,33;25,29;25,30;26,29;26,30;35,51;36,37;36,38;37,38;47,23;47,24;48,23;50,12;57,34;57,36;57,37;57,38;60,39;62,14;62,15;62,34;63,12;63,14;63,15;63,18;64,12;65,38
cte_asc_48_iw3:2022-06-28|cte_asc_48_iw3|cte_asc_48_iw3|2022-06-28|ASCENDING|80|80|1742798.375|12562.5146484375|1742798.375|526042.375|340.30682373046875|5637.25244140625|40509036.0|46|9|74|17|9|7,73;8,69;8,71;9,63;9,67;9,73;9,74;10,63;10,64;10,65;10,67;10,74;11,72;15,68;15,69;22,25;22,26;26,76;26,77;30,33;36,62;37,61;37,62;39,50;39,51;46,76;46,77;47,75;47,77;52,50;52,51;52,52;52,53;52,54;52,57;53,51;53,53;53,54;53,57;54,51;77,19;78,18;78,19;79,19;79,20;79,21
ctn_asc_48_iw3:2022-06-28|ctn_asc_48_iw3|ctn_asc_48_iw3|2022-06-28|ASCENDING|80|80|8322706.5|13364.6962890625|8322706.5|3634776.25|-5582.3759765625|3433.322509765625|37445572.0|6|75|14|2|4|75,14;75,15;77,14;77,15;78,14;78,15
cts_asc_48_iw3:2022-06-28|cts_asc_48_iw3|cts_asc_48_iw3|2022-06-28|ASCENDING|80|80|2044347.0|11982.126953125|2044347.0|620149.125|325.750244140625|5467.39208984375|29550296.0|32|16|72|16|5|13,71;14,71;15,67;16,63;16,71;16,72;16,73;17,63;17,72;17,73;22,66;22,67;28,24;29,24;32,75;33,75;37,31;43,60;43,61;44,60;46,49;53,71;53,73;53,74;53,75;56,76;58,52;58,71;59,49;59,51;59,52;60,49
beach_asc_48_iw3:2022-07-10|beach_asc_48_iw3|beach_asc_48_iw3|2022-07-10|ASCENDING|80|80|1328301.875|7874.31640625|1328301.875|402456.71875|9011.1337890625|-3237.671142578125|47682732.0|74|19|36|24|10|2,44;2,45;4,27;16,35;16,36;17,26;17,31;17,35;17,36;18,26;18,28;18,31;18,32;18,36;18,37;19,25;19,26;19,27;19,28;19,36;19,37;20,27;20,28;20,29;20,34;20,37;21,35;24,31;24,32;25,30;25,31;34,52;35,39;35,40;35,52;36,39;36,40;37,38;38,38;38,39;46,24;46,25;48,40;48,42;49,42;53,21;53,24;56,30;56,35;56,38;57,35;59,40;59,41;61,11;61,13;61,15;61,16;61,35;62,11;62,13;62,14;62,15;62,16;62,35;62,39;63,15;63,16;63,39;63,40;65,39;67,40;67,41;68,40;68,41
cte_asc_48_iw3:2022-07-10|cte_asc_48_iw3|cte_asc_48_iw3|2022-07-10|ASCENDING|80|80|1838023.0|10695.9580078125|1838023.0|556007.4375|651.413330078125|-6585.3349609375|40311248.0|48|51|52|22|5|5,72;6,72;6,73;7,68;8,63;8,64;8,65;8,73;8,74;9,64;9,65;9,73;13,68;14,67;14,68;21,24;21,25;24,76;25,76;27,75;29,32;30,32;35,61;35,62;36,61;36,62;38,79;42,61;45,72;46,72;46,74;50,72;51,48;51,50;51,52;51,53;51,72;52,52;52,53;53,76;54,76;56,77;56,78;57,78;62,21;62,22;77,20;77,21
ctn_asc_48_iw3:2022-07-10|ctn_asc_48_iw3|ctn_asc_48_iw3|2022-07-10|ASCENDING|80|80|17253030.0|11056.13671875|17253030.0|5480001.0|-1446.772216796875|2470.548583984375|47489536.0|4|75|14|1|4|75,13;75,14;76,13;76,14
cts_asc_48_iw3:2022-07-10|cts_asc_48_iw3|cts_asc_48_iw3|2022-07-10|ASCENDING|80|80|1798566.875|11778.345703125|1798566.875|542182.0625|2061.021240234375|-4950.1328125|34917860.0|42|58|53|20|5|12,73;13,73;14,69;15,63;15,65;15,69;15,73;15,74;16,64;16,65;16,74;17,72;20,68;20,69;21,68;28,25;31,76;31,77;32,76;32,77;34,76;36,32;36,33;42,62;43,62;49,61;53,72;53,75;57,53;58,48;58,52;58,53;58,54;58,72;58,73;59,53;61,76;61,77;63,78;64,78;64,79;69,22
beach_asc_48_iw3:2022-07-22|beach_asc_48_iw3|beach_asc_48_iw3|2022-07-22|ASCENDING|80|80|1909242.5|6708.1318359375|1909242.5|590711.375|828.9267578125|-5520.0458984375|35793296.0|38|65|14|17|7|19,34;20,30;21,30;21,34;21,35;22,26;22,27;22,35;23,26;28,30;37,51;38,37;38,38;49,23;49,24;56,20;59,34;59,36;62,39;64,10;64,12;64,13;64,14;64,15;64,33;64,34;64,38;65,12;65,14;65,15;65,33;65,34;65,38;66,38;67,38;70,39;70,40;71,40
cte_asc_48_iw3:2022-07-22|cte_asc_48_iw3|cte_asc_48_iw3|2022-07-22|ASCENDING|80|80|1862629.875|12402.544921875|1862629.875|559347.5|-2447.177978515625|-4212.6767578125|36358244.0|45|54|51|20|8|8,71;9,67;10,67;10,69;10,72;11,63;11,71;11,72;12,63;13,71;17,67;21,22;23,23;24,23;26,54;27,74;27,75;28,74;28,75;38,60;38,61;39,60;42,34;45,57;48,70;48,71;51,76;53,50;53,51;53,52;53,70;53,71;53,75;54,49;54,50;54,51;54,52;54,70;54,71;54,75;55,51;55,75;56,75;59,76;59,77
ctn_asc_48_iw3:2022-07-22|ctn_asc_48_iw3|ctn_asc_48_iw3|2022-07-22|ASCENDING|80|80|11150392.0|13256.818359375|11150392.0|6271978.5|670.25927734375|2192.95703125|33623624.0|4|75|15|1|4|75,14;75,15;76,14;76,15
cts_asc_48_iw3:2022-07-22|cts_asc_48_iw3|cts_asc_48_iw3|2022-07-22|ASCENDING|80|80|1860095.125|11602.505859375|1860095.125|591220.5625|-1414.5009765625|-7844.64892578125|37161004.0|40|61|51|19|6|15,71;15,72;16,67;17,67;17,72;18,63;18,64;18,72;19,63;20,71;24,67;30,23;34,74;34,75;35,75;45,60;45,61;48,34;49,34;52,57;55,71;55,73;58,76;60,47;60,50;60,51;60,52;60,71;60,75;61,49;61,51;61,52;61,70;61,71;61,75;62,75;63,75;66,76;66,77;67,77
beach_asc_48_iw3:2022-08-03|beach_asc_48_iw3|beach_asc_48_iw3|2022-08-03|ASCENDING|80|80|1708510.375|7240.390625|1708510.375|513340.0625|4795.9404296875|-5937.4228515625|35372284.0|44|25|36|16|8|3,0;4,0;4,1;23,31;23,33;24,31;24,33;24,34;25,27;25,28;25,35;25,36;25,37;26,27;26,28;26,36;26,37;34,33;40,52;41,38;41,39;42,39;52,24;53,24;54,12;55,42;56,42;58,0;62,32;63,32;67,16;67,35;67,37;68,11;68,15;68,16;68,35;68,36;68,37;69,15;69,16;69,35;70,39;71,39
cte_asc_48_iw3:2022-08-03|cte_asc_48_iw3|cte_asc_48_iw3|2022-08-03|ASCENDING|80|80|1555463.0|11033.365234375|1555463.0|471495.5625|-2391.72265625|-4115.8603515625|44156572.0|56|55|52|18|10|10,72;11,67;11,68;11,70;11,71;12,62;12,64;12,65;12,68;12,70;12,71;12,72;12,73;12,74;13,62;13,63;13,64;13,73;13,74;14,64;28,75;28,76;29,75;29,76;30,75;30,76;31,75;39,40;40,60;40,61;41,48;41,49;43,78;43,79;47,58;49,69;50,69;50,72;50,77;55,47;55,48;55,52;55,53;55,61;55,71;55,72;55,73;55,74;56,48;56,52;56,53;56,72;57,76;58,75;58,76;66,21
ctn_asc_48_iw3:2022-08-03|ctn_asc_48_iw3|ctn_asc_48_iw3|2022-08-03|ASCENDING|80|80|3579633.5|11626.40625|3579633.5|1228411.25|-395.12841796875|464.340087890625|25270392.0|15|78|12|7|5|5,66;6,69;7,60;7,69;23,71;23,72;49,48;49,49;49,68;50,48;78,11;78,12;78,13;79,12;79,13
cts_asc_48_iw3:2022-08-03|cts_asc_48_iw3|cts_asc_48_iw3|2022-08-03|ASCENDING|80|80|1663201.875|12139.474609375|1663201.875|501048.03125|-1479.080078125|-4424.7001953125|38560200.0|46|62|51|20|7|18,66;18,68;18,69;19,61;19,63;19,70;19,71;19,72;20,62;20,63;20,71;20,72;25,66;28,68;35,74;36,74;36,75;37,74;47,59;47,60;48,47;49,77;50,77;52,35;54,56;54,59;56,67;57,67;57,70;62,46;62,50;62,51;62,52;62,70;62,71;62,72;63,50;63,51;63,70;64,74;64,75;65,74;65,75;68,76;73,19;73,20
beach_asc_48_iw3:2022-08-15|beach_asc_48_iw3|beach_asc_48_iw3|2022-08-15|ASCENDING|80|80|1900206.375|8487.7001953125|1900206.375|571466.3125|-3589.90234375|29.60064697265625|47321172.0|52|21|36|27|7|0,0;8,13;9,13;17,29;20,30;20,34;21,25;21,30;21,33;21,35;21,36;22,25;22,26;22,27;22,36;23,27;35,28;35,36;37,38;37,39;37,52;38,38;38,39;48,3;49,3;49,24;51,41;51,42;52,41;52,42;56,43;57,19;58,34;59,32;59,34;59,37;62,40;63,13;64,10;64,12;64,13;64,14;64,15;64,16;64,19;64,35;65,15;65,19;65,37;70,40;78,10;79,37
cte_asc_48_iw3:2022-08-15|cte_asc_48_iw3|cte_asc_48_iw3|2022-08-15|ASCENDING|80|80|1769594.0|14299.16015625|1769594.0|531066.4375|-9433.33203125|-3154.270263671875|51301472.0|61|27|75|25|7|6,66;9,67;10,62;10,66;10,67;10,70;10,71;10,72;10,73;11,62;11,63;11,64;11,72;11,73;12,62;12,63;12,64;23,24;25,65;26,30;27,75;27,76;28,75;28,76;30,75;34,32;37,40;38,39;38,40;38,60;38,61;40,78;41,78;41,79;42,78;46,56;47,56;47,71;48,68;48,69;48,71;51,77;52,77;53,47;53,49;53,50;53,51;53,52;53,53;53,56;54,50;54,52;54,56;54,74;56,76;64,21;68,74;69,73;69,74;78,20;79,20
ctn_asc_48_iw3:2022-08-15|ctn_asc_48_iw3|ctn_asc_48_iw3|2022-08-15|ASCENDING|80|80|8792289.0|15591.029296875|8792289.0|3880493.0|-954.9053955078125|-869.1445922851562|22382960.0|4|77|14|1|4|77,13;77,14;78,13;78,14
cts_asc_48_iw3:2022-08-15|cts_asc_48_iw3|cts_asc_48_iw3|2022-08-15|ASCENDING|80|80|1915720.875|13652.982421875|1915720.875|577170.25|-2055.518310546875|-4716.115234375|50849912.0|57|17|73|26|9|1,34;5,50;13,66;16,67;16,71;17,62;17,63;17,67;17,71;17,72;17,73;18,62;18,63;18,64;18,73;18,74;19,64;30,24;30,25;31,65;31,73;32,65;32,73;34,75;34,76;44,40;45,40;45,61;47,78;47,79;48,78;48,79;53,56;54,71;55,69;55,71;55,72;55,74;58,77;60,48;60,49;60,50;60,51;60,52;60,53;60,56;60,72;61,50;61,52;61,53;61,56;61,74;63,76;66,78;74,47;75,74;76,74
beach_asc_48_iw3:2022-08-27|beach_asc_48_iw3|beach_asc_48_iw3|2022-08-27|ASCENDING|80|80|1327355.5|7116.70751953125|1327355.5|400136.09375|-11651.908203125|-3429.667724609375|50483328.0|71|63|13|32|9|5,27;17,31;18,31;18,33;19,35;19,36;19,37;20,25;20,26;20,27;20,28;20,36;20,37;21,25;21,27;21,34;21,37;22,32;22,35;25,30;25,31;35,52;36,39;37,9;37,39;38,38;39,38;39,39;47,24;47,25;53,0;54,21;54,24;56,28;56,35;56,39;56,42;57,26;57,32;57,34;57,35;57,37;57,38;57,39;60,41;61,39;61,41;62,11;62,13;62,14;62,15;62,16;62,17;62,19;62,20;62,23;62,34;62,35;62,37;63,11;63,13;63,14;63,15;63,16;63,19;63,20;63,35;65,39;67,36;68,40;68,41
cte_asc_48_iw3:2022-08-27|cte_asc_48_iw3|cte_asc_48_iw3|2022-08-27|ASCENDING|80|80|11471233.0|12854.7509765625|11471233.0|3450247.25|-7067.84814453125|889.9224243164062|19360850.0|3|79|18|1|3|79,17;79,18;79,19
ctn_asc_48_iw3:2022-08-27|ctn_asc_48_iw3|ctn_asc_48_iw3|2022-08-27|ASCENDING|80|80|10324194.0|13137.763671875|10324194.0|3877612.0|-4105.6796875|-890.3631591796875|30546254.0|5|73|14|2|4|73,13;73,14;74,13;74,14;76,14
cts_asc_48_iw3:2022-08-27|cts_asc_48_iw3|cts_asc_48_iw3|2022-08-27|ASCENDING|80|80|1441917.25|11387.1875|1441917.25|434716.5625|-18267.958984375|-4139.29296875|51589072.0|74|56|57|29|15|12,68;12,71;13,72;13,73;13,74;14,62;14,63;14,64;14,65;14,67;14,73;14,74;15,62;15,64;15,65;15,74;16,69;16,72;19,68;20,68;24,72;25,24;26,24;26,25;27,24;27,25;30,76;30,77;31,46;31,76;33,75;33,76;41,61;41,62;47,37;48,58;48,61;50,72;50,76;50,77;50,79;51,65;51,69;51,72;51,75;51,76;54,78;55,76;55,78;56,48;56,49;56,50;56,51;56,52;56,53;56,54;56,56;56,57;56,61;56,72;56,73;57,48;57,49;57,50;57,51;57,52;57,53;57,54;57,56;57,57;57,72;58,53;61,73;62,78
beach_asc_48_iw3:2022-09-20|beach_asc_48_iw3|beach_asc_48_iw3|2022-09-20|ASCENDING|80|80|2733052.75|8369.861328125|2733052.75|830011.625|-6140.353515625|5065.5732421875|23509370.0|17|65|19|9|4|1,0;22,35;22,36;23,35;23,36;38,51;39,38;49,3;59,38;59,39;64,19;65,13;65,18;65,19;65,35;66,13;66,19
cte_asc_48_iw3:2022-09-20|cte_asc_48_iw3|cte_asc_48_iw3|2022-09-20|ASCENDING|80|80|3906575.0|12714.83984375|3906575.0|1196920.875|-8400.1865234375|5135.6943359375|18829804.0|10|55|56|5|3|11,73;12,72;12,73;24,25;25,25;49,75;54,56;55,50;55,55;55,56
ctn_asc_48_iw3:2022-09-20|ctn_asc_48_iw3|ctn_asc_48_iw3|2022-09-20|ASCENDING|80|80|8100650.0|13183.388671875|8100650.0|2503224.25|-492.8731689453125|-4383.048828125|21059464.0|4|79|14|3|2|6,68;49,52;79,13;79,14
cts_asc_48_iw3:2022-09-20|cts_asc_48_iw3|cts_asc_48_iw3|2022-09-20|ASCENDING|80|80|2594553.25|13970.33984375|2594553.25|811512.4375|-10820.216796875|5864.580078125|26983388.0|21|62|56|10|5|2,34;17,71;18,73;19,72;19,73;31,25;31,26;35,75;36,76;45,40;55,76;56,75;61,50;61,56;61,57;61,72;62,50;62,51;62,56;62,57;63,56
beach_asc_48_iw3:2022-10-02|beach_asc_48_iw3|beach_asc_48_iw3|2022-10-02|ASCENDING|80|80|1930650.25|8268.2822265625|1930650.25|582038.5|9060.306640625|4420.22412109375|35605816.0|41|52|24|16|6|1,24;24,27;24,28;24,36;24,37;25,27;25,28;25,29;25,36;25,37;26,29;39,52;40,39;40,52;41,39;43,39;51,3;51,4;51,24;51,25;52,24;52,25;53,24;57,0;58,21;61,30;61,32;61,34;61,35;62,32;62,35;66,15;66,16;66,35;67,11;67,15;67,16;67,17;67,35;67,36;68,16
cte_asc_48_iw3:2022-10-02|cte_asc_48_iw3|cte_asc_48_iw3|2022-10-02|ASCENDING|80|80|1827151.875|12784.36328125|1827151.875|549294.5625|6323.76513671875|5909.0751953125|34202764.0|40|39|61|16|8|9,72;11,64;11,65;11,73;12,64;12,65;12,66;12,73;12,74;13,64;13,65;13,66;28,76;30,75;34,32;35,33;38,40;39,40;39,60;39,61;39,62;40,60;40,61;44,37;45,37;48,72;49,69;49,71;49,72;54,48;54,50;54,52;54,53;54,72;55,48;55,52;55,53;55,72;55,74;55,75
ctn_asc_48_iw3:2022-10-02|ctn_asc_48_iw3|ctn_asc_48_iw3|2022-10-02|ASCENDING|80|80|5824217.5|13146.12890625|5824217.5|1774440.25|-28.1856689453125|-2087.35205078125|10412566.0|3|79|14|3|1|33,57;77,14;79,14
cts_asc_48_iw3:2022-10-02|cts_asc_48_iw3|cts_asc_48_iw3|2022-10-02|ASCENDING|80|80|1738975.625|12979.783203125|1738975.625|525482.9375|7296.91943359375|7869.9169921875|37300052.0|46|48|59|19|7|0,27;0,28;4,32;4,33;18,61;18,71;19,66;20,62;20,63;20,71;20,72;21,62;21,63;21,64;21,71;21,72;22,63;22,64;36,74;37,74;37,75;39,74;43,31;47,38;47,39;47,59;47,60;48,59;48,60;49,59;49,60;53,35;57,65;57,70;58,70;62,2;62,51;62,70;63,46;63,50;63,51;63,52;63,70;63,71;64,50;64,51
beach_asc_48_iw3:2022-10-26|beach_asc_48_iw3|beach_asc_48_iw3|2022-10-26|ASCENDING|80|80|5763235.0|6990.38671875|5763235.0|1863044.0|-1802.5260009765625|9125.8984375|20270326.0|6|7|25|2|4|6,25;6,26;7,25;7,26;64,16;65,16
cte_asc_48_iw3:2022-10-26|cte_asc_48_iw3|cte_asc_48_iw3|2022-10-26|ASCENDING|80|80|1824603.375|13062.8759765625|1824603.375|563105.625|-1024.4437255859375|1982.638427734375|33747676.0|38|11|73|17|7|9,63;9,72;10,73;11,64;11,72;11,73;11,74;12,64;12,65;12,73;12,74;17,67;17,68;24,56;27,76;28,76;30,75;38,40;38,61;38,62;39,61;44,36;45,58;48,72;53,48;53,52;53,53;53,72;54,48;54,50;54,52;54,53;54,72;55,50;55,52;55,53;78,21;79,21
ctn_asc_48_iw3:2022-10-26|ctn_asc_48_iw3|ctn_asc_48_iw3|2022-10-26|ASCENDING|80|80|7503127.0|13746.4453125|7503127.0|2443484.5|2259.76513671875|2039.991943359375|15964147.0|4|77|14|1|4|76,12;77,13;77,14;78,14
cts_asc_48_iw3:2022-10-26|cts_asc_48_iw3|cts_asc_48_iw3|2022-10-26|ASCENDING|80|80|6093274.0|12721.748046875|6093274.0|1858840.375|-1931.3482666015625|8858.5625|19591476.0|6|3|61|2|4|2,60;2,61;3,60;3,61;60,51;61,51
beach_asc_48_iw3:2022-11-07|beach_asc_48_iw3|beach_asc_48_iw3|2022-11-07|ASCENDING|80|80|3489370.75|9864.40234375|3489370.75|1068102.125|-3013.85888671875|10043.208984375|34829576.0|23|64|19|11|4|6,26;20,33;20,36;21,27;21,35;21,36;22,27;26,11;27,10;27,11;27,30;37,38;37,39;38,38;38,39;56,19;58,38;58,39;63,13;63,19;64,13;64,19;65,19
cte_asc_48_iw3:2022-11-07|cte_asc_48_iw3|cte_asc_48_iw3|2022-11-07|ASCENDING|80|80|4815097.5|14028.189453125|4815097.5|1463036.125|-8362.302734375|5884.99169921875|39045264.0|18|53|56|10|4|10,72;10,73;11,64;16,47;16,48;23,24;27,75;27,76;47,75;53,52;53,55;53,56;54,50;54,56;69,20;69,21;70,20;70,21
ctn_asc_48_iw3:2022-11-07|ctn_asc_48_iw3|ctn_asc_48_iw3|2022-11-07|ASCENDING|80|80|27046734.0|14481.7001953125|27046734.0|8958942.0|2390.4228515625|-3900.377685546875|87921000.0|5|77|13|1|5|77,12;77,13;77,14;78,13;78,14
cts_asc_48_iw3:2022-11-07|cts_asc_48_iw3|cts_asc_48_iw3|2022-11-07|ASCENDING|80|80|4258289.0|16156.58203125|4258289.0|1282718.5|-2557.822998046875|403.9075927734375|39354728.0|21|60|56|10|4|1,34;17,64;17,73;18,64;23,48;29,24;30,24;33,75;33,76;34,75;34,76;47,35;48,35;54,75;54,76;59,56;60,56;60,57;61,56;77,20;77,21
beach_asc_48_iw3:2022-11-19|beach_asc_48_iw3|beach_asc_48_iw3|2022-11-19|ASCENDING|80|80|2090955.5|7759.43505859375|2090955.5|644048.6875|-4566.03125|2070.185546875|28089774.0|29|64|15|16|6|0,0;4,1;5,1;20,31;21,27;21,35;21,36;22,27;22,29;23,35;30,36;36,51;36,52;37,38;37,39;37,51;38,38;38,39;48,24;57,19;63,6;63,15;63,16;64,15;64,16;64,35;65,13;65,15;65,16
cte_asc_48_iw3:2022-11-19|cte_asc_48_iw3|cte_asc_48_iw3|2022-11-19|ASCENDING|80|80|2705790.5|11823.5029296875|2705790.5|858159.5625|-662.031005859375|1065.228759765625|27437336.0|21|51|52|11|4|8,72;8,73;9,64;9,73;25,75;25,76;36,61;44,56;50,3;50,43;51,3;51,4;51,52;51,53;51,71;51,72;52,52;52,53;76,20;77,20;79,19
ctn_asc_48_iw3:2022-11-19|ctn_asc_48_iw3|ctn_asc_48_iw3|2022-11-19|ASCENDING|80|80|22262380.0|12683.3408203125|22262380.0|6812630.0|-586.3548583984375|4486.6337890625|70061848.0|5|75|13|1|5|75,12;75,13;75,14;76,13;76,14
cts_asc_48_iw3:2022-11-19|cts_asc_48_iw3|cts_asc_48_iw3|2022-11-19|ASCENDING|80|80|2420008.75|12380.705078125|2420008.75|735677.875|451.28076171875|347.1162109375|26374086.0|22|60|53|13|5|1,34;1,38;17,72;17,73;18,64;18,66;33,76;34,76;53,56;59,3;59,4;59,44;59,53;60,3;60,4;60,48;60,52;60,53;60,72;61,50;61,52;61,53
beach_asc_48_iw3:2022-12-01|beach_asc_48_iw3|beach_asc_48_iw3|2022-12-01|ASCENDING|80|80|2134429.75|8560.8935546875|2134429.75|642255.8125|9054.3994140625|-385.1178894042969|38377084.0|43|67|15|21|6|2,0;3,0;23,30;23,33;23,34;24,30;24,33;24,35;24,36;25,26;25,27;25,29;25,36;26,34;30,30;33,36;39,51;40,38;40,51;41,38;41,39;51,3;51,24;60,19;61,34;61,37;61,38;61,39;61,44;66,15;66,19;66,34;66,35;67,10;67,15;67,16;67,19;67,34;67,35;68,13;68,15;68,19;72,40
cte_asc_48_iw3:2022-12-01|cte_asc_48_iw3|cte_asc_48_iw3|2022-12-01|ASCENDING|80|80|1948155.5|13855.154296875|1948155.5|591495.875|6333.2705078125|6205.59375|42214280.0|48|55|56|20|6|10,62;10,67;11,66;11,67;11,68;11,70;11,72;11,73;12,63;12,64;12,66;12,72;12,73;13,63;13,66;21,73;27,30;28,75;28,76;38,39;38,40;39,40;39,61;42,34;42,35;43,34;43,35;44,36;46,60;47,56;49,75;49,76;53,3;54,47;54,52;54,56;54,71;54,72;55,47;55,51;55,52;55,55;55,56;55,71;56,50;56,52;60,77;61,77
ctn_asc_48_iw3:2022-12-01|ctn_asc_48_iw3|ctn_asc_48_iw3|2022-12-01|ASCENDING|80|80|17784826.0|14177.9453125|17784826.0|10045363.0|7332.2685546875|862.2122802734375|27830188.0|2|79|13|1|2|79,13;79,14
cts_asc_48_iw3:2022-12-01|cts_asc_48_iw3|cts_asc_48_iw3|2022-12-01|ASCENDING|80|80|1897072.75|14434.2265625|1897072.75|579224.3125|13815.8896484375|5813.59375|45797332.0|53|4|34|23|5|0,29;3,34;4,33;4,34;5,34;19,67;19,68;19,71;20,67;20,68;20,70;20,72;20,73;21,63;21,64;21,66;21,73;22,71;26,67;26,68;29,73;35,30;36,75;37,75;37,76;47,40;47,61;48,40;48,61;50,35;51,34;51,35;52,35;53,36;56,56;57,71;57,75;58,76;62,3;62,52;62,56;62,72;63,52;63,53;63,56;63,71;63,72;64,50;64,52;64,56;64,74;68,77;69,77
beach_asc_48_iw3:2022-12-13|beach_asc_48_iw3|beach_asc_48_iw3|2022-12-13|ASCENDING|80|80|1688279.875|7163.4287109375|1688279.875|507586.59375|-6420.22265625|-1129.6702880859375|34396888.0|46|67|15|21|6|3,0;11,12;22,35;24,35;24,36;24,37;25,27;25,29;25,36;26,27;30,30;30,31;39,51;39,52;40,51;40,52;41,39;43,38;44,38;50,36;51,3;51,24;52,24;61,34;61,38;61,39;61,45;62,37;62,38;62,39;66,11;66,15;66,16;66,19;66,35;67,11;67,15;67,16;67,19;67,20;67,35;68,13;68,15;68,16;68,19;68,20
cte_asc_48_iw3:2022-12-13|cte_asc_48_iw3|cte_asc_48_iw3|2022-12-13|ASCENDING|80|80|1958162.25|12064.7822265625|1958162.25|594696.9375|-6871.8837890625|-4919.44287109375|27240700.0|31|57|52|14|5|0,49;1,49;13,73;14,64;14,72;14,73;15,64;19,68;30,76;31,76;33,75;40,73;41,61;51,74;51,75;51,76;52,74;56,3;56,48;56,52;56,53;56,56;56,72;57,48;57,52;57,53;57,56;57,57;57,71;57,72;58,52
ctn_asc_48_iw3:2022-12-13|ctn_asc_48_iw3|ctn_asc_48_iw3|2022-12-13|ASCENDING|80|80|2185595.5|12140.76953125|2185595.5|672358.5625|376.2852783203125|305.6372985839844|28520022.0|29|51|48|12|5|7,69;8,68;8,69;9,60;24,72;25,72;27,71;35,57;45,70;45,71;45,72;45,77;46,70;50,48;50,49;50,52;50,68;51,48;51,49;51,52;51,67;51,68;52,48;76,16;77,16;77,17;79,13;79,14;79,15
cts_asc_48_iw3:2022-12-13|cts_asc_48_iw3|cts_asc_48_iw3|2022-12-13|ASCENDING|80|80|1293942.875|12869.1015625|1293942.875|391121.96875|-10472.3359375|-8131.76904296875|41655120.0|66|64|51|25|8|0,27;4,32;4,33;5,32;5,33;7,47;7,48;18,70;20,71;20,72;21,60;21,62;21,63;21,64;21,71;21,72;22,60;22,62;22,63;22,64;23,67;26,66;26,67;27,65;27,66;30,71;37,74;38,74;40,73;40,74;46,71;47,38;47,60;47,71;48,38;48,59;48,60;55,56;55,59;57,74;58,72;58,73;58,74;58,75;62,1;62,2;62,51;63,2;63,46;63,50;63,51;63,52;63,54;63,55;63,70;63,71;64,46;64,48;64,50;64,51;64,54;64,55;64,70;64,75;65,50;65,51
beach_asc_48_iw3:2022-12-25|beach_asc_48_iw3|beach_asc_48_iw3|2022-12-25|ASCENDING|80|80|2965032.5|7209.86328125|2965032.5|906093.4375|1537.2664794921875|5478.025390625|24733814.0|18|64|19|10|4|0,0;20,34;21,26;21,34;21,36;22,27;22,36;27,31;37,51;37,52;38,39;59,38;64,19;64,20;64,35;65,19;65,20;65,35
cte_asc_48_iw3:2022-12-25|cte_asc_48_iw3|cte_asc_48_iw3|2022-12-25|ASCENDING|80|80|2584105.25|12483.79296875|2584105.25|790720.75|1757.3355712890625|7113.23779296875|27759534.0|25|53|56|11|5|10,63;10,70;10,71;10,73;11,63;11,72;11,73;12,64;12,66;16,68;17,67;17,68;27,76;28,76;38,61;48,74;48,75;53,52;53,56;53,72;54,56;54,72;78,20;78,21;79,20
ctn_asc_48_iw3:2022-12-25|ctn_asc_48_iw3|ctn_asc_48_iw3|2022-12-25|ASCENDING|80|80|16146561.0|13671.845703125|16146561.0|6503287.0|-448.37335205078125|-2678.15966796875|45146740.0|4|77|14|1|4|76,13;77,13;77,14;78,14
cts_asc_48_iw3:2022-12-25|cts_asc_48_iw3|cts_asc_48_iw3|2022-12-25|ASCENDING|80|80|2390880.0|11491.130859375|2390880.0|734768.3125|-1805.9627685546875|11230.646484375|32340560.0|28|60|56|12|4|16,71;17,63;17,71;17,73;18,63;18,64;18,73;18,74;19,64;23,68;23,69;24,68;34,76;35,76;45,62;55,75;55,76;60,4;60,53;60,56;60,57;60,72;60,73;60,76;61,53;61,56;61,57;61,72
