id,asset_id,asset_name,asset_type,request_id,date,acquisition_ts,pass_label,orbit_direction,subswath,platform,state_window,role,track,relative_orbit,intensity,coherence_gamma2,coherence,phase_coherence,coherence_masked_pixels,phase_scatterer_count,brightness_ratio,phase_snr_db,displacement_los_m,temperature_c,precipitation_mm,shift_y,shift_x,segment,track_index,state,pre_collapse,day,month,year,season,echo_mode,A,D,F,S,P,gamma2_mask,coherence_masked_pixels,mask_bbox_area,mask_row_span,mask_col_span,mask_centroid_row,mask_centroid_col,mask_peak_row,mask_peak_col,mask_n_components,mask_largest_component,mask_fragmentation
beach_asc_48_iw3:2015-09-21,6b3f7f30-edbb-53f4-b923-135a1e51658b,Havelbrücke Werder (A 10),bridge,beach_asc_48_iw3,2015-09-21,2015-09-21T23:27:51Z,evening_rel48_reference_beach,ASCENDING,IW3,S1A,W2_prae,reference_beach,beach_asc_48_iw3,48,38295.972659999999,0.0022227179719999999,,0.042093329130000003,640,321,1.146304539,,,27.300000000000001,4.5999999999999996,0.70199999999999996,-0.021999999999999999,beach_asc_48_iw3,3,pre-collapse (healthy),1,2015-09-21,9,2015,shoulder_Aug-Sep,distributed,58,0.017313432835820895,25,25.275956155444213,0.014767932489451477,0.088298484099465127,640,3350,67,50,42.310344827586206,26.862068965517242,65,38,25,10,0.82758620689655171
cte_asc_48_iw3:2015-09-21,6b3f7f30-edbb-53f4-b923-135a1e51658b,Havelbrücke Werder (A 10),bridge,cte_asc_48_iw3,2015-09-21,2015-09-21T23:27:51Z,evening_rel48_control_cte,ASCENDING,IW3,S1A,W2_prae,control_cte,cte_asc_48_iw3,48,43858.5,0.00043475299029999999,,0.01180400513,640,371,1.0922246900000001,,,27.300000000000001,4.5999999999999996,0.21299999999999999,0.127,cte_asc_48_iw3,2,pre-collapse (healthy),1,2015-09-21,9,2015,shoulder_Aug-Sep,distributed,40,0.0091954022988505746,17,21.996817951694741,0.026054852320675104,0.010516201323518277,640,4350,58,75,36.899999999999999,62.5,55,75,17,7,0.82499999999999996
ctn_asc_48_iw3:2015-09-21,6b3f7f30-edbb-53f4-b923-135a1e51658b,Havelbrücke Werder (A 10),bridge,ctn_asc_48_iw3,2015-09-21,2015-09-21T23:27:51Z,evening_rel48_control_ctn,ASCENDING,IW3,S1A,W2_prae,control_ctn,ctn_asc_48_iw3,48,52187.191409999999,0.00048479627000000002,,0.019874025140000001,640,300,1.147804206,,,27.300000000000001,4.5999999999999996,0.16500000000000001,-0.66500000000000004,ctn_asc_48_iw3,1,pre-collapse (healthy),1,2015-09-21,9,2015,shoulder_Aug-Sep,compact,9,0.0048387096774193551,2,7.0562116930255234,0.052508204406938583,0.0073270463224257626,640,1860,30,62,73.888888888888886,20.333333333333332,77,14,2,8,0.11111111111111116
cts_asc_48_iw3:2015-09-21,6b3f7f30-edbb-53f4-b923-135a1e51658b,Havelbrücke Werder (A 10),bridge,cts_asc_48_iw3,2015-09-21,2015-09-21T23:27:51Z,evening_rel48,ASCENDING,IW3,S1A,W2_prae,target,cts_asc_48_iw3,48,45102.351560000003,0.00032473058670000001,,0.011291065249999999,640,353,1.1221566569999999,,,27.300000000000001,4.5999999999999996,0.52600000000000002,-0.037999999999999999,cts_asc_48_iw3,0,pre-collapse (healthy),1,2015-09-21,9,2015,shoulder_Aug-Sep,distributed,82,0.015413533834586466,35,24.967465445164887,0.01589996912627354,0.07582344819584147,640,5320,70,76,41.426829268292686,60.853658536585364,62,75,35,10,0.87804878048780488
beach_asc_48_iw3:2015-10-15,6b3f7f30-edbb-53f4-b923-135a1e51658b,Havelbrücke Werder (A 10),bridge,beach_asc_48_iw3,2015-10-15,2015-10-15T23:27:51Z,evening_rel48_reference_beach,ASCENDING,IW3,S1A,W2_prae,reference_beach,beach_asc_48_iw3,48,37951.816409999999,0.00040268228620000002,0.031210597600000001,0.011826135220000001,640,261,1.1360029899999999,,,26.199999999999999,1,1.6559999999999999,-0.084000000000000005,beach_asc_48_iw3,3,pre-collapse (healthy),1,2015-10-15,10,2015,winter_Oct-Feb,distributed,88,0.022952529994783515,32,21.652940197924067,0.010116992711929422,0.022504250989139923,640,3834,71,54,43.295454545454547,31.46590909090909,61,19,32,8,0.90909090909090906
cte_asc_48_iw3:2015-10-15,6b3f7f30-edbb-53f4-b923-135a1e51658b,Havelbrücke Werder (A 10),bridge,cte_asc_48_iw3,2015-10-15,2015-10-15T23:27:51Z,evening_rel48_control_cte,ASCENDING,IW3,S1A,W2_prae,control_cte,cte_asc_48_iw3,48,49714.671880000002,0.00026350392730000003,0.025671109559999999,0.01218239684,640,232,1.2380631360000001,,,26.199999999999999,1,2.23,0.058999999999999997,cte_asc_48_iw3,2,pre-collapse (healthy),1,2015-10-15,10,2015,winter_Oct-Feb,compact,6,0.75,1,0.89752746785574777,0.02086263478668542,0.27726844875681311,640,8,2,4,78.666666666666671,16.166666666666668,79,17,1,6,0
ctn_asc_48_iw3:2015-10-15,6b3f7f30-edbb-53f4-b923-135a1e51658b,Havelbrücke Werder (A 10),bridge,ctn_asc_48_iw3,2015-10-15,2015-10-15T23:27:51Z,evening_rel48_control_ctn,ASCENDING,IW3,S1A,W2_prae,control_ctn,ctn_asc_48_iw3,48,51240.308590000001,0.00023619001150000001,0.025745712220000001,0.012709397819999999,640,213,1.1269784810000001,,,26.199999999999999,1,2.1829999999999998,-0.76800000000000002,ctn_asc_48_iw3,1,pre-collapse (healthy),1,2015-10-15,10,2015,winter_Oct-Feb,compact,7,0.58333333333333337,1,1.0879675865519871,0.0048221820373719115,0.026686981966655272,640,12,3,4,73,14.571428571428571,74,15,1,7,0
cts_asc_48_iw3:2015-10-15,6b3f7f30-edbb-53f4-b923-135a1e51658b,Havelbrücke Werder (A 10),bridge,cts_asc_48_iw3,2015-10-15,2015-10-15T23:27:51Z,evening_rel48,ASCENDING,IW3,S1A,W2_prae,target,cts_asc_48_iw3,48,44081.21875,0.0001587464794,0.024093432349999999,0.0022309122139999998,640,213,1.096750643,,,26.199999999999999,1,2.5529999999999999,-0.128,cts_asc_48_iw3,0,pre-collapse (healthy),1,2015-10-15,10,2015,winter_Oct-Feb,distributed,97,0.019380619380619381,34,29.098593310312488,0.015659663317238677,0.033046882316053086,640,5005,65,77,39.680412371134018,57.195876288659797,61,77,34,10,0.89690721649484539
beach_asc_48_iw3:2016-04-12,6b3f7f30-edbb-53f4-b923-135a1e51658b,Havelbrücke Werder (A 10),bridge,beach_asc_48_iw3,2016-04-12,2016-04-12T23:27:49Z,evening_rel48_reference_beach,ASCENDING,IW3,S1A,W2_prae,reference_beach,beach_asc_48_iw3,48,31705.539059999999,0.00038604636210000002,0.048865351830000001,0.033818837259999998,640,197,0.94903460679999996,,,23.399999999999999,0,2.2919999999999998,-0.67000000000000004,beach_asc_48_iw3,3,pre-collapse (healthy),1,2016-04-12,4,2016,summer_Mar-Jul,intermediate,18,0.010256410256410256,8,22.580719405919933,0.010548523206751056,0.10396873673974828,640,1755,65,27,40.666666666666664,27.666666666666668,60,16,8,6,0.66666666666666674
cte_asc_48_iw3:2016-04-12,6b3f7f30-edbb-53f4-b923-135a1e51658b,Havelbrücke Werder (A 10),bridge,cte_asc_48_iw3,2016-04-12,2016-04-12T23:27:49Z,evening_rel48_control_cte,ASCENDING,IW3,S1A,W2_prae,control_cte,cte_asc_48_iw3,48,43385.941409999999,0.00039453571659999999,0.03299237788,0.018111245710000001,640,164,1.080456385,,,23.399999999999999,0,3.016,-0.45700000000000002,cte_asc_48_iw3,2,pre-collapse (healthy),1,2016-04-12,4,2016,summer_Mar-Jul,compact,5,0.55555555555555558,1,0.82462112512352914,0.010407876230661039,0.01463408830882146,640,9,3,3,77.200000000000003,18.199999999999999,78,18,1,5,0
ctn_asc_48_iw3:2016-04-12,6b3f7f30-edbb-53f4-b923-135a1e51658b,Havelbrücke Werder (A 10),bridge,ctn_asc_48_iw3,2016-04-12,2016-04-12T23:27:49Z,evening_rel48_control_ctn,ASCENDING,IW3,S1A,W2_prae,control_ctn,ctn_asc_48_iw3,48,40011.050779999998,0.0002124634339,0.060097653420000001,0.015224915929999999,640,152,0.88000237469999998,,,23.399999999999999,0,2.9700000000000002,-0.248,ctn_asc_48_iw3,1,pre-collapse (healthy),1,2016-04-12,4,2016,summer_Mar-Jul,compact,6,0.5,2,0.89752746785574644,0.0032817627754336619,0.015737636294984467,640,12,3,4,71.166666666666671,13.666666666666666,72,14,2,4,0.33333333333333337
cts_asc_48_iw3:2016-04-12,6b3f7f30-edbb-53f4-b923-135a1e51658b,Havelbrücke Werder (A 10),bridge,cts_asc_48_iw3,2016-04-12,2016-04-12T23:27:49Z,evening_rel48,ASCENDING,IW3,S1A,W2_prae,target,cts_asc_48_iw3,48,37452.609380000002,0.00037833943499999999,0.0051441630349999996,0.0064233108419999999,640,200,0.93182934959999997,,,23.399999999999999,0,2.202,0.14999999999999999,cts_asc_48_iw3,0,pre-collapse (healthy),1,2016-04-12,4,2016,summer_Mar-Jul,intermediate,14,0.0035897435897435897,7,43.669035870712229,0.016375326501908781,0.013544981422609514,640,3900,52,75,43.714285714285715,43.214285714285715,50,0,7,5,0.64285714285714279
beach_asc_48_iw3:2016-07-05,6b3f7f30-edbb-53f4-b923-135a1e51658b,Havelbrücke Werder (A 10),bridge,beach_asc_48_iw3,2016-07-05,2016-07-05T23:27:54Z,evening_rel48_reference_beach,ASCENDING,IW3,S1A,W2_prae,reference_beach,beach_asc_48_iw3,48,35325.964840000001,0.00033466677999999998,0.01250052359,0.019112979990000001,640,333,1.057403979,,,28.5,0.80000000000000004,0.112,-0.42999999999999999,beach_asc_48_iw3,3,pre-collapse (healthy),1,2016-07-05,7,2016,summer_Mar-Jul,intermediate,22,0.016272189349112426,9,9.0865898830352911,0.030111238971998466,0.33619096876088772,640,1352,52,26,46.68181818181818,35.31818181818182,38,38,9,6,0.72727272727272729
cte_asc_48_iw3:2016-07-05,6b3f7f30-edbb-53f4-b923-135a1e51658b,Havelbrücke Werder (A 10),bridge,cte_asc_48_iw3,2016-07-05,2016-07-05T23:27:54Z,evening_rel48_control_cte,ASCENDING,IW3,S1A,W2_prae,control_cte,cte_asc_48_iw3,48,40491.5625,0.00079163664490000001,0.015519957060000001,0.025618562470000002,640,356,1.008376581,,,28.5,0.80000000000000004,-0.20399999999999999,-0.222,cte_asc_48_iw3,2,pre-collapse (healthy),1,2016-07-05,7,2016,summer_Mar-Jul,compact,10,0.010582010582010581,4,4.0459856648287795,0.036286919831223632,0.33693765558581129,640,945,45,21,30.100000000000001,72.400000000000006,27,75,4,5,0.5
ctn_asc_48_iw3:2016-07-05,6b3f7f30-edbb-53f4-b923-135a1e51658b,Havelbrücke Werder (A 10),bridge,ctn_asc_48_iw3,2016-07-05,2016-07-05T23:27:54Z,evening_rel48_control_ctn,ASCENDING,IW3,S1A,W2_prae,control_ctn,ctn_asc_48_iw3,48,44803.226560000003,0.00060680700699999998,0.015465686100000001,0.02435106225,640,362,0.98540140779999996,,,28.5,0.80000000000000004,-0.251,-0.074999999999999997,ctn_asc_48_iw3,1,pre-collapse (healthy),1,2016-07-05,7,2016,summer_Mar-Jul,compact,7,0.0020114942528735632,2,22.124416284240521,0.046011653606590319,0.13596545534810409,640,3480,58,60,61.142857142857146,29.428571428571427,77,14,2,5,0.2857142857142857
cts_asc_48_iw3:2016-07-05,6b3f7f30-edbb-53f4-b923-135a1e51658b,Havelbrücke Werder (A 10),bridge,cts_asc_48_iw3,2016-07-05,2016-07-05T23:27:54Z,evening_rel48,ASCENDING,IW3,S1A,W2_prae,target,cts_asc_48_iw3,48,41089.304689999997,0.00061566918160000002,0.02043570951,0.0178322494,640,302,1.0223111469999999,,,28.5,0.80000000000000004,-0.02,-0.61299999999999999,cts_asc_48_iw3,0,pre-collapse (healthy),1,2016-07-05,7,2016,summer_Mar-Jul,intermediate,19,0.0049673202614379085,10,12.430081464244559,0.025538529868976242,0.27439201013734238,640,3825,51,75,44.736842105263158,68.736842105263165,34,75,10,4,0.78947368421052633
beach_asc_48_iw3:2016-09-27,6b3f7f30-edbb-53f4-b923-135a1e51658b,Havelbrücke Werder (A 10),bridge,beach_asc_48_iw3,2016-09-27,2016-09-27T23:27:58Z,evening_rel48_reference_beach,ASCENDING,IW3,S1A,W2_prae,reference_beach,beach_asc_48_iw3,48,39683.871090000001,0.00060714501889999996,0.2208157778,0.02548470907,640,393,1.1878481839999999,,,25.399999999999999,12.4,-0.042000000000000003,0.068000000000000005,beach_asc_48_iw3,3,pre-collapse (healthy),1,2016-09-27,9,2016,shoulder_Aug-Sep,distributed,37,0.0086247086247086251,16,20.257743877288227,0.028433496787927164,0.055844619761779291,640,4290,78,55,40.081081081081081,25.864864864864863,22,35,16,8,0.78378378378378377
cte_asc_48_iw3:2016-09-27,6b3f7f30-edbb-53f4-b923-135a1e51658b,Havelbrücke Werder (A 10),bridge,cte_asc_48_iw3,2016-09-27,2016-09-27T23:27:58Z,evening_rel48_control_cte,ASCENDING,IW3,S1A,W2_prae,control_cte,cte_asc_48_iw3,48,45556.621090000001,0.00032662352900000001,0.10053673389999999,0.01043346431,640,307,1.134513637,,,25.399999999999999,12.4,0.57199999999999995,-0.68100000000000005,cte_asc_48_iw3,2,pre-collapse (healthy),1,2016-09-27,9,2016,shoulder_Aug-Sep,distributed,43,0.0073479152426520851,21,25.942149727886008,0.017139305923527297,0.19539542321689501,640,5852,77,76,30.11627906976744,58.930232558139537,9,74,21,10,0.76744186046511631
ctn_asc_48_iw3:2016-09-27,6b3f7f30-edbb-53f4-b923-135a1e51658b,Havelbrücke Werder (A 10),bridge,ctn_asc_48_iw3,2016-09-27,2016-09-27T23:27:58Z,evening_rel48_control_ctn,ASCENDING,IW3,S1A,W2_prae,control_ctn,ctn_asc_48_iw3,48,50887.140619999998,0.00024456618119999998,0.097626328469999996,0.018356390300000001,640,336,1.1192109109999999,,,25.399999999999999,12.4,0.56000000000000005,-0.44800000000000001,ctn_asc_48_iw3,1,pre-collapse (healthy),1,2016-09-27,9,2016,shoulder_Aug-Sep,intermediate,12,0.0027700831024930748,5,31.086460968652503,0.023323956868260665,0.28922054226778088,640,4332,76,57,49.083333333333336,31.166666666666668,75,14,5,5,0.58333333333333326
cts_asc_48_iw3:2016-09-27,6b3f7f30-edbb-53f4-b923-135a1e51658b,Havelbrücke Werder (A 10),bridge,cts_asc_48_iw3,2016-09-27,2016-09-27T23:27:58Z,evening_rel48,ASCENDING,IW3,S1A,W2_prae,target,cts_asc_48_iw3,48,46280.078119999998,0.00050157448280000003,0.19122575219999999,0.010013230139999999,640,396,1.1514587590000001,,,25.399999999999999,12.4,-0.13900000000000001,0.017000000000000001,cts_asc_48_iw3,0,pre-collapse (healthy),1,2016-09-27,9,2016,shoulder_Aug-Sep,distributed,40,0.0083333333333333332,17,26.648757006659803,0.029641350210970464,0.098487747407200024,640,4800,64,75,38.625,55.125,18,72,17,7,0.82499999999999996
beach_asc_48_iw3:2016-10-09,6b3f7f30-edbb-53f4-b923-135a1e51658b,Havelbrücke Werder (A 10),bridge,beach_asc_48_iw3,2016-10-09,2016-10-09T23:27:58Z,evening_rel48_reference_beach,ASCENDING,IW3,S1A,W2_prae,reference_beach,beach_asc_48_iw3,48,33359.164060000003,0.00078245002080000003,0.20747900010000001,0.033158291130000003,640,338,0.99853218349999995,,,27.399999999999999,0.10000000000000001,-0.02,-0.30599999999999999,beach_asc_48_iw3,3,pre-collapse (healthy),1,2016-10-09,10,2016,winter_Oct-Feb,intermediate,20,0.0073909830007390983,10,16.507574019219181,0.035232067510548526,0.12843720844692233,640,2706,66,41,37.700000000000003,30.899999999999999,22,36,10,5,0.75
cte_asc_48_iw3:2016-10-09,6b3f7f30-edbb-53f4-b923-135a1e51658b,Havelbrücke Werder (A 10),bridge,cte_asc_48_iw3,2016-10-09,2016-10-09T23:27:58Z,evening_rel48_control_cte,ASCENDING,IW3,S1A,W2_prae,control_cte,cte_asc_48_iw3,48,38102.5,0.000255296356,0.02318344265,0.025017578150000001,640,367,0.9488808608,,,27.399999999999999,0.10000000000000001,-0.41599999999999998,-0.13,cte_asc_48_iw3,2,pre-collapse (healthy),1,2016-10-09,10,2016,winter_Oct-Feb,intermediate,18,0.015050167224080268,7,13.936474039080878,0.041881543991248632,0.20197305165970278,640,1196,46,26,24.333333333333332,68.944444444444443,11,73,7,6,0.66666666666666674
ctn_asc_48_iw3:2016-10-09,6b3f7f30-edbb-53f4-b923-135a1e51658b,Havelbrücke Werder (A 10),bridge,ctn_asc_48_iw3,2016-10-09,2016-10-09T23:27:58Z,evening_rel48_control_ctn,ASCENDING,IW3,S1A,W2_prae,control_ctn,ctn_asc_48_iw3,48,43884.359380000002,0.00012755311039999999,0.02583810315,0.017383076250000001,640,387,0.96519185839999999,,,27.399999999999999,0.10000000000000001,-0.48299999999999998,0.0070000000000000001,ctn_asc_48_iw3,1,pre-collapse (healthy),1,2016-10-09,10,2016,winter_Oct-Feb,intermediate,12,0.0026666666666666666,4,28.51473790477089,0.039381153305203941,0.058044874515280322,640,4500,75,60,54.75,31.833333333333332,77,14,4,5,0.58333333333333326
cts_asc_48_iw3:2016-10-09,6b3f7f30-edbb-53f4-b923-135a1e51658b,Havelbrücke Werder (A 10),bridge,cts_asc_48_iw3,2016-10-09,2016-10-09T23:27:58Z,evening_rel48,ASCENDING,IW3,S1A,W2_prae,target,cts_asc_48_iw3,48,38376,0.0003147668904,0.1992457658,0.026677822689999998,640,326,0.95480351620000004,,,27.399999999999999,0.10000000000000001,-0.13400000000000001,-0.47399999999999998,cts_asc_48_iw3,0,pre-collapse (healthy),1,2016-10-09,10,2016,winter_Oct-Feb,intermediate,19,0.015548281505728314,8,21.484130585993263,0.02953586497890295,0.18636818396222568,640,1222,47,26,39.315789473684212,70.315789473684205,18,73,8,5,0.73684210526315796
beach_asc_48_iw3:2016-10-15,6b3f7f30-edbb-53f4-b923-135a1e51658b,Havelbrücke Werder (A 10),bridge,beach_asc_48_iw3,2016-10-15,2016-10-15T23:27:16Z,evening_rel48_reference_beach,ASCENDING,IW3,S1B,W2_prae,reference_beach,beach_asc_48_iw3,48,54345.140619999998,3.2730818929999998e-05,0.0068201282990000001,0.0099609009919999995,640,313,1.6267005919999999,,,25.899999999999999,3.7999999999999998,1.6919999999999999,-0.214,beach_asc_48_iw3,3,pre-collapse (healthy),1,2016-10-15,10,2016,winter_Oct-Feb,compact,9,0.0083333333333333332,3,19.994134942496647,0.020315674324113145,0.3893075362360619,640,1080,45,24,42.111111111111114,25.555555555555557,61,19,3,4,0.55555555555555558
cte_asc_48_iw3:2016-10-15,6b3f7f30-edbb-53f4-b923-135a1e51658b,Havelbrücke Werder (A 10),bridge,cte_asc_48_iw3,2016-10-15,2016-10-15T23:27:16Z,evening_rel48_control_cte,ASCENDING,IW3,S1B,W2_prae,control_cte,cte_asc_48_iw3,48,61863.71875,0.00031214865160000002,0.015059502799999999,0.013247035440000001,640,357,1.5406154110000001,,,25.899999999999999,3.7999999999999998,1.2470000000000001,-0.10199999999999999,cte_asc_48_iw3,2,pre-collapse (healthy),1,2016-10-15,10,2016,winter_Oct-Feb,compact,9,0.008152173913043478,3,20.519788702495493,0.026879199874980466,0.31443152307514188,640,1104,46,24,31.555555555555557,62.555555555555557,51,56,3,4,0.55555555555555558
ctn_asc_48_iw3:2016-10-15,6b3f7f30-edbb-53f4-b923-135a1e51658b,Havelbrücke Werder (A 10),bridge,ctn_asc_48_iw3,2016-10-15,2016-10-15T23:27:16Z,evening_rel48_control_ctn,ASCENDING,IW3,S1B,W2_prae,control_ctn,ctn_asc_48_iw3,48,66634.90625,0.00018901367729999999,0.032595686610000001,0.0087756477300000007,640,340,1.465567002,,,25.899999999999999,3.7999999999999998,1.196,0.040000000000000001,ctn_asc_48_iw3,1,pre-collapse (healthy),1,2016-10-15,10,2016,winter_Oct-Feb,intermediate,13,0.0029491833030852997,3,42.231890135047216,0.021205236395109812,0.13160289273052189,640,4408,76,58,43.384615384615387,42,75,14,3,5,0.61538461538461542
cts_asc_48_iw3:2016-10-15,6b3f7f30-edbb-53f4-b923-135a1e51658b,Havelbrücke Werder (A 10),bridge,cts_asc_48_iw3,2016-10-15,2016-10-15T23:27:16Z,evening_rel48,ASCENDING,IW3,S1B,W2_prae,target,cts_asc_48_iw3,48,61021.074220000002,0.0001585742866,0.01126854029,0.0082215685399999999,640,318,1.5182180590000001,,,25.899999999999999,3.7999999999999998,1.571,-0.35299999999999998,cts_asc_48_iw3,0,pre-collapse (healthy),1,2016-10-15,10,2016,winter_Oct-Feb,compact,10,0.00823045267489712,4,19.37446773462435,0.022081575246132211,0.31956552930116811,640,1215,45,27,39.399999999999999,64.099999999999994,57,56,4,4,0.59999999999999998
beach_asc_48_iw3:2016-10-21,6b3f7f30-edbb-53f4-b923-135a1e51658b,Havelbrücke Werder (A 10),bridge,beach_asc_48_iw3,2016-10-21,2016-10-21T23:27:58Z,evening_rel48_reference_beach,ASCENDING,IW3,S1A,W2_prae,reference_beach,beach_asc_48_iw3,48,34455.339840000001,0.00037157314359999999,0.0026507796720000002,0.0099090281870000008,640,298,1.031343761,,,24.5,0,-0.012999999999999999,0.70999999999999996,beach_asc_48_iw3,3,pre-collapse (healthy),1,2016-10-21,10,2016,winter_Oct-Feb,distributed,25,0.015024038461538462,13,17.070207965927068,0.017552742616033755,0.035137944405446542,640,1664,64,26,37.719999999999999,29.559999999999999,21,33,13,6,0.76000000000000001
cte_asc_48_iw3:2016-10-21,6b3f7f30-edbb-53f4-b923-135a1e51658b,Havelbrücke Werder (A 10),bridge,cte_asc_48_iw3,2016-10-21,2016-10-21T23:27:58Z,evening_rel48_control_cte,ASCENDING,IW3,S1A,W2_prae,control_cte,cte_asc_48_iw3,48,40644.941409999999,0.000286235183,0.074609033759999999,0.010298086329999999,640,331,1.0121962339999999,,,24.5,0,0.57999999999999996,0.052999999999999999,cte_asc_48_iw3,2,pre-collapse (healthy),1,2016-10-21,10,2016,winter_Oct-Feb,intermediate,13,0.011054421768707483,5,8.2462112512353194,0.037217353673049888,0.16884258995967941,640,1176,49,24,17.153846153846153,70.769230769230774,9,72,5,6,0.53846153846153844
ctn_asc_48_iw3:2016-10-21,6b3f7f30-edbb-53f4-b923-135a1e51658b,Havelbrücke Werder (A 10),bridge,ctn_asc_48_iw3,2016-10-21,2016-10-21T23:27:58Z,evening_rel48_control_ctn,ASCENDING,IW3,S1A,W2_prae,control_ctn,ctn_asc_48_iw3,48,43890.96875,0.00014572979130000001,0.079675957559999996,0.017565324899999998,640,330,0.96533722489999996,,,24.5,0,0.50600000000000001,0.19500000000000001,ctn_asc_48_iw3,1,pre-collapse (healthy),1,2016-10-21,10,2016,winter_Oct-Feb,distributed,25,0.0053225463061528635,5,44.70942629915978,0.028466947960618848,0.071360628777599661,640,4697,77,61,43.079999999999998,40.920000000000002,78,13,5,12,0.52000000000000002
cts_asc_48_iw3:2016-10-21,6b3f7f30-edbb-53f4-b923-135a1e51658b,Havelbrücke Werder (A 10),bridge,cts_asc_48_iw3,2016-10-21,2016-10-21T23:27:58Z,evening_rel48,ASCENDING,IW3,S1A,W2_prae,target,cts_asc_48_iw3,48,40808.03125,0.0001394237188,0.060659356419999998,0.01172089018,640,285,1.015313001,,,24.5,0,0.86799999999999999,-0.21099999999999999,cts_asc_48_iw3,0,pre-collapse (healthy),1,2016-10-21,10,2016,winter_Oct-Feb,distributed,27,0.0056249999999999998,14,15.913431791585987,0.028754492889513986,0.031535364965030163,640,4800,64,75,29.925925925925927,66.481481481481481,15,72,14,8,0.70370370370370372
beach_asc_48_iw3:2016-11-02,6b3f7f30-edbb-53f4-b923-135a1e51658b,Havelbrücke Werder (A 10),bridge,beach_asc_48_iw3,2016-11-02,2016-11-02T23:27:58Z,evening_rel48_reference_beach,ASCENDING,IW3,S1A,W2_prae,reference_beach,beach_asc_48_iw3,48,35283.90625,0.00096700590800000001,0.010560196819999999,0.01893028058,640,223,1.0561450489999999,,,26,0,1.9419999999999999,0.073999999999999996,beach_asc_48_iw3,3,pre-collapse (healthy),1,2016-11-02,11,2016,winter_Oct-Feb,distributed,37,0.01836228287841191,14,19.341326861479811,0.0097312502375793523,0.040415718060409056,640,2015,65,31,37.837837837837839,29.081081081081081,55,38,14,6,0.83783783783783783
cte_asc_48_iw3:2016-11-02,6b3f7f30-edbb-53f4-b923-135a1e51658b,Havelbrücke Werder (A 10),bridge,cte_asc_48_iw3,2016-11-02,2016-11-02T23:27:58Z,evening_rel48_control_cte,ASCENDING,IW3,S1A,W2_prae,control_cte,cte_asc_48_iw3,48,48480.339840000001,0.001132204081,0.01512815803,0.0327135697,640,229,1.2073241020000001,,,26,0,2.5190000000000001,0.33400000000000002,cte_asc_48_iw3,2,pre-collapse (healthy),1,2016-11-02,11,2016,winter_Oct-Feb,compact,9,0.0038826574633304572,2,6.726582607851249,0.011564306922956713,0.031989174213724381,640,2318,38,61,73.555555555555557,22.777777777777779,77,17,2,8,0.11111111111111116
ctn_asc_48_iw3:2016-11-02,6b3f7f30-edbb-53f4-b923-135a1e51658b,Havelbrücke Werder (A 10),bridge,ctn_asc_48_iw3,2016-11-02,2016-11-02T23:27:58Z,evening_rel48_control_ctn,ASCENDING,IW3,S1A,W2_prae,control_ctn,ctn_asc_48_iw3,48,47469.210939999997,0.00092987890819999999,0.01756603457,0.037802547220000003,640,197,1.044037023,,,26,0,2.5510000000000002,-0.40000000000000002,ctn_asc_48_iw3,1,pre-collapse (healthy),1,2016-11-02,11,2016,winter_Oct-Feb,compact,8,0.53333333333333333,1,1.1524430571616109,0.0066807313642756683,0.048396593347680698,640,15,5,3,72.125,14.25,71,14,1,8,0
cts_asc_48_iw3:2016-11-02,6b3f7f30-edbb-53f4-b923-135a1e51658b,Havelbrücke Werder (A 10),bridge,cts_asc_48_iw3,2016-11-02,2016-11-02T23:27:58Z,evening_rel48,ASCENDING,IW3,S1A,W2_prae,target,cts_asc_48_iw3,48,40763.585939999997,0.0014110419429999999,0.01459508203,0.04277883843,640,202,1.014207192,,,26,0,2.8220000000000001,0.036999999999999998,cts_asc_48_iw3,0,pre-collapse (healthy),1,2016-11-02,11,2016,winter_Oct-Feb,distributed,28,0.0072239422084623322,11,19.319877149227025,0.024864376130198922,0.094456501150417635,640,3876,51,76,34.178571428571431,62.607142857142854,49,75,11,5,0.8214285714285714
beach_asc_48_iw3:2016-11-14,6b3f7f30-edbb-53f4-b923-135a1e51658b,Havelbrücke Werder (A 10),bridge,beach_asc_48_iw3,2016-11-14,2016-11-14T23:27:57Z,evening_rel48_reference_beach,ASCENDING,IW3,S1A,W2_prae,reference_beach,beach_asc_48_iw3,48,34177.121090000001,9.6488096459999996e-05,0.19996081290000001,0.025701165200000001,640,303,1.0230159029999999,,,23.5,0,1.3959999999999999,-0.059999999999999998,beach_asc_48_iw3,3,pre-collapse (healthy),1,2016-11-14,11,2016,winter_Oct-Feb,intermediate,16,0.009324009324009324,11,17.388259329214065,0.019514767932489449,0.17202721096258625,640,1716,66,26,34.8125,30.5625,18,35,11,3,0.8125
cte_asc_48_iw3:2016-11-14,6b3f7f30-edbb-53f4-b923-135a1e51658b,Havelbrücke Werder (A 10),bridge,cte_asc_48_iw3,2016-11-14,2016-11-14T23:27:57Z,evening_rel48_control_cte,ASCENDING,IW3,S1A,W2_prae,control_cte,cte_asc_48_iw3,48,39620.914060000003,0.00034635324850000002,0.040450450030000001,0.012885808009999999,640,303,0.98669449620000005,,,23.5,0,1.036,0.070000000000000007,cte_asc_48_iw3,2,pre-collapse (healthy),1,2016-11-14,11,2016,winter_Oct-Feb,intermediate,15,0.0094043887147335428,10,27.053609329954071,0.028316924519456173,0.37239764237717576,640,1595,55,29,34.600000000000001,67.066666666666663,8,72,10,4,0.73333333333333339
ctn_asc_48_iw3:2016-11-14,6b3f7f30-edbb-53f4-b923-135a1e51658b,Havelbrücke Werder (A 10),bridge,ctn_asc_48_iw3,2016-11-14,2016-11-14T23:27:57Z,evening_rel48_control_ctn,ASCENDING,IW3,S1A,W2_prae,control_ctn,ctn_asc_48_iw3,48,42533.710939999997,0.00024899997519999998,0.047483623029999998,0.012301172129999999,640,204,0.93548571950000003,,,23.5,0,1.992,0.222,ctn_asc_48_iw3,1,pre-collapse (healthy),1,2016-11-14,11,2016,winter_Oct-Feb,compact,4,1,1,0.70710678118654757,0.014064697609001406,2.98330309418452e-05,640,4,2,2,73.5,13.5,74,13,1,4,0
cts_asc_48_iw3:2016-11-14,6b3f7f30-edbb-53f4-b923-135a1e51658b,Havelbrücke Werder (A 10),bridge,cts_asc_48_iw3,2016-11-14,2016-11-14T23:27:57Z,evening_rel48,ASCENDING,IW3,S1A,W2_prae,target,cts_asc_48_iw3,48,40057.828119999998,0.00019435242580000001,0.02550002187,0.010147602299999999,640,293,0.99664777839999996,,,23.5,0,1.2909999999999999,-0.184,cts_asc_48_iw3,0,pre-collapse (healthy),1,2016-11-14,11,2016,winter_Oct-Feb,intermediate,18,0.010650887573964497,11,21.411459952183328,0.022816065010157836,0.133636036807742,640,1690,65,26,34.722222222222221,66.611111111111114,14,72,11,3,0.83333333333333337
beach_asc_48_iw3:2016-11-26,6b3f7f30-edbb-53f4-b923-135a1e51658b,Havelbrücke Werder (A 10),bridge,beach_asc_48_iw3,2016-11-26,2016-11-26T23:27:57Z,evening_rel48_reference_beach,ASCENDING,IW3,S1A,W2_prae,reference_beach,beach_asc_48_iw3,48,32459.015619999998,0.00028891681000000003,0.47206461430000002,0.017130572350000001,640,233,0.97158824740000005,,,23.600000000000001,0.69999999999999996,1.8,0.153,beach_asc_48_iw3,3,pre-collapse (healthy),1,2016-11-26,11,2016,winter_Oct-Feb,intermediate,20,0.01201923076923077,11,19.785095400325975,0.012869198312236287,0.057494079809321898,640,1664,64,26,37.600000000000001,31.300000000000001,18,34,11,6,0.69999999999999996
cte_asc_48_iw3:2016-11-26,6b3f7f30-edbb-53f4-b923-135a1e51658b,Havelbrücke Werder (A 10),bridge,cte_asc_48_iw3,2016-11-26,2016-11-26T23:27:57Z,evening_rel48_control_cte,ASCENDING,IW3,S1A,W2_prae,control_cte,cte_asc_48_iw3,48,38372.171880000002,0.00064512609969999998,0.24170568589999999,0.019762072709999998,640,219,0.95559660069999997,,,23.600000000000001,0.69999999999999996,1.3380000000000001,-0.57799999999999996,cte_asc_48_iw3,2,pre-collapse (healthy),1,2016-11-26,11,2016,winter_Oct-Feb,intermediate,13,0.0028799291094373063,8,29.482719841133541,0.012874607811316672,0.088984588312553542,640,4514,74,61,34.384615384615387,62.07692307692308,7,73,8,4,0.69230769230769229
ctn_asc_48_iw3:2016-11-26,6b3f7f30-edbb-53f4-b923-135a1e51658b,Havelbrücke Werder (A 10),bridge,ctn_asc_48_iw3,2016-11-26,2016-11-26T23:27:57Z,evening_rel48_control_ctn,ASCENDING,IW3,S1A,W2_prae,control_ctn,ctn_asc_48_iw3,48,41736.589840000001,0.00084220030109999995,0.090121783319999996,0.027920296420000001,640,237,0.91795385159999998,,,23.600000000000001,0.69999999999999996,1.3500000000000001,-0.33900000000000002,ctn_asc_48_iw3,1,pre-collapse (healthy),1,2016-11-26,11,2016,winter_Oct-Feb,compact,6,0.0014097744360902255,3,16.371553920681379,0.025550867323019224,0.010724519378404221,640,4256,76,56,62.666666666666664,23.5,76,14,3,4,0.33333333333333337
cts_asc_48_iw3:2016-11-26,6b3f7f30-edbb-53f4-b923-135a1e51658b,Havelbrücke Werder (A 10),bridge,cts_asc_48_iw3,2016-11-26,2016-11-26T23:27:57Z,evening_rel48,ASCENDING,IW3,S1A,W2_prae,target,cts_asc_48_iw3,48,37971.628909999999,0.0005332394503,0.43049910660000001,0.01965714432,640,246,0.94474267239999998,,,23.600000000000001,0.69999999999999996,1.6779999999999999,0.125,cts_asc_48_iw3,0,pre-collapse (healthy),1,2016-11-26,11,2016,winter_Oct-Feb,intermediate,15,0.0042229729729729732,8,20.216275071777634,0.020815752461322088,0.11306358091954863,640,3552,48,74,32.733333333333334,64.400000000000006,14,72,8,6,0.59999999999999998
beach_asc_48_iw3:2016-12-08,6b3f7f30-edbb-53f4-b923-135a1e51658b,Havelbrücke Werder (A 10),bridge,beach_asc_48_iw3,2016-12-08,2016-12-08T23:27:57Z,evening_rel48_reference_beach,ASCENDING,IW3,S1A,W2_prae,reference_beach,beach_asc_48_iw3,48,41929.886720000002,0.00053562235550000002,0.19817878310000001,0.018425477669999999,640,288,1.2550776530000001,,,24.100000000000001,3.6000000000000001,1.3799999999999999,-0.193,beach_asc_48_iw3,3,pre-collapse (healthy),1,2016-12-08,12,2016,winter_Oct-Feb,distributed,55,0.016471997604073075,22,21.362088918811445,0.016877637130801686,0.058872057427465867,640,3339,63,53,40.363636363636367,29.545454545454547,20,36,22,10,0.81818181818181812
cte_asc_48_iw3:2016-12-08,6b3f7f30-edbb-53f4-b923-135a1e51658b,Havelbrücke Werder (A 10),bridge,cte_asc_48_iw3,2016-12-08,2016-12-08T23:27:57Z,evening_rel48_control_cte,ASCENDING,IW3,S1A,W2_prae,control_cte,cte_asc_48_iw3,48,47322.449220000002,0.00056055636380000003,0.13538044690000001,0.02409065887,640,298,1.178488717,,,24.100000000000001,3.6000000000000001,1.0129999999999999,-0.064000000000000001,cte_asc_48_iw3,2,pre-collapse (healthy),1,2016-12-08,12,2016,winter_Oct-Feb,distributed,29,0.007066276803118908,13,19.208227527709123,0.026674426499830251,0.097297676232566632,640,4104,54,76,31.827586206896552,57.172413793103445,51,56,13,7,0.75862068965517238
ctn_asc_48_iw3:2016-12-08,6b3f7f30-edbb-53f4-b923-135a1e51658b,Havelbrücke Werder (A 10),bridge,ctn_asc_48_iw3,2016-12-08,2016-12-08T23:27:57Z,evening_rel48_control_ctn,ASCENDING,IW3,S1A,W2_prae,control_ctn,ctn_asc_48_iw3,48,52392.671880000002,0.0004275257816,0.1713618338,0.0222376585,640,298,1.15232354,,,24.100000000000001,3.6000000000000001,0.96999999999999997,0.071999999999999995,ctn_asc_48_iw3,1,pre-collapse (healthy),1,2016-12-08,12,2016,winter_Oct-Feb,compact,5,0.0060532687651331718,2,12.369316876852981,0.04472573839662447,0.035448553468268008,640,826,59,14,64,16,76,13,2,4,0.19999999999999996
cts_asc_48_iw3:2016-12-08,6b3f7f30-edbb-53f4-b923-135a1e51658b,Havelbrücke Werder (A 10),bridge,cts_asc_48_iw3,2016-12-08,2016-12-08T23:27:57Z,evening_rel48,ASCENDING,IW3,S1A,W2_prae,target,cts_asc_48_iw3,48,48150.773439999997,0.00025880118479999997,0.15745529529999999,0.018154410650000001,640,284,1.1980020790000001,,,24.100000000000001,3.6000000000000001,1.266,-0.34000000000000002,cts_asc_48_iw3,0,pre-collapse (healthy),1,2016-12-08,12,2016,winter_Oct-Feb,distributed,42,0.00974025974025974,20,23.038984017974812,0.018585493269037572,0.12087058552391715,640,4312,56,77,35.404761904761905,60.5,58,56,20,8,0.80952380952380953
beach_asc_48_iw3:2016-12-20,6b3f7f30-edbb-53f4-b923-135a1e51658b,Havelbrücke Werder (A 10),bridge,beach_asc_48_iw3,2016-12-20,2016-12-20T23:27:56Z,evening_rel48_reference_beach,ASCENDING,IW3,S1A,W2_prae,reference_beach,beach_asc_48_iw3,48,33363.183590000001,0.00054359331260000001,0.046619802709999998,0.021960608659999999,640,370,0.99865249919999999,,,24.600000000000001,0.80000000000000004,-0.13600000000000001,-0.216,beach_asc_48_iw3,3,pre-collapse (healthy),1,2016-12-20,12,2016,winter_Oct-Feb,intermediate,24,0.008244589488148402,13,25.710055317802105,0.034458509142053444,0.047912422342737612,640,2911,71,41,45.666666666666664,27.75,21,35,13,4,0.83333333333333337
cte_asc_48_iw3:2016-12-20,6b3f7f30-edbb-53f4-b923-135a1e51658b,Havelbrücke Werder (A 10),bridge,cte_asc_48_iw3,2016-12-20,2016-12-20T23:27:56Z,evening_rel48_control_cte,ASCENDING,IW3,S1A,W2_prae,control_cte,cte_asc_48_iw3,48,36415.066409999999,0.0005155134713,0.034845273939999998,0.008405203,640,342,0.90685806859999996,,,24.600000000000001,0.80000000000000004,-0.55400000000000005,-0.128,cte_asc_48_iw3,2,pre-collapse (healthy),1,2016-12-20,12,2016,winter_Oct-Feb,compact,10,0.009881422924901186,5,21.733844574764031,0.047679324894514763,0.19371202818579614,640,1012,46,22,32,66.400000000000006,11,72,5,5,0.5
ctn_asc_48_iw3:2016-12-20,6b3f7f30-edbb-53f4-b923-135a1e51658b,Havelbrücke Werder (A 10),bridge,ctn_asc_48_iw3,2016-12-20,2016-12-20T23:27:56Z,evening_rel48_control_ctn,ASCENDING,IW3,S1A,W2_prae,control_ctn,ctn_asc_48_iw3,48,41000.296880000002,0.00026235636320000002,0.1753131449,0.01185620949,640,362,0.90175983650000002,,,24.600000000000001,0.80000000000000004,0.35699999999999998,0.01,ctn_asc_48_iw3,1,pre-collapse (healthy),1,2016-12-20,12,2016,winter_Oct-Feb,compact,8,0.0018467220683287165,3,23.782871988050559,0.056786216596343184,0.019979453851529844,640,4332,76,57,58.25,27.25,78,14,3,4,0.5
cts_asc_48_iw3:2016-12-20,6b3f7f30-edbb-53f4-b923-135a1e51658b,Havelbrücke Werder (A 10),bridge,cts_asc_48_iw3,2016-12-20,2016-12-20T23:27:56Z,evening_rel48,ASCENDING,IW3,S1A,W2_prae,target,cts_asc_48_iw3,48,37435.128909999999,0.00044149899620000001,0.036813709880000003,0.0050607407470000003,640,335,0.93139443170000003,,,24.600000000000001,0.80000000000000004,-0.23599999999999999,-0.36499999999999999,cts_asc_48_iw3,0,pre-collapse (healthy),1,2016-12-20,12,2016,winter_Oct-Feb,intermediate,22,0.00632183908045977,11,29.903736740989082,0.036760005114435494,0.083884791609918491,640,3480,60,58,46.863636363636367,65.181818181818187,18,73,11,5,0.77272727272727271
beach_asc_48_iw3:2017-01-01,6b3f7f30-edbb-53f4-b923-135a1e51658b,Havelbrücke Werder (A 10),bridge,beach_asc_48_iw3,2017-01-01,2017-01-01T23:27:55Z,evening_rel48_reference_beach,ASCENDING,IW3,S1A,W2_prae,reference_beach,beach_asc_48_iw3,48,32572.404299999998,0.001020994037,0.01069967076,0.022666445,640,305,0.97498228440000001,,,23.600000000000001,0,0.96599999999999997,-0.035999999999999997,beach_asc_48_iw3,3,pre-collapse (healthy),1,2017-01-01,1,2017,winter_Oct-Feb,intermediate,15,0.012500000000000001,9,27.203267777562637,0.029535864978902947,0.16369784672136159,640,1200,48,25,46.799999999999997,30.333333333333332,20,35,9,4,0.73333333333333339
cte_asc_48_iw3:2017-01-01,6b3f7f30-edbb-53f4-b923-135a1e51658b,Havelbrücke Werder (A 10),bridge,cte_asc_48_iw3,2017-01-01,2017-01-01T23:27:55Z,evening_rel48_control_cte,ASCENDING,IW3,S1A,W2_prae,control_cte,cte_asc_48_iw3,48,39654.816409999999,0.00054307316900000001,0.013930310499999999,0.01561325323,640,359,0.98753877899999998,,,23.600000000000001,0,0.57499999999999996,0.125,cte_asc_48_iw3,2,pre-collapse (healthy),1,2017-01-01,1,2017,winter_Oct-Feb,compact,8,0.0040526849037487338,4,19.956984992728735,0.037623066104078763,0.19273266997361477,640,1974,47,42,26.875,63.125,9,72,4,4,0.5
ctn_asc_48_iw3:2017-01-01,6b3f7f30-edbb-53f4-b923-135a1e51658b,Havelbrücke Werder (A 10),bridge,ctn_asc_48_iw3,2017-01-01,2017-01-01T23:27:55Z,evening_rel48_control_ctn,ASCENDING,IW3,S1A,W2_prae,control_ctn,ctn_asc_48_iw3,48,43592.570310000003,0.00045570181099999999,0.30749163029999999,0.01333089918,640,335,0.95877425469999999,,,23.600000000000001,0,0.505,0.28599999999999998,ctn_asc_48_iw3,1,pre-collapse (healthy),1,2017-01-01,1,2017,winter_Oct-Feb,compact,8,0.0018467220683287165,3,27.188290218401008,0.038326300984528834,0.026712834075160147,640,4332,76,57,52.75,28.625,75,13,3,5,0.375
cts_asc_48_iw3:2017-01-01,6b3f7f30-edbb-53f4-b923-135a1e51658b,Havelbrücke Werder (A 10),bridge,cts_asc_48_iw3,2017-01-01,2017-01-01T23:27:55Z,evening_rel48,ASCENDING,IW3,S1A,W2_prae,target,cts_asc_48_iw3,48,39333,0.00041548875740000002,0.018721731379999999,0.012236131359999999,640,312,0.97861389160000001,,,23.600000000000001,0,0.85899999999999999,-0.126,cts_asc_48_iw3,0,pre-collapse (healthy),1,2017-01-01,1,2017,winter_Oct-Feb,intermediate,16,0.0077519379844961239,9,27.493252012994024,0.024964838255977499,0.0078812272585915728,640,2064,48,43,42,63.0625,16,72,9,4,0.75
beach_asc_48_iw3:2017-01-13,6b3f7f30-edbb-53f4-b923-135a1e51658b,Havelbrücke Werder (A 10),bridge,beach_asc_48_iw3,2017-01-13,2017-01-13T23:27:54Z,evening_rel48_reference_beach,ASCENDING,IW3,S1A,W2_prae,reference_beach,beach_asc_48_iw3,48,33289.652340000001,0.00042436851069999998,0.10979701579999999,0.028958667069999999,640,354,0.99645150520000003,,,22.699999999999999,0.80000000000000004,0.14699999999999999,-0.27100000000000002,beach_asc_48_iw3,3,pre-collapse (healthy),1,2017-01-13,1,2017,winter_Oct-Feb,distributed,27,0.010074626865671642,11,16.670328815766915,0.035891024639266557,0.040823607211784047,640,2680,67,40,51.037037037037038,29.481481481481481,64,19,11,5,0.81481481481481488
cte_asc_48_iw3:2017-01-13,6b3f7f30-edbb-53f4-b923-135a1e51658b,Havelbrücke Werder (A 10),bridge,cte_asc_48_iw3,2017-01-13,2017-01-13T23:27:54Z,evening_rel48_control_cte,ASCENDING,IW3,S1A,W2_prae,control_cte,cte_asc_48_iw3,48,37105.839840000001,0.00056263682200000001,0.1043828726,0.020927999169999999,640,363,0.92406065879999999,,,22.699999999999999,0.80000000000000004,-0.188,-0.13400000000000001,cte_asc_48_iw3,2,pre-collapse (healthy),1,2017-01-13,1,2017,winter_Oct-Feb,distributed,26,0.0067973856209150325,13,16.132311653632932,0.039002488369576975,0.021579666697435239,640,3825,51,75,39.96153846153846,65.5,53,56,13,5,0.80769230769230771
ctn_asc_48_iw3:2017-01-13,6b3f7f30-edbb-53f4-b923-135a1e51658b,Havelbrücke Werder (A 10),bridge,ctn_asc_48_iw3,2017-01-13,2017-01-13T23:27:54Z,evening_rel48_control_ctn,ASCENDING,IW3,S1A,W2_prae,control_ctn,ctn_asc_48_iw3,48,40328.53125,0.00082507013579999995,0.091145969930000001,0.034116178749999997,640,356,0.88698503470000001,,,22.699999999999999,0.80000000000000004,-0.23200000000000001,0.0030000000000000001,ctn_asc_48_iw3,1,pre-collapse (healthy),1,2017-01-13,1,2017,winter_Oct-Feb,intermediate,12,0.0028070175438596489,4,27.641178017990153,0.038912330051570555,0.019034586812205313,640,4275,75,57,57.083333333333336,33.166666666666664,77,14,4,7,0.41666666666666663
cts_asc_48_iw3:2017-01-13,6b3f7f30-edbb-53f4-b923-135a1e51658b,Havelbrücke Werder (A 10),bridge,cts_asc_48_iw3,2017-01-13,2017-01-13T23:27:54Z,evening_rel48,ASCENDING,IW3,S1A,W2_prae,target,cts_asc_48_iw3,48,37506.765619999998,0.00049688696160000002,0.0881364122,0.023805251350000001,640,322,0.93317676930000004,,,22.699999999999999,0.80000000000000004,0.050999999999999997,-0.46400000000000002,cts_asc_48_iw3,0,pre-collapse (healthy),1,2017-01-13,1,2017,winter_Oct-Feb,distributed,33,0.0080000000000000002,13,14.809007508864742,0.036312492008694547,0.030298153747602644,640,4125,55,75,49.333333333333336,66.272727272727266,60,56,13,5,0.84848484848484851
beach_asc_48_iw3:2017-01-25,6b3f7f30-edbb-53f4-b923-135a1e51658b,Havelbrücke Werder (A 10),bridge,beach_asc_48_iw3,2017-01-25,2017-01-25T23:27:54Z,evening_rel48_reference_beach,ASCENDING,IW3,S1A,W2_prae,reference_beach,beach_asc_48_iw3,48,32712.910159999999,0.0002234536514,0.067329876120000007,0.01117910817,640,274,0.979188014,,,18.300000000000001,0,1.0089999999999999,-0.34999999999999998,beach_asc_48_iw3,3,pre-collapse (healthy),1,2017-01-25,1,2017,winter_Oct-Feb,distributed,35,0.015099223468507334,15,16.025107850889899,0.020695197910387781,0.03589205260977045,640,2318,61,38,50.342857142857142,28.828571428571429,63,19,15,6,0.82857142857142851
ctn_asc_48_iw3:2017-01-25,6b3f7f30-edbb-53f4-b923-135a1e51658b,Havelbrücke Werder (A 10),bridge,ctn_asc_48_iw3,2017-01-25,2017-01-25T23:27:54Z,evening_rel48_control_ctn,ASCENDING,IW3,S1A,W2_prae,control_ctn,ctn_asc_48_iw3,48,41635.730470000002,6.0739374019999998e-05,0.068957202140000007,0.0087480945510000005,640,242,0.91573555230000003,,,18.300000000000001,0,1.597,-0.067000000000000004,ctn_asc_48_iw3,1,pre-collapse (healthy),1,2017-01-25,1,2017,winter_Oct-Feb,compact,6,0.0045454545454545452,3,7.2111025509279782,0.01969057665260197,0.13529759234762512,640,1320,33,40,69,20,73,14,3,4,0.33333333333333337
cts_asc_48_iw3:2017-01-25,6b3f7f30-edbb-53f4-b923-135a1e51658b,Havelbrücke Werder (A 10),bridge,cts_asc_48_iw3,2017-01-25,2017-01-25T23:27:54Z,evening_rel48,ASCENDING,IW3,S1A,W2_prae,target,cts_asc_48_iw3,48,38122.269529999998,0.0001738664723,0.032915130260000001,0.0099127031860000003,640,285,0.94849064500000002,,,18.300000000000001,0,0.86299999999999999,0.36599999999999999,cts_asc_48_iw3,0,pre-collapse (healthy),1,2017-01-25,1,2017,winter_Oct-Feb,distributed,43,0.0081998474446987029,20,10.311377198492137,0.01936349066169496,0.039267102414440293,640,5244,69,76,47.837209302325583,56.744186046511629,58,55,20,7,0.83720930232558133
beach_asc_48_iw3:2017-02-06,6b3f7f30-edbb-53f4-b923-135a1e51658b,Havelbrücke Werder (A 10),bridge,beach_asc_48_iw3,2017-02-06,2017-02-06T23:27:54Z,evening_rel48_reference_beach,ASCENDING,IW3,S1A,W2_prae,reference_beach,beach_asc_48_iw3,48,33167.285159999999,0.0002744402736,0.026361424479999999,0.0050306213089999999,640,303,0.99278871629999998,,,22,1.5,-0.95899999999999996,0.105,beach_asc_48_iw3,3,pre-collapse (healthy),1,2017-02-06,2,2017,winter_Oct-Feb,intermediate,22,0.008175399479747306,10,25.413278236854879,0.022119933512338579,0.078462856321073027,640,2691,69,39,44.909090909090907,29.90909090909091,69,38,10,5,0.77272727272727271
cte_asc_48_iw3:2017-02-06,6b3f7f30-edbb-53f4-b923-135a1e51658b,Havelbrücke Werder (A 10),bridge,cte_asc_48_iw3,2017-02-06,2017-02-06T23:27:54Z,evening_rel48_control_cte,ASCENDING,IW3,S1A,W2_prae,control_cte,cte_asc_48_iw3,48,39460.289060000003,0.00094966066540000003,0.037012439219999999,0.021741753440000001,640,251,0.98269439150000004,,,22,1.5,-1.347,0.39100000000000001,cte_asc_48_iw3,2,pre-collapse (healthy),1,2017-02-06,2,2017,winter_Oct-Feb,intermediate,17,0.014166666666666666,6,24.971748743212149,0.019276909075866631,0.083848932855883768,640,1200,48,25,37.941176470588232,69.764705882352942,13,71,6,6,0.64705882352941169
ctn_asc_48_iw3:2017-02-06,6b3f7f30-edbb-53f4-b923-135a1e51658b,Havelbrücke Werder (A 10),bridge,ctn_asc_48_iw3,2017-02-06,2017-02-06T23:27:54Z,evening_rel48_control_ctn,ASCENDING,IW3,S1A,W2_prae,control_ctn,ctn_asc_48_iw3,48,41058.84375,0.001012692694,0.01820518263,0.025589464230000001,640,278,0.90304751549999995,,,22,1.5,-1.3300000000000001,-0.34100000000000003,ctn_asc_48_iw3,1,pre-collapse (healthy),1,2017-02-06,2,2017,winter_Oct-Feb,intermediate,19,0.004141238012205754,6,44.060396724913709,0.0206528980679547,0.019552721840376968,640,4588,74,62,48.05263157894737,53,7,69,6,5,0.73684210526315796
cts_asc_48_iw3:2017-02-06,6b3f7f30-edbb-53f4-b923-135a1e51658b,Havelbrücke Werder (A 10),bridge,cts_asc_48_iw3,2017-02-06,2017-02-06T23:27:54Z,evening_rel48,ASCENDING,IW3,S1A,W2_prae,target,cts_asc_48_iw3,48,40543.058590000001,0.00077390478689999998,0.033645968880000002,0.01672785915,640,297,1.0087204219999999,,,22,1.5,-1.0760000000000001,0.073999999999999996,cts_asc_48_iw3,0,pre-collapse (healthy),1,2017-02-06,2,2017,winter_Oct-Feb,intermediate,19,0.0060088551549652121,8,22.429267089244469,0.025686579317492044,0.073944636583902171,640,3162,62,51,43.94736842105263,67.263157894736835,65,75,8,5,0.73684210526315796
beach_asc_48_iw3:2017-03-02,6b3f7f30-edbb-53f4-b923-135a1e51658b,Havelbrücke Werder (A 10),bridge,beach_asc_48_iw3,2017-03-02,2017-03-02T23:27:53Z,evening_rel48_reference_beach,ASCENDING,IW3,S1A,W2_prae,reference_beach,beach_asc_48_iw3,48,33832.886720000002,0.00096519716319999995,0.16752801840000001,0.026492606849999999,640,364,1.012712015,,,23.600000000000001,1.3,-0.27300000000000002,0.11700000000000001,beach_asc_48_iw3,3,pre-collapse (healthy),1,2017-03-02,3,2017,summer_Mar-Jul,distributed,28,0.009204470742932281,12,17.008888732611766,0.036467751657625079,0.1110382571087087,640,3042,78,39,37.642857142857146,27.321428571428573,22,34,12,9,0.6785714285714286
cte_asc_48_iw3:2017-03-02,6b3f7f30-edbb-53f4-b923-135a1e51658b,Havelbrücke Werder (A 10),bridge,cte_asc_48_iw3,2017-03-02,2017-03-02T23:27:53Z,evening_rel48_control_cte,ASCENDING,IW3,S1A,W2_prae,control_cte,cte_asc_48_iw3,48,40947.195310000003,0.00073303398680000002,0.05385931209,0.02320302464,640,350,1.019723376,,,23.600000000000001,1.3,0.20699999999999999,0.29299999999999998,cte_asc_48_iw3,2,pre-collapse (healthy),1,2017-03-02,3,2017,summer_Mar-Jul,intermediate,22,0.0065185185185185181,9,20.42290482086997,0.028321186549034649,0.10501208387021981,640,3375,45,75,32.863636363636367,51.590909090909093,53,55,9,5,0.77272727272727271
ctn_asc_48_iw3:2017-03-02,6b3f7f30-edbb-53f4-b923-135a1e51658b,Havelbrücke Werder (A 10),bridge,ctn_asc_48_iw3,2017-03-02,2017-03-02T23:27:53Z,evening_rel48_control_ctn,ASCENDING,IW3,S1A,W2_prae,control_ctn,ctn_asc_48_iw3,48,45361.710939999997,0.0008176890551,0.073325432839999996,0.026808127760000001,640,327,0.99768470369999995,,,23.600000000000001,1.3,0.23200000000000001,-0.432,ctn_asc_48_iw3,1,pre-collapse (healthy),1,2017-03-02,3,2017,summer_Mar-Jul,compact,8,0.0018796992481203006,3,41.093262829811898,0.033227848101265819,0.10459213539255073,640,4256,76,56,45.875,39.625,78,14,3,4,0.5
cts_asc_48_iw3:2017-03-02,6b3f7f30-edbb-53f4-b923-135a1e51658b,Havelbrücke Werder (A 10),bridge,cts_asc_48_iw3,2017-03-02,2017-03-02T23:27:53Z,evening_rel48,ASCENDING,IW3,S1A,W2_prae,target,cts_asc_48_iw3,48,41380.875,0.00088009116010000004,0.047420818359999999,0.02799659409,640,375,1.029565482,,,23.600000000000001,1.3,0.51800000000000002,0.066000000000000003,cts_asc_48_iw3,0,pre-collapse (healthy),1,2017-03-02,3,2017,summer_Mar-Jul,distributed,37,0.0080874316939890719,16,27.324805513446918,0.02478427794883491,0.10040307804899166,640,4575,61,75,36.837837837837839,53.324324324324323,16,71,16,8,0.78378378378378377
beach_asc_48_iw3:2017-03-14,6b3f7f30-edbb-53f4-b923-135a1e51658b,Havelbrücke Werder (A 10),bridge,beach_asc_48_iw3,2017-03-14,2017-03-14T23:27:54Z,evening_rel48_reference_beach,ASCENDING,IW3,S1A,W2_prae,reference_beach,beach_asc_48_iw3,48,31798.115229999999,0.0003165704547,0.34927767520000003,0.018046256149999999,640,375,0.95180566799999999,,,23.800000000000001,8.5,-0.41899999999999998,0.214,beach_asc_48_iw3,3,pre-collapse (healthy),1,2017-03-14,3,2017,summer_Mar-Jul,distributed,50,0.014740566037735849,21,19.854611555001519,0.023150492264416317,0.0074099141023706199,640,3392,64,53,41.299999999999997,27.34,22,32,21,9,0.82000000000000006
cte_asc_48_iw3:2017-03-14,6b3f7f30-edbb-53f4-b923-135a1e51658b,Havelbrücke Werder (A 10),bridge,cte_asc_48_iw3,2017-03-14,2017-03-14T23:27:54Z,evening_rel48_control_cte,ASCENDING,IW3,S1A,W2_prae,control_cte,cte_asc_48_iw3,48,38557.578119999998,0.00025943902440000001,0.11356947570000001,0.0023483401159999999,640,326,0.96021384219999995,,,23.800000000000001,8.5,0.092999999999999999,0.496,cte_asc_48_iw3,2,pre-collapse (healthy),1,2017-03-14,3,2017,summer_Mar-Jul,distributed,43,0.0072537112010796221,21,32.165380177922117,0.026624799659830566,0.048755643888232857,640,5928,76,78,36.930232558139537,53.046511627906973,9,69,21,5,0.88372093023255816
ctn_asc_48_iw3:2017-03-14,6b3f7f30-edbb-53f4-b923-135a1e51658b,Havelbrücke Werder (A 10),bridge,ctn_asc_48_iw3,2017-03-14,2017-03-14T23:27:54Z,evening_rel48_control_ctn,ASCENDING,IW3,S1A,W2_prae,control_ctn,ctn_asc_48_iw3,48,41147.375,0.00029327056840000002,0.17323230210000001,0.0065710162739999996,640,335,0.90499467030000003,,,23.800000000000001,8.5,0.121,-0.25600000000000001,ctn_asc_48_iw3,1,pre-collapse (healthy),1,2017-03-14,3,2017,summer_Mar-Jul,compact,8,0.0018467220683287165,4,28.36508637392102,0.044479606188466948,0.017869907586401498,640,4332,76,57,54.875,31.75,77,14,4,5,0.375
cts_asc_48_iw3:2017-03-14,6b3f7f30-edbb-53f4-b923-135a1e51658b,Havelbrücke Werder (A 10),bridge,cts_asc_48_iw3,2017-03-14,2017-03-14T23:27:54Z,evening_rel48,ASCENDING,IW3,S1A,W2_prae,target,cts_asc_48_iw3,48,39219.988279999998,0.00023079493260000001,0.02075564303,0.0060707144439999996,640,364,0.97580213459999998,,,23.800000000000001,8.5,-0.59799999999999998,0.13900000000000001,cts_asc_48_iw3,0,pre-collapse (healthy),1,2017-03-14,3,2017,summer_Mar-Jul,distributed,59,0.011104837191793714,25,25.389411867744105,0.018832391713747648,0.030981420758903554,640,5313,69,77,40.084745762711862,56.474576271186443,18,69,25,9,0.84745762711864403
beach_asc_48_iw3:2017-03-26,6b3f7f30-edbb-53f4-b923-135a1e51658b,Havelbrücke Werder (A 10),bridge,beach_asc_48_iw3,2017-03-26,2017-03-26T23:27:54Z,evening_rel48_reference_beach,ASCENDING,IW3,S1A,W2_prae,reference_beach,beach_asc_48_iw3,48,32197.572270000001,0.00099104957189999994,0.23970025780000001,0.014777567239999999,640,275,0.96376252350000002,,,22.300000000000001,4.0999999999999996,-1.109,0.23400000000000001,beach_asc_48_iw3,3,pre-collapse (healthy),1,2017-03-26,3,2017,summer_Mar-Jul,intermediate,14,0.0064131928538708203,7,17.473303251835709,0.022804902551737994,0.20306135501912234,640,2183,59,37,39.642857142857146,26.214285714285715,24,34,7,6,0.5714285714285714
cte_asc_48_iw3:2017-03-26,6b3f7f30-edbb-53f4-b923-135a1e51658b,Havelbrücke Werder (A 10),bridge,cte_asc_48_iw3,2017-03-26,2017-03-26T23:27:54Z,evening_rel48_control_cte,ASCENDING,IW3,S1A,W2_prae,control_cte,cte_asc_48_iw3,48,38783.019529999998,0.00048328662519999999,0.02429198846,0.027854137120000001,640,368,0.96582809410000003,,,22.300000000000001,4.0999999999999996,-0.497,-0.29199999999999998,cte_asc_48_iw3,2,pre-collapse (healthy),1,2017-03-26,3,2017,summer_Mar-Jul,compact,8,0.0023703703703703703,5,23.350923429277909,0.042545710267229253,0.63360642881854845,640,3375,45,75,29,58.125,11,73,5,4,0.5
ctn_asc_48_iw3:2017-03-26,6b3f7f30-edbb-53f4-b923-135a1e51658b,Havelbrücke Werder (A 10),bridge,ctn_asc_48_iw3,2017-03-26,2017-03-26T23:27:54Z,evening_rel48_control_ctn,ASCENDING,IW3,S1A,W2_prae,control_ctn,ctn_asc_48_iw3,48,43536.113279999998,0.0001975134801,0.2495432645,0.01609718055,640,378,0.95753253969999996,,,22.300000000000001,4.0999999999999996,-0.56100000000000005,-0.182,ctn_asc_48_iw3,1,pre-collapse (healthy),1,2017-03-26,3,2017,summer_Mar-Jul,compact,7,0.0016374269005847953,3,38.429633548784686,0.046815350612818975,0.12058451324416365,640,4275,75,57,46.428571428571431,37.285714285714285,77,14,3,3,0.5714285714285714
cts_asc_48_iw3:2017-03-26,6b3f7f30-edbb-53f4-b923-135a1e51658b,Havelbrücke Werder (A 10),bridge,cts_asc_48_iw3,2017-03-26,2017-03-26T23:27:54Z,evening_rel48,ASCENDING,IW3,S1A,W2_prae,target,cts_asc_48_iw3,48,39806.929689999997,0.00057532481150000001,0.10976667700000001,0.02315854467,640,335,0.99040536879999996,,,22.300000000000001,4.0999999999999996,-0.255,0.26900000000000002,cts_asc_48_iw3,0,pre-collapse (healthy),1,2017-03-26,3,2017,summer_Mar-Jul,compact,10,0.0023540489642184556,5,15.417522498767434,0.040365682137834036,0.37084837316940822,640,4248,59,72,28.699999999999999,59.899999999999999,18,71,5,5,0.5
beach_asc_48_iw3:2017-04-07,6b3f7f30-edbb-53f4-b923-135a1e51658b,Havelbrücke Werder (A 10),bridge,beach_asc_48_iw3,2017-04-07,2017-04-07T23:27:55Z,evening_rel48_reference_beach,ASCENDING,IW3,S1A,W2_prae,reference_beach,beach_asc_48_iw3,48,30722.91992,0.00044954571059999999,0.060956422240000002,0.025496536869999999,640,295,0.91962209409999995,,,22.199999999999999,0,-0.94299999999999995,-0.065000000000000002,beach_asc_48_iw3,3,pre-collapse (healthy),1,2017-04-07,4,2017,summer_Mar-Jul,intermediate,13,0.0075231481481481477,6,27.84679132291993,0.026181975549064155,0.094861315221670808,640,1728,64,27,49.07692307692308,25.23076923076923,23,35,6,6,0.53846153846153844
cte_asc_48_iw3:2017-04-07,6b3f7f30-edbb-53f4-b923-135a1e51658b,Havelbrücke Werder (A 10),bridge,cte_asc_48_iw3,2017-04-07,2017-04-07T23:27:55Z,evening_rel48_control_cte,ASCENDING,IW3,S1A,W2_prae,control_cte,cte_asc_48_iw3,48,36304.113279999998,0.00021314654440000001,0.041301324959999997,0.018395515160000001,640,356,0.90409496119999999,,,22.199999999999999,0,-0.36599999999999999,0.105,cte_asc_48_iw3,2,pre-collapse (healthy),1,2017-04-07,4,2017,summer_Mar-Jul,compact,10,0.0086956521739130436,5,27.221498856602292,0.051054852320675102,0.0034759834825382253,640,1150,50,23,35.899999999999999,61,11,72,5,5,0.5
ctn_asc_48_iw3:2017-04-07,6b3f7f30-edbb-53f4-b923-135a1e51658b,Havelbrücke Werder (A 10),bridge,ctn_asc_48_iw3,2017-04-07,2017-04-07T23:27:55Z,evening_rel48_control_ctn,ASCENDING,IW3,S1A,W2_prae,control_ctn,ctn_asc_48_iw3,48,42104.988279999998,0.000141568933,0.1048773229,0.014341072180000001,640,360,0.92605640060000005,,,22.199999999999999,0,-0.42599999999999999,0.25600000000000001,ctn_asc_48_iw3,1,pre-collapse (healthy),1,2017-04-07,4,2017,summer_Mar-Jul,compact,5,0.0012016342225426579,2,18.204395073717773,0.043037974683544304,0.025584949883440702,640,4161,73,57,62.200000000000003,23.600000000000001,77,13,2,4,0.19999999999999996
cts_asc_48_iw3:2017-04-07,6b3f7f30-edbb-53f4-b923-135a1e51658b,Havelbrücke Werder (A 10),bridge,cts_asc_48_iw3,2017-04-07,2017-04-07T23:27:55Z,evening_rel48,ASCENDING,IW3,S1A,W2_prae,target,cts_asc_48_iw3,48,36472.824220000002,0.00022826217169999999,0.043977469210000002,0.01843941398,640,352,0.90745207449999998,,,22.199999999999999,0,-0.10199999999999999,-0.14899999999999999,cts_asc_48_iw3,0,pre-collapse (healthy),1,2017-04-07,4,2017,summer_Mar-Jul,intermediate,16,0.0033333333333333335,7,26.833179670885073,0.040436005625879047,0.010641010630157752,640,4800,64,75,40.9375,59.875,17,72,7,6,0.625
beach_asc_48_iw3:2017-05-13,6b3f7f30-edbb-53f4-b923-135a1e51658b,Havelbrücke Werder (A 10),bridge,beach_asc_48_iw3,2017-05-13,2017-05-13T23:27:56Z,evening_rel48_reference_beach,ASCENDING,IW3,S1A,W2_prae,reference_beach,beach_asc_48_iw3,48,31646.292969999999,0.00086443929470000002,0.01089016162,0.018701760099999999,640,284,0.94726120709999995,,,26.199999999999999,0.20000000000000001,1.0289999999999999,-0.20100000000000001,beach_asc_48_iw3,3,pre-collapse (healthy),1,2017-05-13,5,2017,summer_Mar-Jul,intermediate,15,0.010169491525423728,6,32.063548011895243,0.026347866854195968,0.12060551487008446,640,1475,59,25,33.266666666666666,27,63,15,6,5,0.66666666666666674
cte_asc_48_iw3:2017-05-13,6b3f7f30-edbb-53f4-b923-135a1e51658b,Havelbrücke Werder (A 10),bridge,cte_asc_48_iw3,2017-05-13,2017-05-13T23:27:56Z,evening_rel48_control_cte,ASCENDING,IW3,S1A,W2_prae,control_cte,cte_asc_48_iw3,48,37867.089840000001,0.0011456016219999999,0.04479377717,0.032451804729999999,640,347,0.94301835329999995,,,26.199999999999999,0.20000000000000001,0.626,-0.062,cte_asc_48_iw3,2,pre-collapse (healthy),1,2017-05-13,5,2017,summer_Mar-Jul,intermediate,21,0.0057534246575342467,8,20.431457227629274,0.032616703502779461,0.14154731028060083,640,3650,50,73,26,60.666666666666664,9,72,8,6,0.7142857142857143
ctn_asc_48_iw3:2017-05-13,6b3f7f30-edbb-53f4-b923-135a1e51658b,Havelbrücke Werder (A 10),bridge,ctn_asc_48_iw3,2017-05-13,2017-05-13T23:27:56Z,evening_rel48_control_ctn,ASCENDING,IW3,S1A,W2_prae,control_ctn,ctn_asc_48_iw3,48,40442.644529999998,0.001028307481,0.037844553590000003,0.029121542350000001,640,338,0.88949484030000003,,,26.199999999999999,0.20000000000000001,0.56299999999999994,0.073999999999999996,ctn_asc_48_iw3,1,pre-collapse (healthy),1,2017-05-13,5,2017,summer_Mar-Jul,intermediate,15,0.0033587102552619795,5,35.688030984568975,0.027754336615096114,0.062300406167412684,640,4466,77,58,48.466666666666669,36.866666666666667,75,13,5,4,0.73333333333333339
cts_asc_48_iw3:2017-05-13,6b3f7f30-edbb-53f4-b923-135a1e51658b,Havelbrücke Werder (A 10),bridge,cts_asc_48_iw3,2017-05-13,2017-05-13T23:27:56Z,evening_rel48,ASCENDING,IW3,S1A,W2_prae,target,cts_asc_48_iw3,48,37649.746090000001,0.00085182883779999995,0.033075314020000003,0.022174730899999998,640,268,0.93673415559999995,,,26.199999999999999,0.20000000000000001,0.89500000000000002,-0.36399999999999999,cts_asc_48_iw3,0,pre-collapse (healthy),1,2017-05-13,5,2017,summer_Mar-Jul,intermediate,17,0.0038812785388127853,6,30.21732127754397,0.02879126334077935,0.044781912329335108,640,4380,60,73,30.117647058823529,60.882352941176471,59,52,6,7,0.58823529411764708
beach_asc_48_iw3:2017-05-25,6b3f7f30-edbb-53f4-b923-135a1e51658b,Havelbrücke Werder (A 10),bridge,beach_asc_48_iw3,2017-05-25,2017-05-25T23:27:57Z,evening_rel48_reference_beach,ASCENDING,IW3,S1A,W2_prae,reference_beach,beach_asc_48_iw3,48,34959.652340000001,0.0004252881336,0.31334629650000001,0.0053866636009999996,640,285,1.0464392309999999,,,25.5,46.399999999999999,0.879,-0.34000000000000002,beach_asc_48_iw3,3,pre-collapse (healthy),1,2017-05-25,5,2017,summer_Mar-Jul,intermediate,18,0.015384615384615385,6,13.16994802055792,0.026175964994530395,0.16581836212433892,640,1170,45,26,47.333333333333336,30.055555555555557,57,39,6,5,0.72222222222222221
cte_asc_48_iw3:2017-05-25,6b3f7f30-edbb-53f4-b923-135a1e51658b,Havelbrücke Werder (A 10),bridge,cte_asc_48_iw3,2017-05-25,2017-05-25T23:27:57Z,evening_rel48_control_cte,ASCENDING,IW3,S1A,W2_prae,control_cte,cte_asc_48_iw3,48,43801.460939999997,0.00023102494009999999,0.22428974509999999,0.023925345390000002,640,343,1.090804224,,,25.5,46.399999999999999,0.42699999999999999,-0.28799999999999998,cte_asc_48_iw3,2,pre-collapse (healthy),1,2017-05-25,5,2017,summer_Mar-Jul,intermediate,24,0.0042105263157894736,11,20.801308719511965,0.034341303328645101,0.18287163803733414,640,5700,75,76,34.5,58.666666666666664,46,76,11,6,0.75
ctn_asc_48_iw3:2017-05-25,6b3f7f30-edbb-53f4-b923-135a1e51658b,Havelbrücke Werder (A 10),bridge,ctn_asc_48_iw3,2017-05-25,2017-05-25T23:27:57Z,evening_rel48_control_ctn,ASCENDING,IW3,S1A,W2_prae,control_ctn,ctn_asc_48_iw3,48,52062.089840000001,0.00025076224119999999,0.27972409129999998,0.021620068700000002,640,357,1.1450527239999999,,,25.5,46.399999999999999,0.36499999999999999,-0.13,ctn_asc_48_iw3,1,pre-collapse (healthy),1,2017-05-25,5,2017,summer_Mar-Jul,compact,5,0.625,2,1.077032961426901,0.075668073136427566,0.018745512120079542,640,8,4,2,77,13.6,78,14,2,4,0.19999999999999996
cts_asc_48_iw3:2017-05-25,6b3f7f30-edbb-53f4-b923-135a1e51658b,Havelbrücke Werder (A 10),bridge,cts_asc_48_iw3,2017-05-25,2017-05-25T23:27:57Z,evening_rel48,ASCENDING,IW3,S1A,W2_prae,target,cts_asc_48_iw3,48,43006.769529999998,0.0001354057604,0.1984605938,0.0160727445,640,284,1.0700181040000001,,,25.5,46.399999999999999,0.67800000000000005,-0.61499999999999999,cts_asc_48_iw3,0,pre-collapse (healthy),1,2017-05-25,5,2017,summer_Mar-Jul,intermediate,20,0.0047846889952153108,9,34.678884065090671,0.017158931082981718,0.1221290691949122,640,4180,55,76,45.549999999999997,54.850000000000001,16,73,9,5,0.75
beach_asc_48_iw3:2017-06-18,6b3f7f30-edbb-53f4-b923-135a1e51658b,Havelbrücke Werder (A 10),bridge,beach_asc_48_iw3,2017-06-18,2017-06-18T23:27:58Z,evening_rel48_reference_beach,ASCENDING,IW3,S1A,W2_prae,reference_beach,beach_asc_48_iw3,48,40549.519529999998,0.00027234276059999999,0.051613189279999999,0.019477944819999999,640,376,1.21375944,,,27,4.2999999999999998,-0.16800000000000001,-0.26300000000000001,beach_asc_48_iw3,3,pre-collapse (healthy),1,2017-06-18,6,2017,summer_Mar-Jul,intermediate,15,0.005681818181818182,7,23.03929011252059,0.044350679793717769,0.12313348005040789,640,2640,66,40,41.06666666666667,23.066666666666666,22,36,7,5,0.66666666666666674
cte_asc_48_iw3:2017-06-18,6b3f7f30-edbb-53f4-b923-135a1e51658b,Havelbrücke Werder (A 10),bridge,cte_asc_48_iw3,2017-06-18,2017-06-18T23:27:58Z,evening_rel48_control_cte,ASCENDING,IW3,S1A,W2_prae,control_cte,cte_asc_48_iw3,48,44864.53125,0.0004522205272,0.13324180250000001,0.019255420190000001,640,376,1.117278263,,,27,4.2999999999999998,0.36099999999999999,-0.188,cte_asc_48_iw3,2,pre-collapse (healthy),1,2017-06-18,6,2017,summer_Mar-Jul,intermediate,16,0.013605442176870748,6,24.466973913829229,0.0409634317862166,0.17632394999356898,640,1176,49,24,30.5625,61.4375,9,73,6,6,0.625
ctn_asc_48_iw3:2017-06-18,6b3f7f30-edbb-53f4-b923-135a1e51658b,Havelbrücke Werder (A 10),bridge,ctn_asc_48_iw3,2017-06-18,2017-06-18T23:27:58Z,evening_rel48_control_ctn,ASCENDING,IW3,S1A,W2_prae,control_ctn,ctn_asc_48_iw3,48,50395.078119999998,0.00019639091619999999,0.2153466195,0.01286850218,640,374,1.108388497,,,27,4.2999999999999998,0.30599999999999999,-0.048000000000000001,ctn_asc_48_iw3,1,pre-collapse (healthy),1,2017-06-18,6,2017,summer_Mar-Jul,compact,10,0.0023084025854108957,4,46.258836993595075,0.036708860759493679,0.13676984499786449,640,4332,76,57,41.799999999999997,42.799999999999997,78,14,4,4,0.59999999999999998
cts_asc_48_iw3:2017-06-18,6b3f7f30-edbb-53f4-b923-135a1e51658b,Havelbrücke Werder (A 10),bridge,cts_asc_48_iw3,2017-06-18,2017-06-18T23:27:58Z,evening_rel48,ASCENDING,IW3,S1A,W2_prae,target,cts_asc_48_iw3,48,45702.488279999998,0.0003038719296,0.1223997772,0.017434705049999999,640,303,1.1370881930000001,,,27,4.2999999999999998,0.68300000000000005,-0.46700000000000003,cts_asc_48_iw3,0,pre-collapse (healthy),1,2017-06-18,6,2017,summer_Mar-Jul,compact,10,0.009057971014492754,4,28.328960446864265,0.028832630098452883,0.09629523840073205,640,1104,46,24,41.799999999999997,61.299999999999997,16,73,4,4,0.59999999999999998
beach_asc_48_iw3:2017-07-24,6b3f7f30-edbb-53f4-b923-135a1e51658b,Havelbrücke Werder (A 10),bridge,beach_asc_48_iw3,2017-07-24,2017-07-24T23:28:00Z,evening_rel48_reference_beach,ASCENDING,IW3,S1A,W2_prae,reference_beach,beach_asc_48_iw3,48,32086.494139999999,0.00093923904929999998,0.025503756480000001,0.033995006229999999,640,288,0.96043764750000005,,,27.800000000000001,0.5,1.1899999999999999,-0.221,beach_asc_48_iw3,3,pre-collapse (healthy),1,2017-07-24,7,2017,summer_Mar-Jul,distributed,34,0.024691358024691357,12,21.388663200275275,0.022668983205096385,0.043982947464858889,640,1377,51,27,44.235294117647058,30.911764705882351,62,19,12,6,0.82352941176470584
cte_asc_48_iw3:2017-07-24,6b3f7f30-edbb-53f4-b923-135a1e51658b,Havelbrücke Werder (A 10),bridge,cte_asc_48_iw3,2017-07-24,2017-07-24T23:28:00Z,evening_rel48_control_cte,ASCENDING,IW3,S1A,W2_prae,control_cte,cte_asc_48_iw3,48,37875.085939999997,0.00059050688290000005,0.015269881109999999,0.033562507480000003,640,315,0.94321748299999997,,,27.800000000000001,0.5,0.83799999999999997,-0.127,cte_asc_48_iw3,2,pre-collapse (healthy),1,2017-07-24,7,2017,summer_Mar-Jul,distributed,27,0.006556580864497329,14,18.219813149998288,0.028754492889513979,0.053082627832712316,640,4118,71,58,34.703703703703702,64.148148148148152,51,56,14,4,0.85185185185185186
ctn_asc_48_iw3:2017-07-24,6b3f7f30-edbb-53f4-b923-135a1e51658b,Havelbrücke Werder (A 10),bridge,ctn_asc_48_iw3,2017-07-24,2017-07-24T23:28:00Z,evening_rel48_control_ctn,ASCENDING,IW3,S1A,W2_prae,control_ctn,ctn_asc_48_iw3,48,45386.644529999998,0.00050079316129999997,0.068809978660000007,0.028829894960000001,640,298,0.99823309270000005,,,27.800000000000001,0.5,0.79100000000000004,0.012999999999999999,ctn_asc_48_iw3,1,pre-collapse (healthy),1,2017-07-24,7,2017,summer_Mar-Jul,compact,5,0.83333333333333337,1,0.44721359549995954,0.046413502109704644,0.00067384790851286551,640,6,3,2,75.200000000000003,13.4,75,13,1,5,0
cts_asc_48_iw3:2017-07-24,6b3f7f30-edbb-53f4-b923-135a1e51658b,Havelbrücke Werder (A 10),bridge,cts_asc_48_iw3,2017-07-24,2017-07-24T23:28:00Z,evening_rel48,ASCENDING,IW3,S1A,W2_prae,target,cts_asc_48_iw3,48,36769.410159999999,0.00049082632180000004,0.02692426555,0.032792225479999999,640,246,0.91483119930000001,,,27.800000000000001,0.5,1.0820000000000001,-0.45800000000000002,cts_asc_48_iw3,0,pre-collapse (healthy),1,2017-07-24,7,2017,summer_Mar-Jul,intermediate,21,0.015250544662309368,9,25.915657722557295,0.022570490924921308,0.074793894208947595,640,1377,51,27,39.952380952380949,66,15,73,9,5,0.76190476190476186
beach_asc_48_iw3:2017-08-17,6b3f7f30-edbb-53f4-b923-135a1e51658b,Havelbrücke Werder (A 10),bridge,beach_asc_48_iw3,2017-08-17,2017-08-17T23:28:02Z,evening_rel48_reference_beach,ASCENDING,IW3,S1A,W2_prae,reference_beach,beach_asc_48_iw3,48,34663.648439999997,0.001231533592,0.014983945530000001,0.027486622329999998,640,265,1.0375790140000001,,,29,1,-1.1839999999999999,-0.41199999999999998,beach_asc_48_iw3,3,pre-collapse (healthy),1,2017-08-17,8,2017,shoulder_Aug-Sep,intermediate,15,0.0053022269353128317,7,32.398079504124247,0.015377402719174874,0.12802853410485024,640,2829,69,41,39.533333333333331,25.533333333333335,69,39,7,3,0.80000000000000004
cte_asc_48_iw3:2017-08-17,6b3f7f30-edbb-53f4-b923-135a1e51658b,Havelbrücke Werder (A 10),bridge,cte_asc_48_iw3,2017-08-17,2017-08-17T23:28:02Z,evening_rel48_control_cte,ASCENDING,IW3,S1A,W2_prae,control_cte,cte_asc_48_iw3,48,39417.761720000002,0.00049854972170000004,0.039809301499999998,0.014268758709999999,640,339,0.98163531709999996,,,29,1,-0.63700000000000001,-0.32100000000000001,cte_asc_48_iw3,2,pre-collapse (healthy),1,2017-08-17,8,2017,shoulder_Aug-Sep,intermediate,11,0.008979591836734694,4,21.181623097033743,0.042449814601713334,0.21741878836460918,640,1225,49,25,31.727272727272727,68.63636363636364,11,73,4,4,0.63636363636363635
ctn_asc_48_iw3:2017-08-17,6b3f7f30-edbb-53f4-b923-135a1e51658b,Havelbrücke Werder (A 10),bridge,ctn_asc_48_iw3,2017-08-17,2017-08-17T23:28:02Z,evening_rel48_control_ctn,ASCENDING,IW3,S1A,W2_prae,control_ctn,ctn_asc_48_iw3,48,45766.988279999998,0.0001384152274,0.05790262669,0.0051514180380000003,640,365,1.006598367,,,29,1,-0.68899999999999995,-0.157,ctn_asc_48_iw3,1,pre-collapse (healthy),1,2017-08-17,8,2017,shoulder_Aug-Sep,compact,4,0.00093567251461988308,3,23.30772404161333,0.053445850914205346,0.32471317165958302,640,4275,75,57,60,27.5,79,14,3,2,0.5
cts_asc_48_iw3:2017-08-17,6b3f7f30-edbb-53f4-b923-135a1e51658b,Havelbrücke Werder (A 10),bridge,cts_asc_48_iw3,2017-08-17,2017-08-17T23:28:02Z,evening_rel48,ASCENDING,IW3,S1A,W2_prae,target,cts_asc_48_iw3,48,41134.375,0.00069081684340000003,0.019815184180000001,0.013961175459999999,640,250,1.0234325070000001,,,29,1,-1.389,0.32000000000000001,cts_asc_48_iw3,0,pre-collapse (healthy),1,2017-08-17,8,2017,shoulder_Aug-Sep,intermediate,15,0.0042229729729729732,8,21.652302931148508,0.017533989685888422,0.047651823491440981,640,3552,48,74,40.466666666666669,63.93333333333333,20,71,8,4,0.73333333333333339
beach_asc_48_iw3:2017-08-29,6b3f7f30-edbb-53f4-b923-135a1e51658b,Havelbrücke Werder (A 10),bridge,beach_asc_48_iw3,2017-08-29,2017-08-29T23:28:02Z,evening_rel48_reference_beach,ASCENDING,IW3,S1A,W2_prae,reference_beach,beach_asc_48_iw3,48,32835.429689999997,0.00027818037779999999,0.034528899940000003,0.01868454739,640,247,0.98285536289999997,,,27.800000000000001,1.7,1.724,-0.091999999999999998,beach_asc_48_iw3,3,pre-collapse (healthy),1,2017-08-29,8,2017,shoulder_Aug-Sep,intermediate,18,0.01411764705882353,10,16.972199490801287,0.014846069698390375,0.084917476792300134,640,1275,51,25,34.166666666666664,29.833333333333332,18,35,10,5,0.72222222222222221
cte_asc_48_iw3:2017-08-29,6b3f7f30-edbb-53f4-b923-135a1e51658b,Havelbrücke Werder (A 10),bridge,cte_asc_48_iw3,2017-08-29,2017-08-29T23:28:02Z,evening_rel48_control_cte,ASCENDING,IW3,S1A,W2_prae,control_cte,cte_asc_48_iw3,48,38843.636720000002,3.2059269869999997e-05,0.014348447320000001,0.0081518506630000008,640,265,0.96733766669999999,,,27.800000000000001,1.7,1.258,-0.014999999999999999,cte_asc_48_iw3,2,pre-collapse (healthy),1,2017-08-29,8,2017,shoulder_Aug-Sep,intermediate,19,0.0033801814623732433,12,26.739535711808884,0.023613887038270786,0.010832242471175228,640,5621,77,73,30.157894736842106,58.631578947368418,7,72,12,5,0.73684210526315796
ctn_asc_48_iw3:2017-08-29,6b3f7f30-edbb-53f4-b923-135a1e51658b,Havelbrücke Werder (A 10),bridge,ctn_asc_48_iw3,2017-08-29,2017-08-29T23:28:02Z,evening_rel48_control_ctn,ASCENDING,IW3,S1A,W2_prae,control_ctn,ctn_asc_48_iw3,48,43264.558590000001,5.4946223829999998e-05,0.032530564810000002,0.0071308296169999997,640,268,0.95155997049999996,,,27.800000000000001,1.7,1.206,0.123,ctn_asc_48_iw3,1,pre-collapse (healthy),1,2017-08-29,8,2017,shoulder_Aug-Sep,compact,6,0.0013850415512465374,2,15.202339001321839,0.040318799812470697,0.092381082468768236,640,4332,76,57,63,22.333333333333332,75,13,2,5,0.16666666666666663
cts_asc_48_iw3:2017-08-29,6b3f7f30-edbb-53f4-b923-135a1e51658b,Havelbrücke Werder (A 10),bridge,cts_asc_48_iw3,2017-08-29,2017-08-29T23:28:02Z,evening_rel48,ASCENDING,IW3,S1A,W2_prae,target,cts_asc_48_iw3,48,37839.574220000002,3.7872749090000003e-05,0.01005805098,0.011590540410000001,640,239,0.94145712199999998,,,27.800000000000001,1.7,1.5940000000000001,-0.20699999999999999,cts_asc_48_iw3,0,pre-collapse (healthy),1,2017-08-29,8,2017,shoulder_Aug-Sep,intermediate,19,0.014615384615384615,9,15.982330964133217,0.021541194759049524,0.081715464390823417,640,1300,52,25,29.473684210526315,68,14,72,9,6,0.68421052631578949
beach_asc_48_iw3:2017-09-10,6b3f7f30-edbb-53f4-b923-135a1e51658b,Havelbrücke Werder (A 10),bridge,beach_asc_48_iw3,2017-09-10,2017-09-10T23:28:03Z,evening_rel48_reference_beach,ASCENDING,IW3,S1A,W2_prae,reference_beach,beach_asc_48_iw3,48,60925.851560000003,0.00060250167730000002,0.021605182439999999,0.01653250866,640,377,1.823679499,,,26.5,121.2,-0.94099999999999995,-0.19400000000000001,beach_asc_48_iw3,3,pre-collapse (healthy),1,2017-09-10,9,2017,shoulder_Aug-Sep,intermediate,14,0.003205128205128205,9,13.062643417824145,0.015069318866787222,0.0041656458768442386,640,4368,78,56,57.142857142857146,21.571428571428573,67,13,9,3,0.7857142857142857
cte_asc_48_iw3:2017-09-10,6b3f7f30-edbb-53f4-b923-135a1e51658b,Havelbrücke Werder (A 10),bridge,cte_asc_48_iw3,2017-09-10,2017-09-10T23:28:03Z,evening_rel48_control_cte,ASCENDING,IW3,S1A,W2_prae,control_cte,cte_asc_48_iw3,48,70724.164059999996,0.0002064854925,0.0095680365340000007,0.017072768879999999,640,460,1.761270407,,,26.5,121.2,-0.38600000000000001,-0.055,cte_asc_48_iw3,2,pre-collapse (healthy),1,2017-09-10,9,2017,shoulder_Aug-Sep,intermediate,23,0.010638297872340425,8,22.120353046540458,0.021280498991010824,0.033698453876220551,640,2162,46,47,52.782608695652172,58.956521739130437,69,74,8,7,0.69565217391304346
ctn_asc_48_iw3:2017-09-10,6b3f7f30-edbb-53f4-b923-135a1e51658b,Havelbrücke Werder (A 10),bridge,ctn_asc_48_iw3,2017-09-10,2017-09-10T23:28:03Z,evening_rel48_control_ctn,ASCENDING,IW3,S1A,W2_prae,control_ctn,ctn_asc_48_iw3,48,80441.601559999996,0.00030000210970000001,0.064588375389999994,0.011258964430000001,640,456,1.769231225,,,26.5,121.2,-0.442,0.085999999999999993,ctn_asc_48_iw3,1,pre-collapse (healthy),1,2017-09-10,9,2017,shoulder_Aug-Sep,intermediate,20,0.0057454754380925023,7,32.478338935358131,0.022925457102672291,0.025469793264008271,640,3481,59,59,59.799999999999997,40.549999999999997,77,13,7,6,0.69999999999999996
cts_asc_48_iw3:2017-09-10,6b3f7f30-edbb-53f4-b923-135a1e51658b,Havelbrücke Werder (A 10),bridge,cts_asc_48_iw3,2017-09-10,2017-09-10T23:28:03Z,evening_rel48,ASCENDING,IW3,S1A,W2_prae,target,cts_asc_48_iw3,48,73602.148440000004,0.00034493490240000002,0.01428994909,0.0078322812910000001,640,372,1.831238017,,,26.5,121.2,-1.095,-0.36099999999999999,cts_asc_48_iw3,0,pre-collapse (healthy),1,2017-09-10,9,2017,shoulder_Aug-Sep,compact,9,0.007575757575757576,5,17.173766960248948,0.013595874355368028,0.017937776022424485,640,1188,33,36,66.777777777777771,61,78,74,5,4,0.55555555555555558
beach_asc_48_iw3:2017-10-04,6b3f7f30-edbb-53f4-b923-135a1e51658b,Havelbrücke Werder (A 10),bridge,beach_asc_48_iw3,2017-10-04,2017-10-04T23:28:03Z,evening_rel48_reference_beach,ASCENDING,IW3,S1A,W2_prae,reference_beach,beach_asc_48_iw3,48,39607.683590000001,0.0001743161265,0.17125378550000001,0.01375710219,640,280,1.185567681,,,25.100000000000001,25.800000000000001,-1.268,0.215,beach_asc_48_iw3,3,pre-collapse (healthy),1,2017-10-04,10,2017,winter_Oct-Feb,intermediate,13,0.0078078078078078076,5,21.366483735489442,0.02185437628475603,0.28478319585038092,640,1665,45,37,44.615384615384613,28.384615384615383,24,34,5,6,0.53846153846153844
cte_asc_48_iw3:2017-10-04,6b3f7f30-edbb-53f4-b923-135a1e51658b,Havelbrücke Werder (A 10),bridge,cte_asc_48_iw3,2017-10-04,2017-10-04T23:28:03Z,evening_rel48_control_cte,ASCENDING,IW3,S1A,W2_prae,control_cte,cte_asc_48_iw3,48,49025.980470000002,6.5658612580000005e-05,0.072084553539999999,0.014808193779999999,640,252,1.220912395,,,25.100000000000001,25.800000000000001,-1.7929999999999999,-0.51200000000000001,cte_asc_48_iw3,2,pre-collapse (healthy),1,2017-10-04,10,2017,winter_Oct-Feb,compact,7,0.0059422750424448214,3,19.563606361751173,0.0084388185654008449,0.19254892619992175,640,1178,62,19,53.714285714285715,71.714285714285708,73,75,3,4,0.4285714285714286
ctn_asc_48_iw3:2017-10-04,6b3f7f30-edbb-53f4-b923-135a1e51658b,Havelbrücke Werder (A 10),bridge,ctn_asc_48_iw3,2017-10-04,2017-10-04T23:28:03Z,evening_rel48_control_ctn,ASCENDING,IW3,S1A,W2_prae,control_ctn,ctn_asc_48_iw3,48,50506.164060000003,0.0001515102776,0.074394725260000003,0.018570413809999999,640,238,1.1108317190000001,,,25.100000000000001,25.800000000000001,-1.762,-0.29499999999999998,ctn_asc_48_iw3,1,pre-collapse (healthy),1,2017-10-04,10,2017,winter_Oct-Feb,intermediate,13,0.0032696177062374247,5,18.799628600133531,0.011792707995239644,0.13189409786950346,640,3976,71,56,49.846153846153847,63.307692307692307,67,71,5,6,0.53846153846153844
cts_asc_48_iw3:2017-10-04,6b3f7f30-edbb-53f4-b923-135a1e51658b,Havelbrücke Werder (A 10),bridge,cts_asc_48_iw3,2017-10-04,2017-10-04T23:28:03Z,evening_rel48,ASCENDING,IW3,S1A,W2_prae,target,cts_asc_48_iw3,48,50278.640619999998,1.709433127e-05,0.064193569120000002,0.010971615089999999,640,279,1.2509438939999999,,,25.100000000000001,25.800000000000001,-1.456,0.17699999999999999,cts_asc_48_iw3,0,pre-collapse (healthy),1,2017-10-04,10,2017,winter_Oct-Feb,compact,10,0.0047619047619047623,4,29.97932620990672,0.013502109704641352,0.23344566765032682,640,2100,60,35,49,65.400000000000006,78,73,4,4,0.59999999999999998
beach_asc_48_iw3:2017-10-16,6b3f7f30-edbb-53f4-b923-135a1e51658b,Havelbrücke Werder (A 10),bridge,beach_asc_48_iw3,2017-10-16,2017-10-16T23:28:04Z,evening_rel48_reference_beach,ASCENDING,IW3,S1A,W2_prae,reference_beach,beach_asc_48_iw3,48,32301.140619999998,0.00022215608620000001,0.031665530060000002,0.018325917420000001,640,281,0.96686261129999995,,,26.100000000000001,1.8999999999999999,0.44400000000000001,-0.375,beach_asc_48_iw3,3,pre-collapse (healthy),1,2017-10-16,10,2017,winter_Oct-Feb,compact,9,0.009316770186335404,4,14.097105910850226,0.034224097515236758,0.043359710078868109,640,966,46,21,34.222222222222221,31.111111111111111,21,36,4,5,0.44444444444444442
cte_asc_48_iw3:2017-10-16,6b3f7f30-edbb-53f4-b923-135a1e51658b,Havelbrücke Werder (A 10),bridge,cte_asc_48_iw3,2017-10-16,2017-10-16T23:28:04Z,evening_rel48_control_cte,ASCENDING,IW3,S1A,W2_prae,control_cte,cte_asc_48_iw3,48,37467.558590000001,1.5299704050000001e-06,0.033997662370000001,0.013010123740000001,640,324,0.93306867660000004,,,26.100000000000001,1.8999999999999999,0.085999999999999993,-0.25800000000000001,cte_asc_48_iw3,2,pre-collapse (healthy),1,2017-10-16,10,2017,winter_Oct-Feb,intermediate,12,0.010434782608695653,5,17.553489681541958,0.046413502109704637,0.022110354615888374,640,1150,46,25,26.75,67.75,10,73,5,6,0.5
ctn_asc_48_iw3:2017-10-16,6b3f7f30-edbb-53f4-b923-135a1e51658b,Havelbrücke Werder (A 10),bridge,ctn_asc_48_iw3,2017-10-16,2017-10-16T23:28:04Z,evening_rel48_control_ctn,ASCENDING,IW3,S1A,W2_prae,control_ctn,ctn_asc_48_iw3,48,43482.03125,9.2066766230000007e-06,0.030958710239999999,0.018670603630000001,640,336,0.95634306039999994,,,26.100000000000001,1.8999999999999999,0.042000000000000003,-0.11,ctn_asc_48_iw3,1,pre-collapse (healthy),1,2017-10-16,10,2017,winter_Oct-Feb,compact,6,0.0014035087719298245,3,22.658086611382018,0.055789967182372252,0.013586365639171639,640,4275,75,57,60.166666666666664,29.166666666666668,77,14,3,4,0.33333333333333337
cts_asc_48_iw3:2017-10-16,6b3f7f30-edbb-53f4-b923-135a1e51658b,Havelbrücke Werder (A 10),bridge,cts_asc_48_iw3,2017-10-16,2017-10-16T23:28:04Z,evening_rel48,ASCENDING,IW3,S1A,W2_prae,target,cts_asc_48_iw3,48,38157.585939999997,9.3018170450000003e-06,0.03504404798,0.01082322095,640,328,0.94936932519999995,,,26.100000000000001,1.8999999999999999,0.28699999999999998,0.30299999999999999,cts_asc_48_iw3,0,pre-collapse (healthy),1,2017-10-16,10,2017,winter_Oct-Feb,compact,9,0.008152173913043478,5,13.675697106839733,0.041881543991248632,0.066550524216107937,640,1104,46,24,30.111111111111111,67.111111111111114,17,71,5,4,0.55555555555555558
beach_asc_48_iw3:2017-10-28,6b3f7f30-edbb-53f4-b923-135a1e51658b,Havelbrücke Werder (A 10),bridge,beach_asc_48_iw3,2017-10-28,2017-10-28T23:28:04Z,evening_rel48_reference_beach,ASCENDING,IW3,S1A,W2_prae,reference_beach,beach_asc_48_iw3,48,45118.730470000002,0.00015676853950000001,0.032666508109999999,0.030679319050000001,640,322,1.3505285789999999,,,24.800000000000001,27.399999999999999,-1.1319999999999999,-0.01,beach_asc_48_iw3,3,pre-collapse (healthy),1,2017-10-28,10,2017,winter_Oct-Feb,intermediate,20,0.004662004662004662,8,33.550745148207959,0.024050632911392405,0.031448683582990106,640,4290,78,55,55.5,23.449999999999999,24,35,8,6,0.69999999999999996
cte_asc_48_iw3:2017-10-28,6b3f7f30-edbb-53f4-b923-135a1e51658b,Havelbrücke Werder (A 10),bridge,cte_asc_48_iw3,2017-10-28,2017-10-28T23:28:04Z,evening_rel48_control_cte,ASCENDING,IW3,S1A,W2_prae,control_cte,cte_asc_48_iw3,48,50941.023439999997,0.0001738408318,0.016394499690000001,0.0073980223389999997,640,369,1.2686034289999999,,,24.800000000000001,27.399999999999999,-0.67800000000000005,0.13100000000000001,cte_asc_48_iw3,2,pre-collapse (healthy),1,2017-10-28,10,2017,winter_Oct-Feb,intermediate,18,0.008148483476686284,8,35.355775542300449,0.039303016096265048,0.0076569853504928854,640,2209,47,47,43.944444444444443,59.166666666666664,11,72,8,4,0.77777777777777779
ctn_asc_48_iw3:2017-10-28,6b3f7f30-edbb-53f4-b923-135a1e51658b,Havelbrücke Werder (A 10),bridge,ctn_asc_48_iw3,2017-10-28,2017-10-28T23:28:04Z,evening_rel48_control_ctn,ASCENDING,IW3,S1A,W2_prae,control_ctn,ctn_asc_48_iw3,48,54136.179689999997,0.00064922403539999999,0.011689924629999999,0.02709535137,640,339,1.190670221,,,24.800000000000001,27.399999999999999,-0.72599999999999998,0.29999999999999999,ctn_asc_48_iw3,1,pre-collapse (healthy),1,2017-10-28,10,2017,winter_Oct-Feb,intermediate,19,0.0042937853107344629,9,52.455626941100739,0.0096232141535272792,0.005347639622565215,640,4425,75,59,42.89473684210526,51.05263157894737,79,13,9,3,0.84210526315789469
cts_asc_48_iw3:2017-10-28,6b3f7f30-edbb-53f4-b923-135a1e51658b,Havelbrücke Werder (A 10),bridge,cts_asc_48_iw3,2017-10-28,2017-10-28T23:28:04Z,evening_rel48,ASCENDING,IW3,S1A,W2_prae,target,cts_asc_48_iw3,48,53371.589840000001,5.1234092100000001e-05,0.031966827810000001,0.0054828203279999998,640,328,1.3278971660000001,,,24.800000000000001,27.399999999999999,-1.337,-0.073999999999999996,cts_asc_48_iw3,0,pre-collapse (healthy),1,2017-10-28,10,2017,winter_Oct-Feb,intermediate,15,0.0082236842105263153,6,36.918769691791674,0.022878574777308959,0.0014727255923292215,640,1824,48,38,55.666666666666664,62.466666666666669,20,72,6,6,0.59999999999999998
beach_asc_48_iw3:2017-11-09,6b3f7f30-edbb-53f4-b923-135a1e51658b,Havelbrücke Werder (A 10),bridge,beach_asc_48_iw3,2017-11-09,2017-11-09T23:28:03Z,evening_rel48_reference_beach,ASCENDING,IW3,S1A,W2_prae,reference_beach,beach_asc_48_iw3,48,34390.203119999998,5.2925963249999999e-05,0.056682135910000001,0.0063616512340000002,640,366,1.029394039,,,24.800000000000001,0.90000000000000002,-0.33000000000000002,-0.20000000000000001,beach_asc_48_iw3,3,pre-collapse (healthy),1,2017-11-09,11,2017,winter_Oct-Feb,intermediate,20,0.007246376811594203,8,24.447187977352325,0.036568213783403657,0.040444723884723206,640,2760,69,40,44.25,30.050000000000001,67,39,8,5,0.75
cte_asc_48_iw3:2017-11-09,6b3f7f30-edbb-53f4-b923-135a1e51658b,Havelbrücke Werder (A 10),bridge,cte_asc_48_iw3,2017-11-09,2017-11-09T23:28:03Z,evening_rel48_control_cte,ASCENDING,IW3,S1A,W2_prae,control_cte,cte_asc_48_iw3,48,39346.640619999998,9.7540360000000003e-06,0.2054636031,0.0094496961679999998,640,334,0.97986416180000002,,,24.800000000000001,0.90000000000000002,-0.77600000000000002,-0.10299999999999999,cte_asc_48_iw3,2,pre-collapse (healthy),1,2017-11-09,11,2017,winter_Oct-Feb,intermediate,18,0.0048335123523093448,8,19.335648009586269,0.039928113767776212,0.0026003602107604021,640,3724,49,76,38.222222222222221,65.611111111111114,55,56,8,4,0.77777777777777779
ctn_asc_48_iw3:2017-11-09,6b3f7f30-edbb-53f4-b923-135a1e51658b,Havelbrücke Werder (A 10),bridge,ctn_asc_48_iw3,2017-11-09,2017-11-09T23:28:03Z,evening_rel48_control_ctn,ASCENDING,IW3,S1A,W2_prae,control_ctn,ctn_asc_48_iw3,48,43675.125,1.416846681e-05,0.16443085669999999,0.0049982978960000004,640,328,0.96058996109999994,,,24.800000000000001,0.90000000000000002,-0.82099999999999995,0.033000000000000002,ctn_asc_48_iw3,1,pre-collapse (healthy),1,2017-11-09,11,2017,winter_Oct-Feb,compact,4,0.00098765432098765434,3,34.220790464277705,0.035161744022503515,0.41356780491368239,640,4050,75,54,53,36.25,79,14,3,2,0.5
cts_asc_48_iw3:2017-11-09,6b3f7f30-edbb-53f4-b923-135a1e51658b,Havelbrücke Werder (A 10),bridge,cts_asc_48_iw3,2017-11-09,2017-11-09T23:28:03Z,evening_rel48,ASCENDING,IW3,S1A,W2_prae,target,cts_asc_48_iw3,48,40361.050779999998,3.6444682339999998e-05,0.022111509000000001,0.0089633651080000005,640,382,1.0041920259999999,,,24.800000000000001,0.90000000000000002,-0.45500000000000002,-0.34499999999999997,cts_asc_48_iw3,0,pre-collapse (healthy),1,2017-11-09,11,2017,winter_Oct-Feb,distributed,25,0.0069444444444444441,10,21.718821330818116,0.032798874824191276,0.010374529636230544,640,3600,48,75,43.439999999999998,66.560000000000002,63,76,10,7,0.71999999999999997
beach_asc_48_iw3:2017-11-21,6b3f7f30-edbb-53f4-b923-135a1e51658b,Havelbrücke Werder (A 10),bridge,beach_asc_48_iw3,2017-11-21,2017-11-21T23:28:03Z,evening_rel48_reference_beach,ASCENDING,IW3,S1A,W2_prae,reference_beach,beach_asc_48_iw3,48,35326.496090000001,5.0908136470000002e-05,0.61747854950000003,0.011796934530000001,640,357,1.057419881,,,23.800000000000001,2.6000000000000001,-0.23400000000000001,-0.22900000000000001,beach_asc_48_iw3,3,pre-collapse (healthy),1,2017-11-21,11,2017,winter_Oct-Feb,intermediate,20,0.007246376811594203,7,28.303930822414049,0.037974683544303792,0.092163479567152692,640,2760,69,40,40.899999999999999,28.050000000000001,67,39,7,8,0.59999999999999998
cte_asc_48_iw3:2017-11-21,6b3f7f30-edbb-53f4-b923-135a1e51658b,Havelbrücke Werder (A 10),bridge,cte_asc_48_iw3,2017-11-21,2017-11-21T23:28:03Z,evening_rel48_control_cte,ASCENDING,IW3,S1A,W2_prae,control_cte,cte_asc_48_iw3,48,42785.421880000002,8.6552390710000005e-05,0.56770992279999999,0.018995637070000002,640,352,1.0655014220000001,,,23.800000000000001,2.6000000000000001,-0.72299999999999998,-0.095000000000000001,cte_asc_48_iw3,2,pre-collapse (healthy),1,2017-11-21,11,2017,winter_Oct-Feb,intermediate,13,0.0053235053235053233,6,32.864253705167762,0.031591474629449313,0.044715734288798291,640,2442,66,37,45,63.46153846153846,74,48,6,4,0.69230769230769229
ctn_asc_48_iw3:2017-11-21,6b3f7f30-edbb-53f4-b923-135a1e51658b,Havelbrücke Werder (A 10),bridge,ctn_asc_48_iw3,2017-11-21,2017-11-21T23:28:03Z,evening_rel48_control_ctn,ASCENDING,IW3,S1A,W2_prae,control_ctn,ctn_asc_48_iw3,48,47059.90625,0.00013512259469999999,0.57101851699999995,0.023555628960000002,640,330,1.035034783,,,23.800000000000001,2.6000000000000001,-0.76900000000000002,0.040000000000000001,ctn_asc_48_iw3,1,pre-collapse (healthy),1,2017-11-21,11,2017,winter_Oct-Feb,compact,6,0.0014814814814814814,4,32.414845707209878,0.023909985935302389,0.079110367916026408,640,4050,75,54,58.166666666666664,38.833333333333336,79,14,4,2,0.66666666666666674
cts_asc_48_iw3:2017-11-21,6b3f7f30-edbb-53f4-b923-135a1e51658b,Havelbrücke Werder (A 10),bridge,cts_asc_48_iw3,2017-11-21,2017-11-21T23:28:03Z,evening_rel48,ASCENDING,IW3,S1A,W2_prae,target,cts_asc_48_iw3,48,41818.113279999998,1.5806032020000001e-05,0.57209217550000002,0.01722000353,640,370,1.0404440690000001,,,23.800000000000001,2.6000000000000001,-0.39000000000000001,-0.33200000000000002,cts_asc_48_iw3,0,pre-collapse (healthy),1,2017-11-21,11,2017,winter_Oct-Feb,intermediate,19,0.0079365079365079361,6,20.524763773983846,0.030720260567029378,0.13936663994763634,640,2394,63,38,44.631578947368418,66.84210526315789,63,76,6,8,0.57894736842105265
beach_asc_48_iw3:2017-12-03,6b3f7f30-edbb-53f4-b923-135a1e51658b,Havelbrücke Werder (A 10),bridge,beach_asc_48_iw3,2017-12-03,2017-12-03T23:28:03Z,evening_rel48_reference_beach,ASCENDING,IW3,S1A,W2_prae,reference_beach,beach_asc_48_iw3,48,32049.123049999998,0.00023010734000000001,0.029455730690000001,0.02326620184,640,318,0.95931902710000005,,,22.199999999999999,0.10000000000000001,0.64500000000000002,0.019,beach_asc_48_iw3,3,pre-collapse (healthy),1,2017-12-03,12,2017,winter_Oct-Feb,intermediate,12,0.0096618357487922701,4,32.735683893879475,0.035044538209095165,0.26906228131815918,640,1242,46,27,51.25,25.25,20,35,4,6,0.5
cte_asc_48_iw3:2017-12-03,6b3f7f30-edbb-53f4-b923-135a1e51658b,Havelbrücke Werder (A 10),bridge,cte_asc_48_iw3,2017-12-03,2017-12-03T23:28:03Z,evening_rel48_control_cte,ASCENDING,IW3,S1A,W2_prae,control_cte,cte_asc_48_iw3,48,37838.878909999999,0.00013049684639999999,0.043192699549999998,0.020316328849999999,640,342,0.94231580569999995,,,22.199999999999999,0.10000000000000001,0.17199999999999999,0.16200000000000001,cte_asc_48_iw3,2,pre-collapse (healthy),1,2017-12-03,12,2017,winter_Oct-Feb,intermediate,12,0.009876543209876543,4,9.6176920308356717,0.039732770745428976,0.44431200108396535,640,1215,45,27,44.5,59.5,53,55,4,4,0.66666666666666674
ctn_asc_48_iw3:2017-12-03,6b3f7f30-edbb-53f4-b923-135a1e51658b,Havelbrücke Werder (A 10),bridge,ctn_asc_48_iw3,2017-12-03,2017-12-03T23:28:03Z,evening_rel48_control_ctn,ASCENDING,IW3,S1A,W2_prae,control_ctn,ctn_asc_48_iw3,48,49159.453119999998,0.00015248719139999999,0.040226500480000003,0.019040757790000001,640,321,1.0812121809999999,,,22.199999999999999,0.10000000000000001,0.124,0.33500000000000002,ctn_asc_48_iw3,1,pre-collapse (healthy),1,2017-12-03,12,2017,winter_Oct-Feb,compact,3,0.75,1,0.47140452079102874,0.064697609001406475,0.074204375023845123,640,4,2,2,77.333333333333329,12.666666666666666,77,13,1,3,0
cts_asc_48_iw3:2017-12-03,6b3f7f30-edbb-53f4-b923-135a1e51658b,Havelbrücke Werder (A 10),bridge,cts_asc_48_iw3,2017-12-03,2017-12-03T23:28:03Z,evening_rel48,ASCENDING,IW3,S1A,W2_prae,target,cts_asc_48_iw3,48,38197.289060000003,9.2514528660000002e-05,0.046667180959999999,0.02104355581,640,341,0.95035714790000003,,,22.199999999999999,0.10000000000000001,0.46500000000000002,-0.094,cts_asc_48_iw3,0,pre-collapse (healthy),1,2017-12-03,12,2017,winter_Oct-Feb,intermediate,18,0.014184397163120567,7,30.050009757398637,0.034614783559931236,0.33196107228596194,640,1269,47,27,45.055555555555557,64.333333333333329,16,72,7,5,0.72222222222222221
beach_asc_48_iw3:2017-12-15,6b3f7f30-edbb-53f4-b923-135a1e51658b,Havelbrücke Werder (A 10),bridge,beach_asc_48_iw3,2017-12-15,2017-12-15T23:28:02Z,evening_rel48_reference_beach,ASCENDING,IW3,S1A,W2_prae,reference_beach,beach_asc_48_iw3,48,32364.369139999999,0.00051072397039999998,0.088215723630000006,0.024425538260000001,640,361,0.96875521590000002,,,16.199999999999999,0,-0.027,0.16700000000000001,beach_asc_48_iw3,3,pre-collapse (healthy),1,2017-12-15,12,2017,winter_Oct-Feb,intermediate,18,0.013071895424836602,10,24.895088513575633,0.031723706829192067,0.1148450582842391,640,1377,51,27,42.777777777777779,29.222222222222221,65,18,10,3,0.83333333333333337
cte_asc_48_iw3:2017-12-15,6b3f7f30-edbb-53f4-b923-135a1e51658b,Havelbrücke Werder (A 10),bridge,cte_asc_48_iw3,2017-12-15,2017-12-15T23:28:02Z,evening_rel48_control_cte,ASCENDING,IW3,S1A,W2_prae,control_cte,cte_asc_48_iw3,48,39759.378909999999,0.0001093303217,0.083393447100000004,0.020032115279999999,640,322,0.99014273819999998,,,16.199999999999999,0,-0.42899999999999999,0.51000000000000001,cte_asc_48_iw3,2,pre-collapse (healthy),1,2017-12-15,12,2017,winter_Oct-Feb,distributed,56,0.012826385707741641,23,28.948725342916084,0.020770544504721718,0.053450044818424636,640,4366,59,74,36.303571428571431,56.910714285714285,10,69,23,7,0.875
ctn_asc_48_iw3:2017-12-15,6b3f7f30-edbb-53f4-b923-135a1e51658b,Havelbrücke Werder (A 10),bridge,ctn_asc_48_iw3,2017-12-15,2017-12-15T23:28:02Z,evening_rel48_control_ctn,ASCENDING,IW3,S1A,W2_prae,control_ctn,ctn_asc_48_iw3,48,42719.65625,7.7677759690000003e-05,0.082580678160000004,0.019131066280000001,640,379,0.93957539759999997,,,16.199999999999999,0,-0.47999999999999998,-0.24299999999999999,ctn_asc_48_iw3,1,pre-collapse (healthy),1,2017-12-15,12,2017,winter_Oct-Feb,compact,8,0.0017841213202497771,6,42.851487722131658,0.03217299578059072,0.034160291121048555,640,4484,76,59,48.5,46,77,14,6,2,0.75
cts_asc_48_iw3:2017-12-15,6b3f7f30-edbb-53f4-b923-135a1e51658b,Havelbrücke Werder (A 10),bridge,cts_asc_48_iw3,2017-12-15,2017-12-15T23:28:02Z,evening_rel48,ASCENDING,IW3,S1A,W2_prae,target,cts_asc_48_iw3,48,40136.363279999998,9.6562689579999996e-05,0.069421969350000001,0.020359849560000001,640,375,0.99860175080000002,,,16.199999999999999,0,-0.19500000000000001,0.14799999999999999,cts_asc_48_iw3,0,pre-collapse (healthy),1,2017-12-15,12,2017,winter_Oct-Feb,distributed,29,0.0075363825363825368,12,21.907871089989563,0.02919637227799602,0.10624021512166805,640,3848,52,74,40,61.241379310344826,61,55,12,8,0.72413793103448276
beach_asc_48_iw3:2018-01-08,6b3f7f30-edbb-53f4-b923-135a1e51658b,Havelbrücke Werder (A 10),bridge,beach_asc_48_iw3,2018-01-08,2018-01-08T23:28:01Z,evening_rel48_reference_beach,ASCENDING,IW3,S1A,W2_prae,reference_beach,beach_asc_48_iw3,48,36513.035159999999,0.00025259261020000001,0.034042891110000001,0.01302276831,640,249,1.0929362810000001,,,20.600000000000001,4.4000000000000004,-1.7,-0.087999999999999995,beach_asc_48_iw3,3,pre-collapse (healthy),1,2018-01-08,1,2018,winter_Oct-Feb,compact,6,0.0083333333333333332,3,3.1622776601683795,0.010079699953117676,0.67544165621607422,640,720,45,16,47,31,48,34,3,4,0.33333333333333337
cte_asc_48_iw3:2018-01-08,6b3f7f30-edbb-53f4-b923-135a1e51658b,Havelbrücke Werder (A 10),bridge,cte_asc_48_iw3,2018-01-08,2018-01-08T23:28:01Z,evening_rel48_control_cte,ASCENDING,IW3,S1A,W2_prae,control_cte,cte_asc_48_iw3,48,41807.074220000002,0.00051824015100000005,0.036978065970000001,0.023501226680000001,640,287,1.041137263,,,20.600000000000001,4.4000000000000004,-1.105,0.031,cte_asc_48_iw3,2,pre-collapse (healthy),1,2018-01-08,1,2018,winter_Oct-Feb,compact,4,0.080000000000000002,2,6.2699681019922267,0.01230661040787623,0.6332518147525914,640,50,25,2,28.75,70.5,35,71,2,3,0.25
ctn_asc_48_iw3:2018-01-08,6b3f7f30-edbb-53f4-b923-135a1e51658b,Havelbrücke Werder (A 10),bridge,ctn_asc_48_iw3,2018-01-08,2018-01-08T23:28:01Z,evening_rel48_control_ctn,ASCENDING,IW3,S1A,W2_prae,control_ctn,ctn_asc_48_iw3,48,49616.738279999998,0.00067016505640000003,0.045943554490000003,0.025393517689999999,640,296,1.091269703,,,20.600000000000001,4.4000000000000004,-1.1439999999999999,0.17699999999999999,ctn_asc_48_iw3,1,pre-collapse (healthy),1,2018-01-08,1,2018,winter_Oct-Feb,compact,4,0.0014260249554367201,2,36.796738985948195,0.028129395218002812,0.50829487364592685,640,2805,51,55,54,40,79,13,2,2,0.5
cts_asc_48_iw3:2018-01-08,6b3f7f30-edbb-53f4-b923-135a1e51658b,Havelbrücke Werder (A 10),bridge,cts_asc_48_iw3,2018-01-08,2018-01-08T23:28:01Z,evening_rel48,ASCENDING,IW3,S1A,W2_prae,target,cts_asc_48_iw3,48,42780.121090000001,0.00039110102810000001,0.039349857719999999,0.02824361622,640,328,1.0643790399999999,,,20.600000000000001,4.4000000000000004,-0.86199999999999999,-0.22900000000000001,cts_asc_48_iw3,0,pre-collapse (healthy),1,2018-01-08,1,2018,winter_Oct-Feb,compact,5,0.0069444444444444441,3,3.5440090293338757,0.01518987341772152,0.68125787968241458,640,720,45,16,41,67.599999999999994,42,71,3,3,0.40000000000000002
beach_asc_48_iw3:2018-01-20,6b3f7f30-edbb-53f4-b923-135a1e51658b,Havelbrücke Werder (A 10),bridge,beach_asc_48_iw3,2018-01-20,2018-01-20T23:28:01Z,evening_rel48_reference_beach,ASCENDING,IW3,S1A,W2_prae,reference_beach,beach_asc_48_iw3,48,33601.042970000002,0.0003423387243,0.54151529070000004,0.02146639861,640,206,1.005772289,,,18.600000000000001,0.20000000000000001,-2.012,-0.042999999999999997,beach_asc_48_iw3,3,pre-collapse (healthy),1,2018-01-20,1,2018,winter_Oct-Feb,intermediate,19,0.0069852941176470592,9,30.709116911690003,0.0090310163594640603,0.0058526708139941845,640,2720,68,40,55.05263157894737,28.684210526315791,25,35,9,5,0.73684210526315796
cte_asc_48_iw3:2018-01-20,6b3f7f30-edbb-53f4-b923-135a1e51658b,Havelbrücke Werder (A 10),bridge,cte_asc_48_iw3,2018-01-20,2018-01-20T23:28:01Z,evening_rel48_control_cte,ASCENDING,IW3,S1A,W2_prae,control_cte,cte_asc_48_iw3,48,40431.234380000002,3.988897879e-05,0.47631677989999999,0.01141670346,640,266,1.0068742070000001,,,18.600000000000001,0.20000000000000001,-1.448,0.13100000000000001,cte_asc_48_iw3,2,pre-collapse (healthy),1,2018-01-20,1,2018,winter_Oct-Feb,compact,10,0.0075987841945288756,4,21.851544567833184,0.024753867791842472,0.024796468941039873,640,1316,47,28,34.799999999999997,70.5,13,72,4,4,0.59999999999999998
ctn_asc_48_iw3:2018-01-20,6b3f7f30-edbb-53f4-b923-135a1e51658b,Havelbrücke Werder (A 10),bridge,ctn_asc_48_iw3,2018-01-20,2018-01-20T23:28:01Z,evening_rel48_control_ctn,ASCENDING,IW3,S1A,W2_prae,control_ctn,ctn_asc_48_iw3,48,41982.625,4.1971889000000002e-06,0.41016852860000003,0.013109706340000001,640,260,0.92336514469999997,,,18.600000000000001,0.20000000000000001,-1.5109999999999999,0.23499999999999999,ctn_asc_48_iw3,1,pre-collapse (healthy),1,2018-01-20,1,2018,winter_Oct-Feb,intermediate,16,0.0036646816307833257,5,34.350332058074784,0.019075246132208158,0.0033873107650482671,640,4366,74,59,39.5625,57.0625,7,68,5,6,0.625
cts_asc_48_iw3:2018-01-20,6b3f7f30-edbb-53f4-b923-135a1e51658b,Havelbrücke Werder (A 10),bridge,cts_asc_48_iw3,2018-01-20,2018-01-20T23:28:01Z,evening_rel48,ASCENDING,IW3,S1A,W2_prae,target,cts_asc_48_iw3,48,40727.902340000001,0.00014322731289999999,0.505243361,0.01188802347,640,319,1.0133193760000001,,,18.600000000000001,0.20000000000000001,-1.1539999999999999,-0.122,cts_asc_48_iw3,0,pre-collapse (healthy),1,2018-01-20,1,2018,winter_Oct-Feb,intermediate,16,0.011904761904761904,7,17.059180079945225,0.024964838255977496,0.01591108632441212,640,1344,48,28,49.5,67.875,65,75,7,4,0.75
beach_asc_48_iw3:2018-02-01,6b3f7f30-edbb-53f4-b923-135a1e51658b,Havelbrücke Werder (A 10),bridge,beach_asc_48_iw3,2018-02-01,2018-02-01T23:28:00Z,evening_rel48_reference_beach,ASCENDING,IW3,S1A,W2_prae,reference_beach,beach_asc_48_iw3,48,35737.496090000001,0.00038065205440000001,0.015641260890000001,0.023655164990000001,640,363,1.069722249,,,20.199999999999999,0,-0.624,-0.082000000000000003,beach_asc_48_iw3,3,pre-collapse (healthy),1,2018-02-01,2,2018,winter_Oct-Feb,intermediate,11,0.0042097206276310757,6,9.7595047970835882,0.02646720368239356,0.13598109207665499,640,2613,67,39,43.18181818181818,27.818181818181817,52,32,6,4,0.63636363636363635
cte_asc_48_iw3:2018-02-01,6b3f7f30-edbb-53f4-b923-135a1e51658b,Havelbrücke Werder (A 10),bridge,cte_asc_48_iw3,2018-02-01,2018-02-01T23:28:00Z,evening_rel48_control_cte,ASCENDING,IW3,S1A,W2_prae,control_cte,cte_asc_48_iw3,48,41847.167970000002,0.0001170245741,0.0045504425649999999,0.025304583830000001,640,371,1.0421357330000001,,,20.199999999999999,0,-0.047,0.043999999999999997,cte_asc_48_iw3,2,pre-collapse (healthy),1,2018-02-01,2,2018,winter_Oct-Feb,intermediate,18,0.003472892147404978,8,7.1804346647893542,0.034614783559931236,0.073012611746694836,640,5183,71,73,38.555555555555557,61.833333333333336,39,69,8,4,0.77777777777777779
ctn_asc_48_iw3:2018-02-01,6b3f7f30-edbb-53f4-b923-135a1e51658b,Havelbrücke Werder (A 10),bridge,ctn_asc_48_iw3,2018-02-01,2018-02-01T23:28:00Z,evening_rel48_control_ctn,ASCENDING,IW3,S1A,W2_prae,control_ctn,ctn_asc_48_iw3,48,46321.125,0.00012632741709999999,0.031096197660000002,0.0091040246189999993,640,370,1.0187860399999999,,,20.199999999999999,0,-0.091999999999999998,0.189,ctn_asc_48_iw3,1,pre-collapse (healthy),1,2018-02-01,2,2018,winter_Oct-Feb,compact,8,0.0018713450292397662,4,31.827660925679098,0.038502109704641359,0.21111849622936935,640,4275,75,57,55,36,77,13,4,4,0.5
cts_asc_48_iw3:2018-02-01,6b3f7f30-edbb-53f4-b923-135a1e51658b,Havelbrücke Werder (A 10),bridge,cts_asc_48_iw3,2018-02-01,2018-02-01T23:28:00Z,evening_rel48,ASCENDING,IW3,S1A,W2_prae,target,cts_asc_48_iw3,48,42273.480470000002,2.4957982529999999e-05,0.139669776,0.023264180870000001,640,354,1.0517737069999999,,,20.199999999999999,0,-0.79000000000000004,-0.214,cts_asc_48_iw3,0,pre-collapse (healthy),1,2018-02-01,2,2018,winter_Oct-Feb,compact,9,0.010869565217391304,4,10.028354861818954,0.029223316143147368,0.13770854475449246,640,828,46,18,38.111111111111114,67.333333333333329,48,69,4,3,0.66666666666666674
beach_asc_48_iw3:2018-02-13,6b3f7f30-edbb-53f4-b923-135a1e51658b,Havelbrücke Werder (A 10),bridge,beach_asc_48_iw3,2018-02-13,2018-02-13T23:28:00Z,evening_rel48_reference_beach,ASCENDING,IW3,S1A,W2_prae,reference_beach,beach_asc_48_iw3,48,34275.730470000002,0.00040170515420000002,0.56313806769999997,0.012472521510000001,640,382,1.025967555,,,24,1.2,-0.44,0.083000000000000004,beach_asc_48_iw3,3,pre-collapse (healthy),1,2018-02-13,2,2018,winter_Oct-Feb,intermediate,20,0.018674136321195144,11,5.5158861482086481,0.027918424753867792,0.053033491826933246,640,1071,51,21,46.549999999999997,30.149999999999999,52,31,11,4,0.80000000000000004
cte_asc_48_iw3:2018-02-13,6b3f7f30-edbb-53f4-b923-135a1e51658b,Havelbrücke Werder (A 10),bridge,cte_asc_48_iw3,2018-02-13,2018-02-13T23:28:00Z,evening_rel48_control_cte,ASCENDING,IW3,S1A,W2_prae,control_cte,cte_asc_48_iw3,48,39536.941409999999,0.00041523942489999998,0.58474826810000002,0.031476221980000003,640,357,0.98460329359999998,,,24,1.2,0.060999999999999999,0.28799999999999998,cte_asc_48_iw3,2,pre-collapse (healthy),1,2018-02-13,2,2018,winter_Oct-Feb,intermediate,11,0.002766599597585513,7,6.1818181818181799,0.019946298427311087,0.17621675744214191,640,3976,71,56,41.909090909090907,62.545454545454547,39,68,7,4,0.63636363636363635
ctn_asc_48_iw3:2018-02-13,6b3f7f30-edbb-53f4-b923-135a1e51658b,Havelbrücke Werder (A 10),bridge,ctn_asc_48_iw3,2018-02-13,2018-02-13T23:28:00Z,evening_rel48_control_ctn,ASCENDING,IW3,S1A,W2_prae,control_ctn,ctn_asc_48_iw3,48,44620.421880000002,0.00043044963970000001,0.2695640326,0.033800113950000002,640,315,0.98138080459999999,,,24,1.2,0.081000000000000003,-0.44500000000000001,ctn_asc_48_iw3,1,pre-collapse (healthy),1,2018-02-13,2,2018,winter_Oct-Feb,compact,6,0.0024610336341263331,3,19.602295783912659,0.039615564932020633,0.014773988517572709,640,2438,46,53,65,29.5,77,14,3,4,0.33333333333333337
cts_asc_48_iw3:2018-02-13,6b3f7f30-edbb-53f4-b923-135a1e51658b,Havelbrücke Werder (A 10),bridge,cts_asc_48_iw3,2018-02-13,2018-02-13T23:28:00Z,evening_rel48,ASCENDING,IW3,S1A,W2_prae,target,cts_asc_48_iw3,48,39620.398439999997,0.0001902459044,0.033359847960000001,0.01452606171,640,367,0.98576442939999998,,,24,1.2,0.32700000000000001,0.0060000000000000001,cts_asc_48_iw3,0,pre-collapse (healthy),1,2018-02-13,2,2018,winter_Oct-Feb,intermediate,14,0.011428571428571429,8,5.5443481058071491,0.03134418324291742,0.25286949232416567,640,1225,49,25,40.642857142857146,66.571428571428569,46,68,8,4,0.7142857142857143
beach_asc_48_iw3:2018-02-25,6b3f7f30-edbb-53f4-b923-135a1e51658b,Havelbrücke Werder (A 10),bridge,beach_asc_48_iw3,2018-02-25,2018-02-25T23:28:00Z,evening_rel48_reference_beach,ASCENDING,IW3,S1A,W2_prae,reference_beach,beach_asc_48_iw3,48,32632.41992,5.2790328480000003e-06,0.49570089579999999,0.021025609229999999,640,355,0.97677871829999996,,,23.699999999999999,4.0999999999999996,-0.26600000000000001,0.16900000000000001,beach_asc_48_iw3,3,pre-collapse (healthy),1,2018-02-25,2,2018,winter_Oct-Feb,compact,7,0.0088383838383838381,3,6.3261685215670074,0.025919228450874021,0.37478529788883236,640,792,44,18,44.714285714285715,30.285714285714285,51,31,3,4,0.4285714285714286
cte_asc_48_iw3:2018-02-25,6b3f7f30-edbb-53f4-b923-135a1e51658b,Havelbrücke Werder (A 10),bridge,cte_asc_48_iw3,2018-02-25,2018-02-25T23:28:00Z,evening_rel48_control_cte,ASCENDING,IW3,S1A,W2_prae,control_cte,cte_asc_48_iw3,48,38958.230470000002,0.00013002449119999999,0.0808993727,0.0076598348100000001,640,269,0.97019143789999995,,,23.699999999999999,4.0999999999999996,-0.78200000000000003,0.46899999999999997,cte_asc_48_iw3,2,pre-collapse (healthy),1,2018-02-25,2,2018,winter_Oct-Feb,intermediate,11,0.0070512820512820514,4,11.185143629678112,0.0090781230021736367,0.24113601727406761,640,1560,65,24,48.909090909090907,60.090909090909093,41,68,4,4,0.63636363636363635
ctn_asc_48_iw3:2018-02-25,6b3f7f30-edbb-53f4-b923-135a1e51658b,Havelbrücke Werder (A 10),bridge,ctn_asc_48_iw3,2018-02-25,2018-02-25T23:28:00Z,evening_rel48_control_ctn,ASCENDING,IW3,S1A,W2_prae,control_ctn,ctn_asc_48_iw3,48,43886.25,8.7298190920000001e-05,0.073486298320000004,0.0073794885540000004,640,316,0.96523344079999995,,,23.699999999999999,4.0999999999999996,-0.76700000000000002,-0.28399999999999997,ctn_asc_48_iw3,1,pre-collapse (healthy),1,2018-02-25,2,2018,winter_Oct-Feb,compact,5,0.0020508613617719442,3,33.922853653547484,0.017440225035161745,0.56072238944758779,640,2438,46,53,59,41.399999999999999,79,14,3,2,0.59999999999999998
cts_asc_48_iw3:2018-02-25,6b3f7f30-edbb-53f4-b923-135a1e51658b,Havelbrücke Werder (A 10),bridge,cts_asc_48_iw3,2018-02-25,2018-02-25T23:28:00Z,evening_rel48,ASCENDING,IW3,S1A,W2_prae,target,cts_asc_48_iw3,48,38711.726560000003,0.00016120642249999999,0.1018776074,0.0061275148759999997,640,359,0.96315646860000004,,,23.699999999999999,4.0999999999999996,-0.45600000000000002,0.16500000000000001,cts_asc_48_iw3,0,pre-collapse (healthy),1,2018-02-25,2,2018,winter_Oct-Feb,compact,8,0.0053763440860215058,3,10.137338161470199,0.028305203938115333,0.62190385296028916,640,1488,62,24,36.875,67.5,47,68,3,4,0.5
beach_asc_48_iw3:2018-03-09,6b3f7f30-edbb-53f4-b923-135a1e51658b,Havelbrücke Werder (A 10),bridge,beach_asc_48_iw3,2018-03-09,2018-03-09T23:28:00Z,evening_rel48_reference_beach,ASCENDING,IW3,S1A,W2_prae,reference_beach,beach_asc_48_iw3,48,31975.199219999999,1.5592311680000001e-05,0.056911014019999998,0.0047155464999999999,640,284,0.95710628220000005,,,15.6,0,1.0800000000000001,-0.017000000000000001,beach_asc_48_iw3,3,pre-collapse (healthy),1,2018-03-09,3,2018,summer_Mar-Jul,distributed,30,0.020283975659229209,14,18.779007191838208,0.021284575714955456,0.022282975795597265,640,1479,51,29,50.299999999999997,28.833333333333332,63,15,14,5,0.83333333333333337
cte_asc_48_iw3:2018-03-09,6b3f7f30-edbb-53f4-b923-135a1e51658b,Havelbrücke Werder (A 10),bridge,cte_asc_48_iw3,2018-03-09,2018-03-09T23:28:00Z,evening_rel48_control_cte,ASCENDING,IW3,S1A,W2_prae,control_cte,cte_asc_48_iw3,48,40378.265619999998,0.00018641236239999999,0.058566447350000002,0.018862623719999999,640,327,1.0055551060000001,,,15.6,0,0.71199999999999997,0.127,cte_asc_48_iw3,2,pre-collapse (healthy),1,2018-03-09,3,2018,summer_Mar-Jul,distributed,35,0.0070850202429149798,18,28.109712171549297,0.023909985935302389,0.019084186813046005,640,4940,65,76,43.428571428571431,58.171428571428571,70,49,18,4,0.88571428571428568
ctn_asc_48_iw3:2018-03-09,6b3f7f30-edbb-53f4-b923-135a1e51658b,Havelbrücke Werder (A 10),bridge,ctn_asc_48_iw3,2018-03-09,2018-03-09T23:28:00Z,evening_rel48_control_ctn,ASCENDING,IW3,S1A,W2_prae,control_ctn,ctn_asc_48_iw3,48,42942.734380000002,1.5696037739999999e-05,0.052575066689999998,0.017095433550000001,640,317,0.9444817741,,,15.6,0,0.65900000000000003,0.29099999999999998,ctn_asc_48_iw3,1,pre-collapse (healthy),1,2018-03-09,3,2018,summer_Mar-Jul,compact,4,0.009324009324009324,2,8.4594621578443157,0.03059071729957806,0.033661675175879646,640,429,13,33,72.25,21,75,13,2,3,0.25
cts_asc_48_iw3:2018-03-09,6b3f7f30-edbb-53f4-b923-135a1e51658b,Havelbrücke Werder (A 10),bridge,cts_asc_48_iw3,2018-03-09,2018-03-09T23:28:00Z,evening_rel48,ASCENDING,IW3,S1A,W2_prae,target,cts_asc_48_iw3,48,40104.496090000001,6.3162078729999993e-05,0.052443329240000003,0.021104155110000002,640,287,0.997808888,,,15.6,0,0.96299999999999997,-0.125,cts_asc_48_iw3,0,pre-collapse (healthy),1,2018-03-09,3,2018,summer_Mar-Jul,distributed,29,0.0059487179487179489,14,28.37352771353644,0.020515058926233079,0.0086083583615697706,640,4875,65,75,51.344827586206897,59.724137931034484,78,50,14,4,0.86206896551724133
beach_asc_48_iw3:2018-03-21,6b3f7f30-edbb-53f4-b923-135a1e51658b,Havelbrücke Werder (A 10),bridge,beach_asc_48_iw3,2018-03-21,2018-03-21T23:28:00Z,evening_rel48_reference_beach,ASCENDING,IW3,S1A,W2_prae,reference_beach,beach_asc_48_iw3,48,33472.699220000002,0.0002270923142,0.52884161470000002,0.02323517017,640,275,1.0019306050000001,,,23.899999999999999,0,1.0489999999999999,-0.31900000000000001,beach_asc_48_iw3,3,pre-collapse (healthy),1,2018-03-21,3,2018,summer_Mar-Jul,intermediate,23,0.016702977487291212,9,31.278310427732677,0.026539472879593958,0.01503275423128099,640,1377,51,27,49.739130434782609,30.217391304347824,19,36,9,5,0.78260869565217395
cte_asc_48_iw3:2018-03-21,6b3f7f30-edbb-53f4-b923-135a1e51658b,Havelbrücke Werder (A 10),bridge,cte_asc_48_iw3,2018-03-21,2018-03-21T23:28:00Z,evening_rel48_control_cte,ASCENDING,IW3,S1A,W2_prae,control_cte,cte_asc_48_iw3,48,40457.289060000003,0.0001157784209,0.43971547480000001,0.020431526009999999,640,358,1.007523057,,,23.899999999999999,0,0.70399999999999996,-0.17699999999999999,cte_asc_48_iw3,2,pre-collapse (healthy),1,2018-03-21,3,2018,summer_Mar-Jul,distributed,31,0.0055120910384068283,15,30.146451412701229,0.030034934894061067,0.020412804854809175,640,5624,76,74,36.806451612903224,61.354838709677416,9,73,15,5,0.83870967741935487
ctn_asc_48_iw3:2018-03-21,6b3f7f30-edbb-53f4-b923-135a1e51658b,Havelbrücke Werder (A 10),bridge,ctn_asc_48_iw3,2018-03-21,2018-03-21T23:28:00Z,evening_rel48_control_ctn,ASCENDING,IW3,S1A,W2_prae,control_ctn,ctn_asc_48_iw3,48,43516.449220000002,1.8146527510000002e-05,0.47064462299999998,0.01511521731,640,358,0.95710004869999998,,,23.899999999999999,0,0.65500000000000003,-0.036999999999999998,ctn_asc_48_iw3,1,pre-collapse (healthy),1,2018-03-21,3,2018,summer_Mar-Jul,compact,9,0.0021052631578947368,3,35.156967242340635,0.030160962650414132,0.072206574316710015,640,4275,75,57,47.666666666666664,36.111111111111114,75,14,3,5,0.44444444444444442
cts_asc_48_iw3:2018-03-21,6b3f7f30-edbb-53f4-b923-135a1e51658b,Havelbrücke Werder (A 10),bridge,cts_asc_48_iw3,2018-03-21,2018-03-21T23:28:00Z,evening_rel48,ASCENDING,IW3,S1A,W2_prae,target,cts_asc_48_iw3,48,39993.726560000003,6.3967912870000002e-05,0.25519359110000001,0.02173540555,640,278,0.99505291709999999,,,23.899999999999999,0,0.91000000000000003,0.42399999999999999,cts_asc_48_iw3,0,pre-collapse (healthy),1,2018-03-21,3,2018,summer_Mar-Jul,intermediate,21,0.0055999999999999999,8,39.187033349903388,0.025584354698278747,0.028208753439489791,640,3750,50,75,53.047619047619051,61.61904761904762,15,71,8,6,0.7142857142857143
beach_asc_48_iw3:2018-04-02,6b3f7f30-edbb-53f4-b923-135a1e51658b,Havelbrücke Werder (A 10),bridge,beach_asc_48_iw3,2018-04-02,2018-04-02T23:28:01Z,evening_rel48_reference_beach,ASCENDING,IW3,S1A,W2_prae,reference_beach,beach_asc_48_iw3,48,32583.175780000001,2.868495176e-05,0.29455393549999997,0.016466390340000001,640,297,0.97530470479999998,,,23.399999999999999,0.40000000000000002,1.1180000000000001,-0.050999999999999997,beach_asc_48_iw3,3,pre-collapse (healthy),1,2018-04-02,4,2018,summer_Mar-Jul,intermediate,18,0.013392857142857142,11,16.830674524161878,0.030707923112986407,0.09127124523012177,640,1344,48,28,48.222222222222221,28.666666666666668,62,19,11,4,0.77777777777777779
cte_asc_48_iw3:2018-04-02,6b3f7f30-edbb-53f4-b923-135a1e51658b,Havelbrücke Werder (A 10),bridge,cte_asc_48_iw3,2018-04-02,2018-04-02T23:28:01Z,evening_rel48_control_cte,ASCENDING,IW3,S1A,W2_prae,control_cte,cte_asc_48_iw3,48,39530,2.054570814e-06,0.25816154479999998,0.010011725129999999,640,331,0.98443042920000001,,,23.399999999999999,0.40000000000000002,0.79600000000000004,0.10100000000000001,cte_asc_48_iw3,2,pre-collapse (healthy),1,2018-04-02,4,2018,summer_Mar-Jul,intermediate,23,0.0056262230919765163,14,36.01609071193225,0.031859597627346671,0.094063124555924665,640,4088,56,73,42.391304347826086,61.304347826086953,8,72,14,5,0.78260869565217395
ctn_asc_48_iw3:2018-04-02,6b3f7f30-edbb-53f4-b923-135a1e51658b,Havelbrücke Werder (A 10),bridge,ctn_asc_48_iw3,2018-04-02,2018-04-02T23:28:01Z,evening_rel48_control_ctn,ASCENDING,IW3,S1A,W2_prae,control_ctn,ctn_asc_48_iw3,48,48185.820310000003,4.9485028280000003e-05,0.14605945349999999,0.0074263964779999999,640,318,1.059798118,,,23.399999999999999,0.40000000000000002,0.748,0.26000000000000001,ctn_asc_48_iw3,1,pre-collapse (healthy),1,2018-04-02,4,2018,summer_Mar-Jul,compact,3,0.75,1,0.47140452079102874,0.054852320675105481,0.11667873327072864,640,4,2,2,75.333333333333329,13.333333333333334,75,13,1,3,0
cts_asc_48_iw3:2018-04-02,6b3f7f30-edbb-53f4-b923-135a1e51658b,Havelbrücke Werder (A 10),bridge,cts_asc_48_iw3,2018-04-02,2018-04-02T23:28:01Z,evening_rel48,ASCENDING,IW3,S1A,W2_prae,target,cts_asc_48_iw3,48,39411.160159999999,9.7620206360000001e-05,0.1103830561,0.011170539070000001,640,303,0.98055853380000002,,,23.399999999999999,0.40000000000000002,1.0369999999999999,-0.153,cts_asc_48_iw3,0,pre-collapse (healthy),1,2018-04-02,4,2018,summer_Mar-Jul,intermediate,17,0.0053258145363408518,10,16.888910388703206,0.029453131463555889,0.11493355887796111,640,3192,56,57,42.882352941176471,63.529411764705884,58,56,10,4,0.76470588235294112
beach_asc_48_iw3:2018-04-14,6b3f7f30-edbb-53f4-b923-135a1e51658b,Havelbrücke Werder (A 10),bridge,beach_asc_48_iw3,2018-04-14,2018-04-14T23:28:01Z,evening_rel48_reference_beach,ASCENDING,IW3,S1A,W2_prae,reference_beach,beach_asc_48_iw3,48,31696.582030000001,1.5254923709999999e-05,0.0095640402290000006,0.01567946374,640,284,0.94876649800000001,,,24.399999999999999,0.29999999999999999,-0.999,0.13200000000000001,beach_asc_48_iw3,3,pre-collapse (healthy),1,2018-04-14,4,2018,summer_Mar-Jul,intermediate,22,0.016975308641975308,9,13.757041773110506,0.023909985935302393,0.11932317388053108,640,1296,48,27,59.18181818181818,28.363636363636363,69,38,9,4,0.81818181818181812
cte_asc_48_iw3:2018-04-14,6b3f7f30-edbb-53f4-b923-135a1e51658b,Havelbrücke Werder (A 10),bridge,cte_asc_48_iw3,2018-04-14,2018-04-14T23:28:01Z,evening_rel48_control_cte,ASCENDING,IW3,S1A,W2_prae,control_cte,cte_asc_48_iw3,48,37603.640619999998,3.9889950129999997e-05,0.045041609560000001,0.0072768963870000003,640,332,0.9364575785,,,24.399999999999999,0.29999999999999999,-0.42399999999999999,-0.51900000000000002,cte_asc_48_iw3,2,pre-collapse (healthy),1,2018-04-14,4,2018,summer_Mar-Jul,distributed,39,0.0095823095823095832,16,32.739101754552422,0.026506545493887267,0.053264294499697183,640,4070,55,74,42.564102564102562,64.307692307692307,11,73,16,6,0.84615384615384615
ctn_asc_48_iw3:2018-04-14,6b3f7f30-edbb-53f4-b923-135a1e51658b,Havelbrücke Werder (A 10),bridge,ctn_asc_48_iw3,2018-04-14,2018-04-14T23:28:01Z,evening_rel48_control_ctn,ASCENDING,IW3,S1A,W2_prae,control_ctn,ctn_asc_48_iw3,48,41354.761720000002,5.9606212739999999e-05,0.059412095700000001,0.012734566819999999,640,368,0.90955593030000004,,,24.399999999999999,0.29999999999999999,-0.40999999999999998,-0.29099999999999998,ctn_asc_48_iw3,1,pre-collapse (healthy),1,2018-04-14,4,2018,summer_Mar-Jul,compact,7,0.0015765765765765765,3,30.574432429193955,0.040787623066104076,0.021682043908451056,640,4440,74,60,59,38.714285714285715,77,14,3,4,0.4285714285714286
cts_asc_48_iw3:2018-04-14,6b3f7f30-edbb-53f4-b923-135a1e51658b,Havelbrücke Werder (A 10),bridge,cts_asc_48_iw3,2018-04-14,2018-04-14T23:28:01Z,evening_rel48,ASCENDING,IW3,S1A,W2_prae,target,cts_asc_48_iw3,48,38816.511720000002,5.2509643870000002e-05,0.022265324369999999,0.015193103810000001,640,273,0.96576354689999999,,,24.399999999999999,0.29999999999999999,-1.1359999999999999,0.10299999999999999,cts_asc_48_iw3,0,pre-collapse (healthy),1,2018-04-14,4,2018,summer_Mar-Jul,distributed,25,0.0061425061425061421,11,19.245321509395474,0.025372714486638536,0.22217734229784228,640,4070,55,74,55.399999999999999,58.32,65,75,11,4,0.83999999999999997
beach_asc_48_iw3:2018-04-26,6b3f7f30-edbb-53f4-b923-135a1e51658b,Havelbrücke Werder (A 10),bridge,beach_asc_48_iw3,2018-04-26,2018-04-26T23:28:02Z,evening_rel48_reference_beach,ASCENDING,IW3,S1A,W2_prae,reference_beach,beach_asc_48_iw3,48,31508.320309999999,4.4295065890000001e-05,0.056431185449999997,0.01778607443,640,375,0.94313130329999995,,,22.399999999999999,0,0.40600000000000003,-0.10199999999999999,beach_asc_48_iw3,3,pre-collapse (healthy),1,2018-04-26,4,2018,summer_Mar-Jul,distributed,32,0.0081632653061224497,17,17.544391242288803,0.027733825597749649,0.0062106112820376471,640,3920,70,56,49.875,29.40625,64,19,17,10,0.6875
cte_asc_48_iw3:2018-04-26,6b3f7f30-edbb-53f4-b923-135a1e51658b,Havelbrücke Werder (A 10),bridge,cte_asc_48_iw3,2018-04-26,2018-04-26T23:28:02Z,evening_rel48_control_cte,ASCENDING,IW3,S1A,W2_prae,control_cte,cte_asc_48_iw3,48,37439.164060000003,0.00054765964160000005,0.18137069049999999,0.01541349012,640,384,0.9323615569,,,22.399999999999999,0,0.025000000000000001,0.021999999999999999,cte_asc_48_iw3,2,pre-collapse (healthy),1,2018-04-26,4,2018,summer_Mar-Jul,intermediate,20,0.003806623524933384,13,4.8417455530004885,0.041279887482419127,0.059915593676943983,640,5254,71,74,50.200000000000003,52.049999999999997,53,56,13,4,0.80000000000000004
ctn_asc_48_iw3:2018-04-26,6b3f7f30-edbb-53f4-b923-135a1e51658b,Havelbrücke Werder (A 10),bridge,ctn_asc_48_iw3,2018-04-26,2018-04-26T23:28:02Z,evening_rel48_control_ctn,ASCENDING,IW3,S1A,W2_prae,control_ctn,ctn_asc_48_iw3,48,40732.15625,0.00036117518899999999,0.2332770824,0.01512315124,640,367,0.89586235619999999,,,22.399999999999999,0,-0.016,0.161,ctn_asc_48_iw3,1,pre-collapse (healthy),1,2018-04-26,4,2018,summer_Mar-Jul,compact,5,0.00390625,2,9.9297532698451239,0.065541490857946555,0.013740765588882844,640,1280,32,40,71.400000000000006,21.199999999999999,77,13,2,4,0.19999999999999996
cts_asc_48_iw3:2018-04-26,6b3f7f30-edbb-53f4-b923-135a1e51658b,Havelbrücke Werder (A 10),bridge,cts_asc_48_iw3,2018-04-26,2018-04-26T23:28:02Z,evening_rel48,ASCENDING,IW3,S1A,W2_prae,target,cts_asc_48_iw3,48,37633.734380000002,0.00060786778340000003,0.043699089439999998,0.022947115819999999,640,360,0.93633578039999998,,,22.399999999999999,0,0.27800000000000002,-0.23899999999999999,cts_asc_48_iw3,0,pre-collapse (healthy),1,2018-04-26,4,2018,summer_Mar-Jul,intermediate,20,0.0056306306306306304,11,7.4632432628181169,0.031012658227848093,0.026885566521512336,640,3552,48,74,52.899999999999999,58.299999999999997,60,56,11,6,0.69999999999999996
beach_asc_48_iw3:2018-05-08,6b3f7f30-edbb-53f4-b923-135a1e51658b,Havelbrücke Werder (A 10),bridge,beach_asc_48_iw3,2018-05-08,2018-05-08T23:28:02Z,evening_rel48_reference_beach,ASCENDING,IW3,S1A,W2_prae,reference_beach,beach_asc_48_iw3,48,32547.007809999999,0.00025348603960000002,0.067150548099999999,0.018684722479999999,640,374,0.97422209729999998,,,24.800000000000001,10.199999999999999,-0.14599999999999999,-0.187,beach_asc_48_iw3,3,pre-collapse (healthy),1,2018-05-08,5,2018,summer_Mar-Jul,distributed,32,0.011764705882352941,15,23.902961375109989,0.037579113924050639,0.031064883369405584,640,2720,68,40,44.4375,27.1875,65,15,15,5,0.84375
cte_asc_48_iw3:2018-05-08,6b3f7f30-edbb-53f4-b923-135a1e51658b,Havelbrücke Werder (A 10),bridge,cte_asc_48_iw3,2018-05-08,2018-05-08T23:28:02Z,evening_rel48_control_cte,ASCENDING,IW3,S1A,W2_prae,control_cte,cte_asc_48_iw3,48,38428.734380000002,0.00015223004450000001,0.065145663919999999,0.009030367248,640,363,0.95700519790000005,,,24.800000000000001,10.199999999999999,-0.58399999999999996,-0.071999999999999995,cte_asc_48_iw3,2,pre-collapse (healthy),1,2018-05-08,5,2018,summer_Mar-Jul,distributed,43,0.012105855855855855,18,29.756838591189943,0.033133810878880052,0.0092238222271247561,640,3552,48,74,36.860465116279073,57.279069767441861,11,72,18,6,0.86046511627906974
ctn_asc_48_iw3:2018-05-08,6b3f7f30-edbb-53f4-b923-135a1e51658b,Havelbrücke Werder (A 10),bridge,ctn_asc_48_iw3,2018-05-08,2018-05-08T23:28:02Z,evening_rel48_control_ctn,ASCENDING,IW3,S1A,W2_prae,control_ctn,ctn_asc_48_iw3,48,41629.691409999999,0.00054215558339999997,0.061895910649999997,0.022017035630000001,640,375,0.91560272919999997,,,24.800000000000001,10.199999999999999,-0.64100000000000001,0.062,ctn_asc_48_iw3,1,pre-collapse (healthy),1,2018-05-08,5,2018,summer_Mar-Jul,intermediate,24,0.0050933786078098476,10,48.674264532479356,0.018811533052039382,0.043979240842970543,640,4712,76,62,44.875,47.708333333333336,79,13,10,7,0.70833333333333326
cts_asc_48_iw3:2018-05-08,6b3f7f30-edbb-53f4-b923-135a1e51658b,Havelbrücke Werder (A 10),bridge,cts_asc_48_iw3,2018-05-08,2018-05-08T23:28:02Z,evening_rel48,ASCENDING,IW3,S1A,W2_prae,target,cts_asc_48_iw3,48,39264.511720000002,7.7800759749999994e-05,0.063535973430000003,0.0055616311729999998,640,371,0.97690988769999998,,,24.800000000000001,10.199999999999999,-0.25900000000000001,-0.30199999999999999,cts_asc_48_iw3,0,pre-collapse (healthy),1,2018-05-08,5,2018,summer_Mar-Jul,distributed,41,0.011542792792792793,17,17.953108331170501,0.031319680285410455,0.015106079334253878,640,3552,48,74,42.560975609756099,59.219512195121951,34,75,17,7,0.82926829268292679
beach_asc_48_iw3:2018-05-20,6b3f7f30-edbb-53f4-b923-135a1e51658b,Havelbrücke Werder (A 10),bridge,beach_asc_48_iw3,2018-05-20,2018-05-20T23:28:03Z,evening_rel48_reference_beach,ASCENDING,IW3,S1A,W2_prae,reference_beach,beach_asc_48_iw3,48,35411,0.001262885286,0.1178013384,0.029731893910000001,640,356,1.0599493170000001,,,24.100000000000001,38.200000000000003,0.22,-0.0080000000000000002,beach_asc_48_iw3,3,pre-collapse (healthy),1,2018-05-20,5,2018,summer_Mar-Jul,intermediate,20,0.004662004662004662,11,23.44013651837378,0.039803094233473987,0.35138197978094166,640,4290,78,55,42.799999999999997,29,64,19,11,6,0.69999999999999996
cte_asc_48_iw3:2018-05-20,6b3f7f30-edbb-53f4-b923-135a1e51658b,Havelbrücke Werder (A 10),bridge,cte_asc_48_iw3,2018-05-20,2018-05-20T23:28:03Z,evening_rel48_control_cte,ASCENDING,IW3,S1A,W2_prae,control_cte,cte_asc_48_iw3,48,41803.113279999998,0.00066481030079999998,0.14551275969999999,0.0085630295799999992,640,376,1.0410386229999999,,,24.100000000000001,38.200000000000003,-0.14000000000000001,0.158,cte_asc_48_iw3,2,pre-collapse (healthy),1,2018-05-20,5,2018,summer_Mar-Jul,intermediate,21,0.0038349159970781591,12,17.67077349262517,0.039381153305203941,0.099427153520748379,640,5476,74,74,35.333333333333336,55.38095238095238,53,55,12,5,0.76190476190476186
ctn_asc_48_iw3:2018-05-20,6b3f7f30-edbb-53f4-b923-135a1e51658b,Havelbrücke Werder (A 10),bridge,ctn_asc_48_iw3,2018-05-20,2018-05-20T23:28:03Z,evening_rel48_control_ctn,ASCENDING,IW3,S1A,W2_prae,control_ctn,ctn_asc_48_iw3,48,52594.886720000002,0.0006066429196,0.17663313450000001,0.018840692940000001,640,372,1.1567710499999999,,,24.100000000000001,38.200000000000003,-0.185,0.33300000000000002,ctn_asc_48_iw3,1,pre-collapse (healthy),1,2018-05-20,5,2018,summer_Mar-Jul,compact,3,0.75,1,0.47140452079102874,0.064697609001406475,0.15745281811366663,640,4,2,2,77.333333333333329,12.666666666666666,77,13,1,3,0
cts_asc_48_iw3:2018-05-20,6b3f7f30-edbb-53f4-b923-135a1e51658b,Havelbrücke Werder (A 10),bridge,cts_asc_48_iw3,2018-05-20,2018-05-20T23:28:03Z,evening_rel48,ASCENDING,IW3,S1A,W2_prae,target,cts_asc_48_iw3,48,42005.410159999999,0.00059115752809999996,0.1376986355,0.01085885614,640,375,1.0451040579999999,,,24.100000000000001,38.200000000000003,0.10000000000000001,-0.097000000000000003,cts_asc_48_iw3,0,pre-collapse (healthy),1,2018-05-20,5,2018,summer_Mar-Jul,intermediate,15,0.0042808219178082189,6,18.025660721439433,0.042569151429910919,0.27816123470732768,640,3504,48,73,43.200000000000003,62.533333333333331,60,56,6,5,0.66666666666666674
beach_asc_48_iw3:2018-06-13,6b3f7f30-edbb-53f4-b923-135a1e51658b,Havelbrücke Werder (A 10),bridge,beach_asc_48_iw3,2018-06-13,2018-06-13T23:28:04Z,evening_rel48_reference_beach,ASCENDING,IW3,S1A,W2_prae,reference_beach,beach_asc_48_iw3,48,35892.238279999998,0.00026685700869999999,0.045212563130000001,0.016669863829999999,640,280,1.0743541109999999,,,26.300000000000001,3.6000000000000001,1.2330000000000001,-0.60799999999999998,beach_asc_48_iw3,3,pre-collapse (healthy),1,2018-06-13,6,2018,summer_Mar-Jul,distributed,29,0.021137026239067054,13,24.875552324486701,0.016829138173529271,0.014587501359203767,640,1372,49,28,42.517241379310342,29.793103448275861,18,34,13,5,0.82758620689655171
cte_asc_48_iw3:2018-06-13,6b3f7f30-edbb-53f4-b923-135a1e51658b,Havelbrücke Werder (A 10),bridge,cte_asc_48_iw3,2018-06-13,2018-06-13T23:28:04Z,evening_rel48_control_cte,ASCENDING,IW3,S1A,W2_prae,control_cte,cte_asc_48_iw3,48,41900.589840000001,0.00013433537970000001,0.0451509431,0.014841445720000001,640,282,1.043466118,,,26.300000000000001,3.6000000000000001,0.92600000000000005,-0.33600000000000002,cte_asc_48_iw3,2,pre-collapse (healthy),1,2018-06-13,6,2018,summer_Mar-Jul,intermediate,24,0.0045679482299200609,12,13.650206042400972,0.027308954524144401,0.0044103264006800733,640,5254,71,74,38.25,60.875,51,56,12,3,0.875
ctn_asc_48_iw3:2018-06-13,6b3f7f30-edbb-53f4-b923-135a1e51658b,Havelbrücke Werder (A 10),bridge,ctn_asc_48_iw3,2018-06-13,2018-06-13T23:28:04Z,evening_rel48_control_ctn,ASCENDING,IW3,S1A,W2_prae,control_ctn,ctn_asc_48_iw3,48,46137.710939999997,0.00032093300250000002,0.051727883519999997,0.02345001884,640,286,1.0147520350000001,,,26.300000000000001,3.6000000000000001,0.88600000000000001,-0.16300000000000001,ctn_asc_48_iw3,1,pre-collapse (healthy),1,2018-06-13,6,2018,summer_Mar-Jul,compact,5,0.0011299435028248588,4,39.720020140981802,0.027848101265822784,0.096046461243359429,640,4425,75,59,49.200000000000003,44.200000000000003,75,14,4,2,0.59999999999999998
cts_asc_48_iw3:2018-06-13,6b3f7f30-edbb-53f4-b923-135a1e51658b,Havelbrücke Werder (A 10),bridge,cts_asc_48_iw3,2018-06-13,2018-06-13T23:28:04Z,evening_rel48,ASCENDING,IW3,S1A,W2_prae,target,cts_asc_48_iw3,48,41689.554689999997,3.2651558290000001e-05,0.055025164039999998,0.0056027467360000001,640,305,1.0372455030000001,,,26.300000000000001,3.6000000000000001,1.1120000000000001,0.22500000000000001,cts_asc_48_iw3,0,pre-collapse (healthy),1,2018-06-13,6,2018,summer_Mar-Jul,intermediate,21,0.016203703703703703,10,22.005616681494747,0.025048556694126312,0.0042403610734000697,640,1296,48,27,38.571428571428569,65.333333333333329,58,55,10,4,0.80952380952380953
beach_asc_48_iw3:2018-06-25,6b3f7f30-edbb-53f4-b923-135a1e51658b,Havelbrücke Werder (A 10),bridge,beach_asc_48_iw3,2018-06-25,2018-06-25T23:28:05Z,evening_rel48_reference_beach,ASCENDING,IW3,S1A,W2_prae,reference_beach,beach_asc_48_iw3,48,33918.390619999998,0.0013286439929999999,0.022258795800000002,0.03278006613,640,366,1.0152713840000001,,,27.100000000000001,8.5999999999999996,-0.52400000000000002,0.091999999999999998,beach_asc_48_iw3,3,pre-collapse (healthy),1,2018-06-25,6,2018,summer_Mar-Jul,distributed,51,0.013438735177865613,21,24.527115454968005,0.022999917266484645,0.021923249696190871,640,3795,69,55,46.549019607843135,26.941176470588236,66,12,21,6,0.88235294117647056
cte_asc_48_iw3:2018-06-25,6b3f7f30-edbb-53f4-b923-135a1e51658b,Havelbrücke Werder (A 10),bridge,cte_asc_48_iw3,2018-06-25,2018-06-25T23:28:05Z,evening_rel48_control_cte,ASCENDING,IW3,S1A,W2_prae,control_cte,cte_asc_48_iw3,48,40466.554689999997,0.00029278860890000002,0.04309513047,0.016160977999999999,640,293,1.0077538020000001,,,27.100000000000001,8.5999999999999996,0.040000000000000001,-0.621,cte_asc_48_iw3,2,pre-collapse (healthy),1,2018-06-25,6,2018,summer_Mar-Jul,distributed,38,0.0077948717948717952,16,7.8698731277633289,0.02324376341698127,0.097907213767598478,640,4875,65,75,47.078947368421055,62.184210526315788,53,57,16,6,0.84210526315789469
ctn_asc_48_iw3:2018-06-25,6b3f7f30-edbb-53f4-b923-135a1e51658b,Havelbrücke Werder (A 10),bridge,ctn_asc_48_iw3,2018-06-25,2018-06-25T23:28:05Z,evening_rel48_control_ctn,ASCENDING,IW3,S1A,W2_prae,control_ctn,ctn_asc_48_iw3,48,45426.789060000003,0.00045322233930000002,0.025687018410000002,0.022296411919999998,640,341,0.99911603090000001,,,27.100000000000001,8.5999999999999996,0.053999999999999999,-0.379,ctn_asc_48_iw3,1,pre-collapse (healthy),1,2018-06-25,6,2018,summer_Mar-Jul,intermediate,11,0.004906333630686887,7,32.937707297009474,0.023654264160593273,0.094819808492372773,640,2242,38,59,59.363636363636367,41.81818181818182,77,14,7,4,0.63636363636363635
cts_asc_48_iw3:2018-06-25,6b3f7f30-edbb-53f4-b923-135a1e51658b,Havelbrücke Werder (A 10),bridge,cts_asc_48_iw3,2018-06-25,2018-06-25T23:28:05Z,evening_rel48,ASCENDING,IW3,S1A,W2_prae,target,cts_asc_48_iw3,48,40843.574220000002,0.00022488478860000001,0.050409998740000003,0.0099733611569999998,640,356,1.0161973179999999,,,27.100000000000001,8.5999999999999996,0.29999999999999999,0.042999999999999997,cts_asc_48_iw3,0,pre-collapse (healthy),1,2018-06-25,6,2018,summer_Mar-Jul,distributed,63,0.012559808612440191,26,18.628794861299507,0.026499676288705823,0.038223155599414679,640,5016,66,76,46.238095238095241,58.444444444444443,60,71,26,8,0.87301587301587302
beach_asc_48_iw3:2018-07-07,6b3f7f30-edbb-53f4-b923-135a1e51658b,Havelbrücke Werder (A 10),bridge,beach_asc_48_iw3,2018-07-07,2018-07-07T23:28:06Z,evening_rel48_reference_beach,ASCENDING,IW3,S1A,W2_prae,reference_beach,beach_asc_48_iw3,48,33415.402340000001,0.0001841579651,0.037437938150000002,0.0079342331740000008,640,311,1.0002155509999999,,,26.699999999999999,9.9000000000000004,1.3520000000000001,0.014,beach_asc_48_iw3,3,pre-collapse (healthy),1,2018-07-07,7,2018,summer_Mar-Jul,distributed,37,0.021700879765395895,18,30.561162614272572,0.018550195765385639,0.054277231317536472,640,1705,55,31,48.864864864864863,28.513513513513512,19,35,18,6,0.83783783783783783
cte_asc_48_iw3:2018-07-07,6b3f7f30-edbb-53f4-b923-135a1e51658b,Havelbrücke Werder (A 10),bridge,cte_asc_48_iw3,2018-07-07,2018-07-07T23:28:06Z,evening_rel48_control_cte,ASCENDING,IW3,S1A,W2_prae,control_cte,cte_asc_48_iw3,48,40571.015619999998,0.00013506805409999999,0.01341069955,0.017838433380000001,640,316,1.010355232,,,26.699999999999999,9.9000000000000004,0.97599999999999998,0.23000000000000001,cte_asc_48_iw3,2,pre-collapse (healthy),1,2018-07-07,7,2018,summer_Mar-Jul,intermediate,24,0.0061538461538461538,13,17.964712710694204,0.027367557430848576,0.10759695628555636,640,3900,52,75,35.041666666666664,63.25,51,55,13,5,0.79166666666666663
ctn_asc_48_iw3:2018-07-07,6b3f7f30-edbb-53f4-b923-135a1e51658b,Havelbrücke Werder (A 10),bridge,ctn_asc_48_iw3,2018-07-07,2018-07-07T23:28:06Z,evening_rel48_control_ctn,ASCENDING,IW3,S1A,W2_prae,control_ctn,ctn_asc_48_iw3,48,45256.480470000002,9.8775890360000004e-05,0.074525691569999997,0.01358269807,640,256,0.99537026660000005,,,26.699999999999999,9.9000000000000004,0.93400000000000005,-0.54000000000000004,ctn_asc_48_iw3,1,pre-collapse (healthy),1,2018-07-07,7,2018,summer_Mar-Jul,compact,4,1,1,0.70710678118654757,0.034810126582278486,0.0080695802814468205,640,4,2,2,75.5,14.5,75,15,1,4,0
cts_asc_48_iw3:2018-07-07,6b3f7f30-edbb-53f4-b923-135a1e51658b,Havelbrücke Werder (A 10),bridge,cts_asc_48_iw3,2018-07-07,2018-07-07T23:28:06Z,evening_rel48,ASCENDING,IW3,S1A,W2_prae,target,cts_asc_48_iw3,48,40174.699220000002,0.000114748138,0.044555973259999999,0.017588809130000001,640,306,0.99955555750000002,,,26.699999999999999,9.9000000000000004,1.236,-0.042999999999999997,cts_asc_48_iw3,0,pre-collapse (healthy),1,2018-07-07,7,2018,summer_Mar-Jul,distributed,31,0.0075151515151515155,17,28.119893454784439,0.023547025997005581,0.12147153710465562,640,4125,55,75,41.483870967741936,62.548387096774192,15,72,17,5,0.83870967741935487
beach_asc_48_iw3:2018-07-19,6b3f7f30-edbb-53f4-b923-135a1e51658b,Havelbrücke Werder (A 10),bridge,beach_asc_48_iw3,2018-07-19,2018-07-19T23:28:07Z,evening_rel48_reference_beach,ASCENDING,IW3,S1A,W2_prae,reference_beach,beach_asc_48_iw3,48,32885.375,0.00024536059939999998,0.03597862273,0.016202975059999999,640,358,0.98435036450000002,,,27.899999999999999,1.8999999999999999,-0.57899999999999996,0.247,beach_asc_48_iw3,3,pre-collapse (healthy),1,2018-07-19,7,2018,summer_Mar-Jul,distributed,49,0.015437933207309389,19,21.584949327815931,0.026780332386119005,0.0083823579551586987,640,3174,69,46,47.673469387755105,28.387755102040817,67,38,19,8,0.83673469387755106
cte_asc_48_iw3:2018-07-19,6b3f7f30-edbb-53f4-b923-135a1e51658b,Havelbrücke Werder (A 10),bridge,cte_asc_48_iw3,2018-07-19,2018-07-19T23:28:07Z,evening_rel48_control_cte,ASCENDING,IW3,S1A,W2_prae,control_cte,cte_asc_48_iw3,48,39794.15625,0.00030406078440000002,0.041666500269999997,0.017230011520000001,640,296,0.99100881139999997,,,27.899999999999999,1.8999999999999999,-0.92200000000000004,-0.33300000000000002,cte_asc_48_iw3,2,pre-collapse (healthy),1,2018-07-19,7,2018,summer_Mar-Jul,distributed,59,0.012102564102564103,21,33.718766070121589,0.024148370640539703,0.039722591014947066,640,4875,65,75,44.033898305084747,62.474576271186443,12,73,21,13,0.77966101694915257
ctn_asc_48_iw3:2018-07-19,6b3f7f30-edbb-53f4-b923-135a1e51658b,Havelbrücke Werder (A 10),bridge,ctn_asc_48_iw3,2018-07-19,2018-07-19T23:28:07Z,evening_rel48_control_ctn,ASCENDING,IW3,S1A,W2_prae,control_ctn,ctn_asc_48_iw3,48,42723.320310000003,0.00060421018859999997,0.02142703906,0.014951556919999999,640,308,0.93965598490000002,,,27.899999999999999,1.8999999999999999,-0.96699999999999997,-0.16500000000000001,ctn_asc_48_iw3,1,pre-collapse (healthy),1,2018-07-19,7,2018,summer_Mar-Jul,compact,2,1,1,0.5,0.054852320675105481,0.94858772141137659,640,2,1,2,79,13.5,79,14,1,2,0
cts_asc_48_iw3:2018-07-19,6b3f7f30-edbb-53f4-b923-135a1e51658b,Havelbrücke Werder (A 10),bridge,cts_asc_48_iw3,2018-07-19,2018-07-19T23:28:07Z,evening_rel48,ASCENDING,IW3,S1A,W2_prae,target,cts_asc_48_iw3,48,40673.246090000001,0.00031687048610000001,0.01555406675,0.0087591698390000004,640,327,1.0119595159999999,,,27.899999999999999,1.8999999999999999,-0.72499999999999998,0.22700000000000001,cts_asc_48_iw3,0,pre-collapse (healthy),1,2018-07-19,7,2018,summer_Mar-Jul,distributed,65,0.011407511407511407,25,17.732542878083702,0.023736881964730065,0.0090558315690325748,640,5698,77,74,45.553846153846152,61.630769230769232,62,55,25,9,0.86153846153846159
beach_asc_48_iw3:2018-07-31,6b3f7f30-edbb-53f4-b923-135a1e51658b,Havelbrücke Werder (A 10),bridge,beach_asc_48_iw3,2018-07-31,2018-07-31T23:28:07Z,evening_rel48_reference_beach,ASCENDING,IW3,S1A,W2_prae,reference_beach,beach_asc_48_iw3,48,34113.140619999998,0.00022414237900000001,0.02320219204,0.018855374309999999,640,327,1.02110079,,,27.399999999999999,1.2,0.092999999999999999,-0.40000000000000002,beach_asc_48_iw3,3,pre-collapse (healthy),1,2018-07-31,7,2018,summer_Mar-Jul,intermediate,17,0.006282335550628234,9,27.366347125937377,0.031852403408620833,0.14884064506340841,640,2706,66,41,45.823529411764703,24.941176470588236,20,34,9,4,0.76470588235294112
cte_asc_48_iw3:2018-07-31,6b3f7f30-edbb-53f4-b923-135a1e51658b,Havelbrücke Werder (A 10),bridge,cte_asc_48_iw3,2018-07-31,2018-07-31T23:28:07Z,evening_rel48_control_cte,ASCENDING,IW3,S1A,W2_prae,control_cte,cte_asc_48_iw3,48,41072.496090000001,7.4065559599999995e-05,0.022503836079999999,0.0071649001909999998,640,316,1.0228437880000001,,,27.399999999999999,1.2,0.76100000000000001,-0.217,cte_asc_48_iw3,2,pre-collapse (healthy),1,2018-07-31,7,2018,summer_Mar-Jul,distributed,25,0.011814744801512287,13,21.591479801069681,0.023122362869198314,0.041299340506782578,640,2116,46,46,27.32,61.359999999999999,8,71,13,4,0.83999999999999997
ctn_asc_48_iw3:2018-07-31,6b3f7f30-edbb-53f4-b923-135a1e51658b,Havelbrücke Werder (A 10),bridge,ctn_asc_48_iw3,2018-07-31,2018-07-31T23:28:07Z,evening_rel48_control_ctn,ASCENDING,IW3,S1A,W2_prae,control_ctn,ctn_asc_48_iw3,48,47606.46875,0.00014413888859999999,0.01667293161,0.0015671056460000001,640,333,1.047055869,,,27.399999999999999,1.2,0.71399999999999997,-0.070999999999999994,ctn_asc_48_iw3,1,pre-collapse (healthy),1,2018-07-31,7,2018,summer_Mar-Jul,compact,4,0.66666666666666663,1,0.25,0.045358649789029537,0.015996660341178692,640,6,3,2,75,13.75,75,14,1,4,0
cts_asc_48_iw3:2018-07-31,6b3f7f30-edbb-53f4-b923-135a1e51658b,Havelbrücke Werder (A 10),bridge,cts_asc_48_iw3,2018-07-31,2018-07-31T23:28:07Z,evening_rel48,ASCENDING,IW3,S1A,W2_prae,target,cts_asc_48_iw3,48,40506.414060000003,9.7290903799999995e-05,0.052893046290000002,0.0079698273910000002,640,332,1.0078086980000001,,,27.399999999999999,1.2,-0.031,0.34999999999999998,cts_asc_48_iw3,0,pre-collapse (healthy),1,2018-07-31,7,2018,summer_Mar-Jul,intermediate,21,0.0097132284921369102,10,30.456094564883472,0.029200991226307683,0.026352284179992514,640,2162,47,46,44.666666666666664,58.714285714285715,16,69,10,4,0.80952380952380953
beach_asc_48_iw3:2018-08-24,6b3f7f30-edbb-53f4-b923-135a1e51658b,Havelbrücke Werder (A 10),bridge,beach_asc_48_iw3,2018-08-24,2018-08-24T23:28:09Z,evening_rel48_reference_beach,ASCENDING,IW3,S1A,W2_prae,reference_beach,beach_asc_48_iw3,48,33243.808590000001,0.00074614054760000002,0.55358892680000005,0.02527581714,640,352,0.99507927480000002,,,26.899999999999999,4.4000000000000004,-0.23200000000000001,-0.34399999999999997,beach_asc_48_iw3,3,pre-collapse (healthy),1,2018-08-24,8,2018,shoulder_Aug-Sep,intermediate,23,0.0083727702948671271,14,20.299878476546869,0.029107808964715959,0.023991882001829872,640,2747,67,41,40.652173913043477,28.913043478260871,21,34,14,4,0.82608695652173914
cte_asc_48_iw3:2018-08-24,6b3f7f30-edbb-53f4-b923-135a1e51658b,Havelbrücke Werder (A 10),bridge,cte_asc_48_iw3,2018-08-24,2018-08-24T23:28:09Z,evening_rel48_control_cte,ASCENDING,IW3,S1A,W2_prae,control_cte,cte_asc_48_iw3,48,39662.183590000001,0.00023085252910000001,0.068081475789999998,0.011053018269999999,640,352,0.98772224679999998,,,26.899999999999999,4.4000000000000004,-0.71499999999999997,-0.24199999999999999,cte_asc_48_iw3,2,pre-collapse (healthy),1,2018-08-24,8,2018,shoulder_Aug-Sep,distributed,25,0.010855405992184108,13,21.581399398556155,0.033867791842475389,0.0013453335230688523,640,2303,49,47,30.48,64.920000000000002,49,76,13,4,0.83999999999999997
ctn_asc_48_iw3:2018-08-24,6b3f7f30-edbb-53f4-b923-135a1e51658b,Havelbrücke Werder (A 10),bridge,ctn_asc_48_iw3,2018-08-24,2018-08-24T23:28:09Z,evening_rel48_control_ctn,ASCENDING,IW3,S1A,W2_prae,control_ctn,ctn_asc_48_iw3,48,45050.921880000002,0.00060647958889999999,0.1032944098,0.01205620728,640,352,0.99084921429999995,,,26.899999999999999,4.4000000000000004,-0.76600000000000001,-0.091999999999999998,ctn_asc_48_iw3,1,pre-collapse (healthy),1,2018-08-24,8,2018,shoulder_Aug-Sep,compact,2,1,1,0.5,0.054852320675105481,0.99836184951900508,640,2,1,2,79,13.5,79,14,1,2,0
cts_asc_48_iw3:2018-08-24,6b3f7f30-edbb-53f4-b923-135a1e51658b,Havelbrücke Werder (A 10),bridge,cts_asc_48_iw3,2018-08-24,2018-08-24T23:28:09Z,evening_rel48,ASCENDING,IW3,S1A,W2_prae,target,cts_asc_48_iw3,48,40610.851560000003,0.00030707649419999997,0.034167684609999999,0.01153779123,640,347,1.010407126,,,26.899999999999999,4.4000000000000004,-0.46400000000000002,-0.56499999999999995,cts_asc_48_iw3,0,pre-collapse (healthy),1,2018-08-24,8,2018,shoulder_Aug-Sep,intermediate,14,0.0040045766590389017,8,24.273211067145692,0.023206751054852322,0.12221620903646484,640,3496,46,76,39.571428571428569,62.071428571428569,17,71,8,4,0.7142857142857143
beach_asc_48_iw3:2018-09-05,6b3f7f30-edbb-53f4-b923-135a1e51658b,Havelbrücke Werder (A 10),bridge,beach_asc_48_iw3,2018-09-05,2018-09-05T23:28:09Z,evening_rel48_reference_beach,ASCENDING,IW3,S1A,W2_prae,reference_beach,beach_asc_48_iw3,48,32829.066409999999,0.00066225923360000002,0.33892759680000001,0.038951996709999999,640,334,0.98266489229999998,,,27,3.7999999999999998,-0.44700000000000001,-0.32200000000000001,beach_asc_48_iw3,3,pre-collapse (healthy),1,2018-09-05,9,2018,shoulder_Aug-Sep,distributed,36,0.0094537815126050414,16,22.551809349546026,0.024300671979996871,0.0052083910223816822,640,3808,68,56,45.5,28.527777777777779,23,27,16,6,0.83333333333333337
cte_asc_48_iw3:2018-09-05,6b3f7f30-edbb-53f4-b923-135a1e51658b,Havelbrücke Werder (A 10),bridge,cte_asc_48_iw3,2018-09-05,2018-09-05T23:28:09Z,evening_rel48_control_cte,ASCENDING,IW3,S1A,W2_prae,control_cte,cte_asc_48_iw3,48,36254.152340000001,0.00019043033539999999,0.16456952690000001,0.027643512929999999,640,295,0.90285076529999997,,,27,3.7999999999999998,-0.89000000000000001,-0.185,cte_asc_48_iw3,2,pre-collapse (healthy),1,2018-09-05,9,2018,shoulder_Aug-Sep,distributed,44,0.018755328218243821,17,29.521406296991785,0.027170438562843624,0.0052713857911380778,640,2346,51,46,39.522727272727273,63.386363636363633,11,71,17,7,0.84090909090909094
ctn_asc_48_iw3:2018-09-05,6b3f7f30-edbb-53f4-b923-135a1e51658b,Havelbrücke Werder (A 10),bridge,ctn_asc_48_iw3,2018-09-05,2018-09-05T23:28:09Z,evening_rel48_control_ctn,ASCENDING,IW3,S1A,W2_prae,control_ctn,ctn_asc_48_iw3,48,43663.15625,2.595826845e-05,0.17837192120000001,0.015266647560000001,640,309,0.96032672060000002,,,27,3.7999999999999998,-0.93500000000000005,-0.041000000000000002,ctn_asc_48_iw3,1,pre-collapse (healthy),1,2018-09-05,9,2018,shoulder_Aug-Sep,compact,2,1,1,0.5,0.054852320675105481,0.99953565760687713,640,2,1,2,79,13.5,79,14,1,2,0
cts_asc_48_iw3:2018-09-05,6b3f7f30-edbb-53f4-b923-135a1e51658b,Havelbrücke Werder (A 10),bridge,cts_asc_48_iw3,2018-09-05,2018-09-05T23:28:09Z,evening_rel48,ASCENDING,IW3,S1A,W2_prae,target,cts_asc_48_iw3,48,37468.390619999998,9.2534603030000004e-05,0.13776142899999999,0.02066527307,640,326,0.9322219907,,,27,3.7999999999999998,-0.68799999999999994,-0.57099999999999995,cts_asc_48_iw3,0,pre-collapse (healthy),1,2018-09-05,9,2018,shoulder_Aug-Sep,distributed,40,0.016025641025641024,17,29.034397703413788,0.018670886075949366,0.00030960601572778911,640,2496,52,48,45.375,61.325000000000003,18,71,17,5,0.875
beach_asc_48_iw3:2018-09-17,6b3f7f30-edbb-53f4-b923-135a1e51658b,Havelbrücke Werder (A 10),bridge,beach_asc_48_iw3,2018-09-17,2018-09-17T23:28:10Z,evening_rel48_reference_beach,ASCENDING,IW3,S1A,W2_prae,reference_beach,beach_asc_48_iw3,48,31589.869139999999,0.00057034986089999999,0.1322419792,0.0225251466,640,349,0.94557228559999995,,,27.899999999999999,0.5,-0.441,0.153,beach_asc_48_iw3,3,pre-collapse (healthy),1,2018-09-17,9,2018,shoulder_Aug-Sep,distributed,41,0.015630956919557758,18,14.893834089068365,0.030702205756234779,0.010939010914996343,640,2623,61,43,46.853658536585364,31,60,38,18,6,0.85365853658536583
cte_asc_48_iw3:2018-09-17,6b3f7f30-edbb-53f4-b923-135a1e51658b,Havelbrücke Werder (A 10),bridge,cte_asc_48_iw3,2018-09-17,2018-09-17T23:28:10Z,evening_rel48_control_cte,ASCENDING,IW3,S1A,W2_prae,control_cte,cte_asc_48_iw3,48,35811.371090000001,0.0002027753362,0.34522026779999998,0.016752315689999998,640,270,0.89182401759999996,,,27.899999999999999,0.5,-0.81699999999999995,-0.47099999999999997,cte_asc_48_iw3,2,pre-collapse (healthy),1,2018-09-17,9,2018,shoulder_Aug-Sep,distributed,49,0.03099304237824162,17,21.891681775172955,0.023622951290220722,0.011357916206139594,640,1581,51,31,39.448979591836732,68.408163265306129,55,53,17,8,0.83673469387755106
ctn_asc_48_iw3:2018-09-17,6b3f7f30-edbb-53f4-b923-135a1e51658b,Havelbrücke Werder (A 10),bridge,ctn_asc_48_iw3,2018-09-17,2018-09-17T23:28:10Z,evening_rel48_control_ctn,ASCENDING,IW3,S1A,W2_prae,control_ctn,ctn_asc_48_iw3,48,42481.03125,0.00011250319950000001,0.1788172573,0.0082697477189999993,640,300,0.93432708330000003,,,27.899999999999999,0.5,-0.86499999999999999,-0.25800000000000001,ctn_asc_48_iw3,1,pre-collapse (healthy),1,2018-09-17,9,2018,shoulder_Aug-Sep,compact,5,0.625,1,0.72111025509280069,0.044163150492264415,0.12357436895197037,640,8,2,4,78.599999999999994,13.4,79,14,1,5,0
cts_asc_48_iw3:2018-09-17,6b3f7f30-edbb-53f4-b923-135a1e51658b,Havelbrücke Werder (A 10),bridge,cts_asc_48_iw3,2018-09-17,2018-09-17T23:28:10Z,evening_rel48,ASCENDING,IW3,S1A,W2_prae,target,cts_asc_48_iw3,48,37340.984380000002,0.0002944268927,0.1089438796,0.018072629350000001,640,319,0.92905209450000004,,,27.899999999999999,0.5,-0.60199999999999998,0.129,cts_asc_48_iw3,0,pre-collapse (healthy),1,2018-09-17,9,2018,shoulder_Aug-Sep,distributed,41,0.023617511520737326,13,15.192322491994874,0.032280196219683713,0.035466582079487281,640,1736,62,28,42.951219512195124,67.219512195121951,56,75,13,6,0.85365853658536583
beach_asc_48_iw3:2018-09-29,6b3f7f30-edbb-53f4-b923-135a1e51658b,Havelbrücke Werder (A 10),bridge,beach_asc_48_iw3,2018-09-29,2018-09-29T23:28:10Z,evening_rel48_reference_beach,ASCENDING,IW3,S1A,W2_prae,reference_beach,beach_asc_48_iw3,48,31436.300780000001,0.0001530133013,0.33888775110000002,0.02631711774,640,353,0.94097555929999999,,,27.100000000000001,0.69999999999999996,-0.59199999999999997,-0.16900000000000001,beach_asc_48_iw3,3,pre-collapse (healthy),1,2018-09-29,9,2018,shoulder_Aug-Sep,intermediate,22,0.0084194412552621514,9,15.09453680383449,0.032093082725994114,0.036421354913808206,640,2613,67,39,35.909090909090907,27.136363636363637,22,33,9,8,0.63636363636363635
cte_asc_48_iw3:2018-09-29,6b3f7f30-edbb-53f4-b923-135a1e51658b,Havelbrücke Werder (A 10),bridge,cte_asc_48_iw3,2018-09-29,2018-09-29T23:28:10Z,evening_rel48_control_cte,ASCENDING,IW3,S1A,W2_prae,control_cte,cte_asc_48_iw3,48,36443.710939999997,0.0001594748755,0.031395837660000002,0.0077879508029999999,640,369,0.90757141409999997,,,27.100000000000001,0.69999999999999996,-0.016,-0.014999999999999999,cte_asc_48_iw3,2,pre-collapse (healthy),1,2018-09-29,9,2018,shoulder_Aug-Sep,intermediate,15,0.01358695652173913,8,20.632013958894074,0.044725738396624477,0.16485277958840663,640,1104,46,24,28.800000000000001,64.200000000000003,9,70,8,4,0.73333333333333339
ctn_asc_48_iw3:2018-09-29,6b3f7f30-edbb-53f4-b923-135a1e51658b,Havelbrücke Werder (A 10),bridge,ctn_asc_48_iw3,2018-09-29,2018-09-29T23:28:10Z,evening_rel48_control_ctn,ASCENDING,IW3,S1A,W2_prae,control_ctn,ctn_asc_48_iw3,48,44239.628909999999,0.0002182223543,0.0083959866320000003,0.002539232373,640,375,0.97300565049999999,,,27.100000000000001,0.69999999999999996,-0.059999999999999998,0.122,ctn_asc_48_iw3,1,pre-collapse (healthy),1,2018-09-29,9,2018,shoulder_Aug-Sep,compact,7,0.0016746411483253589,2,12.887266298678759,0.055254169178219806,0.032926345295189681,640,4180,76,55,66.571428571428569,20.571428571428573,77,13,2,6,0.1428571428571429
cts_asc_48_iw3:2018-09-29,6b3f7f30-edbb-53f4-b923-135a1e51658b,Havelbrücke Werder (A 10),bridge,cts_asc_48_iw3,2018-09-29,2018-09-29T23:28:10Z,evening_rel48,ASCENDING,IW3,S1A,W2_prae,target,cts_asc_48_iw3,48,37641.464840000001,0.00030252084250000002,0.22870402040000001,0.0056983618999999998,640,325,0.93652811619999998,,,27.100000000000001,0.69999999999999996,-0.746,-0.29999999999999999,cts_asc_48_iw3,0,pre-collapse (healthy),1,2018-09-29,9,2018,shoulder_Aug-Sep,distributed,25,0.020408163265306121,10,21.42435996710287,0.02880450070323488,0.059603487557383705,640,1225,49,25,39.039999999999999,65.959999999999994,18,70,10,7,0.71999999999999997
beach_asc_48_iw3:2018-10-11,6b3f7f30-edbb-53f4-b923-135a1e51658b,Havelbrücke Werder (A 10),bridge,beach_asc_48_iw3,2018-10-11,2018-10-11T23:28:10Z,evening_rel48_reference_beach,ASCENDING,IW3,S1A,W2_prae,reference_beach,beach_asc_48_iw3,48,36374.628909999999,1.271048041e-05,0.46427518130000001,0.01125697885,640,337,1.0887933990000001,,,26.800000000000001,18.199999999999999,-0.94199999999999995,-0.108,beach_asc_48_iw3,3,pre-collapse (healthy),1,2018-10-11,10,2018,winter_Oct-Feb,distributed,40,0.0099206349206349201,18,20.460021994123071,0.019338959212376931,0.050844112469048734,640,4032,72,56,47.700000000000003,28.149999999999999,66,19,18,7,0.82499999999999996
cte_asc_48_iw3:2018-10-11,6b3f7f30-edbb-53f4-b923-135a1e51658b,Havelbrücke Werder (A 10),bridge,cte_asc_48_iw3,2018-10-11,2018-10-11T23:28:10Z,evening_rel48_control_cte,ASCENDING,IW3,S1A,W2_prae,control_cte,cte_asc_48_iw3,48,45277.535159999999,4.2353909519999997e-05,0.46050626039999998,0.0099513083700000001,640,406,1.127563455,,,26.800000000000001,18.199999999999999,-0.32200000000000001,0.064000000000000001,cte_asc_48_iw3,2,pre-collapse (healthy),1,2018-10-11,10,2018,winter_Oct-Feb,distributed,38,0.014437689969604863,14,26.203774759266061,0.032978014656895406,0.010968166447225812,640,2632,47,56,33.05263157894737,55.236842105263158,26,30,14,5,0.86842105263157898
ctn_asc_48_iw3:2018-10-11,6b3f7f30-edbb-53f4-b923-135a1e51658b,Havelbrücke Werder (A 10),bridge,ctn_asc_48_iw3,2018-10-11,2018-10-11T23:28:10Z,evening_rel48_control_ctn,ASCENDING,IW3,S1A,W2_prae,control_ctn,ctn_asc_48_iw3,48,52464.148439999997,7.2422713859999994e-05,0.47060281040000002,0.0019721379500000002,640,396,1.153895594,,,26.800000000000001,18.199999999999999,-0.375,0.215,ctn_asc_48_iw3,1,pre-collapse (healthy),1,2018-10-11,10,2018,winter_Oct-Feb,compact,4,0.66666666666666663,1,0.25,0.071729957805907185,0.28751241762317203,640,6,2,3,77.25,13,77,13,1,4,0
cts_asc_48_iw3:2018-10-11,6b3f7f30-edbb-53f4-b923-135a1e51658b,Havelbrücke Werder (A 10),bridge,cts_asc_48_iw3,2018-10-11,2018-10-11T23:28:10Z,evening_rel48,ASCENDING,IW3,S1A,W2_prae,target,cts_asc_48_iw3,48,45181.320310000003,4.9087429939999997e-05,0.057080276309999997,0.0050289933569999997,640,391,1.124121417,,,26.800000000000001,18.199999999999999,-0.058000000000000003,-0.19400000000000001,cts_asc_48_iw3,0,pre-collapse (healthy),1,2018-10-11,10,2018,winter_Oct-Feb,distributed,35,0.012039903680770554,15,26.951823988860767,0.028370504319871408,0.017183323623300824,640,2907,51,57,41.428571428571431,55.600000000000001,33,30,15,4,0.88571428571428568
beach_asc_48_iw3:2018-10-23,6b3f7f30-edbb-53f4-b923-135a1e51658b,Havelbrücke Werder (A 10),bridge,beach_asc_48_iw3,2018-10-23,2018-10-23T23:28:10Z,evening_rel48_reference_beach,ASCENDING,IW3,S1A,W2_prae,reference_beach,beach_asc_48_iw3,48,32103.050780000001,0.00031206960559999999,0.036252275110000003,0.020501734689999999,640,337,0.96093323360000005,,,25.699999999999999,0.20000000000000001,-0.125,-0.47199999999999998,beach_asc_48_iw3,3,pre-collapse (healthy),1,2018-10-23,10,2018,winter_Oct-Feb,distributed,43,0.014705882352941176,16,12.673074389993982,0.028783567199816829,0.072833093865308132,640,2924,68,43,46.581395348837212,29.674418604651162,38,39,16,7,0.83720930232558133
cte_asc_48_iw3:2018-10-23,6b3f7f30-edbb-53f4-b923-135a1e51658b,Havelbrücke Werder (A 10),bridge,cte_asc_48_iw3,2018-10-23,2018-10-23T23:28:10Z,evening_rel48_control_cte,ASCENDING,IW3,S1A,W2_prae,control_cte,cte_asc_48_iw3,48,37646.691409999999,8.1200952990000006e-05,0.17141698299999999,0.011959889899999999,640,342,0.93752968830000005,,,25.699999999999999,0.20000000000000001,-0.53200000000000003,-0.28100000000000003,cte_asc_48_iw3,2,pre-collapse (healthy),1,2018-10-23,10,2018,winter_Oct-Feb,distributed,35,0.013297872340425532,14,27.592160968992179,0.034157122764717697,0.015423658965720099,640,2632,47,56,37,65.314285714285717,10,71,14,6,0.82857142857142851
ctn_asc_48_iw3:2018-10-23,6b3f7f30-edbb-53f4-b923-135a1e51658b,Havelbrücke Werder (A 10),bridge,ctn_asc_48_iw3,2018-10-23,2018-10-23T23:28:10Z,evening_rel48_control_ctn,ASCENDING,IW3,S1A,W2_prae,control_ctn,ctn_asc_48_iw3,48,41218.226560000003,4.7187648309999998e-05,0.2151354402,0.0084789162499999994,640,366,0.90655297840000004,,,25.699999999999999,0.20000000000000001,-0.58799999999999997,-0.126,ctn_asc_48_iw3,1,pre-collapse (healthy),1,2018-10-23,10,2018,winter_Oct-Feb,intermediate,16,0.0035087719298245615,8,54.449015716539819,0.025931786216596347,0.038235270230965818,640,4560,76,60,40.1875,52.1875,79,14,8,3,0.8125
cts_asc_48_iw3:2018-10-23,6b3f7f30-edbb-53f4-b923-135a1e51658b,Havelbrücke Werder (A 10),bridge,cts_asc_48_iw3,2018-10-23,2018-10-23T23:28:10Z,evening_rel48,ASCENDING,IW3,S1A,W2_prae,target,cts_asc_48_iw3,48,37835.453119999998,3.0484630770000002e-05,0.092126742009999998,0.018522320320000001,640,340,0.94135458829999996,,,25.699999999999999,0.20000000000000001,-0.27000000000000002,0.33300000000000002,cts_asc_48_iw3,0,pre-collapse (healthy),1,2018-10-23,10,2018,winter_Oct-Feb,distributed,35,0.0095942982456140354,16,30.508132070793511,0.031143258991360261,0.059578198134865312,640,3648,48,76,46.714285714285715,62.085714285714289,17,69,16,7,0.80000000000000004
beach_asc_48_iw3:2018-11-04,6b3f7f30-edbb-53f4-b923-135a1e51658b,Havelbrücke Werder (A 10),bridge,beach_asc_48_iw3,2018-11-04,2018-11-04T23:28:10Z,evening_rel48_reference_beach,ASCENDING,IW3,S1A,W2_prae,reference_beach,beach_asc_48_iw3,48,36950.886720000002,1.9901510310000001e-05,0.59100878239999999,0.01000070013,640,385,1.1060423909999999,,,25.5,2.8999999999999999,-0.122,-0.16400000000000001,beach_asc_48_iw3,3,pre-collapse (healthy),1,2018-11-04,11,2018,winter_Oct-Feb,intermediate,14,0.011666666666666667,6,17.35067486777811,0.048824593128390596,0.00088940305749333093,640,1200,48,25,38.285714285714285,31.5,21,33,6,8,0.4285714285714286
cte_asc_48_iw3:2018-11-04,6b3f7f30-edbb-53f4-b923-135a1e51658b,Havelbrücke Werder (A 10),bridge,cte_asc_48_iw3,2018-11-04,2018-11-04T23:28:10Z,evening_rel48_control_cte,ASCENDING,IW3,S1A,W2_prae,control_cte,cte_asc_48_iw3,48,42982.015619999998,1.946607699e-05,0.556124866,0.0042733605950000001,640,384,1.07039727,,,25.5,2.8999999999999999,-0.55900000000000005,-0.034000000000000002,cte_asc_48_iw3,2,pre-collapse (healthy),1,2018-11-04,11,2018,winter_Oct-Feb,compact,10,0.009881422924901186,4,18.866372200293306,0.048663853727144865,0.0078480749658298571,640,1012,46,22,28.5,66.299999999999997,10,70,4,6,0.40000000000000002
ctn_asc_48_iw3:2018-11-04,6b3f7f30-edbb-53f4-b923-135a1e51658b,Havelbrücke Werder (A 10),bridge,ctn_asc_48_iw3,2018-11-04,2018-11-04T23:28:10Z,evening_rel48_control_ctn,ASCENDING,IW3,S1A,W2_prae,control_ctn,ctn_asc_48_iw3,48,46579.949220000002,3.1395786210000003e-05,0.46584925059999999,0.013749174770000001,640,380,1.0244786159999999,,,25.5,2.8999999999999999,-0.61499999999999999,0.10000000000000001,ctn_asc_48_iw3,1,pre-collapse (healthy),1,2018-11-04,11,2018,winter_Oct-Feb,intermediate,15,0.0034176349965823649,9,40.328539660036178,0.020253164556962026,0.0074657865661239831,640,4389,77,57,39.133333333333333,46.200000000000003,4,66,9,3,0.80000000000000004
cts_asc_48_iw3:2018-11-04,6b3f7f30-edbb-53f4-b923-135a1e51658b,Havelbrücke Werder (A 10),bridge,cts_asc_48_iw3,2018-11-04,2018-11-04T23:28:10Z,evening_rel48,ASCENDING,IW3,S1A,W2_prae,target,cts_asc_48_iw3,48,43376.53125,3.1932453569999998e-05,0.24021662769999999,0.002407112392,640,387,1.0792178589999999,,,25.5,2.8999999999999999,-0.23699999999999999,-0.254,cts_asc_48_iw3,0,pre-collapse (healthy),1,2018-11-04,11,2018,winter_Oct-Feb,intermediate,12,0.011857707509881422,4,15.153153320532185,0.045944678856071258,0.014421081309415208,640,1012,46,22,31.916666666666668,67.333333333333329,17,70,4,8,0.33333333333333337
beach_asc_48_iw3:2018-11-16,6b3f7f30-edbb-53f4-b923-135a1e51658b,Havelbrücke Werder (A 10),bridge,beach_asc_48_iw3,2018-11-16,2018-11-16T23:28:10Z,evening_rel48_reference_beach,ASCENDING,IW3,S1A,W2_prae,reference_beach,beach_asc_48_iw3,48,37618.289060000003,0.00018353191260000001,0.050467655059999998,0.034778743979999999,640,330,1.126019592,,,20.899999999999999,1,-0.80900000000000005,0.16,beach_asc_48_iw3,3,pre-collapse (healthy),1,2018-11-16,11,2018,winter_Oct-Feb,intermediate,11,0.008979591836734694,4,29.547692222955067,0.02570003835826621,0.22112448293792855,640,1225,49,25,51.545454545454547,31.636363636363637,22,32,4,5,0.54545454545454541
cte_asc_48_iw3:2018-11-16,6b3f7f30-edbb-53f4-b923-135a1e51658b,Havelbrücke Werder (A 10),bridge,cte_asc_48_iw3,2018-11-16,2018-11-16T23:28:10Z,evening_rel48_control_cte,ASCENDING,IW3,S1A,W2_prae,control_cte,cte_asc_48_iw3,48,45256.191409999999,0.000214161817,0.021361965690000002,0.023122370239999999,640,344,1.1270319230000001,,,20.899999999999999,1,-0.14199999999999999,0.52200000000000002,cte_asc_48_iw3,2,pre-collapse (healthy),1,2018-11-16,11,2018,winter_Oct-Feb,intermediate,13,0.0049242424242424239,4,37.166186834096692,0.033755274261603373,0.07069969425452835,640,2640,66,40,45.153846153846153,60.615384615384613,73,36,4,4,0.69230769230769229
ctn_asc_48_iw3:2018-11-16,6b3f7f30-edbb-53f4-b923-135a1e51658b,Havelbrücke Werder (A 10),bridge,ctn_asc_48_iw3,2018-11-16,2018-11-16T23:28:10Z,evening_rel48_control_ctn,ASCENDING,IW3,S1A,W2_prae,control_ctn,ctn_asc_48_iw3,48,50693.585939999997,0.00011902378170000001,0.054177653040000003,0.019229870289999999,640,378,1.1149538720000001,,,20.899999999999999,1,-0.183,-0.23400000000000001,ctn_asc_48_iw3,1,pre-collapse (healthy),1,2018-11-16,11,2018,winter_Oct-Feb,intermediate,11,0.0024122807017543861,5,33.369952337518626,0.036184631121339982,0.05527606221485773,640,4560,76,60,55,39.090909090909093,77,14,5,5,0.54545454545454541
cts_asc_48_iw3:2018-11-16,6b3f7f30-edbb-53f4-b923-135a1e51658b,Havelbrücke Werder (A 10),bridge,cts_asc_48_iw3,2018-11-16,2018-11-16T23:28:10Z,evening_rel48,ASCENDING,IW3,S1A,W2_prae,target,cts_asc_48_iw3,48,43979.878909999999,8.3756895040000003e-05,0.053604684770000001,0.017145566639999998,640,307,1.0942292840000001,,,20.899999999999999,1,-0.94899999999999995,0.156,cts_asc_48_iw3,0,pre-collapse (healthy),1,2018-11-16,11,2018,winter_Oct-Feb,intermediate,13,0.010612244897959184,4,28.503088174844468,0.030076814886941472,0.2620175057595745,640,1225,49,25,46.46153846153846,67.461538461538467,18,69,4,5,0.61538461538461542
beach_asc_48_iw3:2018-11-28,6b3f7f30-edbb-53f4-b923-135a1e51658b,Havelbrücke Werder (A 10),bridge,beach_asc_48_iw3,2018-11-28,2018-11-28T23:28:09Z,evening_rel48_reference_beach,ASCENDING,IW3,S1A,W2_prae,reference_beach,beach_asc_48_iw3,48,34619.457029999998,0.00015899339629999999,0.048780921849999999,0.0096204541620000007,640,301,1.036256243,,,13.9,0,0.78700000000000003,0.249,beach_asc_48_iw3,3,pre-collapse (healthy),1,2018-11-28,11,2018,winter_Oct-Feb,intermediate,24,0.015384615384615385,11,22.773987658925453,0.021448663853727141,0.019359413950966995,640,1560,52,30,41.666666666666664,29.791666666666668,19,32,11,6,0.75
cte_asc_48_iw3:2018-11-28,6b3f7f30-edbb-53f4-b923-135a1e51658b,Havelbrücke Werder (A 10),bridge,cte_asc_48_iw3,2018-11-28,2018-11-28T23:28:09Z,evening_rel48_control_cte,ASCENDING,IW3,S1A,W2_prae,control_cte,cte_asc_48_iw3,48,41026.609380000002,0.00031842538739999999,0.037040919069999997,0.024641420689999999,640,344,1.021701054,,,13.9,0,0.377,-0.33100000000000002,cte_asc_48_iw3,2,pre-collapse (healthy),1,2018-11-28,11,2018,winter_Oct-Feb,intermediate,24,0.0085561497326203211,10,23.480044718867127,0.033462259728082512,0.090721647864432542,640,2805,51,55,30.25,63.5,8,71,10,6,0.75
ctn_asc_48_iw3:2018-11-28,6b3f7f30-edbb-53f4-b923-135a1e51658b,Havelbrücke Werder (A 10),bridge,ctn_asc_48_iw3,2018-11-28,2018-11-28T23:28:09Z,evening_rel48_control_ctn,ASCENDING,IW3,S1A,W2_prae,control_ctn,ctn_asc_48_iw3,48,49153.300779999998,0.0001123508482,0.14047834279999999,0.021579287950000001,640,377,1.0810768669999999,,,13.9,0,0.32200000000000001,-0.16500000000000001,ctn_asc_48_iw3,1,pre-collapse (healthy),1,2018-11-28,11,2018,winter_Oct-Feb,compact,4,1,1,0.70710678118654757,0.080168776371308023,0.0024836384747785683,640,4,2,2,77.5,13.5,78,14,1,4,0
cts_asc_48_iw3:2018-11-28,6b3f7f30-edbb-53f4-b923-135a1e51658b,Havelbrücke Werder (A 10),bridge,cts_asc_48_iw3,2018-11-28,2018-11-28T23:28:09Z,evening_rel48,ASCENDING,IW3,S1A,W2_prae,target,cts_asc_48_iw3,48,40507.03125,0.00027890421920000001,0.046882577240000001,0.026488417760000001,640,317,1.007824053,,,13.9,0,0.63900000000000001,0.29199999999999998,cts_asc_48_iw3,0,pre-collapse (healthy),1,2018-11-28,11,2018,winter_Oct-Feb,intermediate,20,0.0070028011204481795,10,20.470039081545497,0.02932489451476793,0.055066934228759322,640,2856,51,56,34.850000000000001,64,15,69,10,4,0.80000000000000004
beach_asc_48_iw3:2018-12-10,6b3f7f30-edbb-53f4-b923-135a1e51658b,Havelbrücke Werder (A 10),bridge,beach_asc_48_iw3,2018-12-10,2018-12-10T23:28:09Z,evening_rel48_reference_beach,ASCENDING,IW3,S1A,W2_prae,reference_beach,beach_asc_48_iw3,48,34988.058590000001,0.00039652106350000001,0.053904578090000002,0.016139933839999999,640,385,1.0472895090000001,,,21.899999999999999,0.10000000000000001,-0.129,0.002,beach_asc_48_iw3,3,pre-collapse (healthy),1,2018-12-10,12,2018,winter_Oct-Feb,distributed,32,0.017204301075268817,18,26.721308357049061,0.035996835443037972,0.1428980304341573,640,1860,60,31,47.3125,28.34375,21,33,18,4,0.875
cte_asc_48_iw3:2018-12-10,6b3f7f30-edbb-53f4-b923-135a1e51658b,Havelbrücke Werder (A 10),bridge,cte_asc_48_iw3,2018-12-10,2018-12-10T23:28:09Z,evening_rel48_control_cte,ASCENDING,IW3,S1A,W2_prae,control_cte,cte_asc_48_iw3,48,40997.589840000001,0.00013147344000000001,0.3147453368,0.0075722350739999998,640,371,1.0209783699999999,,,21.899999999999999,0.10000000000000001,0.39100000000000001,0.157,cte_asc_48_iw3,2,pre-collapse (healthy),1,2018-12-10,12,2018,winter_Oct-Feb,distributed,30,0.0063492063492063492,14,27.058660556485627,0.031082981715893108,0.049008798641649358,640,4725,75,63,33.899999999999999,62.166666666666664,8,70,14,4,0.8666666666666667
ctn_asc_48_iw3:2018-12-10,6b3f7f30-edbb-53f4-b923-135a1e51658b,Havelbrücke Werder (A 10),bridge,ctn_asc_48_iw3,2018-12-10,2018-12-10T23:28:09Z,evening_rel48_control_ctn,ASCENDING,IW3,S1A,W2_prae,control_ctn,ctn_asc_48_iw3,48,45876.75,5.982158109e-05,0.2955472469,0.01416036021,640,357,1.009012464,,,21.899999999999999,0.10000000000000001,0.33100000000000002,0.33300000000000002,ctn_asc_48_iw3,1,pre-collapse (healthy),1,2018-12-10,12,2018,winter_Oct-Feb,compact,5,0.00390625,2,9.7672923576598194,0.044444444444444439,0.0080394249960002492,640,1280,32,40,71.400000000000006,20.199999999999999,78,13,2,4,0.19999999999999996
cts_asc_48_iw3:2018-12-10,6b3f7f30-edbb-53f4-b923-135a1e51658b,Havelbrücke Werder (A 10),bridge,cts_asc_48_iw3,2018-12-10,2018-12-10T23:28:09Z,evening_rel48,ASCENDING,IW3,S1A,W2_prae,target,cts_asc_48_iw3,48,41488.164060000003,0.00031805277099999999,0.063915662469999995,0.01645450108,640,377,1.032234858,,,21.899999999999999,0.10000000000000001,-0.26200000000000001,-0.049000000000000002,cts_asc_48_iw3,0,pre-collapse (healthy),1,2018-12-10,12,2018,winter_Oct-Feb,intermediate,23,0.0057285180572851802,12,24.061043980449217,0.041582584235308508,0.16771532880576281,640,4015,55,73,39.434782608695649,61.304347826086953,17,70,12,4,0.82608695652173914
beach_asc_48_iw3:2019-01-03,6b3f7f30-edbb-53f4-b923-135a1e51658b,Havelbrücke Werder (A 10),bridge,beach_asc_48_iw3,2019-01-03,2019-01-03T23:28:08Z,evening_rel48_reference_beach,ASCENDING,IW3,S1A,W2_prae,reference_beach,beach_asc_48_iw3,48,33893.558590000001,2.6576073649999999e-05,0.4596520066,0.017558801919999999,640,358,1.0145280919999999,,,24.600000000000001,0.80000000000000004,-0.21099999999999999,0.29599999999999999,beach_asc_48_iw3,3,pre-collapse (healthy),1,2019-01-03,1,2019,winter_Oct-Feb,intermediate,15,0.01358695652173913,7,26.278931146875482,0.034692920768870136,0.073211095718943228,640,1104,46,24,47.06666666666667,28.666666666666668,21,32,7,4,0.73333333333333339
cte_asc_48_iw3:2019-01-03,6b3f7f30-edbb-53f4-b923-135a1e51658b,Havelbrücke Werder (A 10),bridge,cte_asc_48_iw3,2019-01-03,2019-01-03T23:28:08Z,evening_rel48_control_cte,ASCENDING,IW3,S1A,W2_prae,control_cte,cte_asc_48_iw3,48,40172.660159999999,1.175262241e-05,0.010589138600000001,0.018672263250000001,640,367,1.0004348359999999,,,24.600000000000001,0.80000000000000004,-0.64500000000000002,-0.27200000000000002,cte_asc_48_iw3,2,pre-collapse (healthy),1,2019-01-03,1,2019,winter_Oct-Feb,distributed,25,0.021739130434782608,9,27.343737857140162,0.037918424753867794,0.036638613270444403,640,1150,46,25,37.200000000000003,68.200000000000003,10,71,9,6,0.76000000000000001
ctn_asc_48_iw3:2019-01-03,6b3f7f30-edbb-53f4-b923-135a1e51658b,Havelbrücke Werder (A 10),bridge,ctn_asc_48_iw3,2019-01-03,2019-01-03T23:28:08Z,evening_rel48_control_ctn,ASCENDING,IW3,S1A,W2_prae,control_ctn,ctn_asc_48_iw3,48,44822.59375,5.3287152699999997e-05,0.016790201889999998,0.0098798964169999996,640,377,0.98582736940000004,,,24.600000000000001,0.80000000000000004,-0.69899999999999995,-0.11600000000000001,ctn_asc_48_iw3,1,pre-collapse (healthy),1,2019-01-03,1,2019,winter_Oct-Feb,compact,5,0.0011961722488038277,3,45.853680332117293,0.029817158931082981,0.41675837595029297,640,4180,76,55,43,42.399999999999999,79,14,3,2,0.59999999999999998
cts_asc_48_iw3:2019-01-03,6b3f7f30-edbb-53f4-b923-135a1e51658b,Havelbrücke Werder (A 10),bridge,cts_asc_48_iw3,2019-01-03,2019-01-03T23:28:08Z,evening_rel48,ASCENDING,IW3,S1A,W2_prae,target,cts_asc_48_iw3,48,41214.835939999997,0.0001188937022,0.38403424619999998,0.01324326545,640,361,1.0254343930000001,,,24.600000000000001,0.80000000000000004,-0.37,0.34699999999999998,cts_asc_48_iw3,0,pre-collapse (healthy),1,2019-01-03,1,2019,winter_Oct-Feb,intermediate,14,0.014184397163120567,6,24.082341739819849,0.031243721117138839,0.11747878683124259,640,987,47,21,40.857142857142854,65.714285714285708,17,69,6,4,0.7142857142857143
beach_asc_48_iw3:2019-01-15,6b3f7f30-edbb-53f4-b923-135a1e51658b,Havelbrücke Werder (A 10),bridge,beach_asc_48_iw3,2019-01-15,2019-01-15T23:28:08Z,evening_rel48_reference_beach,ASCENDING,IW3,S1A,W2_prae,reference_beach,beach_asc_48_iw3,48,34544.371090000001,0.00028299863330000002,0.23521085080000001,0.022830154750000001,640,379,1.034008713,,,18,0,0.016,0.012,beach_asc_48_iw3,3,pre-collapse (healthy),1,2019-01-15,1,2019,winter_Oct-Feb,intermediate,21,0.0072314049586776862,11,26.650377678102192,0.045609805103475995,0.026534111151019585,640,2904,66,44,45.523809523809526,25.333333333333332,20,33,11,4,0.80952380952380953
cte_asc_48_iw3:2019-01-15,6b3f7f30-edbb-53f4-b923-135a1e51658b,Havelbrücke Werder (A 10),bridge,cte_asc_48_iw3,2019-01-15,2019-01-15T23:28:08Z,evening_rel48_control_cte,ASCENDING,IW3,S1A,W2_prae,control_cte,cte_asc_48_iw3,48,41523.691409999999,0.00012267038979999999,0.02754053473,0.012467962690000001,640,378,1.0340800750000001,,,18,0,0.57999999999999996,0.219,cte_asc_48_iw3,2,pre-collapse (healthy),1,2019-01-15,1,2019,winter_Oct-Feb,intermediate,18,0.0052878965922444187,8,23.139739213400773,0.02977027660571965,0.051566469952350355,640,3404,46,74,26.833333333333332,56.555555555555557,8,70,8,4,0.77777777777777779
ctn_asc_48_iw3:2019-01-15,6b3f7f30-edbb-53f4-b923-135a1e51658b,Havelbrücke Werder (A 10),bridge,ctn_asc_48_iw3,2019-01-15,2019-01-15T23:28:08Z,evening_rel48_control_ctn,ASCENDING,IW3,S1A,W2_prae,control_ctn,ctn_asc_48_iw3,48,45533.128909999999,2.3157705069999999e-05,0.022961687299999999,0.015514377500000001,640,372,1.0014548679999999,,,18,0,0.51300000000000001,0.40699999999999997,ctn_asc_48_iw3,1,pre-collapse (healthy),1,2019-01-15,1,2019,winter_Oct-Feb,intermediate,22,0.0047008547008547006,9,41.712539486504809,0.019051272215829182,0.039737320545457082,640,4680,78,60,44.954545454545453,38.454545454545453,78,13,9,5,0.77272727272727271
cts_asc_48_iw3:2019-01-15,6b3f7f30-edbb-53f4-b923-135a1e51658b,Havelbrücke Werder (A 10),bridge,cts_asc_48_iw3,2019-01-15,2019-01-15T23:28:08Z,evening_rel48,ASCENDING,IW3,S1A,W2_prae,target,cts_asc_48_iw3,48,40926.195310000003,0.0002763964585,0.13495838639999999,0.017952440310000001,640,386,1.0182529490000001,,,18,0,-0.115,-0.049000000000000002,cts_asc_48_iw3,0,pre-collapse (healthy),1,2019-01-15,1,2019,winter_Oct-Feb,intermediate,19,0.0055816686251468862,10,30.933625663279436,0.041009697238877783,0.052750663122262773,640,3404,46,74,43.631578947368418,54.263157894736842,17,70,10,4,0.78947368421052633
beach_asc_48_iw3:2019-01-27,6b3f7f30-edbb-53f4-b923-135a1e51658b,Havelbrücke Werder (A 10),bridge,beach_asc_48_iw3,2019-01-27,2019-01-27T23:28:07Z,evening_rel48_reference_beach,ASCENDING,IW3,S1A,W2_prae,reference_beach,beach_asc_48_iw3,48,37545.796880000002,0.0019662189299999998,0.020197158680000001,0.047477096320000002,640,293,1.1238497000000001,,,21.5,30.5,1.0009999999999999,-0.096000000000000002,beach_asc_48_iw3,3,pre-collapse (healthy),1,2019-01-27,1,2019,winter_Oct-Feb,distributed,25,0.013248542660307366,13,17.152119402569465,0.023628691983122362,0.1400981175694711,640,1887,51,37,49.240000000000002,25.239999999999998,63,15,13,5,0.80000000000000004
cte_asc_48_iw3:2019-01-27,6b3f7f30-edbb-53f4-b923-135a1e51658b,Havelbrücke Werder (A 10),bridge,cte_asc_48_iw3,2019-01-27,2019-01-27T23:28:07Z,evening_rel48_control_cte,ASCENDING,IW3,S1A,W2_prae,control_cte,cte_asc_48_iw3,48,44657.898439999997,0.001747898525,0.4881614447,0.029571220280000001,640,394,1.112132409,,,21.5,30.5,0.61699999999999999,0.063,cte_asc_48_iw3,2,pre-collapse (healthy),1,2019-01-27,1,2019,winter_Oct-Feb,intermediate,19,0.0044726930320150658,10,32.90210443807954,0.033829298985861268,0.10349637682422959,640,4248,72,59,36.631578947368418,53.789473684210527,8,70,10,4,0.78947368421052633
ctn_asc_48_iw3:2019-01-27,6b3f7f30-edbb-53f4-b923-135a1e51658b,Havelbrücke Werder (A 10),bridge,ctn_asc_48_iw3,2019-01-27,2019-01-27T23:28:07Z,evening_rel48_control_ctn,ASCENDING,IW3,S1A,W2_prae,control_ctn,ctn_asc_48_iw3,48,49656.710939999997,0.0011051100449999999,0.43591314549999999,0.017984030769999999,640,380,1.0921488610000001,,,21.5,30.5,0.55500000000000005,0.20999999999999999,ctn_asc_48_iw3,1,pre-collapse (healthy),1,2019-01-27,1,2019,winter_Oct-Feb,compact,7,0.001652892561983471,3,12.54298730814334,0.042194092827004218,0.016544429366672237,640,4235,77,55,65,20.571428571428573,75,13,3,4,0.4285714285714286
cts_asc_48_iw3:2019-01-27,6b3f7f30-edbb-53f4-b923-135a1e51658b,Havelbrücke Werder (A 10),bridge,cts_asc_48_iw3,2019-01-27,2019-01-27T23:28:07Z,evening_rel48,ASCENDING,IW3,S1A,W2_prae,target,cts_asc_48_iw3,48,43710.339840000001,0.0021333417390000001,0.025319490579999999,0.04022751376,640,307,1.0875230920000001,,,21.5,30.5,0.89800000000000002,-0.19900000000000001,cts_asc_48_iw3,0,pre-collapse (healthy),1,2019-01-27,1,2019,winter_Oct-Feb,distributed,32,0.0084790673025967149,15,28.91288775139903,0.021712376933895924,0.10915553866790767,640,3774,51,74,42.09375,59.90625,15,70,15,7,0.78125
beach_asc_48_iw3:2019-02-08,6b3f7f30-edbb-53f4-b923-135a1e51658b,Havelbrücke Werder (A 10),bridge,beach_asc_48_iw3,2019-02-08,2019-02-08T23:28:07Z,evening_rel48_reference_beach,ASCENDING,IW3,S1A,W2_prae,reference_beach,beach_asc_48_iw3,48,34732.199220000002,0.0003973218845,0.020157242190000001,0.028610555459999999,640,394,1.0396309290000001,,,21.800000000000001,0.20000000000000001,-0.079000000000000001,-0.124,beach_asc_48_iw3,3,pre-collapse (healthy),1,2019-02-08,2,2019,winter_Oct-Feb,intermediate,24,0.008244589488148402,15,23.2672054020723,0.038091889357712148,0.091818688729970677,640,2911,71,41,42.833333333333336,24.958333333333332,21,33,15,4,0.83333333333333337
cte_asc_48_iw3:2019-02-08,6b3f7f30-edbb-53f4-b923-135a1e51658b,Havelbrücke Werder (A 10),bridge,cte_asc_48_iw3,2019-02-08,2019-02-08T23:28:07Z,evening_rel48_control_cte,ASCENDING,IW3,S1A,W2_prae,control_cte,cte_asc_48_iw3,48,42031.179689999997,0.00041252892699999999,0.1352048367,0.025621794159999999,640,402,1.046718246,,,21.800000000000001,0.20000000000000001,0.46700000000000003,-0.029000000000000001,cte_asc_48_iw3,2,pre-collapse (healthy),1,2019-02-08,2,2019,winter_Oct-Feb,intermediate,16,0.0046003450258769408,8,34.708720986230539,0.038941631504922643,0.022489950228697951,640,3478,47,74,37.9375,52.4375,8,70,8,4,0.75
ctn_asc_48_iw3:2019-02-08,6b3f7f30-edbb-53f4-b923-135a1e51658b,Havelbrücke Werder (A 10),bridge,ctn_asc_48_iw3,2019-02-08,2019-02-08T23:28:07Z,evening_rel48_control_ctn,ASCENDING,IW3,S1A,W2_prae,control_ctn,ctn_asc_48_iw3,48,46656.195310000003,0.0001098496432,0.042890235780000001,0.02307112888,640,390,1.0261555710000001,,,21.800000000000001,0.20000000000000001,0.40200000000000002,0.108,ctn_asc_48_iw3,1,pre-collapse (healthy),1,2019-02-08,2,2019,winter_Oct-Feb,compact,8,0.0018890200708382527,4,17.205558694793957,0.053270042194092829,0.0038932643931649221,640,4235,77,55,63.875,24.125,77,13,4,5,0.375
cts_asc_48_iw3:2019-02-08,6b3f7f30-edbb-53f4-b923-135a1e51658b,Havelbrücke Werder (A 10),bridge,cts_asc_48_iw3,2019-02-08,2019-02-08T23:28:07Z,evening_rel48,ASCENDING,IW3,S1A,W2_prae,target,cts_asc_48_iw3,48,41834.679689999997,0.0006724378327,0.0090997284279999997,0.03382463753,640,381,1.0408562450000001,,,21.800000000000001,0.20000000000000001,-0.19800000000000001,-0.24299999999999999,cts_asc_48_iw3,0,pre-collapse (healthy),1,2019-02-08,2,2019,winter_Oct-Feb,distributed,30,0.0065789473684210523,17,31.236819442588722,0.031973745897796529,0.028985969020231796,640,4560,60,76,42.266666666666666,51.633333333333333,17,70,17,5,0.83333333333333337
beach_asc_48_iw3:2019-02-20,6b3f7f30-edbb-53f4-b923-135a1e51658b,Havelbrücke Werder (A 10),bridge,beach_asc_48_iw3,2019-02-20,2019-02-20T23:28:07Z,evening_rel48_reference_beach,ASCENDING,IW3,S1A,W2_prae,reference_beach,beach_asc_48_iw3,48,35031.605470000002,0.00078659795689999998,0.067649774250000003,0.015720421450000001,640,365,1.0485929869999999,,,24.699999999999999,2.1000000000000001,0.35999999999999999,0.222,beach_asc_48_iw3,3,pre-collapse (healthy),1,2019-02-20,2,2019,winter_Oct-Feb,distributed,38,0.0304,12,23.608182064441383,0.02864756828780813,0.022027126910339947,640,1250,50,25,42.89473684210526,28.578947368421051,64,18,12,7,0.81578947368421051
cte_asc_48_iw3:2019-02-20,6b3f7f30-edbb-53f4-b923-135a1e51658b,Havelbrücke Werder (A 10),bridge,cte_asc_48_iw3,2019-02-20,2019-02-20T23:28:07Z,evening_rel48_control_cte,ASCENDING,IW3,S1A,W2_prae,control_cte,cte_asc_48_iw3,48,39878.171880000002,0.00063614576360000003,0.38089108469999999,0.0198168084,640,346,0.99310108409999998,,,24.699999999999999,2.1000000000000001,0.012,-0.33100000000000002,cte_asc_48_iw3,2,pre-collapse (healthy),1,2019-02-20,2,2019,winter_Oct-Feb,distributed,32,0.022792022792022793,13,22.85723353776655,0.033491561181434606,0.031384327001189066,640,1404,52,27,31.625,67.75,9,71,13,5,0.84375
ctn_asc_48_iw3:2019-02-20,6b3f7f30-edbb-53f4-b923-135a1e51658b,Havelbrücke Werder (A 10),bridge,ctn_asc_48_iw3,2019-02-20,2019-02-20T23:28:07Z,evening_rel48_control_ctn,ASCENDING,IW3,S1A,W2_prae,control_ctn,ctn_asc_48_iw3,48,52277.070310000003,0.00070436566600000003,0.3827234209,0.026850111780000002,640,375,1.149781001,,,24.699999999999999,2.1000000000000001,-0.031,-0.158,ctn_asc_48_iw3,1,pre-collapse (healthy),1,2019-02-20,2,2019,winter_Oct-Feb,compact,3,0.75,1,0.47140452079102874,0.08485700890764182,0.11753550843986287,640,4,2,2,77.333333333333329,13.666666666666666,77,14,1,3,0
cts_asc_48_iw3:2019-02-20,6b3f7f30-edbb-53f4-b923-135a1e51658b,Havelbrücke Werder (A 10),bridge,cts_asc_48_iw3,2019-02-20,2019-02-20T23:28:07Z,evening_rel48,ASCENDING,IW3,S1A,W2_prae,target,cts_asc_48_iw3,48,40842.316409999999,0.00048770080319999998,0.066508270800000005,0.012052637519999999,640,369,1.016166023,,,24.699999999999999,2.1000000000000001,0.19400000000000001,0.22900000000000001,cts_asc_48_iw3,0,pre-collapse (healthy),1,2019-02-20,2,2019,winter_Oct-Feb,distributed,26,0.020799999999999999,10,23.54088097168577,0.034945364059288116,0.062894921259271777,640,1250,50,25,39.269230769230766,66.15384615384616,60,55,10,6,0.76923076923076916
beach_asc_48_iw3:2019-03-04,6b3f7f30-edbb-53f4-b923-135a1e51658b,Havelbrücke Werder (A 10),bridge,beach_asc_48_iw3,2019-03-04,2019-03-04T23:28:07Z,evening_rel48_reference_beach,ASCENDING,IW3,S1A,W2_prae,reference_beach,beach_asc_48_iw3,48,31729.474610000001,0.0004568676231,0.055845402180000003,0.017556797709999999,640,260,0.94975106399999998,,,24.399999999999999,0,-1.1020000000000001,0.35799999999999998,beach_asc_48_iw3,3,pre-collapse (healthy),1,2019-03-04,3,2019,summer_Mar-Jul,compact,8,0.0080808080808080808,4,11.479601473918857,0.022327707454289733,0.051195533887823622,640,990,45,22,60.375,23.375,67,14,4,4,0.5
cte_asc_48_iw3:2019-03-04,6b3f7f30-edbb-53f4-b923-135a1e51658b,Havelbrücke Werder (A 10),bridge,cte_asc_48_iw3,2019-03-04,2019-03-04T23:28:07Z,evening_rel48_control_cte,ASCENDING,IW3,S1A,W2_prae,control_cte,cte_asc_48_iw3,48,38212.816409999999,0.00036739604550000001,0.039876852179999998,0.01410248131,640,261,0.95162811169999995,,,24.399999999999999,0,-1.4890000000000001,-0.14999999999999999,cte_asc_48_iw3,2,pre-collapse (healthy),1,2019-03-04,3,2019,summer_Mar-Jul,distributed,28,0.013238770685579196,11,21.008865961293385,0.019489652401044805,0.010493259986739023,640,2115,47,45,37.928571428571431,62.714285714285715,56,52,11,8,0.7142857142857143
ctn_asc_48_iw3:2019-03-04,6b3f7f30-edbb-53f4-b923-135a1e51658b,Havelbrücke Werder (A 10),bridge,ctn_asc_48_iw3,2019-03-04,2019-03-04T23:28:07Z,evening_rel48_control_ctn,ASCENDING,IW3,S1A,W2_prae,control_ctn,ctn_asc_48_iw3,48,40803.386720000002,0.00033143110340000002,0.042471814900000002,0.010121621189999999,640,263,0.89742899789999997,,,24.399999999999999,0,-1.5580000000000001,-0.076999999999999999,ctn_asc_48_iw3,1,pre-collapse (healthy),1,2019-03-04,3,2019,summer_Mar-Jul,intermediate,14,0.0033645758231194423,6,42.072883797291674,0.019690576652601967,0.033435124513211505,640,4161,73,57,49.214285714285715,43.714285714285715,79,14,6,6,0.5714285714285714
cts_asc_48_iw3:2019-03-04,6b3f7f30-edbb-53f4-b923-135a1e51658b,Havelbrücke Werder (A 10),bridge,cts_asc_48_iw3,2019-03-04,2019-03-04T23:28:07Z,evening_rel48,ASCENDING,IW3,S1A,W2_prae,target,cts_asc_48_iw3,48,39852.878909999999,0.00054283195640000002,0.042503405360000003,0.019454533230000001,640,253,0.99154859569999998,,,24.399999999999999,0,-1.254,0.441,cts_asc_48_iw3,0,pre-collapse (healthy),1,2019-03-04,3,2019,summer_Mar-Jul,intermediate,11,0.0093617021276595751,6,16.309253064968676,0.023270681498529601,0.023851529355987701,640,1175,47,25,50.636363636363633,61.636363636363633,63,51,6,5,0.54545454545454541
beach_asc_48_iw3:2019-03-16,6b3f7f30-edbb-53f4-b923-135a1e51658b,Havelbrücke Werder (A 10),bridge,beach_asc_48_iw3,2019-03-16,2019-03-16T23:28:07Z,evening_rel48_reference_beach,ASCENDING,IW3,S1A,W2_prae,reference_beach,beach_asc_48_iw3,48,33003.730470000002,0.00034176863849999999,0.012211172839999999,0.017771501089999999,640,283,0.98789307150000005,,,24,1.8999999999999999,1.1459999999999999,-0.29899999999999999,beach_asc_48_iw3,3,pre-collapse (healthy),1,2019-03-16,3,2019,summer_Mar-Jul,distributed,40,0.018993352326685659,16,22.753145386956941,0.021835443037974682,0.0096028748542576446,640,2106,54,39,46.700000000000003,31.875,63,16,16,6,0.84999999999999998
cte_asc_48_iw3:2019-03-16,6b3f7f30-edbb-53f4-b923-135a1e51658b,Havelbrücke Werder (A 10),bridge,cte_asc_48_iw3,2019-03-16,2019-03-16T23:28:07Z,evening_rel48_control_cte,ASCENDING,IW3,S1A,W2_prae,control_cte,cte_asc_48_iw3,48,40153.671880000002,0.00025287870080000001,0.0078074540939999998,0.017408836630000001,640,317,0.99996196400000004,,,24,1.8999999999999999,0.80000000000000004,-0.17499999999999999,cte_asc_48_iw3,2,pre-collapse (healthy),1,2019-03-16,3,2019,summer_Mar-Jul,distributed,50,0.0088888888888888889,21,19.073342654081376,0.021744022503516175,0.026261252911470263,640,5625,75,75,34.18,58.799999999999997,52,52,21,6,0.88
ctn_asc_48_iw3:2019-03-16,6b3f7f30-edbb-53f4-b923-135a1e51658b,Havelbrücke Werder (A 10),bridge,ctn_asc_48_iw3,2019-03-16,2019-03-16T23:28:07Z,evening_rel48_control_ctn,ASCENDING,IW3,S1A,W2_prae,control_ctn,ctn_asc_48_iw3,48,49076.738279999998,0.00022543105300000001,0.011255980469999999,0.020556341860000001,640,339,1.0793929520000001,,,24,1.8999999999999999,0.752,-0.029999999999999999,ctn_asc_48_iw3,1,pre-collapse (healthy),1,2019-03-16,3,2019,summer_Mar-Jul,compact,4,1,1,0.70710678118654757,0.054500703234880446,0.024515323836038598,640,4,2,2,75.5,13.5,75,14,1,4,0
cts_asc_48_iw3:2019-03-16,6b3f7f30-edbb-53f4-b923-135a1e51658b,Havelbrücke Werder (A 10),bridge,cts_asc_48_iw3,2019-03-16,2019-03-16T23:28:07Z,evening_rel48,ASCENDING,IW3,S1A,W2_prae,target,cts_asc_48_iw3,48,39595.53125,0.00027108658110000001,0.0074419267480000002,0.0083706937729999993,640,281,0.98514572810000001,,,24,1.8999999999999999,0.98599999999999999,0.41699999999999998,cts_asc_48_iw3,0,pre-collapse (healthy),1,2019-03-16,3,2019,summer_Mar-Jul,distributed,30,0.011857707509881422,14,19.291564074601222,0.021425222691045475,0.014631940518353816,640,2530,46,55,42.266666666666666,60.600000000000001,59,51,14,5,0.83333333333333337
beach_asc_48_iw3:2019-03-28,6b3f7f30-edbb-53f4-b923-135a1e51658b,Havelbrücke Werder (A 10),bridge,beach_asc_48_iw3,2019-03-28,2019-03-28T23:28:07Z,evening_rel48_reference_beach,ASCENDING,IW3,S1A,W2_prae,reference_beach,beach_asc_48_iw3,48,38543.308590000001,0.0002389219153,0.027954187240000001,0.0099039198830000001,640,336,1.1537079889999999,,,20.300000000000001,0.29999999999999999,-0.91200000000000003,0.0089999999999999993,beach_asc_48_iw3,3,pre-collapse (healthy),1,2019-03-28,3,2019,summer_Mar-Jul,distributed,35,0.011111111111111112,17,24.486097679945587,0.022302591922845089,0.061402495954955082,640,3150,70,45,46.600000000000001,28.542857142857144,67,15,17,6,0.82857142857142851
cte_asc_48_iw3:2019-03-28,6b3f7f30-edbb-53f4-b923-135a1e51658b,Havelbrücke Werder (A 10),bridge,cte_asc_48_iw3,2019-03-28,2019-03-28T23:28:07Z,evening_rel48_control_cte,ASCENDING,IW3,S1A,W2_prae,control_cte,cte_asc_48_iw3,48,46664.308590000001,6.176855095e-05,0.020730195569999998,0.01372864004,640,404,1.162098794,,,20.300000000000001,0.29999999999999999,-0.30599999999999999,0.19500000000000001,cte_asc_48_iw3,2,pre-collapse (healthy),1,2019-03-28,3,2019,summer_Mar-Jul,distributed,36,0.012834224598930482,16,26.645550088263761,0.03359899984372558,0.0065872935321190278,640,2805,51,55,33.472222222222221,57.388888888888886,10,70,16,7,0.80555555555555558
ctn_asc_48_iw3:2019-03-28,6b3f7f30-edbb-53f4-b923-135a1e51658b,Havelbrücke Werder (A 10),bridge,ctn_asc_48_iw3,2019-03-28,2019-03-28T23:28:07Z,evening_rel48_control_ctn,ASCENDING,IW3,S1A,W2_prae,control_ctn,ctn_asc_48_iw3,48,54107.609380000002,6.9578396509999995e-05,0.038188789039999997,0.023108601570000002,640,397,1.190041846,,,20.300000000000001,0.29999999999999999,-0.36299999999999999,0.375,ctn_asc_48_iw3,1,pre-collapse (healthy),1,2019-03-28,3,2019,summer_Mar-Jul,compact,3,0.75,1,0.47140452079102874,0.064697609001406475,0.2099174165422823,640,4,2,2,77.333333333333329,12.666666666666666,77,13,1,3,0
cts_asc_48_iw3:2019-03-28,6b3f7f30-edbb-53f4-b923-135a1e51658b,Havelbrücke Werder (A 10),bridge,cts_asc_48_iw3,2019-03-28,2019-03-28T23:28:07Z,evening_rel48,ASCENDING,IW3,S1A,W2_prae,target,cts_asc_48_iw3,48,47660.519529999998,0.000179901006,0.034931875770000002,0.012105125,640,340,1.185804452,,,20.300000000000001,0.29999999999999999,-1.038,-0.065000000000000002,cts_asc_48_iw3,0,pre-collapse (healthy),1,2019-03-28,3,2019,summer_Mar-Jul,distributed,36,0.009538950715421303,17,18.730380682031722,0.022190967338646662,0.01759823669909363,640,3774,51,74,44.777777777777779,56.333333333333336,63,52,17,6,0.83333333333333337
beach_asc_48_iw3:2019-04-09,6b3f7f30-edbb-53f4-b923-135a1e51658b,Havelbrücke Werder (A 10),bridge,beach_asc_48_iw3,2019-04-09,2019-04-09T23:28:07Z,evening_rel48_reference_beach,ASCENDING,IW3,S1A,W2_prae,reference_beach,beach_asc_48_iw3,48,52825,0.0003044266196,0.021783187990000001,0.01061282773,640,406,1.5811985719999999,,,25.199999999999999,5.5,0.219,-0.16600000000000001,beach_asc_48_iw3,3,pre-collapse (healthy),1,2019-04-09,4,2019,summer_Mar-Jul,intermediate,11,0.0026803118908382065,5,12.213324250841715,0.034138856923667055,0.12735858846889256,640,4104,76,54,52,21.272727272727273,64,19,5,4,0.63636363636363635
cte_asc_48_iw3:2019-04-09,6b3f7f30-edbb-53f4-b923-135a1e51658b,Havelbrücke Werder (A 10),bridge,cte_asc_48_iw3,2019-04-09,2019-04-09T23:28:07Z,evening_rel48_control_cte,ASCENDING,IW3,S1A,W2_prae,control_cte,cte_asc_48_iw3,48,58639.671880000002,0.00035207386829999999,0.01255070977,0.02120679617,640,359,1.460325761,,,25.199999999999999,5.5,0.86699999999999999,-0.047,cte_asc_48_iw3,2,pre-collapse (healthy),1,2019-04-09,4,2019,summer_Mar-Jul,compact,8,0.0074074074074074077,3,7.5756600372508798,0.029184247538677918,0.16633729187465424,640,1080,45,24,46,54.625,52,50,3,4,0.5
ctn_asc_48_iw3:2019-04-09,6b3f7f30-edbb-53f4-b923-135a1e51658b,Havelbrücke Werder (A 10),bridge,ctn_asc_48_iw3,2019-04-09,2019-04-09T23:28:07Z,evening_rel48_control_ctn,ASCENDING,IW3,S1A,W2_prae,control_ctn,ctn_asc_48_iw3,48,69499.75,0.0001258232951,0.044757477939999998,0.01514769159,640,362,1.5285763269999999,,,25.199999999999999,5.5,0.81899999999999995,0.089999999999999997,ctn_asc_48_iw3,1,pre-collapse (healthy),1,2019-04-09,4,2019,summer_Mar-Jul,compact,6,0.0046874999999999998,3,15.567951410224502,0.037974683544303799,0.0963577321871526,640,1280,32,40,65.5,25.333333333333332,75,13,3,4,0.33333333333333337
cts_asc_48_iw3:2019-04-09,6b3f7f30-edbb-53f4-b923-135a1e51658b,Havelbrücke Werder (A 10),bridge,cts_asc_48_iw3,2019-04-09,2019-04-09T23:28:07Z,evening_rel48,ASCENDING,IW3,S1A,W2_prae,target,cts_asc_48_iw3,48,58921.46875,0.00068422191539999999,0.01495613623,0.02589728124,640,403,1.4659794020000001,,,25.199999999999999,5.5,0.121,-0.33500000000000002,cts_asc_48_iw3,0,pre-collapse (healthy),1,2019-04-09,4,2019,summer_Mar-Jul,compact,7,0.0057613168724279839,4,7.3748054280801725,0.034358047016274859,0.045428219005517453,640,1215,45,27,53.142857142857146,58.714285714285715,60,56,4,3,0.5714285714285714
beach_asc_48_iw3:2019-04-21,6b3f7f30-edbb-53f4-b923-135a1e51658b,Havelbrücke Werder (A 10),bridge,beach_asc_48_iw3,2019-04-21,2019-04-21T23:28:08Z,evening_rel48_reference_beach,ASCENDING,IW3,S1A,W2_prae,reference_beach,beach_asc_48_iw3,48,31714.529299999998,0.00051070551849999996,0.13202677669999999,0.020000157880000001,640,294,0.94930370939999997,,,21,0,0.83599999999999997,-0.042000000000000003,beach_asc_48_iw3,3,pre-collapse (healthy),1,2019-04-21,4,2019,summer_Mar-Jul,intermediate,14,0.01037037037037037,6,13.014317076957663,0.029334940727345798,0.01746347529416168,640,1350,50,27,52.571428571428569,22.785714285714285,63,15,6,6,0.5714285714285714
cte_asc_48_iw3:2019-04-21,6b3f7f30-edbb-53f4-b923-135a1e51658b,Havelbrücke Werder (A 10),bridge,cte_asc_48_iw3,2019-04-21,2019-04-21T23:28:08Z,evening_rel48_control_cte,ASCENDING,IW3,S1A,W2_prae,control_cte,cte_asc_48_iw3,48,41556.078119999998,0.00017324872899999999,0.1177748814,0.018513424319999999,640,276,1.0348866130000001,,,21,0,1.4039999999999999,0.064000000000000001,cte_asc_48_iw3,2,pre-collapse (healthy),1,2019-04-21,4,2019,summer_Mar-Jul,compact,3,1,1,0,0.020628223159868727,0.92940034057976584,640,3,1,3,79,17,79,17,1,3,0
ctn_asc_48_iw3:2019-04-21,6b3f7f30-edbb-53f4-b923-135a1e51658b,Havelbrücke Werder (A 10),bridge,ctn_asc_48_iw3,2019-04-21,2019-04-21T23:28:08Z,evening_rel48_control_ctn,ASCENDING,IW3,S1A,W2_prae,control_ctn,ctn_asc_48_iw3,48,48033.609380000002,0.00036591273970000001,0.1746372581,0.01932160929,640,268,1.056450393,,,21,0,1.3420000000000001,0.219,ctn_asc_48_iw3,1,pre-collapse (healthy),1,2019-04-21,4,2019,summer_Mar-Jul,compact,6,0.5,2,0.23570226039551878,0.035864978902953586,0.054648755345205906,640,12,4,3,75.166666666666671,12.833333333333334,75,13,2,5,0.16666666666666663
cts_asc_48_iw3:2019-04-21,6b3f7f30-edbb-53f4-b923-135a1e51658b,Havelbrücke Werder (A 10),bridge,cts_asc_48_iw3,2019-04-21,2019-04-21T23:28:08Z,evening_rel48,ASCENDING,IW3,S1A,W2_prae,target,cts_asc_48_iw3,48,38055.160159999999,0.00052010169020000004,0.1079155356,0.021531613540000001,640,314,0.9468209487,,,21,0,0.73199999999999998,-0.13,cts_asc_48_iw3,0,pre-collapse (healthy),1,2019-04-21,4,2019,summer_Mar-Jul,intermediate,18,0.0040106951871657758,10,14.610688629295408,0.02656665103922488,0.0044755432461646184,640,4488,66,68,45.333333333333336,57.166666666666664,59,52,10,5,0.72222222222222221
beach_asc_48_iw3:2019-05-03,6b3f7f30-edbb-53f4-b923-135a1e51658b,Havelbrücke Werder (A 10),bridge,beach_asc_48_iw3,2019-05-03,2019-05-03T23:28:08Z,evening_rel48_reference_beach,ASCENDING,IW3,S1A,W2_prae,reference_beach,beach_asc_48_iw3,48,48546.199220000002,6.4481413570000005e-05,0.096836954360000005,0.019974580030000001,640,306,1.4531222130000001,,,25.300000000000001,4.7999999999999998,1.0720000000000001,-0.33700000000000002,beach_asc_48_iw3,3,pre-collapse (healthy),1,2019-05-03,5,2019,summer_Mar-Jul,intermediate,18,0.010955569080949483,9,11.455361567492112,0.019768713861540867,0.10390895427846618,640,1643,31,53,60.444444444444443,24.166666666666668,63,13,9,4,0.77777777777777779
cte_asc_48_iw3:2019-05-03,6b3f7f30-edbb-53f4-b923-135a1e51658b,Havelbrücke Werder (A 10),bridge,cte_asc_48_iw3,2019-05-03,2019-05-03T23:28:08Z,evening_rel48_control_cte,ASCENDING,IW3,S1A,W2_prae,control_cte,cte_asc_48_iw3,48,55730.355470000002,3.2305728380000001e-05,0.022725217039999999,0.025192430240000001,640,289,1.3878739630000001,,,25.300000000000001,4.7999999999999998,1.7150000000000001,-0.111,cte_asc_48_iw3,2,pre-collapse (healthy),1,2019-05-03,5,2019,summer_Mar-Jul,intermediate,15,0.0079533404029692462,8,28.617399524686995,0.010501640881387718,0.068789085259922986,640,1886,46,41,59.06666666666667,38.533333333333331,79,18,8,3,0.80000000000000004
ctn_asc_48_iw3:2019-05-03,6b3f7f30-edbb-53f4-b923-135a1e51658b,Havelbrücke Werder (A 10),bridge,ctn_asc_48_iw3,2019-05-03,2019-05-03T23:28:08Z,evening_rel48_control_ctn,ASCENDING,IW3,S1A,W2_prae,control_ctn,ctn_asc_48_iw3,48,56939.800779999998,1.506689205e-05,0.075845897199999998,0.016710560770000001,640,271,1.2523330159999999,,,25.300000000000001,4.7999999999999998,1.6679999999999999,0.024,ctn_asc_48_iw3,1,pre-collapse (healthy),1,2019-05-03,5,2019,summer_Mar-Jul,intermediate,23,0.0051977401129943502,9,29.637252397593116,0.005320124747752706,0.012338447238266693,640,4425,75,59,52.130434782608695,35.043478260869563,73,14,9,6,0.73913043478260865
cts_asc_48_iw3:2019-05-03,6b3f7f30-edbb-53f4-b923-135a1e51658b,Havelbrücke Werder (A 10),bridge,cts_asc_48_iw3,2019-05-03,2019-05-03T23:28:08Z,evening_rel48,ASCENDING,IW3,S1A,W2_prae,target,cts_asc_48_iw3,48,51125.230470000002,4.6606175600000002e-05,0.02798315883,0.02419769205,640,257,1.2720072389999999,,,25.300000000000001,4.7999999999999998,1.976,-0.45000000000000001,cts_asc_48_iw3,0,pre-collapse (healthy),1,2019-05-03,5,2019,summer_Mar-Jul,intermediate,15,0.020270270270270271,7,8.4761102189886852,0.016690107829348336,0.115595550045308,640,740,20,37,52.866666666666667,57.399999999999999,57,50,7,4,0.73333333333333339
beach_asc_48_iw3:2019-05-15,6b3f7f30-edbb-53f4-b923-135a1e51658b,Havelbrücke Werder (A 10),bridge,beach_asc_48_iw3,2019-05-15,2019-05-15T23:28:09Z,evening_rel48_reference_beach,ASCENDING,IW3,S1A,W2_prae,reference_beach,beach_asc_48_iw3,48,35533.824220000002,0.00047693998199999999,0.038904879240000002,0.01455057412,640,379,1.063625786,,,25.199999999999999,4.9000000000000004,-0.088999999999999996,0.057000000000000002,beach_asc_48_iw3,3,pre-collapse (healthy),1,2019-05-15,5,2019,summer_Mar-Jul,distributed,29,0.015263157894736841,13,20.990938535342586,0.039235656433386681,0.10608917149026648,640,1900,50,38,46.379310344827587,24.689655172413794,65,15,13,6,0.7931034482758621
cte_asc_48_iw3:2019-05-15,6b3f7f30-edbb-53f4-b923-135a1e51658b,Havelbrücke Werder (A 10),bridge,cte_asc_48_iw3,2019-05-15,2019-05-15T23:28:09Z,evening_rel48_control_cte,ASCENDING,IW3,S1A,W2_prae,control_cte,cte_asc_48_iw3,48,42425.335939999997,0.00027146781209999999,0.0258325953,0.0092465626079999991,640,376,1.0565340670000001,,,25.199999999999999,4.9000000000000004,0.46700000000000003,0.23899999999999999,cte_asc_48_iw3,2,pre-collapse (healthy),1,2019-05-15,5,2019,summer_Mar-Jul,distributed,70,0.012119113573407203,28,16.92219892113701,0.024050632911392405,0.07049785996978733,640,5776,76,76,36.600000000000001,55.171428571428571,53,51,28,8,0.88571428571428568
ctn_asc_48_iw3:2019-05-15,6b3f7f30-edbb-53f4-b923-135a1e51658b,Havelbrücke Werder (A 10),bridge,ctn_asc_48_iw3,2019-05-15,2019-05-15T23:28:09Z,evening_rel48_control_ctn,ASCENDING,IW3,S1A,W2_prae,control_ctn,ctn_asc_48_iw3,48,52629.449220000002,2.760421557e-05,0.02887940034,0.0074949152769999998,640,327,1.1575312170000001,,,25.199999999999999,4.9000000000000004,0.40400000000000003,-0.51300000000000001,ctn_asc_48_iw3,1,pre-collapse (healthy),1,2019-05-15,5,2019,summer_Mar-Jul,compact,6,0.75,2,1.4240006242195842,0.050867323019221755,0.090378107150958883,640,8,4,2,76.666666666666671,14.5,78,15,2,4,0.33333333333333337
cts_asc_48_iw3:2019-05-15,6b3f7f30-edbb-53f4-b923-135a1e51658b,Havelbrücke Werder (A 10),bridge,cts_asc_48_iw3,2019-05-15,2019-05-15T23:28:09Z,evening_rel48,ASCENDING,IW3,S1A,W2_prae,target,cts_asc_48_iw3,48,41896.632810000003,0.00024442051650000002,0.0073690265420000003,0.01950736158,640,399,1.0423976530000001,,,25.199999999999999,4.9000000000000004,-0.20200000000000001,0.021999999999999999,cts_asc_48_iw3,0,pre-collapse (healthy),1,2019-05-15,5,2019,summer_Mar-Jul,distributed,39,0.010263157894736842,19,16.160051718106811,0.034620794114465003,0.079785336519395053,640,3800,50,76,44.948717948717949,53.871794871794869,61,52,19,5,0.87179487179487181
beach_asc_48_iw3:2019-05-27,6b3f7f30-edbb-53f4-b923-135a1e51658b,Havelbrücke Werder (A 10),bridge,beach_asc_48_iw3,2019-05-27,2019-05-27T23:28:09Z,evening_rel48_reference_beach,ASCENDING,IW3,S1A,W2_prae,reference_beach,beach_asc_48_iw3,48,33264.671880000002,0.001677878783,0.59190624950000004,0.033649582419999997,640,369,0.99570377060000004,,,26.5,0.40000000000000002,0.128,0.16700000000000001,beach_asc_48_iw3,3,pre-collapse (healthy),1,2019-05-27,5,2019,summer_Mar-Jul,distributed,30,0.011834319526627219,14,22.300099650998071,0.033614627285513357,0.065397788171112831,640,2535,65,39,47.200000000000003,27.433333333333334,65,14,14,4,0.8666666666666667
cte_asc_48_iw3:2019-05-27,6b3f7f30-edbb-53f4-b923-135a1e51658b,Havelbrücke Werder (A 10),bridge,cte_asc_48_iw3,2019-05-27,2019-05-27T23:28:09Z,evening_rel48_control_cte,ASCENDING,IW3,S1A,W2_prae,control_cte,cte_asc_48_iw3,48,38963.015619999998,0.00070185586810000001,0.1580629945,0.01871187799,640,335,0.97031060440000005,,,26.5,0.40000000000000002,-0.16900000000000001,0.54200000000000004,cte_asc_48_iw3,2,pre-collapse (healthy),1,2019-05-27,5,2019,summer_Mar-Jul,distributed,26,0.0075779656076945499,14,16.860373345484152,0.029373580006491398,0.10223555180710574,640,3431,47,73,39.46153846153846,59.53846153846154,54,51,14,4,0.84615384615384615
ctn_asc_48_iw3:2019-05-27,6b3f7f30-edbb-53f4-b923-135a1e51658b,Havelbrücke Werder (A 10),bridge,ctn_asc_48_iw3,2019-05-27,2019-05-27T23:28:09Z,evening_rel48_control_ctn,ASCENDING,IW3,S1A,W2_prae,control_ctn,ctn_asc_48_iw3,48,44225.128909999999,0.00079082464799999999,0.1268193275,0.016523921859999999,640,375,0.97268673770000003,,,26.5,0.40000000000000002,-0.21299999999999999,-0.221,ctn_asc_48_iw3,1,pre-collapse (healthy),1,2019-05-27,5,2019,summer_Mar-Jul,compact,5,0.83333333333333337,1,0.4472135954999627,0.063291139240506333,0.050226946505884142,640,6,2,3,77.400000000000006,14.199999999999999,77,14,1,5,0
cts_asc_48_iw3:2019-05-27,6b3f7f30-edbb-53f4-b923-135a1e51658b,Havelbrücke Werder (A 10),bridge,cts_asc_48_iw3,2019-05-27,2019-05-27T23:28:09Z,evening_rel48,ASCENDING,IW3,S1A,W2_prae,target,cts_asc_48_iw3,48,39661.324220000002,0.00091126636829999997,0.57038927080000001,0.023605985570000002,640,376,0.98678267200000003,,,26.5,0.40000000000000002,0.0089999999999999993,0.16400000000000001,cts_asc_48_iw3,0,pre-collapse (healthy),1,2019-05-27,5,2019,summer_Mar-Jul,distributed,32,0.0092006900517538816,15,17.819954580469616,0.034546413502109699,0.071357806443701446,640,3478,47,74,46.125,60.8125,61,51,15,4,0.875
beach_asc_48_iw3:2019-06-08,6b3f7f30-edbb-53f4-b923-135a1e51658b,Havelbrücke Werder (A 10),bridge,beach_asc_48_iw3,2019-06-08,2019-06-08T23:28:10Z,evening_rel48_reference_beach,ASCENDING,IW3,S1A,W2_prae,reference_beach,beach_asc_48_iw3,48,45150.28125,0.00012461844019999999,0.19163206220000001,0.029724137859999999,640,424,1.351472982,,,27.399999999999999,9.5999999999999996,-0.40200000000000002,-0.067000000000000004,beach_asc_48_iw3,3,pre-collapse (healthy),1,2019-06-08,6,2019,summer_Mar-Jul,distributed,39,0.0090445269016697586,19,17.205300163457235,0.029896498250928626,0.029947572505212947,640,4312,77,56,48.92307692307692,25.128205128205128,65,19,19,6,0.84615384615384615
cte_asc_48_iw3:2019-06-08,6b3f7f30-edbb-53f4-b923-135a1e51658b,Havelbrücke Werder (A 10),bridge,cte_asc_48_iw3,2019-06-08,2019-06-08T23:28:10Z,evening_rel48_control_cte,ASCENDING,IW3,S1A,W2_prae,control_cte,cte_asc_48_iw3,48,49989.238279999998,6.4319538070000006e-05,0.075125537810000004,0.018693767489999999,640,360,1.244900766,,,27.399999999999999,9.5999999999999996,-0.874,0.057000000000000002,cte_asc_48_iw3,2,pre-collapse (healthy),1,2019-06-08,6,2019,summer_Mar-Jul,intermediate,16,0.0045045045045045045,8,12.098069319110385,0.034370604781997188,0.17438322747522159,640,3552,48,74,43.125,53.6875,55,56,8,4,0.75
ctn_asc_48_iw3:2019-06-08,6b3f7f30-edbb-53f4-b923-135a1e51658b,Havelbrücke Werder (A 10),bridge,ctn_asc_48_iw3,2019-06-08,2019-06-08T23:28:10Z,evening_rel48_control_ctn,ASCENDING,IW3,S1A,W2_prae,control_ctn,ctn_asc_48_iw3,48,56464.800779999998,4.2365783879999998e-05,0.069822296500000006,0.013677938840000001,640,335,1.2418858740000001,,,27.399999999999999,9.5999999999999996,-0.91800000000000004,0.20699999999999999,ctn_asc_48_iw3,1,pre-collapse (healthy),1,2019-06-08,6,2019,summer_Mar-Jul,compact,3,1,1,0,0.041256446319737461,0.91591193987321562,640,3,1,3,79,13,79,13,1,3,0
cts_asc_48_iw3:2019-06-08,6b3f7f30-edbb-53f4-b923-135a1e51658b,Havelbrücke Werder (A 10),bridge,cts_asc_48_iw3,2019-06-08,2019-06-08T23:28:10Z,evening_rel48,ASCENDING,IW3,S1A,W2_prae,target,cts_asc_48_iw3,48,52353.089840000001,0.00026095347130000002,0.10829965029999999,0.01774374209,640,427,1.302556657,,,27.399999999999999,9.5999999999999996,-0.57399999999999995,-0.20599999999999999,cts_asc_48_iw3,0,pre-collapse (healthy),1,2019-06-08,6,2019,summer_Mar-Jul,intermediate,20,0.0041666666666666666,10,17.177383386301884,0.030239099859353025,0.085082265728593662,640,4800,64,75,45.450000000000003,51.399999999999999,62,56,10,4,0.80000000000000004
beach_asc_48_iw3:2019-06-20,6b3f7f30-edbb-53f4-b923-135a1e51658b,Havelbrücke Werder (A 10),bridge,beach_asc_48_iw3,2019-06-20,2019-06-20T23:28:11Z,evening_rel48_reference_beach,ASCENDING,IW3,S1A,W2_prae,reference_beach,beach_asc_48_iw3,48,36202.453119999998,0.00038498066710000001,0.028207626190000001,0.0060323202050000004,640,277,1.0836397010000001,,,28.199999999999999,0.29999999999999999,1.421,-0.39900000000000002,beach_asc_48_iw3,3,pre-collapse (healthy),1,2019-06-20,6,2019,summer_Mar-Jul,distributed,55,0.015076754385964912,23,22.466386278097648,0.017440225035161745,0.075873256452006946,640,3648,64,57,41.909090909090907,30.054545454545455,62,20,23,6,0.89090909090909087
cte_asc_48_iw3:2019-06-20,6b3f7f30-edbb-53f4-b923-135a1e51658b,Havelbrücke Werder (A 10),bridge,cte_asc_48_iw3,2019-06-20,2019-06-20T23:28:11Z,evening_rel48_control_cte,ASCENDING,IW3,S1A,W2_prae,control_cte,cte_asc_48_iw3,48,40854.816409999999,0.00053117470819999998,0.026545424009999999,0.021394599229999998,640,298,1.017422829,,,28.199999999999999,0.29999999999999999,1.04,-0.26600000000000001,cte_asc_48_iw3,2,pre-collapse (healthy),1,2019-06-20,6,2019,summer_Mar-Jul,intermediate,21,0.0088983050847457629,12,15.418279930299303,0.024311834438416717,0.14875213864282469,640,2360,59,40,37.19047619047619,62.857142857142854,51,56,12,3,0.85714285714285721
ctn_asc_48_iw3:2019-06-20,6b3f7f30-edbb-53f4-b923-135a1e51658b,Havelbrücke Werder (A 10),bridge,ctn_asc_48_iw3,2019-06-20,2019-06-20T23:28:11Z,evening_rel48_control_ctn,ASCENDING,IW3,S1A,W2_prae,control_ctn,ctn_asc_48_iw3,48,49923.933590000001,0.00040368211920000001,0.0065880096519999997,0.022622320800000002,640,302,1.0980261520000001,,,28.199999999999999,0.29999999999999999,0.996,-0.108,ctn_asc_48_iw3,1,pre-collapse (healthy),1,2019-06-20,6,2019,summer_Mar-Jul,compact,4,1,1,0.70710678118654757,0.054500703234880446,0.022002040399235961,640,4,2,2,75.5,13.5,75,14,1,4,0
cts_asc_48_iw3:2019-06-20,6b3f7f30-edbb-53f4-b923-135a1e51658b,Havelbrücke Werder (A 10),bridge,cts_asc_48_iw3,2019-06-20,2019-06-20T23:28:11Z,evening_rel48,ASCENDING,IW3,S1A,W2_prae,target,cts_asc_48_iw3,48,41249.828119999998,0.00029906025159999998,0.042037364100000002,0.0079788854349999994,640,287,1.0263050069999999,,,28.199999999999999,0.29999999999999999,1.2310000000000001,0.30099999999999999,cts_asc_48_iw3,0,pre-collapse (healthy),1,2019-06-20,6,2019,summer_Mar-Jul,intermediate,15,0.01358695652173913,8,20.393027130751221,0.025691514299109229,0.20171202696463525,640,1104,46,24,39.733333333333334,64.066666666666663,58,55,8,4,0.73333333333333339
beach_asc_48_iw3:2019-07-02,6b3f7f30-edbb-53f4-b923-135a1e51658b,Havelbrücke Werder (A 10),bridge,beach_asc_48_iw3,2019-07-02,2019-07-02T23:28:12Z,evening_rel48_reference_beach,ASCENDING,IW3,S1A,W2_prae,reference_beach,beach_asc_48_iw3,48,34430.210939999997,0.00022183197139999999,0.033231109379999998,0.01482218597,640,366,1.0305915830000001,,,27.899999999999999,5.4000000000000004,0.38800000000000001,0.042999999999999997,beach_asc_48_iw3,3,pre-collapse (healthy),1,2019-07-02,7,2019,summer_Mar-Jul,distributed,41,0.019825918762088973,14,18.616675502937618,0.031799938252547087,0.0234145141169767,640,2068,47,44,45.975609756097562,31.341463414634145,64,36,14,6,0.85365853658536583
cte_asc_48_iw3:2019-07-02,6b3f7f30-edbb-53f4-b923-135a1e51658b,Havelbrücke Werder (A 10),bridge,cte_asc_48_iw3,2019-07-02,2019-07-02T23:28:12Z,evening_rel48_control_cte,ASCENDING,IW3,S1A,W2_prae,control_cte,cte_asc_48_iw3,48,41287.925779999998,0.00047435870510000001,0.2175210118,0.011216189709999999,640,305,1.0282087150000001,,,27.899999999999999,5.4000000000000004,0.98199999999999998,0.26700000000000002,cte_asc_48_iw3,2,pre-collapse (healthy),1,2019-07-02,7,2019,summer_Mar-Jul,distributed,45,0.0085714285714285719,17,18.029139650665805,0.022597280825128928,0.06534500086976644,640,5250,70,75,37.644444444444446,63.111111111111114,51,51,17,7,0.84444444444444444
ctn_asc_48_iw3:2019-07-02,6b3f7f30-edbb-53f4-b923-135a1e51658b,Havelbrücke Werder (A 10),bridge,ctn_asc_48_iw3,2019-07-02,2019-07-02T23:28:12Z,evening_rel48_control_ctn,ASCENDING,IW3,S1A,W2_prae,control_ctn,ctn_asc_48_iw3,48,49845.875,0.00031537801259999998,0.3740251362,0.007213993464,640,250,1.0963093319999999,,,27.899999999999999,5.4000000000000004,1.0109999999999999,-0.48099999999999998,ctn_asc_48_iw3,1,pre-collapse (healthy),1,2019-07-02,7,2019,summer_Mar-Jul,compact,4,1,1,0.70710678118654757,0.034810126582278486,0.010840196019767177,640,4,2,2,75.5,14.5,75,14,1,4,0
cts_asc_48_iw3:2019-07-02,6b3f7f30-edbb-53f4-b923-135a1e51658b,Havelbrücke Werder (A 10),bridge,cts_asc_48_iw3,2019-07-02,2019-07-02T23:28:12Z,evening_rel48,ASCENDING,IW3,S1A,W2_prae,target,cts_asc_48_iw3,48,40748.128909999999,0.00029395430470000001,0.38215854760000001,0.0089852996170000001,640,312,1.013822617,,,27.899999999999999,5.4000000000000004,1.2450000000000001,-0.0089999999999999993,cts_asc_48_iw3,0,pre-collapse (healthy),1,2019-07-02,7,2019,summer_Mar-Jul,distributed,35,0.024630541871921183,13,16.653417863328006,0.022704440425959413,0.021036155855067098,640,1421,49,29,42.685714285714283,66.457142857142856,58,73,13,6,0.82857142857142851
beach_asc_48_iw3:2019-07-14,6b3f7f30-edbb-53f4-b923-135a1e51658b,Havelbrücke Werder (A 10),bridge,beach_asc_48_iw3,2019-07-14,2019-07-14T23:28:12Z,evening_rel48_reference_beach,ASCENDING,IW3,S1A,W2_prae,reference_beach,beach_asc_48_iw3,48,33205.609380000002,0.0024920040740000001,0.2061174214,0.044986225659999997,640,377,0.99393586639999998,,,28.899999999999999,0.20000000000000001,-0.26600000000000001,-0.034000000000000002,beach_asc_48_iw3,3,pre-collapse (healthy),1,2019-07-14,7,2019,summer_Mar-Jul,distributed,36,0.0083916083916083916,18,22.342797883970366,0.036763556805750892,0.09780958503384117,640,4290,78,55,45.777777777777779,26.388888888888889,65,15,18,6,0.83333333333333337
cte_asc_48_iw3:2019-07-14,6b3f7f30-edbb-53f4-b923-135a1e51658b,Havelbrücke Werder (A 10),bridge,cte_asc_48_iw3,2019-07-14,2019-07-14T23:28:12Z,evening_rel48_control_cte,ASCENDING,IW3,S1A,W2_prae,control_cte,cte_asc_48_iw3,48,39997.820310000003,0.0014936501390000001,0.1460954994,0.01454116311,640,373,0.99608073399999997,,,28.899999999999999,0.20000000000000001,0.246,0.11,cte_asc_48_iw3,2,pre-collapse (healthy),1,2019-07-14,7,2019,summer_Mar-Jul,distributed,37,0.0067567567567567571,19,14.966043864543561,0.032538867981905951,0.13169219116498862,640,5476,74,74,39.108108108108105,57.567567567567565,53,52,19,7,0.81081081081081074
ctn_asc_48_iw3:2019-07-14,6b3f7f30-edbb-53f4-b923-135a1e51658b,Havelbrücke Werder (A 10),bridge,ctn_asc_48_iw3,2019-07-14,2019-07-14T23:28:12Z,evening_rel48_control_ctn,ASCENDING,IW3,S1A,W2_prae,control_ctn,ctn_asc_48_iw3,48,46664.886720000002,0.001122642076,0.044521804900000003,0.016966700550000002,640,358,1.02634673,,,28.899999999999999,0.20000000000000001,0.19600000000000001,0.27300000000000002,ctn_asc_48_iw3,1,pre-collapse (healthy),1,2019-07-14,7,2019,summer_Mar-Jul,compact,3,0.75,1,0.47140452079102874,0.064697609001406475,0.086389242719954476,640,4,2,2,77.333333333333329,12.666666666666666,77,13,1,3,0
cts_asc_48_iw3:2019-07-14,6b3f7f30-edbb-53f4-b923-135a1e51658b,Havelbrücke Werder (A 10),bridge,cts_asc_48_iw3,2019-07-14,2019-07-14T23:28:12Z,evening_rel48,ASCENDING,IW3,S1A,W2_prae,target,cts_asc_48_iw3,48,40540.042970000002,0.001671961276,0.066994868220000003,0.022104715930000001,640,382,1.008645392,,,28.899999999999999,0.20000000000000001,-0.39700000000000002,-0.088999999999999996,cts_asc_48_iw3,0,pre-collapse (healthy),1,2019-07-14,7,2019,summer_Mar-Jul,distributed,66,0.014719000892060661,24,19.567787335152527,0.026850786344457228,0.10958938201268029,640,4484,59,76,42.106060606060609,57.090909090909093,61,52,24,7,0.89393939393939392
beach_asc_48_iw3:2019-07-26,6b3f7f30-edbb-53f4-b923-135a1e51658b,Havelbrücke Werder (A 10),bridge,beach_asc_48_iw3,2019-07-26,2019-07-26T23:28:13Z,evening_rel48_reference_beach,ASCENDING,IW3,S1A,W2_prae,reference_beach,beach_asc_48_iw3,48,35572.59375,0.00015953522230000001,0.055384848270000002,0.0205331035,640,190,1.064786265,,,26.899999999999999,6.7999999999999998,-4.0679999999999996,-0.0089999999999999993,beach_asc_48_iw3,3,pre-collapse (healthy),1,2019-07-26,7,2019,summer_Mar-Jul,distributed,28,0.010405053883314752,13,23.360637571673898,0.0066305003013863769,0.040705299393565597,640,2691,69,39,53,27.071428571428573,73,15,13,4,0.85714285714285721
cte_asc_48_iw3:2019-07-26,6b3f7f30-edbb-53f4-b923-135a1e51658b,Havelbrücke Werder (A 10),bridge,cte_asc_48_iw3,2019-07-26,2019-07-26T23:28:13Z,evening_rel48_control_cte,ASCENDING,IW3,S1A,W2_prae,control_cte,cte_asc_48_iw3,48,42593.796880000002,0.0002695440198,0.00073519389839999999,0.020011963319999999,640,164,1.060729313,,,26.899999999999999,6.7999999999999998,-4.6020000000000003,0.13700000000000001,cte_asc_48_iw3,2,pre-collapse (healthy),1,2019-07-26,7,2019,summer_Mar-Jul,distributed,54,0.0088815789473684209,22,18.737053143272746,0.019872896806792731,0.0092334003613789364,640,6080,80,76,47.333333333333336,62.277777777777779,63,52,22,8,0.85185185185185186
ctn_asc_48_iw3:2019-07-26,6b3f7f30-edbb-53f4-b923-135a1e51658b,Havelbrücke Werder (A 10),bridge,ctn_asc_48_iw3,2019-07-26,2019-07-26T23:28:13Z,evening_rel48_control_ctn,ASCENDING,IW3,S1A,W2_prae,control_ctn,ctn_asc_48_iw3,48,41244.882810000003,0.00026228130449999998,0.02171495557,0.022805271669999998,640,148,0.90713925549999996,,,26.899999999999999,6.7999999999999998,-4.6619999999999999,0.312,ctn_asc_48_iw3,1,pre-collapse (healthy),1,2019-07-26,7,2019,summer_Mar-Jul,distributed,43,0.011212516297262059,20,18.943784075808896,0.0065090112190494881,0.01505402713940715,640,3835,65,59,42.674418604651166,59.395348837209305,57,47,20,6,0.86046511627906974
cts_asc_48_iw3:2019-07-26,6b3f7f30-edbb-53f4-b923-135a1e51658b,Havelbrücke Werder (A 10),bridge,cts_asc_48_iw3,2019-07-26,2019-07-26T23:28:13Z,evening_rel48,ASCENDING,IW3,S1A,W2_prae,target,cts_asc_48_iw3,48,44224.058590000001,0.00028691630000000001,0.027934636919999999,0.02039092965,640,170,1.1003045300000001,,,26.899999999999999,6.7999999999999998,-4.2629999999999999,-0.068000000000000005,cts_asc_48_iw3,0,pre-collapse (healthy),1,2019-07-26,7,2019,summer_Mar-Jul,distributed,43,0.0084214649432040739,17,23.79109549782185,0.0067052628135936933,0.02776304369674272,640,5106,69,74,45.930232558139537,57.813953488372093,69,52,17,5,0.88372093023255816
beach_asc_48_iw3:2019-08-07,6b3f7f30-edbb-53f4-b923-135a1e51658b,Havelbrücke Werder (A 10),bridge,beach_asc_48_iw3,2019-08-07,2019-08-07T23:28:14Z,evening_rel48_reference_beach,ASCENDING,IW3,S1A,W2_prae,reference_beach,beach_asc_48_iw3,48,35997.710939999997,0.00077487097590000001,0.015742802989999999,0.039053346959999999,640,210,1.0775112,,,26.600000000000001,10.4,3.2480000000000002,-0.11899999999999999,beach_asc_48_iw3,3,pre-collapse (healthy),1,2019-08-07,8,2019,shoulder_Aug-Sep,distributed,25,0.0075987841945288756,10,21.752976807784261,0.0052320675105485236,0.097904215298083672,640,3290,70,47,39.960000000000001,25.52,59,15,10,5,0.80000000000000004
cte_asc_48_iw3:2019-08-07,6b3f7f30-edbb-53f4-b923-135a1e51658b,Havelbrücke Werder (A 10),bridge,cte_asc_48_iw3,2019-08-07,2019-08-07T23:28:14Z,evening_rel48_control_cte,ASCENDING,IW3,S1A,W2_prae,control_cte,cte_asc_48_iw3,48,48927.035159999999,8.1669510109999997e-05,0.017572889099999999,0.021659977729999998,640,186,1.2184483230000001,,,26.600000000000001,10.4,2.9119999999999999,0.055,cte_asc_48_iw3,2,pre-collapse (healthy),1,2019-08-07,8,2019,shoulder_Aug-Sep,compact,4,1,1,0.70710678118654757,0.013713080168776372,0.021414762754402371,640,4,2,2,77.5,17.5,77,17,1,4,0
ctn_asc_48_iw3:2019-08-07,6b3f7f30-edbb-53f4-b923-135a1e51658b,Havelbrücke Werder (A 10),bridge,ctn_asc_48_iw3,2019-08-07,2019-08-07T23:28:14Z,evening_rel48_control_ctn,ASCENDING,IW3,S1A,W2_prae,control_ctn,ctn_asc_48_iw3,48,47536.90625,4.0630246080000001e-05,0.022267051039999999,0.016614323479999998,640,168,1.0455259130000001,,,26.600000000000001,10.4,2.8610000000000002,0.20699999999999999,ctn_asc_48_iw3,1,pre-collapse (healthy),1,2019-08-07,8,2019,shoulder_Aug-Sep,compact,4,1,1,0.70710678118654757,0.0038677918424753865,0.0224373651963258,640,4,2,2,71.5,13.5,71,13,1,4,0
cts_asc_48_iw3:2019-08-07,6b3f7f30-edbb-53f4-b923-135a1e51658b,Havelbrücke Werder (A 10),bridge,cts_asc_48_iw3,2019-08-07,2019-08-07T23:28:14Z,evening_rel48,ASCENDING,IW3,S1A,W2_prae,target,cts_asc_48_iw3,48,41224.671880000002,0.00045436905930000001,0.0090402588249999995,0.02854180336,640,195,1.0256791139999999,,,26.600000000000001,10.4,3.165,-0.20699999999999999,cts_asc_48_iw3,0,pre-collapse (healthy),1,2019-08-07,8,2019,shoulder_Aug-Sep,intermediate,22,0.0056410256410256415,12,18.390843931039914,0.030878404296125813,0.10679561952694901,640,3900,52,75,37.090909090909093,56.18181818181818,55,52,12,6,0.72727272727272729
beach_asc_48_iw3:2019-08-19,6b3f7f30-edbb-53f4-b923-135a1e51658b,Havelbrücke Werder (A 10),bridge,beach_asc_48_iw3,2019-08-19,2019-08-19T23:28:15Z,evening_rel48_reference_beach,ASCENDING,IW3,S1A,W2_prae,reference_beach,beach_asc_48_iw3,48,34921.238279999998,0.00195737998,0.044469241049999997,0.040947183970000002,640,357,1.0452893919999999,,,28,8.6999999999999993,0.21099999999999999,0.056000000000000001,beach_asc_48_iw3,3,pre-collapse (healthy),1,2019-08-19,8,2019,shoulder_Aug-Sep,intermediate,23,0.019166666666666665,10,22.576063406657035,0.036079006910047083,0.058256272322500989,640,1200,48,25,49.521739130434781,30.434782608695652,65,14,10,4,0.82608695652173914
cte_asc_48_iw3:2019-08-19,6b3f7f30-edbb-53f4-b923-135a1e51658b,Havelbrücke Werder (A 10),bridge,cte_asc_48_iw3,2019-08-19,2019-08-19T23:28:15Z,evening_rel48_control_cte,ASCENDING,IW3,S1A,W2_prae,control_cte,cte_asc_48_iw3,48,41156.636720000002,0.00085532624509999998,0.038498997690000002,0.036065224559999998,640,365,1.024939174,,,28,8.6999999999999993,-0.13,0.26300000000000001,cte_asc_48_iw3,2,pre-collapse (healthy),1,2019-08-19,8,2019,shoulder_Aug-Sep,intermediate,17,0.0047860360360360357,9,16.596264222986132,0.040125754943327548,0.070778999809860188,640,3552,48,74,42.235294117647058,62.705882352941174,54,51,9,4,0.76470588235294112
ctn_asc_48_iw3:2019-08-19,6b3f7f30-edbb-53f4-b923-135a1e51658b,Havelbrücke Werder (A 10),bridge,ctn_asc_48_iw3,2019-08-19,2019-08-19T23:28:15Z,evening_rel48_control_ctn,ASCENDING,IW3,S1A,W2_prae,control_ctn,ctn_asc_48_iw3,48,49423.980470000002,0.00041605011210000002,0.012390921819999999,0.031731374559999997,640,334,1.087030191,,,28,8.6999999999999993,-0.10199999999999999,-0.47799999999999998,ctn_asc_48_iw3,1,pre-collapse (healthy),1,2019-08-19,8,2019,shoulder_Aug-Sep,compact,5,0.0044802867383512543,2,9.1607859924790311,0.046132208157524619,0.032656406551247769,640,1116,31,36,71.599999999999994,21.399999999999999,77,14,2,4,0.19999999999999996
cts_asc_48_iw3:2019-08-19,6b3f7f30-edbb-53f4-b923-135a1e51658b,Havelbrücke Werder (A 10),bridge,cts_asc_48_iw3,2019-08-19,2019-08-19T23:28:15Z,evening_rel48,ASCENDING,IW3,S1A,W2_prae,target,cts_asc_48_iw3,48,41390.558590000001,0.001249650144,0.037069357929999998,0.040634047239999999,640,377,1.0298064119999999,,,28,8.6999999999999993,0.114,-0.010999999999999999,cts_asc_48_iw3,0,pre-collapse (healthy),1,2019-08-19,8,2019,shoulder_Aug-Sep,intermediate,24,0.0090909090909090905,10,19.876746953272928,0.036626816690107832,0.045357545992265234,640,2640,48,55,46,65.041666666666671,61,52,10,5,0.79166666666666663
beach_asc_48_iw3:2019-08-31,6b3f7f30-edbb-53f4-b923-135a1e51658b,Havelbrücke Werder (A 10),bridge,beach_asc_48_iw3,2019-08-31,2019-08-31T23:28:15Z,evening_rel48_reference_beach,ASCENDING,IW3,S1A,W2_prae,reference_beach,beach_asc_48_iw3,48,34648.480470000002,0.00010620239479999999,0.20863454040000001,0.02156491764,640,397,1.0371249950000001,,,27.800000000000001,6,-0.39200000000000002,0.074999999999999997,beach_asc_48_iw3,3,pre-collapse (healthy),1,2019-08-31,8,2019,shoulder_Aug-Sep,distributed,30,0.017626321974148061,12,15.40742966522609,0.037130801687763712,0.02502817299172444,640,1702,46,37,46.766666666666666,28.633333333333333,59,38,12,4,0.8666666666666667
cte_asc_48_iw3:2019-08-31,6b3f7f30-edbb-53f4-b923-135a1e51658b,Havelbrücke Werder (A 10),bridge,cte_asc_48_iw3,2019-08-31,2019-08-31T23:28:15Z,evening_rel48_control_cte,ASCENDING,IW3,S1A,W2_prae,control_cte,cte_asc_48_iw3,48,40156.726560000003,0.00099455669990000011,0.089975848789999993,0.015106512230000001,640,355,1.0000380360000001,,,27.800000000000001,6,0.13,0.28699999999999998,cte_asc_48_iw3,2,pre-collapse (healthy),1,2019-08-31,8,2019,shoulder_Aug-Sep,distributed,26,0.013258541560428353,13,11.841657488333546,0.032294709509899384,0.029891094002021536,640,1961,53,37,36,65.615384615384613,47,70,13,5,0.80769230769230771
ctn_asc_48_iw3:2019-08-31,6b3f7f30-edbb-53f4-b923-135a1e51658b,Havelbrücke Werder (A 10),bridge,ctn_asc_48_iw3,2019-08-31,2019-08-31T23:28:15Z,evening_rel48_control_ctn,ASCENDING,IW3,S1A,W2_prae,control_ctn,ctn_asc_48_iw3,48,48960.660159999999,0.00069599814010000004,0.1044118851,0.023686641830000001,640,344,1.0768399319999999,,,27.800000000000001,6,0.153,-0.44500000000000001,ctn_asc_48_iw3,1,pre-collapse (healthy),1,2019-08-31,8,2019,shoulder_Aug-Sep,compact,4,1,1,0.70710678118654757,0.057313642756680737,0.021737674139241752,640,4,2,2,77.5,14.5,78,15,1,4,0
cts_asc_48_iw3:2019-08-31,6b3f7f30-edbb-53f4-b923-135a1e51658b,Havelbrücke Werder (A 10),bridge,cts_asc_48_iw3,2019-08-31,2019-08-31T23:28:15Z,evening_rel48,ASCENDING,IW3,S1A,W2_prae,target,cts_asc_48_iw3,48,40608.691409999999,0.00057338725310000001,0.096388250590000002,0.0098414793609999992,640,368,1.0103533810000001,,,27.800000000000001,6,0.42099999999999999,0.0060000000000000001,cts_asc_48_iw3,0,pre-collapse (healthy),1,2019-08-31,8,2019,shoulder_Aug-Sep,distributed,44,0.014564713670969877,18,27.749246136733607,0.03059071729957806,0.032152091748216489,640,3021,53,57,42.863636363636367,63.045454545454547,16,70,18,5,0.88636363636363635
beach_asc_48_iw3:2019-09-06,6b3f7f30-edbb-53f4-b923-135a1e51658b,Havelbrücke Werder (A 10),bridge,beach_asc_48_iw3,2019-09-06,2019-09-06T23:27:34Z,evening_rel48_reference_beach,ASCENDING,IW3,S1B,W2_prae,reference_beach,beach_asc_48_iw3,48,31938.900389999999,0.001288318075,0.066677317020000001,0.024866556750000001,640,336,0.95601975770000003,,,28.600000000000001,0.40000000000000002,0.373,0.050999999999999997,beach_asc_48_iw3,3,pre-collapse (healthy),1,2019-09-06,9,2019,shoulder_Aug-Sep,distributed,35,0.016603415559772294,17,25.322991086185304,0.029415310427968657,0.025215370747128367,640,2108,62,34,42.285714285714285,27.028571428571428,64,14,17,5,0.85714285714285721
cte_asc_48_iw3:2019-09-06,6b3f7f30-edbb-53f4-b923-135a1e51658b,Havelbrücke Werder (A 10),bridge,cte_asc_48_iw3,2019-09-06,2019-09-06T23:27:34Z,evening_rel48_control_cte,ASCENDING,IW3,S1B,W2_prae,control_cte,cte_asc_48_iw3,48,37992.578119999998,0.001264259103,0.106175147,0.030146131289999999,640,345,0.94614343509999999,,,28.600000000000001,0.40000000000000002,0.012999999999999999,0.27900000000000003,cte_asc_48_iw3,2,pre-collapse (healthy),1,2019-09-06,9,2019,shoulder_Aug-Sep,intermediate,23,0.0043776170536733916,11,14.299853926045474,0.037179722375099374,0.040286373746344507,640,5254,71,74,38.956521739130437,53.695652173913047,53,51,11,4,0.82608695652173914
ctn_asc_48_iw3:2019-09-06,6b3f7f30-edbb-53f4-b923-135a1e51658b,Havelbrücke Werder (A 10),bridge,ctn_asc_48_iw3,2019-09-06,2019-09-06T23:27:34Z,evening_rel48_control_ctn,ASCENDING,IW3,S1B,W2_prae,control_ctn,ctn_asc_48_iw3,48,43736.488279999998,0.00073129963130000005,0.039668697859999998,0.022874515500000001,640,328,0.96193958410000002,,,28.600000000000001,0.40000000000000002,0.032000000000000001,0.501,ctn_asc_48_iw3,1,pre-collapse (healthy),1,2019-09-06,9,2019,shoulder_Aug-Sep,compact,5,0.004340277777777778,2,9.1934759476489578,0.044163150492264415,0.099321900234110791,640,1152,32,36,71.400000000000006,19.399999999999999,78,13,2,4,0.19999999999999996
cts_asc_48_iw3:2019-09-06,6b3f7f30-edbb-53f4-b923-135a1e51658b,Havelbrücke Werder (A 10),bridge,cts_asc_48_iw3,2019-09-06,2019-09-06T23:27:34Z,evening_rel48,ASCENDING,IW3,S1B,W2_prae,target,cts_asc_48_iw3,48,38330.714840000001,0.0013482968790000001,0.1018854901,0.029123909770000001,640,360,0.95367681130000004,,,28.600000000000001,0.40000000000000002,0.27000000000000002,0.0070000000000000001,cts_asc_48_iw3,0,pre-collapse (healthy),1,2019-09-06,9,2019,shoulder_Aug-Sep,distributed,35,0.010080645161290322,16,23.669079114373016,0.030299377134820178,0.043673117293641463,640,3472,62,56,37.828571428571429,59.285714285714285,60,51,16,6,0.82857142857142851
beach_asc_48_iw3:2019-09-12,6b3f7f30-edbb-53f4-b923-135a1e51658b,Havelbrücke Werder (A 10),bridge,beach_asc_48_iw3,2019-09-12,2019-09-12T23:28:16Z,evening_rel48_reference_beach,ASCENDING,IW3,S1A,W2_prae,reference_beach,beach_asc_48_iw3,48,33322.429689999997,0.0011317571629999999,0.038335978979999998,0.019109081480000002,640,372,0.99743262190000004,,,27.699999999999999,6.0999999999999996,-0.080000000000000002,0.10299999999999999,beach_asc_48_iw3,3,pre-collapse (healthy),1,2019-09-12,9,2019,shoulder_Aug-Sep,distributed,38,0.011753789050417568,17,13.670159790509436,0.031978680879413718,0.10907868132891409,640,3233,61,53,55,28.289473684210527,64,18,17,6,0.84210526315789469
cte_asc_48_iw3:2019-09-12,6b3f7f30-edbb-53f4-b923-135a1e51658b,Havelbrücke Werder (A 10),bridge,cte_asc_48_iw3,2019-09-12,2019-09-12T23:28:16Z,evening_rel48_control_cte,ASCENDING,IW3,S1A,W2_prae,control_cte,cte_asc_48_iw3,48,39789.761720000002,0.00063638121359999998,0.044419772920000003,0.014886368069999999,640,338,0.99089937279999996,,,27.699999999999999,6.0999999999999996,-0.47599999999999998,-0.59399999999999997,cte_asc_48_iw3,2,pre-collapse (healthy),1,2019-09-12,9,2019,shoulder_Aug-Sep,distributed,50,0.012578616352201259,23,19.031804959067859,0.020140646976090016,0.025196821254120504,640,3975,53,75,34.799999999999997,58.640000000000001,27,76,23,6,0.88
ctn_asc_48_iw3:2019-09-12,6b3f7f30-edbb-53f4-b923-135a1e51658b,Havelbrücke Werder (A 10),bridge,ctn_asc_48_iw3,2019-09-12,2019-09-12T23:28:16Z,evening_rel48_control_ctn,ASCENDING,IW3,S1A,W2_prae,control_ctn,ctn_asc_48_iw3,48,45078.238279999998,0.00095751957270000005,0.058753199880000002,0.017273433509999998,640,381,0.99145001089999996,,,27.699999999999999,6.0999999999999996,-0.44900000000000001,-0.35299999999999998,ctn_asc_48_iw3,1,pre-collapse (healthy),1,2019-09-12,9,2019,shoulder_Aug-Sep,compact,4,1,1,0.70710678118654757,0.057313642756680737,0.029138786837459678,640,4,2,2,77.5,14.5,77,14,1,4,0
cts_asc_48_iw3:2019-09-12,6b3f7f30-edbb-53f4-b923-135a1e51658b,Havelbrücke Werder (A 10),bridge,cts_asc_48_iw3,2019-09-12,2019-09-12T23:28:16Z,evening_rel48,ASCENDING,IW3,S1A,W2_prae,target,cts_asc_48_iw3,48,40334.511720000002,0.0004050478165,0.0484531261,0.0077297957610000002,640,396,1.0035317290000001,,,27.699999999999999,6.0999999999999996,-0.17299999999999999,0.066000000000000003,cts_asc_48_iw3,0,pre-collapse (healthy),1,2019-09-12,9,2019,shoulder_Aug-Sep,distributed,51,0.013157894736842105,22,12.357017690268812,0.031769669893273768,0.024409641634600836,640,3876,51,76,47.666666666666664,54.235294117647058,60,55,22,6,0.88235294117647056
beach_asc_48_iw3:2019-09-24,6b3f7f30-edbb-53f4-b923-135a1e51658b,Havelbrücke Werder (A 10),bridge,beach_asc_48_iw3,2019-09-24,2019-09-24T23:28:16Z,evening_rel48_reference_beach,ASCENDING,IW3,S1A,W2_prae,reference_beach,beach_asc_48_iw3,48,33177.089840000001,0.0004411012342,0.057718317960000001,0.01234357338,640,382,0.99308219779999996,,,26,0.20000000000000001,-0.375,-0.053999999999999999,beach_asc_48_iw3,3,pre-collapse (healthy),1,2019-09-24,9,2019,shoulder_Aug-Sep,distributed,43,0.0099721706864564011,23,23.355345150661854,0.028750858600726129,0.0066433727036294861,640,4312,77,56,47.255813953488371,30.186046511627907,65,15,23,7,0.83720930232558133
cte_asc_48_iw3:2019-09-24,6b3f7f30-edbb-53f4-b923-135a1e51658b,Havelbrücke Werder (A 10),bridge,cte_asc_48_iw3,2019-09-24,2019-09-24T23:28:16Z,evening_rel48_control_cte,ASCENDING,IW3,S1A,W2_prae,control_cte,cte_asc_48_iw3,48,38004.003909999999,0.00061155681030000003,0.01016975939,0.019670987500000001,640,296,0.94642797560000003,,,26,0.20000000000000001,-0.83999999999999997,0.078,cte_asc_48_iw3,2,pre-collapse (healthy),1,2019-09-24,9,2019,shoulder_Aug-Sep,distributed,33,0.0091666666666666667,19,23.323669781672038,0.024549290372075181,0.010044298258722084,640,3600,48,75,41.393939393939391,57.666666666666664,57,75,19,5,0.84848484848484851
ctn_asc_48_iw3:2019-09-24,6b3f7f30-edbb-53f4-b923-135a1e51658b,Havelbrücke Werder (A 10),bridge,ctn_asc_48_iw3,2019-09-24,2019-09-24T23:28:16Z,evening_rel48_control_ctn,ASCENDING,IW3,S1A,W2_prae,control_ctn,ctn_asc_48_iw3,48,42587.140619999998,0.00050933635789999999,0.038466643539999998,0.020597532389999999,640,297,0.93666085109999997,,,26,0.20000000000000001,-0.88700000000000001,0.23000000000000001,ctn_asc_48_iw3,1,pre-collapse (healthy),1,2019-09-24,9,2019,shoulder_Aug-Sep,compact,2,1,1,0.5,0.054852320675105481,0.94319450335806521,640,2,1,2,79,13.5,79,13,1,2,0
cts_asc_48_iw3:2019-09-24,6b3f7f30-edbb-53f4-b923-135a1e51658b,Havelbrücke Werder (A 10),bridge,cts_asc_48_iw3,2019-09-24,2019-09-24T23:28:16Z,evening_rel48,ASCENDING,IW3,S1A,W2_prae,target,cts_asc_48_iw3,48,39564.375,0.00057411578020000003,0.056450881059999999,0.018430035559999999,640,375,0.98437055360000003,,,26,0.20000000000000001,-0.53300000000000003,-0.18099999999999999,cts_asc_48_iw3,0,pre-collapse (healthy),1,2019-09-24,9,2019,shoulder_Aug-Sep,distributed,52,0.010505050505050505,20,15.738478457017749,0.024450935843340908,0.036597766657881121,640,4950,66,75,39.384615384615387,59.884615384615387,35,75,20,8,0.84615384615384615
beach_asc_48_iw3:2019-10-06,6b3f7f30-edbb-53f4-b923-135a1e51658b,Havelbrücke Werder (A 10),bridge,beach_asc_48_iw3,2019-10-06,2019-10-06T23:28:16Z,evening_rel48_reference_beach,ASCENDING,IW3,S1A,W2_prae,reference_beach,beach_asc_48_iw3,48,32531.314450000002,0.00053687044419999997,0.03818039224,0.017072604969999999,640,258,0.97375235159999995,,,27.199999999999999,0.69999999999999996,-1.3919999999999999,-0.032000000000000001,beach_asc_48_iw3,3,pre-collapse (healthy),1,2019-10-06,10,2019,winter_Oct-Feb,distributed,38,0.010281385281385282,18,23.136413481973914,0.016655562958027979,0.066604545818515645,640,3696,66,56,47,26.631578947368421,67,15,18,5,0.86842105263157898
cte_asc_48_iw3:2019-10-06,6b3f7f30-edbb-53f4-b923-135a1e51658b,Havelbrücke Werder (A 10),bridge,cte_asc_48_iw3,2019-10-06,2019-10-06T23:28:16Z,evening_rel48_control_cte,ASCENDING,IW3,S1A,W2_prae,control_cte,cte_asc_48_iw3,48,38369.910159999999,0.00084751436949999999,0.040152158590000001,0.01826394349,640,203,0.95554027630000005,,,27.199999999999999,0.69999999999999996,-1.893,0.095000000000000001,cte_asc_48_iw3,2,pre-collapse (healthy),1,2019-10-06,10,2019,winter_Oct-Feb,distributed,26,0.0066666666666666671,14,14.366761853453484,0.01584983230552851,0.00065391614348988517,640,3900,50,78,43.46153846153846,56.807692307692307,57,52,14,5,0.80769230769230771
ctn_asc_48_iw3:2019-10-06,6b3f7f30-edbb-53f4-b923-135a1e51658b,Havelbrücke Werder (A 10),bridge,ctn_asc_48_iw3,2019-10-06,2019-10-06T23:28:16Z,evening_rel48_control_ctn,ASCENDING,IW3,S1A,W2_prae,control_ctn,ctn_asc_48_iw3,48,38591.550779999998,0.00063691323160000005,0.049492530520000001,0.013750705869999999,640,179,0.84878191569999994,,,27.199999999999999,0.69999999999999996,-1.9370000000000001,0.254,ctn_asc_48_iw3,1,pre-collapse (healthy),1,2019-10-06,10,2019,winter_Oct-Feb,distributed,29,0.0063834470614131632,19,16.030181106338802,0.0077113342063145655,0.010133348576339605,640,4543,77,59,37.551724137931032,56.724137931034484,51,48,19,5,0.82758620689655171
cts_asc_48_iw3:2019-10-06,6b3f7f30-edbb-53f4-b923-135a1e51658b,Havelbrücke Werder (A 10),bridge,cts_asc_48_iw3,2019-10-06,2019-10-06T23:28:16Z,evening_rel48,ASCENDING,IW3,S1A,W2_prae,target,cts_asc_48_iw3,48,39799.410159999999,0.00087538827210000003,0.02729382738,0.019311163570000001,640,255,0.99021828119999999,,,27.199999999999999,0.69999999999999996,-1.6040000000000001,-0.16700000000000001,cts_asc_48_iw3,0,pre-collapse (healthy),1,2019-10-06,10,2019,winter_Oct-Feb,distributed,30,0.0082644628099173556,17,13.895242990958375,0.014158462259728085,0.080806180082701115,640,3630,66,55,41.633333333333333,61.899999999999999,37,75,17,5,0.83333333333333337
beach_asc_48_iw3:2019-10-18,6b3f7f30-edbb-53f4-b923-135a1e51658b,Havelbrücke Werder (A 10),bridge,beach_asc_48_iw3,2019-10-18,2019-10-18T23:28:16Z,evening_rel48_reference_beach,ASCENDING,IW3,S1A,W2_prae,reference_beach,beach_asc_48_iw3,48,31796.304690000001,4.2734358430000003e-05,0.15760861340000001,0.0062965773980000004,640,309,0.95175147339999999,,,26.399999999999999,0.59999999999999998,-1.0149999999999999,0.076999999999999999,beach_asc_48_iw3,3,pre-collapse (healthy),1,2019-10-18,10,2019,winter_Oct-Feb,distributed,47,0.018007662835249041,22,29.617028919050124,0.018553430888469939,0.11316692302870994,640,2610,58,45,51.127659574468083,27.638297872340427,22,33,22,5,0.8936170212765957
cte_asc_48_iw3:2019-10-18,6b3f7f30-edbb-53f4-b923-135a1e51658b,Havelbrücke Werder (A 10),bridge,cte_asc_48_iw3,2019-10-18,2019-10-18T23:28:16Z,evening_rel48_control_cte,ASCENDING,IW3,S1A,W2_prae,control_cte,cte_asc_48_iw3,48,38530.105470000002,4.7437722970000002e-05,0.071713685989999998,0.0039412574839999999,640,214,0.95952968029999997,,,26.399999999999999,0.59999999999999998,-1.4059999999999999,0.36299999999999999,cte_asc_48_iw3,2,pre-collapse (healthy),1,2019-10-18,10,2019,winter_Oct-Feb,distributed,46,0.01036036036036036,19,17.461651203707067,0.015838072524918971,0.081429996508873462,640,4440,60,74,39.391304347826086,60.130434782608695,50,74,19,8,0.82608695652173914
ctn_asc_48_iw3:2019-10-18,6b3f7f30-edbb-53f4-b923-135a1e51658b,Havelbrücke Werder (A 10),bridge,ctn_asc_48_iw3,2019-10-18,2019-10-18T23:28:16Z,evening_rel48_control_ctn,ASCENDING,IW3,S1A,W2_prae,control_ctn,ctn_asc_48_iw3,48,43127.066409999999,8.9065826610000001e-05,0.040921971199999997,0.0050973165779999996,640,254,0.94853596969999998,,,26.399999999999999,0.59999999999999998,-1.3759999999999999,-0.36699999999999999,ctn_asc_48_iw3,1,pre-collapse (healthy),1,2019-10-18,10,2019,winter_Oct-Feb,compact,2,1,1,0.5,0.041490857946554147,0.98735103955157566,640,2,1,2,79,14.5,79,14,1,2,0
cts_asc_48_iw3:2019-10-18,6b3f7f30-edbb-53f4-b923-135a1e51658b,Havelbrücke Werder (A 10),bridge,cts_asc_48_iw3,2019-10-18,2019-10-18T23:28:16Z,evening_rel48,ASCENDING,IW3,S1A,W2_prae,target,cts_asc_48_iw3,48,39350.265619999998,4.2285631929999999e-05,0.061877243220000003,0.0044060498479999996,640,286,0.97904346419999999,,,26.399999999999999,0.59999999999999998,-1.117,0.055,cts_asc_48_iw3,0,pre-collapse (healthy),1,2019-10-18,10,2019,winter_Oct-Feb,distributed,43,0.0096846846846846846,20,35.817826731057728,0.021587675399862619,0.11775209479167904,640,4440,60,74,52.302325581395351,56.813953488372093,19,70,20,5,0.88372093023255816
beach_asc_48_iw3:2019-10-30,6b3f7f30-edbb-53f4-b923-135a1e51658b,Havelbrücke Werder (A 10),bridge,beach_asc_48_iw3,2019-10-30,2019-10-30T23:28:16Z,evening_rel48_reference_beach,ASCENDING,IW3,S1A,W2_prae,reference_beach,beach_asc_48_iw3,48,33285.621090000001,0.001775613287,0.1638426781,0.026663107799999999,640,331,0.99633083870000005,,,27.100000000000001,1.8,-0.73899999999999999,0.158,beach_asc_48_iw3,3,pre-collapse (healthy),1,2019-10-30,10,2019,winter_Oct-Feb,intermediate,24,0.0085227272727272721,12,24.384435495710054,0.027426160337552741,0.07448891070636196,640,2816,64,44,45.875,28.041666666666668,22,33,12,4,0.83333333333333337
cte_asc_48_iw3:2019-10-30,6b3f7f30-edbb-53f4-b923-135a1e51658b,Havelbrücke Werder (A 10),bridge,cte_asc_48_iw3,2019-10-30,2019-10-30T23:28:16Z,evening_rel48_control_cte,ASCENDING,IW3,S1A,W2_prae,control_cte,cte_asc_48_iw3,48,39072.074220000002,0.00057808606649999996,0.012794708829999999,0.0084406342359999997,640,311,0.97302653149999996,,,27.100000000000001,1.8,-0.055,-0.47399999999999998,cte_asc_48_iw3,2,pre-collapse (healthy),1,2019-10-30,10,2019,winter_Oct-Feb,distributed,26,0.006036684467146506,14,31.878560249018395,0.032294709509899384,0.067567000494645993,640,4307,59,73,39.692307692307693,62.384615384615387,9,71,14,4,0.84615384615384615
ctn_asc_48_iw3:2019-10-30,6b3f7f30-edbb-53f4-b923-135a1e51658b,Havelbrücke Werder (A 10),bridge,ctn_asc_48_iw3,2019-10-30,2019-10-30T23:28:16Z,evening_rel48_control_ctn,ASCENDING,IW3,S1A,W2_prae,control_ctn,ctn_asc_48_iw3,48,47359.261720000002,0.00078922481039999997,0.086841091509999996,0.01436413731,640,351,1.0416188019999999,,,27.100000000000001,1.8,-0.10000000000000001,-0.25900000000000001,ctn_asc_48_iw3,1,pre-collapse (healthy),1,2019-10-30,10,2019,winter_Oct-Feb,compact,5,0.83333333333333337,1,0.4472135954999627,0.063291139240506333,0.052621781585360822,640,6,2,3,77.400000000000006,14.199999999999999,77,14,1,5,0
cts_asc_48_iw3:2019-10-30,6b3f7f30-edbb-53f4-b923-135a1e51658b,Havelbrücke Werder (A 10),bridge,cts_asc_48_iw3,2019-10-30,2019-10-30T23:28:16Z,evening_rel48,ASCENDING,IW3,S1A,W2_prae,target,cts_asc_48_iw3,48,40407.925779999998,0.00060361891519999998,0.1451197118,0.0052174972370000001,640,307,1.005358287,,,27.100000000000001,1.8,-0.86499999999999999,0.13,cts_asc_48_iw3,0,pre-collapse (healthy),1,2019-10-30,10,2019,winter_Oct-Feb,distributed,28,0.0062222222222222219,13,17.812086013807178,0.028028933092224234,0.075394246179488991,640,4500,60,75,45.714285714285715,62.214285714285715,62,55,13,5,0.8214285714285714
beach_asc_48_iw3:2019-11-11,6b3f7f30-edbb-53f4-b923-135a1e51658b,Havelbrücke Werder (A 10),bridge,beach_asc_48_iw3,2019-11-11,2019-11-11T23:28:16Z,evening_rel48_reference_beach,ASCENDING,IW3,S1A,W2_prae,reference_beach,beach_asc_48_iw3,48,35798.898439999997,0.00038939909430000001,0.53127259019999995,0.011149164289999999,640,372,1.0715601910000001,,,24.5,0.10000000000000001,-0.39700000000000002,0.22700000000000001,beach_asc_48_iw3,3,pre-collapse (healthy),1,2019-11-11,11,2019,winter_Oct-Feb,distributed,45,0.020454545454545454,19,25.895535627441628,0.028410689170182843,0.009929295314338173,640,2200,50,44,46.755555555555553,30.31111111111111,21,33,19,7,0.84444444444444444
cte_asc_48_iw3:2019-11-11,6b3f7f30-edbb-53f4-b923-135a1e51658b,Havelbrücke Werder (A 10),bridge,cte_asc_48_iw3,2019-11-11,2019-11-11T23:28:16Z,evening_rel48_control_cte,ASCENDING,IW3,S1A,W2_prae,control_cte,cte_asc_48_iw3,48,42566.390619999998,0.0004447505344,0.098319277169999997,0.01728798263,640,304,1.060046805,,,24.5,0.10000000000000001,-0.82199999999999995,-0.376,cte_asc_48_iw3,2,pre-collapse (healthy),1,2019-11-11,11,2019,winter_Oct-Feb,distributed,29,0.0074358974358974357,17,32.70932770489275,0.028517386876182164,0.064770727250779633,640,3900,52,75,42.689655172413794,62.896551724137929,11,71,17,3,0.89655172413793105
ctn_asc_48_iw3:2019-11-11,6b3f7f30-edbb-53f4-b923-135a1e51658b,Havelbrücke Werder (A 10),bridge,ctn_asc_48_iw3,2019-11-11,2019-11-11T23:28:16Z,evening_rel48_control_ctn,ASCENDING,IW3,S1A,W2_prae,control_ctn,ctn_asc_48_iw3,48,47949.324220000002,0.00045716369640000002,0.1086384952,0.01050455961,640,312,1.0545966259999999,,,24.5,0.10000000000000001,-0.86699999999999999,-0.193,ctn_asc_48_iw3,1,pre-collapse (healthy),1,2019-11-11,11,2019,winter_Oct-Feb,compact,3,1,1,0,0.044069385841537738,0.94050467269933569,640,3,1,3,79,14,79,14,1,3,0
cts_asc_48_iw3:2019-11-11,6b3f7f30-edbb-53f4-b923-135a1e51658b,Havelbrücke Werder (A 10),bridge,cts_asc_48_iw3,2019-11-11,2019-11-11T23:28:16Z,evening_rel48,ASCENDING,IW3,S1A,W2_prae,target,cts_asc_48_iw3,48,43900.410159999999,0.00057543930600000004,0.5156649351,0.01944253407,640,348,1.0922520840000001,,,24.5,0.10000000000000001,-0.59099999999999997,0.19900000000000001,cts_asc_48_iw3,0,pre-collapse (healthy),1,2019-11-11,11,2019,winter_Oct-Feb,distributed,58,0.015283267457180501,24,20.195197861047291,0.026359183277559529,0.013790911837871374,640,3795,69,55,42.810344827586206,61.293103448275865,62,55,24,10,0.82758620689655171
beach_asc_48_iw3:2019-11-23,6b3f7f30-edbb-53f4-b923-135a1e51658b,Havelbrücke Werder (A 10),bridge,beach_asc_48_iw3,2019-11-23,2019-11-23T23:28:16Z,evening_rel48_reference_beach,ASCENDING,IW3,S1A,W2_prae,reference_beach,beach_asc_48_iw3,48,32553.320309999999,0.0004088095739,0.054561082269999998,0.016679979859999999,640,293,0.97441104789999999,,,22.199999999999999,0.10000000000000001,1.117,-0.069000000000000006,beach_asc_48_iw3,3,pre-collapse (healthy),1,2019-11-23,11,2019,winter_Oct-Feb,distributed,41,0.025932953826691967,20,23.205173375479866,0.022743645157970567,0.034546507807293188,640,1581,51,31,44.365853658536587,28.829268292682926,63,15,20,6,0.85365853658536583
cte_asc_48_iw3:2019-11-23,6b3f7f30-edbb-53f4-b923-135a1e51658b,Havelbrücke Werder (A 10),bridge,cte_asc_48_iw3,2019-11-23,2019-11-23T23:28:16Z,evening_rel48_control_cte,ASCENDING,IW3,S1A,W2_prae,control_cte,cte_asc_48_iw3,48,41054.378909999999,7.9156699940000002e-05,0.028594266619999999,0.0065838159059999997,640,347,1.022392609,,,22.199999999999999,0.10000000000000001,0.78100000000000003,0.088999999999999996,cte_asc_48_iw3,2,pre-collapse (healthy),1,2019-11-23,11,2019,winter_Oct-Feb,intermediate,18,0.003335804299481097,10,51.667413375727179,0.029223316143147365,0.11423082503636039,640,5396,71,76,39.666666666666664,51.277777777777779,46,0,10,3,0.83333333333333337
ctn_asc_48_iw3:2019-11-23,6b3f7f30-edbb-53f4-b923-135a1e51658b,Havelbrücke Werder (A 10),bridge,ctn_asc_48_iw3,2019-11-23,2019-11-23T23:28:16Z,evening_rel48_control_ctn,ASCENDING,IW3,S1A,W2_prae,control_ctn,ctn_asc_48_iw3,48,47521.734380000002,9.3520073280000001e-05,0.043234411629999997,0.0051260995679999997,640,337,1.0451922229999999,,,22.199999999999999,0.10000000000000001,0.72899999999999998,0.24199999999999999,ctn_asc_48_iw3,1,pre-collapse (healthy),1,2019-11-23,11,2019,winter_Oct-Feb,compact,4,0.66666666666666663,1,0.25,0.046061884669479608,0.27370999395992923,640,6,2,3,75.25,13,75,13,1,4,0
cts_asc_48_iw3:2019-11-23,6b3f7f30-edbb-53f4-b923-135a1e51658b,Havelbrücke Werder (A 10),bridge,cts_asc_48_iw3,2019-11-23,2019-11-23T23:28:16Z,evening_rel48,ASCENDING,IW3,S1A,W2_prae,target,cts_asc_48_iw3,48,40025.738279999998,0.0001056682522,0.038149364290000001,0.0082185976210000008,640,303,0.9958493759,,,22.199999999999999,0.10000000000000001,1.026,-0.17499999999999999,cts_asc_48_iw3,0,pre-collapse (healthy),1,2019-11-23,11,2019,winter_Oct-Feb,intermediate,23,0.0064935064935064939,9,55.0688519029177,0.026050266006237392,0.049656276361398952,640,3542,46,77,44.956521739130437,54.478260869565219,53,0,9,4,0.82608695652173914
beach_asc_48_iw3:2019-12-05,6b3f7f30-edbb-53f4-b923-135a1e51658b,Havelbrücke Werder (A 10),bridge,beach_asc_48_iw3,2019-12-05,2019-12-05T23:28:16Z,evening_rel48_reference_beach,ASCENDING,IW3,S1A,W2_prae,reference_beach,beach_asc_48_iw3,48,33265.355470000002,0.00034241471440000002,0.034389972689999999,0.01334640477,640,219,0.99572423239999996,,,16.5,0,-1.806,-0.249,beach_asc_48_iw3,3,pre-collapse (healthy),1,2019-12-05,12,2019,winter_Oct-Feb,distributed,37,0.013405797101449275,17,21.087195925351391,0.0081347169954764896,0.095635609219736073,640,2760,69,40,52.027027027027025,27.513513513513512,69,15,17,7,0.81081081081081074
cte_asc_48_iw3:2019-12-05,6b3f7f30-edbb-53f4-b923-135a1e51658b,Havelbrücke Werder (A 10),bridge,cte_asc_48_iw3,2019-12-05,2019-12-05T23:28:16Z,evening_rel48_control_cte,ASCENDING,IW3,S1A,W2_prae,control_cte,cte_asc_48_iw3,48,38281.257810000003,0.0004417378223,0.038843050599999998,0.01041545346,640,271,0.95333253370000004,,,16.5,0,-1.1679999999999999,-0.11799999999999999,cte_asc_48_iw3,2,pre-collapse (healthy),1,2019-12-05,12,2019,winter_Oct-Feb,distributed,38,0.0085585585585585579,18,18.24967270984936,0.023465837589754977,0.15582832106817571,640,4440,60,74,40,62.39473684210526,55,52,18,7,0.81578947368421051
ctn_asc_48_iw3:2019-12-05,6b3f7f30-edbb-53f4-b923-135a1e51658b,Havelbrücke Werder (A 10),bridge,ctn_asc_48_iw3,2019-12-05,2019-12-05T23:28:16Z,evening_rel48_control_ctn,ASCENDING,IW3,S1A,W2_prae,control_ctn,ctn_asc_48_iw3,48,43865.914060000003,0.00037451690880000002,0.036984514449999999,0.018555538730000001,640,286,0.96478617249999998,,,16.5,0,-1.216,0.02,ctn_asc_48_iw3,1,pre-collapse (healthy),1,2019-12-05,12,2019,winter_Oct-Feb,compact,3,0.75,1,0.47140452079102874,0.058602906704172529,0.26564772851688173,640,4,2,2,78.666666666666671,13.333333333333334,79,13,1,3,0
cts_asc_48_iw3:2019-12-05,6b3f7f30-edbb-53f4-b923-135a1e51658b,Havelbrücke Werder (A 10),bridge,cts_asc_48_iw3,2019-12-05,2019-12-05T23:28:16Z,evening_rel48,ASCENDING,IW3,S1A,W2_prae,target,cts_asc_48_iw3,48,40687.921880000002,0.001080339542,0.019051730629999999,0.023258201780000001,640,189,1.0123246530000001,,,16.5,0,-1.921,0.50700000000000001,cts_asc_48_iw3,0,pre-collapse (healthy),1,2019-12-05,12,2019,winter_Oct-Feb,distributed,52,0.008552631578947369,26,19.858690882087267,0.005896353997619821,0.07959709257180797,640,6080,80,76,46.557692307692307,57.365384615384613,65,50,26,7,0.86538461538461542
beach_asc_48_iw3:2019-12-17,6b3f7f30-edbb-53f4-b923-135a1e51658b,Havelbrücke Werder (A 10),bridge,beach_asc_48_iw3,2019-12-17,2019-12-17T23:28:15Z,evening_rel48_reference_beach,ASCENDING,IW3,S1A,W2_prae,reference_beach,beach_asc_48_iw3,48,31734.714840000001,0.0001147758303,0.034637905660000003,0.018569305540000001,640,334,0.94990791870000002,,,25.399999999999999,2.1000000000000001,-0.40300000000000002,0.32800000000000001,beach_asc_48_iw3,3,pre-collapse (healthy),1,2019-12-17,12,2019,winter_Oct-Feb,distributed,54,0.023017902813299233,21,26.896291451186357,0.022581653383341147,0.052659567816577962,640,2346,51,46,48.166666666666664,27.777777777777779,22,34,21,8,0.85185185185185186
cte_asc_48_iw3:2019-12-17,6b3f7f30-edbb-53f4-b923-135a1e51658b,Havelbrücke Werder (A 10),bridge,cte_asc_48_iw3,2019-12-17,2019-12-17T23:28:15Z,evening_rel48_control_cte,ASCENDING,IW3,S1A,W2_prae,control_cte,cte_asc_48_iw3,48,37689.253909999999,5.1079059629999997e-05,0.067369475959999994,0.0096245501189999999,640,329,0.93858963819999996,,,25.399999999999999,2.1000000000000001,0.17999999999999999,-0.22,cte_asc_48_iw3,2,pre-collapse (healthy),1,2019-12-17,12,2019,winter_Oct-Feb,distributed,35,0.0063961988304093564,16,16.473999303788517,0.029576049829214381,0.090966019715844781,640,5472,72,76,39.571428571428569,61.542857142857144,53,52,16,5,0.85714285714285721
ctn_asc_48_iw3:2019-12-17,6b3f7f30-edbb-53f4-b923-135a1e51658b,Havelbrücke Werder (A 10),bridge,ctn_asc_48_iw3,2019-12-17,2019-12-17T23:28:15Z,evening_rel48_control_ctn,ASCENDING,IW3,S1A,W2_prae,control_ctn,ctn_asc_48_iw3,48,46309.609380000002,3.1057898009999997e-05,0.1413330287,0.0090681836010000003,640,350,1.0185327660000001,,,25.399999999999999,2.1000000000000001,0.13,-0.072999999999999995,ctn_asc_48_iw3,1,pre-collapse (healthy),1,2019-12-17,12,2019,winter_Oct-Feb,compact,4,1,1,0.70710678118654757,0.080168776371308023,0.011051670759837489,640,4,2,2,77.5,13.5,77,14,1,4,0
cts_asc_48_iw3:2019-12-17,6b3f7f30-edbb-53f4-b923-135a1e51658b,Havelbrücke Werder (A 10),bridge,cts_asc_48_iw3,2019-12-17,2019-12-17T23:28:15Z,evening_rel48,ASCENDING,IW3,S1A,W2_prae,target,cts_asc_48_iw3,48,39302.570310000003,1.669281664e-05,0.04029867426,0.011913292109999999,640,317,0.97785679410000004,,,25.399999999999999,2.1000000000000001,0.39700000000000002,0.34399999999999997,cts_asc_48_iw3,0,pre-collapse (healthy),1,2019-12-17,12,2019,winter_Oct-Feb,distributed,33,0.011194029850746268,15,45.67083892384008,0.022418275582832544,0.12239701662445809,640,2948,67,44,39.121212121212125,59.151515151515149,1,34,15,4,0.87878787878787878
beach_asc_48_iw3:2019-12-29,6b3f7f30-edbb-53f4-b923-135a1e51658b,Havelbrücke Werder (A 10),bridge,beach_asc_48_iw3,2019-12-29,2019-12-29T23:28:15Z,evening_rel48_reference_beach,ASCENDING,IW3,S1A,W2_prae,reference_beach,beach_asc_48_iw3,48,35725.101560000003,0.00033319584329999998,0.25578850510000001,0.042185511439999997,640,281,1.0693512460000001,,,23.899999999999999,9.6999999999999993,-1.0569999999999999,0.20499999999999999,beach_asc_48_iw3,3,pre-collapse (healthy),1,2019-12-29,12,2019,winter_Oct-Feb,distributed,41,0.010895562051554611,18,22.951582382243263,0.01732359095742856,0.0074360296830960201,640,3763,71,53,46.341463414634148,28,67,18,18,6,0.85365853658536583
cte_asc_48_iw3:2019-12-29,6b3f7f30-edbb-53f4-b923-135a1e51658b,Havelbrücke Werder (A 10),bridge,cte_asc_48_iw3,2019-12-29,2019-12-29T23:28:15Z,evening_rel48_control_cte,ASCENDING,IW3,S1A,W2_prae,control_cte,cte_asc_48_iw3,48,41908.960939999997,0.0002260934125,0.25015932320000001,0.020433196800000001,640,358,1.0436745860000001,,,23.899999999999999,9.6999999999999993,-0.43099999999999999,-0.376,cte_asc_48_iw3,2,pre-collapse (healthy),1,2019-12-29,12,2019,winter_Oct-Feb,intermediate,21,0.0062537224538415726,9,30.3887137421526,0.034491996517312974,0.10014289019204027,640,3358,46,73,38.761904761904759,61.19047619047619,10,71,9,4,0.80952380952380953
ctn_asc_48_iw3:2019-12-29,6b3f7f30-edbb-53f4-b923-135a1e51658b,Havelbrücke Werder (A 10),bridge,ctn_asc_48_iw3,2019-12-29,2019-12-29T23:28:15Z,evening_rel48_control_ctn,ASCENDING,IW3,S1A,W2_prae,control_ctn,ctn_asc_48_iw3,48,45049.695310000003,0.0001171770273,0.27447703480000002,0.008092577569,640,369,0.99082223729999996,,,23.899999999999999,9.6999999999999993,-0.49199999999999999,-0.19600000000000001,ctn_asc_48_iw3,1,pre-collapse (healthy),1,2019-12-29,12,2019,winter_Oct-Feb,compact,9,0.0020071364852809991,5,44.092075377681091,0.033911548679481172,0.015783227136484505,640,4484,76,59,45,44.333333333333336,77,14,5,4,0.55555555555555558
cts_asc_48_iw3:2019-12-29,6b3f7f30-edbb-53f4-b923-135a1e51658b,Havelbrücke Werder (A 10),bridge,cts_asc_48_iw3,2019-12-29,2019-12-29T23:28:15Z,evening_rel48,ASCENDING,IW3,S1A,W2_prae,target,cts_asc_48_iw3,48,42999.855470000002,8.3011444079999995e-05,0.24218365550000001,0.01570178568,640,372,1.0698460809999999,,,23.899999999999999,9.6999999999999993,-0.20100000000000001,0.193,cts_asc_48_iw3,0,pre-collapse (healthy),1,2019-12-29,12,2019,winter_Oct-Feb,distributed,41,0.0083198051948051941,18,18.815757189650093,0.02637988405200507,0.011366185670687957,640,4928,64,77,40.756097560975611,56.439024390243901,34,74,18,6,0.85365853658536583
beach_asc_48_iw3:2020-01-10,6b3f7f30-edbb-53f4-b923-135a1e51658b,Havelbrücke Werder (A 10),bridge,beach_asc_48_iw3,2020-01-10,2020-01-10T23:28:14Z,evening_rel48_reference_beach,ASCENDING,IW3,S1A,W2_prae,reference_beach,beach_asc_48_iw3,48,34528.253909999999,0.00029547681330000002,0.013884386049999999,0.002540765097,640,385,1.0335262810000001,,,23.699999999999999,0.69999999999999996,-0.123,-0.188,beach_asc_48_iw3,3,pre-collapse (healthy),1,2020-01-10,1,2020,winter_Oct-Feb,intermediate,21,0.0085679314565483469,9,26.142510189388229,0.041256446319737461,0.031083734690424546,640,2451,57,43,42.714285714285715,32.666666666666664,65,19,9,6,0.7142857142857143
cte_asc_48_iw3:2020-01-10,6b3f7f30-edbb-53f4-b923-135a1e51658b,Havelbrücke Werder (A 10),bridge,cte_asc_48_iw3,2020-01-10,2020-01-10T23:28:14Z,evening_rel48_control_cte,ASCENDING,IW3,S1A,W2_prae,control_cte,cte_asc_48_iw3,48,41169.984380000002,0.00031931421839999997,0.4261591434,0.0096155358479999998,640,383,1.025271576,,,23.699999999999999,0.69999999999999996,-0.53600000000000003,-0.092999999999999999,cte_asc_48_iw3,2,pre-collapse (healthy),1,2020-01-10,1,2020,winter_Oct-Feb,distributed,39,0.010918253079507279,17,27.052485086871613,0.030942334739803092,0.046385968831362465,640,3572,47,76,33.53846153846154,56.666666666666664,10,70,17,8,0.79487179487179493
ctn_asc_48_iw3:2020-01-10,6b3f7f30-edbb-53f4-b923-135a1e51658b,Havelbrücke Werder (A 10),bridge,ctn_asc_48_iw3,2020-01-10,2020-01-10T23:28:14Z,evening_rel48_control_ctn,ASCENDING,IW3,S1A,W2_prae,control_ctn,ctn_asc_48_iw3,48,45115.945310000003,0.00062721053840000005,0.46151262520000003,0.011766246520000001,640,388,0.99227933869999996,,,23.699999999999999,0.69999999999999996,-0.59999999999999998,0.043999999999999997,ctn_asc_48_iw3,1,pre-collapse (healthy),1,2020-01-10,1,2020,winter_Oct-Feb,compact,7,0.001705653021442495,4,33.532804529174662,0.048020896122161948,0.069238119510234675,640,4104,76,54,52.857142857142854,34,79,13,4,2,0.7142857142857143
cts_asc_48_iw3:2020-01-10,6b3f7f30-edbb-53f4-b923-135a1e51658b,Havelbrücke Werder (A 10),bridge,cts_asc_48_iw3,2020-01-10,2020-01-10T23:28:14Z,evening_rel48,ASCENDING,IW3,S1A,W2_prae,target,cts_asc_48_iw3,48,42009.414060000003,0.00041610092739999998,0.28331685070000001,0.012422958390000001,640,378,1.0452036760000001,,,23.699999999999999,0.69999999999999996,-0.22,-0.33600000000000002,cts_asc_48_iw3,0,pre-collapse (healthy),1,2020-01-10,1,2020,winter_Oct-Feb,distributed,30,0.0070175438596491229,15,21.718527676719809,0.031364275668073142,0.020610983690383975,640,4275,57,75,39.333333333333336,57.5,61,56,15,4,0.8666666666666667
beach_asc_48_iw3:2020-01-22,6b3f7f30-edbb-53f4-b923-135a1e51658b,Havelbrücke Werder (A 10),bridge,beach_asc_48_iw3,2020-01-22,2020-01-22T23:28:14Z,evening_rel48_reference_beach,ASCENDING,IW3,S1A,W2_prae,reference_beach,beach_asc_48_iw3,48,32925.65625,0.00038503971879999999,0.13284367320000001,0.01152133197,640,326,0.98555609389999999,,,10.800000000000001,0,0.70999999999999996,-0.058999999999999997,beach_asc_48_iw3,3,pre-collapse (healthy),1,2020-01-22,1,2020,winter_Oct-Feb,intermediate,24,0.018099547511312219,11,28.804236281800247,0.022503516174402254,0.017376552021929566,640,1326,51,26,47.625,29.791666666666668,19,33,11,5,0.79166666666666663
cte_asc_48_iw3:2020-01-22,6b3f7f30-edbb-53f4-b923-135a1e51658b,Havelbrücke Werder (A 10),bridge,cte_asc_48_iw3,2020-01-22,2020-01-22T23:28:14Z,evening_rel48_control_cte,ASCENDING,IW3,S1A,W2_prae,control_cte,cte_asc_48_iw3,48,40229.398439999997,0.00043397260009999999,0.1447868943,0.024236600850000001,640,386,1.001847811,,,10.800000000000001,0,0.27800000000000002,0.087999999999999995,cte_asc_48_iw3,2,pre-collapse (healthy),1,2020-01-22,1,2020,winter_Oct-Feb,distributed,40,0.007215007215007215,19,30.200931277031838,0.023206751054852322,0.018083608266332409,640,5544,72,77,37.174999999999997,59.125,9,70,19,4,0.90000000000000002
ctn_asc_48_iw3:2020-01-22,6b3f7f30-edbb-53f4-b923-135a1e51658b,Havelbrücke Werder (A 10),bridge,ctn_asc_48_iw3,2020-01-22,2020-01-22T23:28:14Z,evening_rel48_control_ctn,ASCENDING,IW3,S1A,W2_prae,control_ctn,ctn_asc_48_iw3,48,44712.265619999998,0.00043485779320000001,0.15360893310000001,0.017198873680000001,640,378,0.98340081450000005,,,10.800000000000001,0,0.22600000000000001,0.23699999999999999,ctn_asc_48_iw3,1,pre-collapse (healthy),1,2020-01-22,1,2020,winter_Oct-Feb,compact,4,1,1,0.70710678118654757,0.080168776371308023,0.0024284816924017745,640,4,2,2,77.5,13.5,77,13,1,4,0
cts_asc_48_iw3:2020-01-22,6b3f7f30-edbb-53f4-b923-135a1e51658b,Havelbrücke Werder (A 10),bridge,cts_asc_48_iw3,2020-01-22,2020-01-22T23:28:14Z,evening_rel48,ASCENDING,IW3,S1A,W2_prae,target,cts_asc_48_iw3,48,39980.238279999998,0.00052291486649999998,0.1266606599,0.025252059100000002,640,343,0.99471732570000004,,,10.800000000000001,0,0.60799999999999998,-0.124,cts_asc_48_iw3,0,pre-collapse (healthy),1,2020-01-22,1,2020,winter_Oct-Feb,distributed,29,0.0074819401444788441,15,26.413387950435553,0.023764489063485137,0.0094990836775433914,640,3876,51,76,39.931034482758619,61.275862068965516,15,70,15,4,0.86206896551724133
beach_asc_48_iw3:2020-02-03,6b3f7f30-edbb-53f4-b923-135a1e51658b,Havelbrücke Werder (A 10),bridge,beach_asc_48_iw3,2020-02-03,2020-02-03T23:28:13Z,evening_rel48_reference_beach,ASCENDING,IW3,S1A,W2_prae,reference_beach,beach_asc_48_iw3,48,32375.296880000002,0.00043905741769999999,0.060050666330000002,0.018250333149999999,640,302,0.96908231330000005,,,13.800000000000001,0,-0.86299999999999999,0.14599999999999999,beach_asc_48_iw3,3,pre-collapse (healthy),1,2020-02-03,2,2020,winter_Oct-Feb,distributed,26,0.014874141876430207,13,20.031927179102755,0.02185437628475603,0.056050832491165492,640,1748,46,38,49.846153846153847,29.846153846153847,66,18,13,4,0.84615384615384615
cte_asc_48_iw3:2020-02-03,6b3f7f30-edbb-53f4-b923-135a1e51658b,Havelbrücke Werder (A 10),bridge,cte_asc_48_iw3,2020-02-03,2020-02-03T23:28:13Z,evening_rel48_control_cte,ASCENDING,IW3,S1A,W2_prae,control_cte,cte_asc_48_iw3,48,39623.164060000003,0.00028448706139999998,0.052169822159999997,0.019502792509999999,640,233,0.98675052880000003,,,13.800000000000001,0,-1.238,0.46899999999999997,cte_asc_48_iw3,2,pre-collapse (healthy),1,2020-02-03,2,2020,winter_Oct-Feb,distributed,57,0.015750207239568943,21,27.832242695414397,0.013817948528141732,0.032676469590928299,640,3619,47,77,37.421052631578945,58.649122807017541,13,72,21,10,0.82456140350877194
ctn_asc_48_iw3:2020-02-03,6b3f7f30-edbb-53f4-b923-135a1e51658b,Havelbrücke Werder (A 10),bridge,ctn_asc_48_iw3,2020-02-03,2020-02-03T23:28:13Z,evening_rel48_control_ctn,ASCENDING,IW3,S1A,W2_prae,control_ctn,ctn_asc_48_iw3,48,45507.171880000002,0.0001953499595,0.055981304500000002,0.01895155385,640,295,1.000883969,,,13.800000000000001,0,-1.222,-0.27700000000000002,ctn_asc_48_iw3,1,pre-collapse (healthy),1,2020-02-03,2,2020,winter_Oct-Feb,compact,2,1,1,0.5,0.041490857946554147,0.96052855914812274,640,2,1,2,79,14.5,79,14,1,2,0
cts_asc_48_iw3:2020-02-03,6b3f7f30-edbb-53f4-b923-135a1e51658b,Havelbrücke Werder (A 10),bridge,cts_asc_48_iw3,2020-02-03,2020-02-03T23:28:13Z,evening_rel48,ASCENDING,IW3,S1A,W2_prae,target,cts_asc_48_iw3,48,40735.171880000002,0.00016713382500000001,0.060311291369999999,0.019366506490000001,640,317,1.013500243,,,13.800000000000001,0,-0.98499999999999999,0.122,cts_asc_48_iw3,0,pre-collapse (healthy),1,2020-02-03,2,2020,winter_Oct-Feb,distributed,31,0.0063904349618635337,17,16.600245726150391,0.025271085703915428,0.099055924010515523,640,4851,63,77,45.41935483870968,54.193548387096776,62,55,17,4,0.87096774193548387
beach_asc_48_iw3:2020-02-15,6b3f7f30-edbb-53f4-b923-135a1e51658b,Havelbrücke Werder (A 10),bridge,beach_asc_48_iw3,2020-02-15,2020-02-15T23:28:13Z,evening_rel48_reference_beach,ASCENDING,IW3,S1A,W2_prae,reference_beach,beach_asc_48_iw3,48,39900.066409999999,0.0001979493682,0.50330954790000004,0.015087024310000001,640,321,1.1943195090000001,,,22.100000000000001,10.5,-0.79300000000000004,0.30499999999999999,beach_asc_48_iw3,3,pre-collapse (healthy),1,2020-02-15,2,2020,winter_Oct-Feb,intermediate,18,0.010810810810810811,7,14.958791130929178,0.023363025472730115,0.24892128157311147,640,1665,45,37,51.777777777777779,27.777777777777779,40,37,7,4,0.77777777777777779
cte_asc_48_iw3:2020-02-15,6b3f7f30-edbb-53f4-b923-135a1e51658b,Havelbrücke Werder (A 10),bridge,cte_asc_48_iw3,2020-02-15,2020-02-15T23:28:13Z,evening_rel48_control_cte,ASCENDING,IW3,S1A,W2_prae,control_cte,cte_asc_48_iw3,48,49175.761720000002,6.1456514230000001e-05,0.002638899023,0.0071386424820000004,640,381,1.224642454,,,22.100000000000001,10.5,-0.129,-0.24399999999999999,cte_asc_48_iw3,2,pre-collapse (healthy),1,2020-02-15,2,2020,winter_Oct-Feb,intermediate,23,0.0095833333333333326,12,16.751830303746505,0.036140157769216655,0.075262997705409673,640,2400,50,48,39.217391304347828,65.521739130434781,53,56,12,4,0.82608695652173914
ctn_asc_48_iw3:2020-02-15,6b3f7f30-edbb-53f4-b923-135a1e51658b,Havelbrücke Werder (A 10),bridge,ctn_asc_48_iw3,2020-02-15,2020-02-15T23:28:13Z,evening_rel48_control_ctn,ASCENDING,IW3,S1A,W2_prae,control_ctn,ctn_asc_48_iw3,48,55421.15625,4.2434559869999998e-05,0.050536166879999997,0.01327033713,640,384,1.218931974,,,22.100000000000001,10.5,-0.17599999999999999,-0.097000000000000003,ctn_asc_48_iw3,1,pre-collapse (healthy),1,2020-02-15,2,2020,winter_Oct-Feb,compact,3,0.75,1,0.47140452079102874,0.08485700890764182,0.12396328897188799,640,4,2,2,77.333333333333329,13.666666666666666,77,14,1,3,0
cts_asc_48_iw3:2020-02-15,6b3f7f30-edbb-53f4-b923-135a1e51658b,Havelbrücke Werder (A 10),bridge,cts_asc_48_iw3,2020-02-15,2020-02-15T23:28:13Z,evening_rel48,ASCENDING,IW3,S1A,W2_prae,target,cts_asc_48_iw3,48,50504.199220000002,4.869848635e-05,0.44237437839999999,0.01321414579,640,318,1.256555842,,,22.100000000000001,10.5,-0.93200000000000005,0.32800000000000001,cts_asc_48_iw3,0,pre-collapse (healthy),1,2020-02-15,2,2020,winter_Oct-Feb,intermediate,24,0.01,10,13.561075834084026,0.021683075480543833,0.13663623292183463,640,2400,50,48,45.916666666666664,64.75,36,74,10,5,0.79166666666666663
beach_asc_48_iw3:2020-02-27,6b3f7f30-edbb-53f4-b923-135a1e51658b,Havelbrücke Werder (A 10),bridge,beach_asc_48_iw3,2020-02-27,2020-02-27T23:28:13Z,evening_rel48_reference_beach,ASCENDING,IW3,S1A,W2_prae,reference_beach,beach_asc_48_iw3,48,33340.050779999998,0.00040996060120000001,0.032844010739999999,0.02262084,640,278,0.99796006999999998,,,19.300000000000001,9.1999999999999993,1.0940000000000001,-0.040000000000000001,beach_asc_48_iw3,3,pre-collapse (healthy),1,2020-02-27,2,2020,winter_Oct-Feb,distributed,30,0.0097592713077423558,15,15.306679732863181,0.026394749179559304,0.035798191742309388,640,3074,58,53,49.766666666666666,28.199999999999999,62,19,15,6,0.80000000000000004
cte_asc_48_iw3:2020-02-27,6b3f7f30-edbb-53f4-b923-135a1e51658b,Havelbrücke Werder (A 10),bridge,cte_asc_48_iw3,2020-02-27,2020-02-27T23:28:13Z,evening_rel48_control_cte,ASCENDING,IW3,S1A,W2_prae,control_cte,cte_asc_48_iw3,48,40234.71875,3.351020132e-05,0.046252485359999998,0.014514074659999999,640,317,1.001980305,,,19.300000000000001,9.1999999999999993,0.77000000000000002,0.12,cte_asc_48_iw3,2,pre-collapse (healthy),1,2020-02-27,2,2020,winter_Oct-Feb,distributed,82,0.013653013653013654,38,13.983131249755475,0.02101128606222771,0.0088882168715058683,640,6006,77,78,37.060975609756099,53.890243902439025,51,55,38,6,0.92682926829268297
ctn_asc_48_iw3:2020-02-27,6b3f7f30-edbb-53f4-b923-135a1e51658b,Havelbrücke Werder (A 10),bridge,ctn_asc_48_iw3,2020-02-27,2020-02-27T23:28:13Z,evening_rel48_control_ctn,ASCENDING,IW3,S1A,W2_prae,control_ctn,ctn_asc_48_iw3,48,47374.410159999999,0.00015207676920000001,0.049152180550000001,0.015462765470000001,640,315,1.041951976,,,19.300000000000001,9.1999999999999993,0.71999999999999997,0.28399999999999997,ctn_asc_48_iw3,1,pre-collapse (healthy),1,2020-02-27,2,2020,winter_Oct-Feb,compact,3,0.75,1,0.47140452079102874,0.042194092827004225,0.14837628226896588,640,4,2,2,75.333333333333329,12.666666666666666,75,13,1,3,0
cts_asc_48_iw3:2020-02-27,6b3f7f30-edbb-53f4-b923-135a1e51658b,Havelbrücke Werder (A 10),bridge,cts_asc_48_iw3,2020-02-27,2020-02-27T23:28:13Z,evening_rel48,ASCENDING,IW3,S1A,W2_prae,target,cts_asc_48_iw3,48,40004.75,0.00025178733630000001,0.024703785780000001,0.01152288355,640,278,0.99532718269999998,,,19.300000000000001,9.1999999999999993,1.018,-0.13700000000000001,cts_asc_48_iw3,0,pre-collapse (healthy),1,2020-02-27,2,2020,winter_Oct-Feb,distributed,36,0.0071928071928071928,17,16.472596960324257,0.02566807313642757,0.017584972387100078,640,5005,65,77,41.527777777777779,55.888888888888886,58,56,17,6,0.83333333333333337
beach_asc_48_iw3:2020-03-10,6b3f7f30-edbb-53f4-b923-135a1e51658b,Havelbrücke Werder (A 10),bridge,beach_asc_48_iw3,2020-03-10,2020-03-10T23:28:13Z,evening_rel48_reference_beach,ASCENDING,IW3,S1A,W2_prae,reference_beach,beach_asc_48_iw3,48,31114.16992,0.00054271810219999996,0.022272067140000001,0.020923877130000001,640,199,0.93133329030000001,,,22.800000000000001,0.29999999999999999,-2.052,0.104,beach_asc_48_iw3,3,pre-collapse (healthy),1,2020-03-10,3,2020,summer_Mar-Jul,intermediate,15,0.010141987829614604,9,18.746970125566659,0.0064697609001406475,0.16160782054486952,640,1479,51,29,54.06666666666667,25.333333333333332,69,14,9,4,0.73333333333333339
cte_asc_48_iw3:2020-03-10,6b3f7f30-edbb-53f4-b923-135a1e51658b,Havelbrücke Werder (A 10),bridge,cte_asc_48_iw3,2020-03-10,2020-03-10T23:28:13Z,evening_rel48_control_cte,ASCENDING,IW3,S1A,W2_prae,control_cte,cte_asc_48_iw3,48,38652.28125,0.00055523624180000002,0.016348488630000001,0.022279946129999999,640,230,0.96257226959999997,,,22.800000000000001,0.29999999999999999,-1.4430000000000001,0.45200000000000001,cte_asc_48_iw3,2,pre-collapse (healthy),1,2020-03-10,3,2020,summer_Mar-Jul,distributed,34,0.0084915084915084919,19,16.647474532327667,0.014271531397369074,0.025308299057773233,640,4004,52,77,39.352941176470587,50.882352941176471,56,51,19,5,0.8529411764705882
ctn_asc_48_iw3:2020-03-10,6b3f7f30-edbb-53f4-b923-135a1e51658b,Havelbrücke Werder (A 10),bridge,ctn_asc_48_iw3,2020-03-10,2020-03-10T23:28:13Z,evening_rel48_control_ctn,ASCENDING,IW3,S1A,W2_prae,control_ctn,ctn_asc_48_iw3,48,42252.359380000002,0.00040674363849999999,0.012150906959999999,0.012054686429999999,640,221,0.92929767799999996,,,22.800000000000001,0.29999999999999999,-1.417,0.68999999999999995,ctn_asc_48_iw3,1,pre-collapse (healthy),1,2020-03-10,3,2020,summer_Mar-Jul,compact,2,1,1,0.5,0.031645569620253167,0.98061614453612422,640,2,1,2,79,12.5,79,12,1,2,0
cts_asc_48_iw3:2020-03-10,6b3f7f30-edbb-53f4-b923-135a1e51658b,Havelbrücke Werder (A 10),bridge,cts_asc_48_iw3,2020-03-10,2020-03-10T23:28:13Z,evening_rel48,ASCENDING,IW3,S1A,W2_prae,target,cts_asc_48_iw3,48,39901.824220000002,0.00082349602599999995,0.0046837502160000004,0.02862880751,640,275,0.99276636610000002,,,22.800000000000001,0.29999999999999999,-1.141,0.106,cts_asc_48_iw3,0,pre-collapse (healthy),1,2020-03-10,3,2020,summer_Mar-Jul,intermediate,19,0.0048382989559460146,12,14.983832468933427,0.025464505144718336,0.12381811134328032,640,3927,51,77,48.10526315789474,52.631578947368418,63,51,12,4,0.78947368421052633
beach_asc_48_iw3:2020-03-22,6b3f7f30-edbb-53f4-b923-135a1e51658b,Havelbrücke Werder (A 10),bridge,beach_asc_48_iw3,2020-03-22,2020-03-22T23:28:13Z,evening_rel48_reference_beach,ASCENDING,IW3,S1A,W2_prae,reference_beach,beach_asc_48_iw3,48,30631.425780000001,0.00093605049190000002,0.081594571470000002,0.017741994930000001,640,354,0.91688342099999998,,,24.100000000000001,0,-0.54400000000000004,0.17000000000000001,beach_asc_48_iw3,3,pre-collapse (healthy),1,2020-03-22,3,2020,summer_Mar-Jul,distributed,40,0.010854816824966078,19,25.63660712730918,0.025703234880450072,0.027456878699062558,640,3685,67,55,43.100000000000001,25.524999999999999,66,14,19,5,0.875
cte_asc_48_iw3:2020-03-22,6b3f7f30-edbb-53f4-b923-135a1e51658b,Havelbrücke Werder (A 10),bridge,cte_asc_48_iw3,2020-03-22,2020-03-22T23:28:13Z,evening_rel48_control_cte,ASCENDING,IW3,S1A,W2_prae,control_cte,cte_asc_48_iw3,48,37177.871090000001,8.5413506890000002e-05,0.038580093529999998,0.014601951469999999,640,270,0.92585448000000004,,,24.100000000000001,0,-0.88800000000000001,-0.42399999999999999,cte_asc_48_iw3,2,pre-collapse (healthy),1,2020-03-22,3,2020,summer_Mar-Jul,intermediate,19,0.0035660660660660659,12,13.087072558217301,0.023169738692723367,0.14203733872070307,640,5328,72,74,43.263157894736842,58.789473684210527,55,53,12,5,0.73684210526315796
ctn_asc_48_iw3:2020-03-22,6b3f7f30-edbb-53f4-b923-135a1e51658b,Havelbrücke Werder (A 10),bridge,ctn_asc_48_iw3,2020-03-22,2020-03-22T23:28:13Z,evening_rel48_control_ctn,ASCENDING,IW3,S1A,W2_prae,control_ctn,ctn_asc_48_iw3,48,40941.113279999998,0.00013004176439999999,0.065579533580000002,0.006818914786,640,282,0.90045815360000003,,,24.100000000000001,0,-0.93600000000000005,-0.22900000000000001,ctn_asc_48_iw3,1,pre-collapse (healthy),1,2020-03-22,3,2020,summer_Mar-Jul,compact,4,0.0034873583260680036,2,11.52443057161611,0.034458509142053444,0.51062762870661926,640,1147,31,37,71.5,22.75,79,14,2,3,0.25
cts_asc_48_iw3:2020-03-22,6b3f7f30-edbb-53f4-b923-135a1e51658b,Havelbrücke Werder (A 10),bridge,cts_asc_48_iw3,2020-03-22,2020-03-22T23:28:13Z,evening_rel48,ASCENDING,IW3,S1A,W2_prae,target,cts_asc_48_iw3,48,39365.765619999998,8.8869855970000005e-05,0.28699114920000002,0.012574778870000001,640,336,0.97942910770000002,,,24.100000000000001,0,-0.68400000000000005,0.16,cts_asc_48_iw3,0,pre-collapse (healthy),1,2020-03-22,3,2020,summer_Mar-Jul,distributed,26,0.004622222222222222,14,17.863718147001286,0.03348479930758412,0.049670169457032502,640,5625,75,75,45.769230769230766,58.46153846153846,62,51,14,6,0.76923076923076916
beach_asc_48_iw3:2020-04-03,6b3f7f30-edbb-53f4-b923-135a1e51658b,Havelbrücke Werder (A 10),bridge,beach_asc_48_iw3,2020-04-03,2020-04-03T23:28:13Z,evening_rel48_reference_beach,ASCENDING,IW3,S1A,W2_prae,reference_beach,beach_asc_48_iw3,48,29815.615229999999,0.0001208167596,0.32952871919999999,0.020476909349999999,640,282,0.89246395160000003,,,23.100000000000001,0,-0.88700000000000001,-0.188,beach_asc_48_iw3,3,pre-collapse (healthy),1,2020-04-03,4,2020,summer_Mar-Jul,intermediate,15,0.005681818181818182,9,22.949606629405316,0.016596343178621666,0.094358749713824783,640,2640,66,40,45,21.533333333333335,67,15,9,4,0.73333333333333339
cte_asc_48_iw3:2020-04-03,6b3f7f30-edbb-53f4-b923-135a1e51658b,Havelbrücke Werder (A 10),bridge,cte_asc_48_iw3,2020-04-03,2020-04-03T23:28:13Z,evening_rel48_control_cte,ASCENDING,IW3,S1A,W2_prae,control_cte,cte_asc_48_iw3,48,35630.0625,3.04286059e-05,0.40357029439999997,0.015066016470000001,640,244,0.88730882160000002,,,23.100000000000001,0,-1.234,-0.023,cte_asc_48_iw3,2,pre-collapse (healthy),1,2020-04-03,4,2020,summer_Mar-Jul,intermediate,19,0.0057575757575757574,12,14.937079483296079,0.021467170034791622,0.17777777266861647,640,3300,44,75,41.315789473684212,54.736842105263158,56,52,12,4,0.78947368421052633
ctn_asc_48_iw3:2020-04-03,6b3f7f30-edbb-53f4-b923-135a1e51658b,Havelbrücke Werder (A 10),bridge,ctn_asc_48_iw3,2020-04-03,2020-04-03T23:28:13Z,evening_rel48_control_ctn,ASCENDING,IW3,S1A,W2_prae,control_ctn,ctn_asc_48_iw3,48,41739.753909999999,8.4615938249999994e-05,0.44799286129999999,0.012120102529999999,640,263,0.91802344199999997,,,23.100000000000001,0,-1.2889999999999999,0.115,ctn_asc_48_iw3,1,pre-collapse (healthy),1,2020-04-03,4,2020,summer_Mar-Jul,compact,2,1,1,0.5,0.054852320675105481,0.98801160340883376,640,2,1,2,79,13.5,79,13,1,2,0
cts_asc_48_iw3:2020-04-03,6b3f7f30-edbb-53f4-b923-135a1e51658b,Havelbrücke Werder (A 10),bridge,cts_asc_48_iw3,2020-04-03,2020-04-03T23:28:13Z,evening_rel48,ASCENDING,IW3,S1A,W2_prae,target,cts_asc_48_iw3,48,36887.300779999998,1.991850149e-05,0.29995006320000001,0.01978890598,640,281,0.9177643446,,,23.100000000000001,0,-0.97699999999999998,-0.316,cts_asc_48_iw3,0,pre-collapse (healthy),1,2020-04-03,4,2020,summer_Mar-Jul,intermediate,14,0.0031638418079096044,8,16.368367951257547,0.020494273658830626,0.091210931940211543,640,4425,59,75,47.857142857142854,58.214285714285715,63,52,8,4,0.7142857142857143
beach_asc_48_iw3:2020-04-15,6b3f7f30-edbb-53f4-b923-135a1e51658b,Havelbrücke Werder (A 10),bridge,beach_asc_48_iw3,2020-04-15,2020-04-15T23:28:14Z,evening_rel48_reference_beach,ASCENDING,IW3,S1A,W2_prae,reference_beach,beach_asc_48_iw3,48,30067.904299999998,0.00067441392459999998,0.15960989889999999,0.035422209650000001,640,326,0.90001566209999995,,,27.600000000000001,1,-0.10100000000000001,-0.251,beach_asc_48_iw3,3,pre-collapse (healthy),1,2020-04-15,4,2020,summer_Mar-Jul,intermediate,20,0.007462686567164179,10,21.653868014745079,0.039099859353023909,0.040986252878778773,640,2680,67,40,45,23.300000000000001,65,15,10,5,0.75
cte_asc_48_iw3:2020-04-15,6b3f7f30-edbb-53f4-b923-135a1e51658b,Havelbrücke Werder (A 10),bridge,cte_asc_48_iw3,2020-04-15,2020-04-15T23:28:14Z,evening_rel48_control_cte,ASCENDING,IW3,S1A,W2_prae,control_cte,cte_asc_48_iw3,48,38410.675779999998,0.00051522505240000004,0.021532835439999998,0.031455319369999998,640,345,0.95655547799999996,,,27.600000000000001,1,0.496,-0.17000000000000001,cte_asc_48_iw3,2,pre-collapse (healthy),1,2020-04-15,4,2020,summer_Mar-Jul,distributed,51,0.0091925018024513333,22,10.794576222204991,0.027246904387634097,0.0021765739330228857,640,5548,73,76,41.215686274509807,51.529411764705884,52,52,22,7,0.86274509803921573
ctn_asc_48_iw3:2020-04-15,6b3f7f30-edbb-53f4-b923-135a1e51658b,Havelbrücke Werder (A 10),bridge,ctn_asc_48_iw3,2020-04-15,2020-04-15T23:28:14Z,evening_rel48_control_ctn,ASCENDING,IW3,S1A,W2_prae,control_ctn,ctn_asc_48_iw3,48,48625.46875,0.00032486743289999998,0.069496616720000001,0.028314076359999999,640,365,1.0694677379999999,,,27.600000000000001,1,0.42599999999999999,-0.027,ctn_asc_48_iw3,1,pre-collapse (healthy),1,2020-04-15,4,2020,summer_Mar-Jul,compact,6,0.75,2,1.4240006242195842,0.071964369432723871,0.14537029776868449,640,8,4,2,76.666666666666671,13.5,78,14,2,4,0.33333333333333337
cts_asc_48_iw3:2020-04-15,6b3f7f30-edbb-53f4-b923-135a1e51658b,Havelbrücke Werder (A 10),bridge,cts_asc_48_iw3,2020-04-15,2020-04-15T23:28:14Z,evening_rel48,ASCENDING,IW3,S1A,W2_prae,target,cts_asc_48_iw3,48,37470.035159999999,0.00083433918189999997,0.14516039189999999,0.034705057740000003,640,328,0.93226290700000003,,,27.600000000000001,1,-0.17999999999999999,-0.44700000000000001,cts_asc_48_iw3,0,pre-collapse (healthy),1,2020-04-15,4,2020,summer_Mar-Jul,distributed,34,0.0097254004576659038,14,13.867545692349886,0.024571854058078928,0.0048824171059893267,640,3496,46,76,47.323529411764703,54.294117647058826,61,52,14,5,0.8529411764705882
beach_asc_48_iw3:2020-04-27,6b3f7f30-edbb-53f4-b923-135a1e51658b,Havelbrücke Werder (A 10),bridge,beach_asc_48_iw3,2020-04-27,2020-04-27T23:28:14Z,evening_rel48_reference_beach,ASCENDING,IW3,S1A,W2_prae,reference_beach,beach_asc_48_iw3,48,30325.394530000001,0.00053134543119999998,0.047233011569999997,0.02296109684,640,218,0.90772305799999997,,,24.399999999999999,1.7,-1.726,0.13200000000000001,beach_asc_48_iw3,3,pre-collapse (healthy),1,2020-04-27,4,2020,summer_Mar-Jul,intermediate,14,0.0089514066496163679,6,19.613744660106004,0.0084388185654008432,0.027813854156862373,640,1564,46,34,50.5,22.857142857142858,68,14,6,4,0.7142857142857143
cte_asc_48_iw3:2020-04-27,6b3f7f30-edbb-53f4-b923-135a1e51658b,Havelbrücke Werder (A 10),bridge,cte_asc_48_iw3,2020-04-27,2020-04-27T23:28:14Z,evening_rel48_control_cte,ASCENDING,IW3,S1A,W2_prae,control_cte,cte_asc_48_iw3,48,36886.472659999999,0.00012420340500000001,0.034962847829999998,0.018614564090000001,640,241,0.91859767540000004,,,24.399999999999999,1.7,-1.0880000000000001,0.46400000000000002,cte_asc_48_iw3,2,pre-collapse (healthy),1,2020-04-27,4,2020,summer_Mar-Jul,compact,9,0.0060606060606060606,6,12.957670877433999,0.022503516174402254,0.063040247902702809,640,1485,45,33,43,55.888888888888886,55,51,6,4,0.55555555555555558
ctn_asc_48_iw3:2020-04-27,6b3f7f30-edbb-53f4-b923-135a1e51658b,Havelbrücke Werder (A 10),bridge,ctn_asc_48_iw3,2020-04-27,2020-04-27T23:28:14Z,evening_rel48_control_ctn,ASCENDING,IW3,S1A,W2_prae,control_ctn,ctn_asc_48_iw3,48,42923.550779999998,7.2807612010000007e-05,0.065203815700000001,0.0062348358329999999,640,295,0.94405985039999996,,,24.399999999999999,1.7,-1.0620000000000001,-0.27800000000000002,ctn_asc_48_iw3,1,pre-collapse (healthy),1,2020-04-27,4,2020,summer_Mar-Jul,compact,4,0.0034873583260680036,2,11.52443057161611,0.034458509142053444,0.30912761800277494,640,1147,31,37,71.5,22.75,79,14,2,3,0.25
cts_asc_48_iw3:2020-04-27,6b3f7f30-edbb-53f4-b923-135a1e51658b,Havelbrücke Werder (A 10),bridge,cts_asc_48_iw3,2020-04-27,2020-04-27T23:28:14Z,evening_rel48,ASCENDING,IW3,S1A,W2_prae,target,cts_asc_48_iw3,48,38440.039060000003,0.00044858569160000002,0.03832772374,0.01098313928,640,220,0.95639682250000002,,,24.399999999999999,1.7,-1.8360000000000001,0.121,cts_asc_48_iw3,0,pre-collapse (healthy),1,2020-04-27,4,2020,summer_Mar-Jul,intermediate,14,0.00461133069828722,8,17.49533465509813,0.0090415913200723331,0.094028687154277646,640,3036,66,46,47.785714285714285,57.571428571428569,64,51,8,4,0.7142857142857143
beach_asc_48_iw3:2020-05-09,6b3f7f30-edbb-53f4-b923-135a1e51658b,Havelbrücke Werder (A 10),bridge,beach_asc_48_iw3,2020-05-09,2020-05-09T23:28:15Z,evening_rel48_reference_beach,ASCENDING,IW3,S1A,W2_prae,reference_beach,beach_asc_48_iw3,48,33547.570310000003,0.0007547409041,0.019428675990000002,0.02669903077,640,299,1.004171704,,,24.199999999999999,0,0.87,-0.17499999999999999,beach_asc_48_iw3,3,pre-collapse (healthy),1,2020-05-09,5,2020,summer_Mar-Jul,distributed,36,0.028985507246376812,16,20.66562123998618,0.025121112673855289,0.018122341332914484,640,1242,46,27,48.166666666666664,29.388888888888889,63,15,16,5,0.86111111111111116
cte_asc_48_iw3:2020-05-09,6b3f7f30-edbb-53f4-b923-135a1e51658b,Havelbrücke Werder (A 10),bridge,cte_asc_48_iw3,2020-05-09,2020-05-09T23:28:15Z,evening_rel48_control_cte,ASCENDING,IW3,S1A,W2_prae,control_cte,cte_asc_48_iw3,48,43197.664060000003,3.595777162e-05,0.017213391139999999,0.01393926702,640,287,1.0757676439999999,,,24.199999999999999,0,1.4630000000000001,-0.078,cte_asc_48_iw3,2,pre-collapse (healthy),1,2020-05-09,5,2020,summer_Mar-Jul,intermediate,13,0.0029680365296803654,5,45.422539565635432,0.020447906523855888,0.13012924149084942,640,4380,73,60,50.615384615384613,53.46153846153846,79,18,5,4,0.69230769230769229
ctn_asc_48_iw3:2020-05-09,6b3f7f30-edbb-53f4-b923-135a1e51658b,Havelbrücke Werder (A 10),bridge,ctn_asc_48_iw3,2020-05-09,2020-05-09T23:28:15Z,evening_rel48_control_ctn,ASCENDING,IW3,S1A,W2_prae,control_ctn,ctn_asc_48_iw3,48,46501.613279999998,1.602101474e-05,0.0082621825860000001,0.014626546759999999,640,296,1.022755697,,,24.199999999999999,0,1.3979999999999999,0.058999999999999997,ctn_asc_48_iw3,1,pre-collapse (healthy),1,2020-05-09,5,2020,summer_Mar-Jul,compact,7,0.0016447368421052631,3,14.465299788085408,0.035362668274060677,0.14846112276178716,640,4256,76,56,64.142857142857139,21.285714285714285,76,13,3,4,0.4285714285714286
cts_asc_48_iw3:2020-05-09,6b3f7f30-edbb-53f4-b923-135a1e51658b,Havelbrücke Werder (A 10),bridge,cts_asc_48_iw3,2020-05-09,2020-05-09T23:28:15Z,evening_rel48,ASCENDING,IW3,S1A,W2_prae,target,cts_asc_48_iw3,48,39672.171880000002,8.3973216530000002e-05,0.041581746189999998,0.01221488509,640,222,0.98705256409999997,,,24.199999999999999,0,1.7809999999999999,-0.32100000000000001,cts_asc_48_iw3,0,pre-collapse (healthy),1,2020-05-09,5,2020,summer_Mar-Jul,distributed,47,0.013807285546415981,22,18.116193556884223,0.016847712242271898,0.034714852457659061,640,3404,46,74,42.638297872340424,63.042553191489361,57,52,22,8,0.82978723404255317
beach_asc_48_iw3:2020-05-21,6b3f7f30-edbb-53f4-b923-135a1e51658b,Havelbrücke Werder (A 10),bridge,beach_asc_48_iw3,2020-05-21,2020-05-21T23:28:16Z,evening_rel48_reference_beach,ASCENDING,IW3,S1A,W2_prae,reference_beach,beach_asc_48_iw3,48,34323.375,2.3100043110000001e-05,0.073034316299999999,0.020085787399999999,640,234,1.0273936880000001,,,26.300000000000001,8,1.637,0.025000000000000001,beach_asc_48_iw3,3,pre-collapse (healthy),1,2020-05-21,5,2020,summer_Mar-Jul,distributed,30,0.013850415512465374,13,22.705701682372403,0.014674167838724802,0.030149722995437448,640,2166,57,38,38.833333333333336,26.766666666666666,17,33,13,8,0.73333333333333339
cte_asc_48_iw3:2020-05-21,6b3f7f30-edbb-53f4-b923-135a1e51658b,Havelbrücke Werder (A 10),bridge,cte_asc_48_iw3,2020-05-21,2020-05-21T23:28:16Z,evening_rel48_control_cte,ASCENDING,IW3,S1A,W2_prae,control_cte,cte_asc_48_iw3,48,40173.148439999997,0.00010561033560000001,0.39005449409999998,0.019273959100000002,640,278,1.000446996,,,26.300000000000001,8,1.179,0.216,cte_asc_48_iw3,2,pre-collapse (healthy),1,2020-05-21,5,2020,summer_Mar-Jul,intermediate,24,0.0054970224461749883,10,33.181555493978877,0.021272855133614627,0.013595939419290966,640,4366,74,59,36,53.875,7,70,10,6,0.75
ctn_asc_48_iw3:2020-05-21,6b3f7f30-edbb-53f4-b923-135a1e51658b,Havelbrücke Werder (A 10),bridge,ctn_asc_48_iw3,2020-05-21,2020-05-21T23:28:16Z,evening_rel48_control_ctn,ASCENDING,IW3,S1A,W2_prae,control_ctn,ctn_asc_48_iw3,48,46813.179689999997,5.7488654419999998e-05,0.20706227420000001,0.017474653199999999,640,215,1.029608283,,,26.300000000000001,8,1.133,-0.56599999999999995,ctn_asc_48_iw3,1,pre-collapse (healthy),1,2020-05-21,5,2020,summer_Mar-Jul,compact,4,1,1,0.70710678118654757,0.034810126582278486,0.037969139918431545,640,4,2,2,75.5,14.5,75,15,1,4,0
cts_asc_48_iw3:2020-05-21,6b3f7f30-edbb-53f4-b923-135a1e51658b,Havelbrücke Werder (A 10),bridge,cts_asc_48_iw3,2020-05-21,2020-05-21T23:28:16Z,evening_rel48,ASCENDING,IW3,S1A,W2_prae,target,cts_asc_48_iw3,48,39850.460939999997,0.00019693908690000001,0.40811470150000001,0.025720283390000001,640,259,0.99148843610000004,,,26.300000000000001,8,1.498,-0.051999999999999998,cts_asc_48_iw3,0,pre-collapse (healthy),1,2020-05-21,5,2020,summer_Mar-Jul,intermediate,24,0.011080332409972299,10,20.282766699836589,0.021448663853727148,0.10194537763555152,640,2166,57,38,33.375,64,14,70,10,8,0.66666666666666674
beach_asc_48_iw3:2020-06-02,6b3f7f30-edbb-53f4-b923-135a1e51658b,Havelbrücke Werder (A 10),bridge,beach_asc_48_iw3,2020-06-02,2020-06-02T23:28:16Z,evening_rel48_reference_beach,ASCENDING,IW3,S1A,W2_prae,reference_beach,beach_asc_48_iw3,48,35722.617189999997,0.0015621141060000001,0.022292217239999999,0.022022914139999999,640,392,1.069276882,,,26.5,3.3999999999999999,-0.45800000000000002,-0.126,beach_asc_48_iw3,3,pre-collapse (healthy),1,2020-06-02,6,2020,summer_Mar-Jul,distributed,45,0.010435992578849721,23,21.382131688761895,0.027879356149398345,0.04722889872216026,640,4312,77,56,42.866666666666667,28.333333333333332,22,33,23,9,0.80000000000000004
cte_asc_48_iw3:2020-06-02,6b3f7f30-edbb-53f4-b923-135a1e51658b,Havelbrücke Werder (A 10),bridge,cte_asc_48_iw3,2020-06-02,2020-06-02T23:28:16Z,evening_rel48_control_cte,ASCENDING,IW3,S1A,W2_prae,control_cte,cte_asc_48_iw3,48,40940.484380000002,0.001001921482,0.05101799965,0.022857153790000001,640,377,1.019556251,,,26.5,3.3999999999999999,0.090999999999999998,-0.025999999999999999,cte_asc_48_iw3,2,pre-collapse (healthy),1,2020-06-02,6,2020,summer_Mar-Jul,intermediate,19,0.0046948356807511738,8,11.47802911455493,0.042934340069583243,0.10352044140553283,640,4047,71,57,41.526315789473685,56.315789473684212,53,56,8,4,0.78947368421052633
ctn_asc_48_iw3:2020-06-02,6b3f7f30-edbb-53f4-b923-135a1e51658b,Havelbrücke Werder (A 10),bridge,ctn_asc_48_iw3,2020-06-02,2020-06-02T23:28:16Z,evening_rel48_control_ctn,ASCENDING,IW3,S1A,W2_prae,control_ctn,ctn_asc_48_iw3,48,51016.441409999999,0.001198889455,0.037012305109999998,0.031409710649999999,640,372,1.12205475,,,26.5,3.3999999999999999,0.045999999999999999,0.112,ctn_asc_48_iw3,1,pre-collapse (healthy),1,2020-06-02,6,2020,summer_Mar-Jul,compact,5,0.83333333333333337,1,0.4472135954999627,0.072292545710267248,0.056499025778351045,640,6,2,3,77.400000000000006,13.199999999999999,77,13,1,5,0
cts_asc_48_iw3:2020-06-02,6b3f7f30-edbb-53f4-b923-135a1e51658b,Havelbrücke Werder (A 10),bridge,cts_asc_48_iw3,2020-06-02,2020-06-02T23:28:16Z,evening_rel48,ASCENDING,IW3,S1A,W2_prae,target,cts_asc_48_iw3,48,41694.824220000002,0.001040154486,0.053123105320000003,0.015216210859999999,640,355,1.0373766099999999,,,26.5,3.3999999999999999,0.36199999999999999,-0.308,cts_asc_48_iw3,0,pre-collapse (healthy),1,2020-06-02,6,2020,summer_Mar-Jul,distributed,30,0.012043356081894821,11,21.039354658459573,0.035021097046413506,0.014940994973500847,640,2491,47,53,39.5,60.733333333333334,60,56,11,7,0.76666666666666661
beach_asc_48_iw3:2020-06-14,6b3f7f30-edbb-53f4-b923-135a1e51658b,Havelbrücke Werder (A 10),bridge,beach_asc_48_iw3,2020-06-14,2020-06-14T23:28:17Z,evening_rel48_reference_beach,ASCENDING,IW3,S1A,W2_prae,reference_beach,beach_asc_48_iw3,48,33110.816409999999,0.0003069105733,0.016575980930000001,0.01388192549,640,310,0.99109845019999998,,,25.699999999999999,10.1,0.59399999999999997,-0.30399999999999999,beach_asc_48_iw3,3,pre-collapse (healthy),1,2020-06-14,6,2020,summer_Mar-Jul,intermediate,19,0.0098191214470284231,13,24.6330408922875,0.024872307350655123,0.11407361139797424,640,1935,45,43,45.578947368421055,28.631578947368421,21,27,13,4,0.78947368421052633
cte_asc_48_iw3:2020-06-14,6b3f7f30-edbb-53f4-b923-135a1e51658b,Havelbrücke Werder (A 10),bridge,cte_asc_48_iw3,2020-06-14,2020-06-14T23:28:17Z,evening_rel48_control_cte,ASCENDING,IW3,S1A,W2_prae,control_cte,cte_asc_48_iw3,48,38455.628909999999,0.00027242943179999997,0.017403978850000001,0.01117963064,640,274,0.95767496249999995,,,25.699999999999999,10.1,1.206,-0.14799999999999999,cte_asc_48_iw3,2,pre-collapse (healthy),1,2020-06-14,6,2020,summer_Mar-Jul,distributed,31,0.0056621004566210047,16,53.901913074496072,0.019599836668027767,0.036627648576350133,640,5475,73,75,41.225806451612904,56.451612903225808,79,18,16,5,0.83870967741935487
ctn_asc_48_iw3:2020-06-14,6b3f7f30-edbb-53f4-b923-135a1e51658b,Havelbrücke Werder (A 10),bridge,ctn_asc_48_iw3,2020-06-14,2020-06-14T23:28:17Z,evening_rel48_control_ctn,ASCENDING,IW3,S1A,W2_prae,control_ctn,ctn_asc_48_iw3,48,43610.765619999998,8.05994714e-05,0.019843583929999999,0.0075148134489999999,640,269,0.95917444210000002,,,25.699999999999999,10.1,1.1559999999999999,-0.0089999999999999993,ctn_asc_48_iw3,1,pre-collapse (healthy),1,2020-06-14,6,2020,summer_Mar-Jul,compact,5,0.004340277777777778,2,9.1934759476489578,0.044163150492264415,0.046285519217675403,640,1152,32,36,69.400000000000006,20.399999999999999,76,14,2,4,0.19999999999999996
cts_asc_48_iw3:2020-06-14,6b3f7f30-edbb-53f4-b923-135a1e51658b,Havelbrücke Werder (A 10),bridge,cts_asc_48_iw3,2020-06-14,2020-06-14T23:28:17Z,evening_rel48,ASCENDING,IW3,S1A,W2_prae,target,cts_asc_48_iw3,48,38167.445310000003,0.000303202658,0.17767108979999999,0.011532742530000001,640,323,0.94961462860000001,,,25.699999999999999,10.1,0.51700000000000002,-0.42799999999999999,cts_asc_48_iw3,0,pre-collapse (healthy),1,2020-06-14,6,2020,summer_Mar-Jul,intermediate,20,0.009876543209876543,11,26.02479586855582,0.020604781997187061,0.22036118905557064,640,2025,45,45,42.200000000000003,57.5,17,64,11,4,0.80000000000000004
beach_asc_48_iw3:2020-06-26,6b3f7f30-edbb-53f4-b923-135a1e51658b,Havelbrücke Werder (A 10),bridge,beach_asc_48_iw3,2020-06-26,2020-06-26T23:28:18Z,evening_rel48_reference_beach,ASCENDING,IW3,S1A,W2_prae,reference_beach,beach_asc_48_iw3,48,33091.800779999998,0.0005124867312,0.02284277417,0.0072317449379999997,640,375,0.99052925989999996,,,28.800000000000001,0,-0.41699999999999998,-0,beach_asc_48_iw3,3,pre-collapse (healthy),1,2020-06-26,6,2020,summer_Mar-Jul,distributed,60,0.013914656771799629,28,24.193531045394025,0.022714486638537271,0.0016795921136928617,640,4312,77,56,45.399999999999999,29.183333333333334,65,15,28,6,0.90000000000000002
cte_asc_48_iw3:2020-06-26,6b3f7f30-edbb-53f4-b923-135a1e51658b,Havelbrücke Werder (A 10),bridge,cte_asc_48_iw3,2020-06-26,2020-06-26T23:28:18Z,evening_rel48_control_cte,ASCENDING,IW3,S1A,W2_prae,control_cte,cte_asc_48_iw3,48,38230.082029999998,0.00045346954720000001,0.01325903833,0.01370477397,640,371,0.95205808400000003,,,28.800000000000001,0,0.109,0.14899999999999999,cte_asc_48_iw3,2,pre-collapse (healthy),1,2020-06-26,6,2020,summer_Mar-Jul,distributed,44,0.0082706766917293225,20,11.283810533914915,0.028992456207646077,0.024181196483298917,640,5320,70,76,42.31818181818182,55.636363636363633,53,52,20,6,0.86363636363636365
ctn_asc_48_iw3:2020-06-26,6b3f7f30-edbb-53f4-b923-135a1e51658b,Havelbrücke Werder (A 10),bridge,ctn_asc_48_iw3,2020-06-26,2020-06-26T23:28:18Z,evening_rel48_control_ctn,ASCENDING,IW3,S1A,W2_prae,control_ctn,ctn_asc_48_iw3,48,47805.703119999998,0.0004645512963,0.040407761930000001,0.024133427070000001,640,352,1.051437827,,,28.800000000000001,0,0.060999999999999999,0.31900000000000001,ctn_asc_48_iw3,1,pre-collapse (healthy),1,2020-06-26,6,2020,summer_Mar-Jul,compact,4,1,1,0.70710678118654757,0.054149085794655417,0.031991498350889061,640,4,2,2,77.5,12.5,77,13,1,4,0
cts_asc_48_iw3:2020-06-26,6b3f7f30-edbb-53f4-b923-135a1e51658b,Havelbrücke Werder (A 10),bridge,cts_asc_48_iw3,2020-06-26,2020-06-26T23:28:18Z,evening_rel48,ASCENDING,IW3,S1A,W2_prae,target,cts_asc_48_iw3,48,38821.234380000002,0.0003025825426,0.53638947010000004,0.0088800210509999995,640,356,0.96588104760000004,,,28.800000000000001,0,0.38800000000000001,-0.111,cts_asc_48_iw3,0,pre-collapse (healthy),1,2020-06-26,6,2020,summer_Mar-Jul,distributed,49,0.014583333333333334,24,22.6829550869932,0.026349780418496518,0.0052612068477109588,640,3360,60,56,39.04081632653061,60.673469387755105,60,52,24,6,0.87755102040816324
beach_asc_48_iw3:2020-07-08,6b3f7f30-edbb-53f4-b923-135a1e51658b,Havelbrücke Werder (A 10),bridge,beach_asc_48_iw3,2020-07-08,2020-07-08T23:28:18Z,evening_rel48_reference_beach,ASCENDING,IW3,S1A,W2_prae,reference_beach,beach_asc_48_iw3,48,36827.769529999998,0.0004824179341,0.011437474749999999,0.0081941243260000001,640,272,1.102357153,,,28.199999999999999,6.0999999999999996,1.488,-0.47699999999999998,beach_asc_48_iw3,3,pre-collapse (healthy),1,2020-07-08,7,2020,summer_Mar-Jul,distributed,25,0.0083333333333333332,12,21.326940708878055,0.018734177215189874,0.042643975945139634,640,3000,60,50,38.280000000000001,27.399999999999999,18,34,12,6,0.76000000000000001
cte_asc_48_iw3:2020-07-08,6b3f7f30-edbb-53f4-b923-135a1e51658b,Havelbrücke Werder (A 10),bridge,cte_asc_48_iw3,2020-07-08,2020-07-08T23:28:18Z,evening_rel48_control_cte,ASCENDING,IW3,S1A,W2_prae,control_cte,cte_asc_48_iw3,48,42908.558590000001,0.00065320095750000002,0.028254441920000001,0.030279126020000002,640,282,1.068567942,,,28.199999999999999,6.0999999999999996,1.0900000000000001,-0.308,cte_asc_48_iw3,2,pre-collapse (healthy),1,2020-07-08,7,2020,summer_Mar-Jul,distributed,39,0.0073239436619718309,15,32.831338358879613,0.022034692920768869,0.028429414929797499,640,5325,71,75,35.435897435897438,54.589743589743591,7,71,15,7,0.82051282051282048
ctn_asc_48_iw3:2020-07-08,6b3f7f30-edbb-53f4-b923-135a1e51658b,Havelbrücke Werder (A 10),bridge,ctn_asc_48_iw3,2020-07-08,2020-07-08T23:28:18Z,evening_rel48_control_ctn,ASCENDING,IW3,S1A,W2_prae,control_ctn,ctn_asc_48_iw3,48,51036.210939999997,0.00074373697860000002,0.05827327073,0.036818478260000002,640,283,1.1224895610000001,,,28.199999999999999,6.0999999999999996,1.044,-0.14000000000000001,ctn_asc_48_iw3,1,pre-collapse (healthy),1,2020-07-08,7,2020,summer_Mar-Jul,compact,4,1,1,0.70710678118654757,0.054500703234880446,0.032464608712251028,640,4,2,2,75.5,13.5,75,14,1,4,0
cts_asc_48_iw3:2020-07-08,6b3f7f30-edbb-53f4-b923-135a1e51658b,Havelbrücke Werder (A 10),bridge,cts_asc_48_iw3,2020-07-08,2020-07-08T23:28:18Z,evening_rel48,ASCENDING,IW3,S1A,W2_prae,target,cts_asc_48_iw3,48,42744.578119999998,0.00046810554339999998,0.064646661280000003,0.017441106960000001,640,281,1.063494723,,,28.199999999999999,6.0999999999999996,1.2889999999999999,0.255,cts_asc_48_iw3,0,pre-collapse (healthy),1,2020-07-08,7,2020,summer_Mar-Jul,distributed,25,0.0053056027164685906,13,25.056895258590995,0.019859353023909988,0.0063922618679970967,640,4712,62,76,32.960000000000001,55.920000000000002,58,55,13,5,0.80000000000000004
beach_asc_48_iw3:2020-07-20,6b3f7f30-edbb-53f4-b923-135a1e51658b,Havelbrücke Werder (A 10),bridge,beach_asc_48_iw3,2020-07-20,2020-07-20T23:28:19Z,evening_rel48_reference_beach,ASCENDING,IW3,S1A,W2_prae,reference_beach,beach_asc_48_iw3,48,33961.484380000002,0.001041466603,0.46421408650000001,0.027040936049999999,640,272,1.0165612989999999,,,27.199999999999999,12.1,1.446,-0.27000000000000002,beach_asc_48_iw3,3,pre-collapse (healthy),1,2020-07-20,7,2020,summer_Mar-Jul,distributed,63,0.01547911547911548,28,25.065990003893393,0.017659009220190654,0.021487781637137934,640,4070,74,55,39.666666666666664,30.38095238095238,62,19,28,6,0.90476190476190477
cte_asc_48_iw3:2020-07-20,6b3f7f30-edbb-53f4-b923-135a1e51658b,Havelbrücke Werder (A 10),bridge,cte_asc_48_iw3,2020-07-20,2020-07-20T23:28:19Z,evening_rel48_control_cte,ASCENDING,IW3,S1A,W2_prae,control_cte,cte_asc_48_iw3,48,42957.253909999999,0.00052295258499999997,0.028188606719999999,0.01645790972,640,219,1.06978062,,,27.199999999999999,12.1,2.0529999999999999,-0.112,cte_asc_48_iw3,2,pre-collapse (healthy),1,2020-07-20,7,2020,summer_Mar-Jul,compact,4,0.66666666666666663,1,1.2747548783981961,0.018284106891701828,0.28484581424494415,640,6,2,3,78.75,16.75,79,18,1,4,0
ctn_asc_48_iw3:2020-07-20,6b3f7f30-edbb-53f4-b923-135a1e51658b,Havelbrücke Werder (A 10),bridge,ctn_asc_48_iw3,2020-07-20,2020-07-20T23:28:19Z,evening_rel48_control_ctn,ASCENDING,IW3,S1A,W2_prae,control_ctn,ctn_asc_48_iw3,48,43777.898439999997,0.00070987665090000004,0.016890065740000001,0.01493999362,640,195,0.96285035839999999,,,27.199999999999999,12.1,2.008,0.025000000000000001,ctn_asc_48_iw3,1,pre-collapse (healthy),1,2020-07-20,7,2020,summer_Mar-Jul,compact,7,0.77777777777777779,1,1,0.0098452883263009834,0.0025860703127520111,640,9,3,3,73,13,73,14,1,7,0
cts_asc_48_iw3:2020-07-20,6b3f7f30-edbb-53f4-b923-135a1e51658b,Havelbrücke Werder (A 10),bridge,cts_asc_48_iw3,2020-07-20,2020-07-20T23:28:19Z,evening_rel48,ASCENDING,IW3,S1A,W2_prae,target,cts_asc_48_iw3,48,38114.109380000002,0.00043671799360000001,0.068543396889999997,0.014430887999999999,640,260,0.94828761849999998,,,27.199999999999999,12.1,1.3149999999999999,-0.44500000000000001,cts_asc_48_iw3,0,pre-collapse (healthy),1,2020-07-20,7,2020,summer_Mar-Jul,distributed,65,0.013541666666666667,29,37.205490464581423,0.017029103105052474,0.02521465610623682,640,4800,64,75,36.215384615384615,60.04615384615385,27,24,29,6,0.90769230769230769
beach_asc_48_iw3:2020-08-01,6b3f7f30-edbb-53f4-b923-135a1e51658b,Havelbrücke Werder (A 10),bridge,beach_asc_48_iw3,2020-08-01,2020-08-01T23:28:20Z,evening_rel48_reference_beach,ASCENDING,IW3,S1A,W2_prae,reference_beach,beach_asc_48_iw3,48,34902.074220000002,0.00048376046470000001,0.02841922455,0.0138203986,640,342,1.0447157579999999,,,27.5,11.4,0.16300000000000001,0.18099999999999999,beach_asc_48_iw3,3,pre-collapse (healthy),1,2020-08-01,8,2020,shoulder_Aug-Sep,distributed,46,0.014465408805031447,19,14.714838260353234,0.029138384394300745,0.012210736744236044,640,3180,60,53,45.021739130434781,31.065217391304348,58,38,19,6,0.86956521739130432
cte_asc_48_iw3:2020-08-01,6b3f7f30-edbb-53f4-b923-135a1e51658b,Havelbrücke Werder (A 10),bridge,cte_asc_48_iw3,2020-08-01,2020-08-01T23:28:20Z,evening_rel48_control_cte,ASCENDING,IW3,S1A,W2_prae,control_cte,cte_asc_48_iw3,48,42657.230470000002,0.00039326067779999998,0.066693261269999998,0.0063092126510000002,640,285,1.0623090230000001,,,27.5,11.4,0.84399999999999997,-0.38700000000000001,cte_asc_48_iw3,2,pre-collapse (healthy),1,2020-08-01,8,2020,shoulder_Aug-Sep,distributed,53,0.0093080435546188979,25,22.89845555147625,0.020194782793302019,0.019204608933876734,640,5694,73,78,40.056603773584904,53.641509433962263,45,76,25,6,0.8867924528301887
ctn_asc_48_iw3:2020-08-01,6b3f7f30-edbb-53f4-b923-135a1e51658b,Havelbrücke Werder (A 10),bridge,ctn_asc_48_iw3,2020-08-01,2020-08-01T23:28:20Z,evening_rel48_control_ctn,ASCENDING,IW3,S1A,W2_prae,control_ctn,ctn_asc_48_iw3,48,51975.09375,0.00036442786219999999,0.083808727560000004,0.01628911123,640,315,1.143139334,,,27.5,11.4,0.79300000000000004,-0.20100000000000001,ctn_asc_48_iw3,1,pre-collapse (healthy),1,2020-08-01,8,2020,shoulder_Aug-Sep,compact,4,0.66666666666666663,1,0.25,0.045710267229254566,0.2111232001319433,640,6,2,3,75.25,14,75,14,1,4,0
cts_asc_48_iw3:2020-08-01,6b3f7f30-edbb-53f4-b923-135a1e51658b,Havelbrücke Werder (A 10),bridge,cts_asc_48_iw3,2020-08-01,2020-08-01T23:28:20Z,evening_rel48,ASCENDING,IW3,S1A,W2_prae,target,cts_asc_48_iw3,48,42077.660159999999,0.00056166975990000001,0.1953788102,0.0055166915990000004,640,302,1.046901654,,,27.5,11.4,1.0289999999999999,0.19500000000000001,cts_asc_48_iw3,0,pre-collapse (healthy),1,2020-08-01,8,2020,shoulder_Aug-Sep,distributed,47,0.0076273937033430701,22,21.525038848272654,0.020887572193793578,0.029729970538269691,640,6162,78,79,39.723404255319146,57.319148936170215,52,75,22,6,0.87234042553191493
beach_asc_48_iw3:2020-08-13,6b3f7f30-edbb-53f4-b923-135a1e51658b,Havelbrücke Werder (A 10),bridge,beach_asc_48_iw3,2020-08-13,2020-08-13T23:28:21Z,evening_rel48_reference_beach,ASCENDING,IW3,S1A,W2_prae,reference_beach,beach_asc_48_iw3,48,30531.539059999999,5.3423220380000002e-05,0.068517580630000005,0.036972552540000002,640,338,0.91389353490000003,,,28.199999999999999,1,0.221,0.17199999999999999,beach_asc_48_iw3,3,pre-collapse (healthy),1,2020-08-13,8,2020,shoulder_Aug-Sep,distributed,25,0.012755102040816327,12,25.400850379465645,0.032798874824191276,0.0064856104545790933,640,1960,49,40,46.840000000000003,31.760000000000002,65,14,12,4,0.83999999999999997
cte_asc_48_iw3:2020-08-13,6b3f7f30-edbb-53f4-b923-135a1e51658b,Havelbrücke Werder (A 10),bridge,cte_asc_48_iw3,2020-08-13,2020-08-13T23:28:21Z,evening_rel48_control_cte,ASCENDING,IW3,S1A,W2_prae,control_cte,cte_asc_48_iw3,48,36983.109380000002,3.1828814830000003e-05,0.046812109650000003,0.011364767330000001,640,341,0.92100425590000001,,,28.199999999999999,1,-0.065000000000000002,-0.41499999999999998,cte_asc_48_iw3,2,pre-collapse (healthy),1,2020-08-13,8,2020,shoulder_Aug-Sep,distributed,38,0.0093688362919132143,20,13.862652350611185,0.02498334443704197,0.029657599047700746,640,4056,52,78,39.236842105263158,54.657894736842103,53,53,20,4,0.89473684210526316
ctn_asc_48_iw3:2020-08-13,6b3f7f30-edbb-53f4-b923-135a1e51658b,Havelbrücke Werder (A 10),bridge,ctn_asc_48_iw3,2020-08-13,2020-08-13T23:28:21Z,evening_rel48_control_ctn,ASCENDING,IW3,S1A,W2_prae,control_ctn,ctn_asc_48_iw3,48,46062.714840000001,2.6311217880000001e-05,0.069860585030000005,0.0094601828599999993,640,360,1.013102572,,,28.199999999999999,1,-0.111,-0.222,ctn_asc_48_iw3,1,pre-collapse (healthy),1,2020-08-13,8,2020,shoulder_Aug-Sep,compact,4,0.66666666666666663,1,0.25,0.071729957805907171,0.17312828822335291,640,6,2,3,77.25,14,77,14,1,4,0
cts_asc_48_iw3:2020-08-13,6b3f7f30-edbb-53f4-b923-135a1e51658b,Havelbrücke Werder (A 10),bridge,cts_asc_48_iw3,2020-08-13,2020-08-13T23:28:21Z,evening_rel48,ASCENDING,IW3,S1A,W2_prae,target,cts_asc_48_iw3,48,38073.601560000003,6.6670865639999999e-05,0.046716567129999997,0.016983009869999999,640,363,0.94727977500000005,,,28.199999999999999,1,0.111,0.16900000000000001,cts_asc_48_iw3,0,pre-collapse (healthy),1,2020-08-13,8,2020,shoulder_Aug-Sep,distributed,28,0.0072332730560578659,14,14.634405226264938,0.032650190878038984,0.02498506803100347,640,3871,49,79,46.392857142857146,50.107142857142854,61,51,14,4,0.85714285714285721
beach_asc_48_iw3:2020-08-25,6b3f7f30-edbb-53f4-b923-135a1e51658b,Havelbrücke Werder (A 10),bridge,beach_asc_48_iw3,2020-08-25,2020-08-25T23:28:21Z,evening_rel48_reference_beach,ASCENDING,IW3,S1A,W2_prae,reference_beach,beach_asc_48_iw3,48,31856.992190000001,0.00031654987830000001,0.018615132199999999,0.0052930824460000001,640,304,0.95356801830000004,,,29,5.0999999999999996,-0.83299999999999996,-0.035999999999999997,beach_asc_48_iw3,3,pre-collapse (healthy),1,2020-08-25,8,2020,shoulder_Aug-Sep,distributed,31,0.0083965330444203679,18,19.869396670192607,0.019962796606324579,0.0027109234292176871,640,3692,71,52,51.516129032258064,27.451612903225808,67,15,18,4,0.87096774193548387
cte_asc_48_iw3:2020-08-25,6b3f7f30-edbb-53f4-b923-135a1e51658b,Havelbrücke Werder (A 10),bridge,cte_asc_48_iw3,2020-08-25,2020-08-25T23:28:21Z,evening_rel48_control_cte,ASCENDING,IW3,S1A,W2_prae,control_cte,cte_asc_48_iw3,48,36909.089840000001,0.0002361612715,0.2783176899,0.016761599110000001,640,363,0.91916091970000002,,,29,5.0999999999999996,-0.17699999999999999,0.153,cte_asc_48_iw3,2,pre-collapse (healthy),1,2020-08-25,8,2020,shoulder_Aug-Sep,distributed,40,0.0072332730560578659,23,12.473020885094359,0.028832630098452883,0.1116753792711393,640,5530,70,79,40.774999999999999,49.524999999999999,53,52,23,4,0.90000000000000002
ctn_asc_48_iw3:2020-08-25,6b3f7f30-edbb-53f4-b923-135a1e51658b,Havelbrücke Werder (A 10),bridge,ctn_asc_48_iw3,2020-08-25,2020-08-25T23:28:21Z,evening_rel48_control_ctn,ASCENDING,IW3,S1A,W2_prae,control_ctn,ctn_asc_48_iw3,48,47611.054689999997,0.0001887369435,0.3034436405,0.018450984730000002,640,358,1.0471567319999999,,,29,5.0999999999999996,-0.22800000000000001,0.32200000000000001,ctn_asc_48_iw3,1,pre-collapse (healthy),1,2020-08-25,8,2020,shoulder_Aug-Sep,compact,4,1,1,0.70710678118654757,0.054149085794655417,0.056994888268960438,640,4,2,2,77.5,12.5,77,13,1,4,0
cts_asc_48_iw3:2020-08-25,6b3f7f30-edbb-53f4-b923-135a1e51658b,Havelbrücke Werder (A 10),bridge,cts_asc_48_iw3,2020-08-25,2020-08-25T23:28:21Z,evening_rel48,ASCENDING,IW3,S1A,W2_prae,target,cts_asc_48_iw3,48,37745.011720000002,0.0001717807609,0.0175062567,0.01059515961,640,316,0.9391043858,,,29,5.0999999999999996,-0.92500000000000004,-0.108,cts_asc_48_iw3,0,pre-collapse (healthy),1,2020-08-25,8,2020,shoulder_Aug-Sep,distributed,25,0.0065789473684210523,15,13.200060605921477,0.021378340365682136,0.085031542783823341,640,3800,50,76,49.799999999999997,51.960000000000001,63,52,15,4,0.83999999999999997
beach_asc_48_iw3:2020-09-06,6b3f7f30-edbb-53f4-b923-135a1e51658b,Havelbrücke Werder (A 10),bridge,beach_asc_48_iw3,2020-09-06,2020-09-06T23:28:22Z,evening_rel48_reference_beach,ASCENDING,IW3,S1A,W2_prae,reference_beach,beach_asc_48_iw3,48,53841.011720000002,0.001088362886,0.1568105072,0.014880588280000001,640,319,1.611610617,,,27,11.800000000000001,-1.6080000000000001,-0.16700000000000001,beach_asc_48_iw3,3,pre-collapse (healthy),1,2020-09-06,9,2020,shoulder_Aug-Sep,intermediate,16,0.0061232300038270189,8,24.445411123562639,0.015910689170182839,0.26610752249518044,640,2613,67,39,44.125,24.25,68,19,8,4,0.75
cte_asc_48_iw3:2020-09-06,6b3f7f30-edbb-53f4-b923-135a1e51658b,Havelbrücke Werder (A 10),bridge,cte_asc_48_iw3,2020-09-06,2020-09-06T23:28:22Z,evening_rel48_control_cte,ASCENDING,IW3,S1A,W2_prae,control_cte,cte_asc_48_iw3,48,57970.410159999999,0.00016033966679999999,0.0080562625079999995,0.0057173282840000004,640,271,1.4436588859999999,,,27,11.800000000000001,-1.984,-0.034000000000000002,cte_asc_48_iw3,2,pre-collapse (healthy),1,2020-09-06,9,2020,shoulder_Aug-Sep,intermediate,22,0.017713365539452495,8,19.574238847175664,0.020905255082470275,0.10401902847026151,640,1242,46,27,38.863636363636367,63.363636363636367,57,56,8,7,0.68181818181818188
ctn_asc_48_iw3:2020-09-06,6b3f7f30-edbb-53f4-b923-135a1e51658b,Havelbrücke Werder (A 10),bridge,ctn_asc_48_iw3,2020-09-06,2020-09-06T23:28:22Z,evening_rel48_control_ctn,ASCENDING,IW3,S1A,W2_prae,control_ctn,ctn_asc_48_iw3,48,59275.921880000002,0.00024890477649999997,0.0091379061339999998,0.011303289790000001,640,257,1.303713624,,,27,11.800000000000001,-2.0259999999999998,0.104,ctn_asc_48_iw3,1,pre-collapse (healthy),1,2020-09-06,9,2020,shoulder_Aug-Sep,distributed,27,0.0067907444668008051,9,16.444527860982959,0.013283325519612442,0.05915456165349655,640,3976,71,56,35.703703703703702,58.037037037037038,51,52,9,7,0.7407407407407407
cts_asc_48_iw3:2020-09-06,6b3f7f30-edbb-53f4-b923-135a1e51658b,Havelbrücke Werder (A 10),bridge,cts_asc_48_iw3,2020-09-06,2020-09-06T23:28:22Z,evening_rel48,ASCENDING,IW3,S1A,W2_prae,target,cts_asc_48_iw3,48,60434.824220000002,0.00047524407269999998,0.079535350199999993,0.021371342240000001,640,304,1.5036320270000001,,,27,11.800000000000001,-1.728,-0.317,cts_asc_48_iw3,0,pre-collapse (healthy),1,2020-09-06,9,2020,shoulder_Aug-Sep,intermediate,13,0.0050505050505050509,10,21.227006355503075,0.011576328032024234,0.14262152120859542,640,2574,66,39,43.230769230769234,60.384615384615387,64,56,10,2,0.84615384615384615
beach_asc_48_iw3:2020-09-30,6b3f7f30-edbb-53f4-b923-135a1e51658b,Havelbrücke Werder (A 10),bridge,beach_asc_48_iw3,2020-09-30,2020-09-30T23:28:23Z,evening_rel48_reference_beach,ASCENDING,IW3,S1A,W2_prae,reference_beach,beach_asc_48_iw3,48,35779.476560000003,6.1531303799999999e-05,0.04032066837,0.018178371709999998,640,360,1.0709788410000001,,,26.800000000000001,3.3999999999999999,0.071999999999999995,-0.218,beach_asc_48_iw3,3,pre-collapse (healthy),1,2020-09-30,9,2020,shoulder_Aug-Sep,distributed,39,0.010364071219771459,19,25.878312309629862,0.031591474629449307,0.04361030649912085,640,3763,71,53,39.974358974358971,28.615384615384617,64,19,19,6,0.84615384615384615
cte_asc_48_iw3:2020-09-30,6b3f7f30-edbb-53f4-b923-135a1e51658b,Havelbrücke Werder (A 10),bridge,cte_asc_48_iw3,2020-09-30,2020-09-30T23:28:23Z,evening_rel48_control_cte,ASCENDING,IW3,S1A,W2_prae,control_cte,cte_asc_48_iw3,48,40394.933590000001,0.00014793375160000001,0.02673896961,0.0058589535769999999,640,373,1.005970195,,,26.800000000000001,3.3999999999999999,-0.23699999999999999,-0.085999999999999993,cte_asc_48_iw3,2,pre-collapse (healthy),1,2020-09-30,9,2020,shoulder_Aug-Sep,distributed,43,0.011168831168831168,22,20.432585138071833,0.032839433487063745,0.06584400044767523,640,3850,50,77,33.511627906976742,62.139534883720927,53,56,22,5,0.88372093023255816
ctn_asc_48_iw3:2020-09-30,6b3f7f30-edbb-53f4-b923-135a1e51658b,Havelbrücke Werder (A 10),bridge,ctn_asc_48_iw3,2020-09-30,2020-09-30T23:28:23Z,evening_rel48_control_ctn,ASCENDING,IW3,S1A,W2_prae,control_ctn,ctn_asc_48_iw3,48,46961.71875,1.5646799509999999e-05,0.01783941872,0.003939330112,640,370,1.0328752480000001,,,26.800000000000001,3.3999999999999999,-0.28699999999999998,0.050000000000000003,ctn_asc_48_iw3,1,pre-collapse (healthy),1,2020-09-30,9,2020,shoulder_Aug-Sep,compact,4,1,1,0.70710678118654757,0.080168776371308023,0.011943367647299908,640,4,2,2,77.5,13.5,77,13,1,4,0
cts_asc_48_iw3:2020-09-30,6b3f7f30-edbb-53f4-b923-135a1e51658b,Havelbrücke Werder (A 10),bridge,cts_asc_48_iw3,2020-09-30,2020-09-30T23:28:23Z,evening_rel48,ASCENDING,IW3,S1A,W2_prae,target,cts_asc_48_iw3,48,41205.238279999998,9.7837000790000002e-05,0.025677684690000001,0.00380091765,640,367,1.0251956010000001,,,26.800000000000001,3.3999999999999999,0.0040000000000000001,-0.40200000000000002,cts_asc_48_iw3,0,pre-collapse (healthy),1,2020-09-30,9,2020,shoulder_Aug-Sep,distributed,40,0.008378718056137411,20,19.605372350455369,0.0290084388185654,0.053276141492931646,640,4774,62,77,41.575000000000003,62.700000000000003,60,56,20,4,0.90000000000000002
beach_asc_48_iw3:2020-10-12,6b3f7f30-edbb-53f4-b923-135a1e51658b,Havelbrücke Werder (A 10),bridge,beach_asc_48_iw3,2020-10-12,2020-10-12T23:28:23Z,evening_rel48_reference_beach,ASCENDING,IW3,S1A,W2_prae,reference_beach,beach_asc_48_iw3,48,40175.574220000002,5.6111101000000002e-05,0.025113884360000002,0.023553561420000001,640,337,1.2025662210000001,,,26.5,10.800000000000001,-0.86199999999999999,-0.085999999999999993,beach_asc_48_iw3,3,pre-collapse (healthy),1,2020-10-12,10,2020,winter_Oct-Feb,distributed,32,0.0072727272727272727,17,53.06059515132204,0.019778481012658229,0.036117218481301658,640,4400,80,55,48.21875,26.0625,2,0,17,4,0.875
cte_asc_48_iw3:2020-10-12,6b3f7f30-edbb-53f4-b923-135a1e51658b,Havelbrücke Werder (A 10),bridge,cte_asc_48_iw3,2020-10-12,2020-10-12T23:28:23Z,evening_rel48_control_cte,ASCENDING,IW3,S1A,W2_prae,control_cte,cte_asc_48_iw3,48,47093.183590000001,0.00023020496879999999,0.24554750319999999,0.030995693059999999,640,401,1.1727792290000001,,,26.5,10.800000000000001,-0.20000000000000001,0.10199999999999999,cte_asc_48_iw3,2,pre-collapse (healthy),1,2020-10-12,10,2020,winter_Oct-Feb,distributed,62,0.011053663754679978,24,14.90448256117042,0.028242820198720559,0.082513701314325671,640,5609,71,79,39.096774193548384,51.806451612903224,54,52,24,8,0.87096774193548387
ctn_asc_48_iw3:2020-10-12,6b3f7f30-edbb-53f4-b923-135a1e51658b,Havelbrücke Werder (A 10),bridge,ctn_asc_48_iw3,2020-10-12,2020-10-12T23:28:23Z,evening_rel48_control_ctn,ASCENDING,IW3,S1A,W2_prae,control_ctn,ctn_asc_48_iw3,48,55282.746090000001,0.00015350796459999999,0.2938738763,0.02503004856,640,382,1.2158877830000001,,,26.5,10.800000000000001,-0.249,0.25800000000000001,ctn_asc_48_iw3,1,pre-collapse (healthy),1,2020-10-12,10,2020,winter_Oct-Feb,compact,2,1,1,0.5,0.076652601969057668,0.020754504195081139,640,2,2,1,77.5,13,77,13,1,2,0
cts_asc_48_iw3:2020-10-12,6b3f7f30-edbb-53f4-b923-135a1e51658b,Havelbrücke Werder (A 10),bridge,cts_asc_48_iw3,2020-10-12,2020-10-12T23:28:23Z,evening_rel48,ASCENDING,IW3,S1A,W2_prae,target,cts_asc_48_iw3,48,46870.664060000003,6.9505040299999997e-05,0.042934715749999998,0.021964117880000002,640,348,1.16615267,,,26.5,10.800000000000001,-0.94599999999999995,-0.154,cts_asc_48_iw3,0,pre-collapse (healthy),1,2020-10-12,10,2020,winter_Oct-Feb,distributed,35,0.0094263398868839211,19,18.551307781613758,0.017520594735784607,0.12443552145253392,640,3713,47,79,44.485714285714288,53.171428571428571,63,52,19,5,0.85714285714285721
beach_asc_48_iw3:2020-10-24,6b3f7f30-edbb-53f4-b923-135a1e51658b,Havelbrücke Werder (A 10),bridge,beach_asc_48_iw3,2020-10-24,2020-10-24T23:28:23Z,evening_rel48_reference_beach,ASCENDING,IW3,S1A,W2_prae,reference_beach,beach_asc_48_iw3,48,40057.898439999997,0.00047113615439999998,0.55398893360000001,0.018423687670000001,640,371,1.199043858,,,26.300000000000001,10.6,-0.64000000000000001,-0.28299999999999997,beach_asc_48_iw3,3,pre-collapse (healthy),1,2020-10-24,10,2020,winter_Oct-Feb,distributed,43,0.0097197106690777579,16,19.363604047517395,0.022536224773492947,0.02077529992321853,640,4424,79,56,49.348837209302324,28.88372093023256,66,19,16,6,0.86046511627906974
cte_asc_48_iw3:2020-10-24,6b3f7f30-edbb-53f4-b923-135a1e51658b,Havelbrücke Werder (A 10),bridge,cte_asc_48_iw3,2020-10-24,2020-10-24T23:28:23Z,evening_rel48_control_cte,ASCENDING,IW3,S1A,W2_prae,control_cte,cte_asc_48_iw3,48,44895.703119999998,0.00055610388519999996,0.066974677149999995,0.0086922962220000004,640,326,1.1180545479999999,,,26.300000000000001,10.6,-1.002,-0.13600000000000001,cte_asc_48_iw3,2,pre-collapse (healthy),1,2020-10-24,10,2020,winter_Oct-Feb,distributed,27,0.0074999999999999997,13,16.34206535714425,0.02672292545710267,0.14696388059203791,640,3600,48,75,38.703703703703702,57.222222222222221,55,56,13,4,0.85185185185185186
ctn_asc_48_iw3:2020-10-24,6b3f7f30-edbb-53f4-b923-135a1e51658b,Havelbrücke Werder (A 10),bridge,ctn_asc_48_iw3,2020-10-24,2020-10-24T23:28:23Z,evening_rel48_control_ctn,ASCENDING,IW3,S1A,W2_prae,control_ctn,ctn_asc_48_iw3,48,50596.570310000003,0.0007556421333,0.059260435399999999,0.01378546003,640,329,1.1128201120000001,,,26.300000000000001,10.6,-1.046,0.0030000000000000001,ctn_asc_48_iw3,1,pre-collapse (healthy),1,2020-10-24,10,2020,winter_Oct-Feb,compact,3,0.0026881720430107529,2,14.866068747318506,0.040318799812470697,0.36428882498293408,640,1116,31,36,69,25,79,14,2,2,0.33333333333333337
cts_asc_48_iw3:2020-10-24,6b3f7f30-edbb-53f4-b923-135a1e51658b,Havelbrücke Werder (A 10),bridge,cts_asc_48_iw3,2020-10-24,2020-10-24T23:28:23Z,evening_rel48,ASCENDING,IW3,S1A,W2_prae,target,cts_asc_48_iw3,48,45808.949220000002,0.00055173429429999997,0.42476183179999999,0.011608018540000001,640,343,1.139736965,,,26.300000000000001,10.6,-0.75,-0.46999999999999997,cts_asc_48_iw3,0,pre-collapse (healthy),1,2020-10-24,10,2020,winter_Oct-Feb,distributed,38,0.010416666666666666,15,15.309842397563314,0.015212080834998891,0.08409741117760329,640,3648,48,76,46.710526315789473,55.210526315789473,62,56,15,5,0.86842105263157898
beach_asc_48_iw3:2020-11-05,6b3f7f30-edbb-53f4-b923-135a1e51658b,Havelbrücke Werder (A 10),bridge,beach_asc_48_iw3,2020-11-05,2020-11-05T23:28:23Z,evening_rel48_reference_beach,ASCENDING,IW3,S1A,W2_prae,reference_beach,beach_asc_48_iw3,48,39770.046880000002,2.2445978169999998e-05,0.21406581999999999,0.015003238800000001,640,389,1.190427664,,,25.100000000000001,17.199999999999999,-0.13100000000000001,-0.016,beach_asc_48_iw3,3,pre-collapse (healthy),1,2020-11-05,11,2020,winter_Oct-Feb,distributed,35,0.0080128205128205121,14,23.559079015989411,0.038376532047418123,0.0032128163336782004,640,4368,78,56,44.828571428571429,27.171428571428571,65,15,14,6,0.82857142857142851
cte_asc_48_iw3:2020-11-05,6b3f7f30-edbb-53f4-b923-135a1e51658b,Havelbrücke Werder (A 10),bridge,cte_asc_48_iw3,2020-11-05,2020-11-05T23:28:23Z,evening_rel48_control_cte,ASCENDING,IW3,S1A,W2_prae,control_cte,cte_asc_48_iw3,48,46855.796880000002,0.00028571393340000003,0.26006487010000001,0.016035506500000001,640,388,1.1668674990000001,,,25.100000000000001,17.199999999999999,-0.53600000000000003,0.14699999999999999,cte_asc_48_iw3,2,pre-collapse (healthy),1,2020-11-05,11,2020,winter_Oct-Feb,distributed,33,0.0093617021276595751,14,26.806143505924883,0.032817627754336609,0.0007169988790928192,640,3525,47,75,32.484848484848484,55.969696969696969,11,72,14,6,0.81818181818181812
ctn_asc_48_iw3:2020-11-05,6b3f7f30-edbb-53f4-b923-135a1e51658b,Havelbrücke Werder (A 10),bridge,ctn_asc_48_iw3,2020-11-05,2020-11-05T23:28:23Z,evening_rel48_control_ctn,ASCENDING,IW3,S1A,W2_prae,control_ctn,ctn_asc_48_iw3,48,50782.390619999998,0.00024895832759999999,0.20390109719999999,0.01171188988,640,352,1.1169070409999999,,,25.100000000000001,17.199999999999999,-0.60099999999999998,0.318,ctn_asc_48_iw3,1,pre-collapse (healthy),1,2020-11-05,11,2020,winter_Oct-Feb,intermediate,11,0.0025845864661654134,7,58.504361637219091,0.017516941567574478,0.054598465081640221,640,4256,76,56,31.454545454545453,47.090909090909093,79,13,7,4,0.63636363636363635
cts_asc_48_iw3:2020-11-05,6b3f7f30-edbb-53f4-b923-135a1e51658b,Havelbrücke Werder (A 10),bridge,cts_asc_48_iw3,2020-11-05,2020-11-05T23:28:23Z,evening_rel48,ASCENDING,IW3,S1A,W2_prae,target,cts_asc_48_iw3,48,47173.140619999998,5.2887775379999997e-05,0.2046370059,0.01245566364,640,408,1.1736783550000001,,,25.100000000000001,17.199999999999999,-0.217,-0.058000000000000003,cts_asc_48_iw3,0,pre-collapse (healthy),1,2020-11-05,11,2020,winter_Oct-Feb,distributed,29,0.0082269503546099285,13,21.364761456768882,0.035161744022503522,0.0021701208152823349,640,3525,47,75,40.103448275862071,56.448275862068968,61,52,13,5,0.82758620689655171
beach_asc_48_iw3:2020-11-29,6b3f7f30-edbb-53f4-b923-135a1e51658b,Havelbrücke Werder (A 10),bridge,beach_asc_48_iw3,2020-11-29,2020-11-29T23:28:22Z,evening_rel48_reference_beach,ASCENDING,IW3,S1A,W2_prae,reference_beach,beach_asc_48_iw3,48,34917.566409999999,1.7667874999999999e-05,0.266803503,0.004981464241,640,373,1.045179482,,,22.899999999999999,0.5,-0.41099999999999998,0.13900000000000001,beach_asc_48_iw3,3,pre-collapse (healthy),1,2020-11-29,11,2020,winter_Oct-Feb,distributed,50,0.012025012025012025,20,27.178646029557839,0.025428973277074544,0.034948631638577823,640,4158,77,54,40.719999999999999,27.98,66,18,20,7,0.85999999999999999
cte_asc_48_iw3:2020-11-29,6b3f7f30-edbb-53f4-b923-135a1e51658b,Havelbrücke Werder (A 10),bridge,cte_asc_48_iw3,2020-11-29,2020-11-29T23:28:22Z,evening_rel48_control_cte,ASCENDING,IW3,S1A,W2_prae,control_cte,cte_asc_48_iw3,48,38547.453119999998,0.0002499354596,0.056356400250000001,0.0084775350990000005,640,277,0.95996169549999999,,,22.899999999999999,0.5,-0.89000000000000001,-0.54900000000000004,cte_asc_48_iw3,2,pre-collapse (healthy),1,2020-11-29,11,2020,winter_Oct-Feb,intermediate,19,0.016170212765957447,9,20.90719501329864,0.027833296320971208,0.16563313764223742,640,1175,47,25,36.526315789473685,66.78947368421052,55,57,9,4,0.78947368421052633
ctn_asc_48_iw3:2020-11-29,6b3f7f30-edbb-53f4-b923-135a1e51658b,Havelbrücke Werder (A 10),bridge,ctn_asc_48_iw3,2020-11-29,2020-11-29T23:28:22Z,evening_rel48_control_ctn,ASCENDING,IW3,S1A,W2_prae,control_ctn,ctn_asc_48_iw3,48,43026.554689999997,3.3805943529999999e-05,0.089561112230000003,0.011178285810000001,640,307,0.94632531659999997,,,22.899999999999999,0.5,-0.86599999999999999,-0.314,ctn_asc_48_iw3,1,pre-collapse (healthy),1,2020-11-29,11,2020,winter_Oct-Feb,compact,6,0.0014478764478764478,4,41.344756486027208,0.019456165025785278,0.68544809769886683,640,4144,74,56,51.833333333333336,45.166666666666664,79,14,4,2,0.66666666666666674
cts_asc_48_iw3:2020-11-29,6b3f7f30-edbb-53f4-b923-135a1e51658b,Havelbrücke Werder (A 10),bridge,cts_asc_48_iw3,2020-11-29,2020-11-29T23:28:22Z,evening_rel48,ASCENDING,IW3,S1A,W2_prae,target,cts_asc_48_iw3,48,40281.589840000001,0.00013903167560000001,0.2069292217,0.01101023797,640,368,1.00221502,,,22.899999999999999,0.5,-0.59199999999999997,0.094,cts_asc_48_iw3,0,pre-collapse (healthy),1,2020-11-29,11,2020,winter_Oct-Feb,distributed,27,0.014999999999999999,11,23.907715808321541,0.032244621555451367,0.079278127650334748,640,1800,60,30,40.370370370370374,65.18518518518519,62,55,11,4,0.85185185185185186
beach_asc_48_iw3:2020-12-11,6b3f7f30-edbb-53f4-b923-135a1e51658b,Havelbrücke Werder (A 10),bridge,beach_asc_48_iw3,2020-12-11,2020-12-11T23:28:22Z,evening_rel48_reference_beach,ASCENDING,IW3,S1A,W2_prae,reference_beach,beach_asc_48_iw3,48,49997.980470000002,0.00092558161119999998,0.33586424590000002,0.02678752132,640,414,1.4965780470000001,,,18.899999999999999,0,-0.42399999999999999,0.106,beach_asc_48_iw3,3,pre-collapse (healthy),1,2020-12-11,12,2020,winter_Oct-Feb,intermediate,22,0.0094017094017094013,11,17.384566157827116,0.033435622043216977,0.002455438943869093,640,2340,60,39,50.18181818181818,27.90909090909091,65,37,11,6,0.72727272727272729
cte_asc_48_iw3:2020-12-11,6b3f7f30-edbb-53f4-b923-135a1e51658b,Havelbrücke Werder (A 10),bridge,cte_asc_48_iw3,2020-12-11,2020-12-11T23:28:22Z,evening_rel48_control_cte,ASCENDING,IW3,S1A,W2_prae,control_cte,cte_asc_48_iw3,48,55931.210939999997,0.00021054860550000001,0.05040811747,0.002253266517,640,385,1.3928759420000001,,,18.899999999999999,0,0.089999999999999997,0.34899999999999998,cte_asc_48_iw3,2,pre-collapse (healthy),1,2020-12-11,12,2020,winter_Oct-Feb,intermediate,13,0.010466988727858293,5,11.062223152020064,0.035810883912149739,0.02578012404125668,640,1242,46,27,46.46153846153846,63.92307692307692,53,55,5,5,0.61538461538461542
ctn_asc_48_iw3:2020-12-11,6b3f7f30-edbb-53f4-b923-135a1e51658b,Havelbrücke Werder (A 10),bridge,ctn_asc_48_iw3,2020-12-11,2020-12-11T23:28:22Z,evening_rel48_control_ctn,ASCENDING,IW3,S1A,W2_prae,control_ctn,ctn_asc_48_iw3,48,66450.828120000006,0.00017107960589999999,0.02210667543,0.0068804444749999997,640,369,1.461518391,,,18.899999999999999,0,0.115,-0.374,ctn_asc_48_iw3,1,pre-collapse (healthy),1,2020-12-11,12,2020,winter_Oct-Feb,compact,5,0.00390625,2,9.9297532698451239,0.04725738396624473,0.015707894190349837,640,1280,32,40,71.400000000000006,22.199999999999999,77,14,2,4,0.19999999999999996
cts_asc_48_iw3:2020-12-11,6b3f7f30-edbb-53f4-b923-135a1e51658b,Havelbrücke Werder (A 10),bridge,cts_asc_48_iw3,2020-12-11,2020-12-11T23:28:22Z,evening_rel48,ASCENDING,IW3,S1A,W2_prae,target,cts_asc_48_iw3,48,57975.96875,0.00061933207329999997,0.18547700349999999,0.02037637867,640,411,1.44245515,,,18.899999999999999,0,-0.60599999999999998,0.042999999999999997,cts_asc_48_iw3,0,pre-collapse (healthy),1,2020-12-11,12,2020,winter_Oct-Feb,intermediate,19,0.011728395061728396,7,16.787493696151842,0.030054038048708268,0.00096188974068971524,640,1620,60,27,48.10526315789474,64.421052631578945,62,55,7,6,0.68421052631578949
beach_asc_48_iw3:2020-12-23,6b3f7f30-edbb-53f4-b923-135a1e51658b,Havelbrücke Werder (A 10),bridge,beach_asc_48_iw3,2020-12-23,2020-12-23T23:28:21Z,evening_rel48_reference_beach,ASCENDING,IW3,S1A,W2_prae,reference_beach,beach_asc_48_iw3,48,32440.16992,0.00042041338749999998,0.044915813950000001,0.021841192620000002,640,251,0.97102414329999998,,,21.399999999999999,0,-1.2509999999999999,0.26600000000000001,beach_asc_48_iw3,3,pre-collapse (healthy),1,2020-12-23,12,2020,winter_Oct-Feb,distributed,46,0.017624521072796936,18,20.765364867293659,0.013086283862288266,0.040671866564100261,640,2610,58,45,49.782608695652172,29.608695652173914,67,18,18,6,0.86956521739130432
cte_asc_48_iw3:2020-12-23,6b3f7f30-edbb-53f4-b923-135a1e51658b,Havelbrücke Werder (A 10),bridge,cte_asc_48_iw3,2020-12-23,2020-12-23T23:28:21Z,evening_rel48_control_cte,ASCENDING,IW3,S1A,W2_prae,control_cte,cte_asc_48_iw3,48,37328.378909999999,0.00095898105060000002,0.034168157730000003,0.027542071420000001,640,234,0.92960263259999998,,,21.399999999999999,0,-1.7090000000000001,-0.29799999999999999,cte_asc_48_iw3,2,pre-collapse (healthy),1,2020-12-23,12,2020,winter_Oct-Feb,distributed,45,0.0089712918660287081,20,14.225919658266625,0.015033598999843726,0.035533647205911296,640,5016,66,76,43.266666666666666,59.711111111111109,57,56,20,6,0.8666666666666667
ctn_asc_48_iw3:2020-12-23,6b3f7f30-edbb-53f4-b923-135a1e51658b,Havelbrücke Werder (A 10),bridge,ctn_asc_48_iw3,2020-12-23,2020-12-23T23:28:21Z,evening_rel48_control_ctn,ASCENDING,IW3,S1A,W2_prae,control_ctn,ctn_asc_48_iw3,48,38610.238279999998,0.00075208826460000005,0.03089192696,0.024416968229999999,640,209,0.84919292820000003,,,21.399999999999999,0,-1.76,-0.13900000000000001,ctn_asc_48_iw3,1,pre-collapse (healthy),1,2020-12-23,12,2020,winter_Oct-Feb,distributed,29,0.0067332249825864873,13,11.505310772898531,0.014064697609001408,0.043755372135095935,640,4307,73,59,40.137931034482762,55.793103448275865,51,52,13,4,0.86206896551724133
cts_asc_48_iw3:2020-12-23,6b3f7f30-edbb-53f4-b923-135a1e51658b,Havelbrücke Werder (A 10),bridge,cts_asc_48_iw3,2020-12-23,2020-12-23T23:28:21Z,evening_rel48,ASCENDING,IW3,S1A,W2_prae,target,cts_asc_48_iw3,48,38448.261720000002,0.001175560872,0.031018877399999999,0.029648568480000002,640,251,0.95660140400000004,,,21.399999999999999,0,-1.4330000000000001,0.313,cts_asc_48_iw3,0,pre-collapse (healthy),1,2020-12-23,12,2020,winter_Oct-Feb,distributed,90,0.016304347826086956,28,19.962662678975665,0.010626660415689953,0.0032123853969918785,640,5520,69,80,43.366666666666667,58.611111111111114,63,55,28,12,0.8666666666666667
beach_asc_48_iw3:2021-01-04,6b3f7f30-edbb-53f4-b923-135a1e51658b,Havelbrücke Werder (A 10),bridge,beach_asc_48_iw3,2021-01-04,2021-01-04T23:28:20Z,evening_rel48_reference_beach,ASCENDING,IW3,S1A,W2_prae,reference_beach,beach_asc_48_iw3,48,33141.398439999997,0.00045040727129999999,0.033774744719999999,0.020933790130000001,640,352,0.99201385509999995,,,21.800000000000001,0.69999999999999996,-0.25600000000000001,0.126,beach_asc_48_iw3,3,pre-collapse (healthy),1,2021-01-04,1,2021,winter_Oct-Feb,intermediate,13,0.0058035714285714288,7,19.146584969031196,0.04457427242237369,0.1929217332076486,640,2240,56,40,51.53846153846154,27.615384615384617,65,14,7,5,0.61538461538461542
cte_asc_48_iw3:2021-01-04,6b3f7f30-edbb-53f4-b923-135a1e51658b,Havelbrücke Werder (A 10),bridge,cte_asc_48_iw3,2021-01-04,2021-01-04T23:28:20Z,evening_rel48_control_cte,ASCENDING,IW3,S1A,W2_prae,control_cte,cte_asc_48_iw3,48,39103.113279999998,0.00060493435009999999,0.059529375279999998,0.0252490826,640,280,0.97379950900000001,,,21.800000000000001,0.69999999999999996,-0.74099999999999999,0.39700000000000002,cte_asc_48_iw3,2,pre-collapse (healthy),1,2021-01-04,1,2021,winter_Oct-Feb,intermediate,18,0.0052173913043478265,9,18.447288937288384,0.028441944053758397,0.058110024986348034,640,3450,46,75,37.055555555555557,55.277777777777779,55,51,9,5,0.72222222222222221
ctn_asc_48_iw3:2021-01-04,6b3f7f30-edbb-53f4-b923-135a1e51658b,Havelbrücke Werder (A 10),bridge,ctn_asc_48_iw3,2021-01-04,2021-01-04T23:28:20Z,evening_rel48_control_ctn,ASCENDING,IW3,S1A,W2_prae,control_ctn,ctn_asc_48_iw3,48,44205.960939999997,0.00070242572110000004,0.037655014539999997,0.032909449190000002,640,322,0.97226515769999999,,,21.800000000000001,0.69999999999999996,-0.71899999999999997,-0.33800000000000002,ctn_asc_48_iw3,1,pre-collapse (healthy),1,2021-01-04,1,2021,winter_Oct-Feb,compact,4,0.0035842293906810036,3,12.041594578792296,0.045358649789029537,0.33295789402254466,640,1116,31,36,71,23,79,14,3,2,0.5
cts_asc_48_iw3:2021-01-04,6b3f7f30-edbb-53f4-b923-135a1e51658b,Havelbrücke Werder (A 10),bridge,cts_asc_48_iw3,2021-01-04,2021-01-04T23:28:20Z,evening_rel48,ASCENDING,IW3,S1A,W2_prae,target,cts_asc_48_iw3,48,40210.425779999998,0.00061242951779999998,0.031600557270000003,0.021150572230000001,640,369,1.000444442,,,21.800000000000001,0.69999999999999996,-0.40000000000000002,0.128,cts_asc_48_iw3,0,pre-collapse (healthy),1,2021-01-04,1,2021,winter_Oct-Feb,distributed,28,0.0080091533180778034,11,19.266028312518785,0.038728149487643158,0.11418663466317391,640,3496,46,76,42.928571428571431,57.678571428571431,61,51,11,6,0.7857142857142857
beach_asc_48_iw3:2021-01-28,6b3f7f30-edbb-53f4-b923-135a1e51658b,Havelbrücke Werder (A 10),bridge,beach_asc_48_iw3,2021-01-28,2021-01-28T23:28:20Z,evening_rel48_reference_beach,ASCENDING,IW3,S1A,W2_prae,reference_beach,beach_asc_48_iw3,48,32043.685549999998,0.0009190087439,0.19126981500000001,0.043340090659999997,640,325,0.95915626769999995,,,21.800000000000001,0.10000000000000001,-0.042000000000000003,0.26600000000000001,beach_asc_48_iw3,3,pre-collapse (healthy),1,2021-01-28,1,2021,winter_Oct-Feb,distributed,30,0.010660980810234541,16,25.264687697346357,0.028035630567276138,0.0054386507252395565,640,2814,67,42,44.5,28.766666666666666,65,14,16,4,0.8666666666666667
cte_asc_48_iw3:2021-01-28,6b3f7f30-edbb-53f4-b923-135a1e51658b,Havelbrücke Werder (A 10),bridge,cte_asc_48_iw3,2021-01-28,2021-01-28T23:28:20Z,evening_rel48_control_cte,ASCENDING,IW3,S1A,W2_prae,control_cte,cte_asc_48_iw3,48,37148.070310000003,0.00076802779219999995,0.020015573129999999,0.02924189344,640,342,0.92511233999999998,,,21.800000000000001,0.10000000000000001,-0.38300000000000001,-0.27300000000000002,cte_asc_48_iw3,2,pre-collapse (healthy),1,2021-01-28,1,2021,winter_Oct-Feb,distributed,57,0.010439560439560439,22,14.009472238589735,0.029659239519332789,0.0013507173038904009,640,5460,70,78,40.578947368421055,56.017543859649123,54,52,22,6,0.89473684210526316
ctn_asc_48_iw3:2021-01-28,6b3f7f30-edbb-53f4-b923-135a1e51658b,Havelbrücke Werder (A 10),bridge,ctn_asc_48_iw3,2021-01-28,2021-01-28T23:28:20Z,evening_rel48_control_ctn,ASCENDING,IW3,S1A,W2_prae,control_ctn,ctn_asc_48_iw3,48,42631.351560000003,0.00016870714900000001,0.031661115589999997,0.01691452786,640,363,0.93763322579999997,,,21.800000000000001,0.10000000000000001,0.52500000000000002,-0.115,ctn_asc_48_iw3,1,pre-collapse (healthy),1,2021-01-28,1,2021,winter_Oct-Feb,compact,8,0.0022222222222222222,4,17.577062467886947,0.046237693389592119,0.10791103119298404,640,3600,75,48,63.375,23.75,78,14,4,3,0.625
cts_asc_48_iw3:2021-01-28,6b3f7f30-edbb-53f4-b923-135a1e51658b,Havelbrücke Werder (A 10),bridge,cts_asc_48_iw3,2021-01-28,2021-01-28T23:28:20Z,evening_rel48,ASCENDING,IW3,S1A,W2_prae,target,cts_asc_48_iw3,48,38050.988279999998,0.00095358578259999995,0.16031321879999999,0.0336945653,640,333,0.94671715150000002,,,21.800000000000001,0.10000000000000001,-0.16500000000000001,0.28499999999999998,cts_asc_48_iw3,0,pre-collapse (healthy),1,2021-01-28,1,2021,winter_Oct-Feb,distributed,32,0.0064935064935064939,16,17.305193629731509,0.028481012658227847,0.034143189786841936,640,4928,64,77,44.875,57.28125,61,51,16,5,0.84375
beach_asc_48_iw3:2021-02-09,6b3f7f30-edbb-53f4-b923-135a1e51658b,Havelbrücke Werder (A 10),bridge,beach_asc_48_iw3,2021-02-09,2021-02-09T23:28:19Z,evening_rel48_reference_beach,ASCENDING,IW3,S1A,W2_prae,reference_beach,beach_asc_48_iw3,48,35421.449220000002,7.6604039349999998e-05,0.05561604723,0.0078533599150000001,640,306,1.060262091,,,23.699999999999999,0.10000000000000001,0.76900000000000002,-0.047,beach_asc_48_iw3,3,pre-collapse (healthy),1,2021-02-09,2,2021,winter_Oct-Feb,distributed,25,0.0064616179891444818,14,17.846142440314654,0.023122362869198314,0.089404514107814317,640,3869,73,53,41.880000000000003,28.52,57,38,14,6,0.76000000000000001
cte_asc_48_iw3:2021-02-09,6b3f7f30-edbb-53f4-b923-135a1e51658b,Havelbrücke Werder (A 10),bridge,cte_asc_48_iw3,2021-02-09,2021-02-09T23:28:19Z,evening_rel48_control_cte,ASCENDING,IW3,S1A,W2_prae,control_cte,cte_asc_48_iw3,48,41248.769529999998,8.1121193940000003e-05,0.024653540920000001,0.011579049750000001,640,296,1.027233592,,,23.699999999999999,0.10000000000000001,1.3220000000000001,0.076999999999999999,cte_asc_48_iw3,2,pre-collapse (healthy),1,2021-02-09,2,2021,winter_Oct-Feb,distributed,34,0.0072773972602739722,13,51.70318871388293,0.016919003888475219,0.052943809712399606,640,4672,73,64,39.617647058823529,50.5,79,17,13,5,0.8529411764705882
ctn_asc_48_iw3:2021-02-09,6b3f7f30-edbb-53f4-b923-135a1e51658b,Havelbrücke Werder (A 10),bridge,ctn_asc_48_iw3,2021-02-09,2021-02-09T23:28:19Z,evening_rel48_control_ctn,ASCENDING,IW3,S1A,W2_prae,control_ctn,ctn_asc_48_iw3,48,46114.699220000002,0.00024878670229999997,0.082009129230000005,0.0086792949589999998,640,288,1.0142459150000001,,,23.699999999999999,0.10000000000000001,1.262,0.23300000000000001,ctn_asc_48_iw3,1,pre-collapse (healthy),1,2021-02-09,2,2021,winter_Oct-Feb,compact,5,0.83333333333333337,1,0.4472135954999627,0.047538677918424754,0.032095261602716363,640,6,2,3,75.400000000000006,13.199999999999999,75,13,1,5,0
cts_asc_48_iw3:2021-02-09,6b3f7f30-edbb-53f4-b923-135a1e51658b,Havelbrücke Werder (A 10),bridge,cts_asc_48_iw3,2021-02-09,2021-02-09T23:28:19Z,evening_rel48,ASCENDING,IW3,S1A,W2_prae,target,cts_asc_48_iw3,48,40140.976560000003,0.0001168809831,0.077835179870000007,0.01443158649,640,331,0.99871653029999996,,,23.699999999999999,0.10000000000000001,0.65300000000000002,-0.13800000000000001,cts_asc_48_iw3,0,pre-collapse (healthy),1,2021-02-09,2,2021,winter_Oct-Feb,distributed,30,0.0066459902525476296,17,25.262224763468474,0.02944210032817628,0.057083293379495782,640,4514,61,74,36.700000000000003,55.700000000000003,53,75,17,4,0.8666666666666667
beach_asc_48_iw3:2021-02-21,6b3f7f30-edbb-53f4-b923-135a1e51658b,Havelbrücke Werder (A 10),bridge,beach_asc_48_iw3,2021-02-21,2021-02-21T23:28:19Z,evening_rel48_reference_beach,ASCENDING,IW3,S1A,W2_prae,reference_beach,beach_asc_48_iw3,48,33407.730470000002,9.8839300340000002e-05,0.062379114329999999,0.01515136473,640,338,0.99998591059999997,,,21,0.29999999999999999,0.16,-0.059999999999999998,beach_asc_48_iw3,3,pre-collapse (healthy),1,2021-02-21,2,2021,winter_Oct-Feb,distributed,36,0.008241758241758242,16,9.4411759049991097,0.038209095171120491,0.096766226891322499,640,4368,78,56,42.222222222222221,29.555555555555557,38,38,16,5,0.86111111111111116
cte_asc_48_iw3:2021-02-21,6b3f7f30-edbb-53f4-b923-135a1e51658b,Havelbrücke Werder (A 10),bridge,cte_asc_48_iw3,2021-02-21,2021-02-21T23:28:19Z,evening_rel48_control_cte,ASCENDING,IW3,S1A,W2_prae,control_cte,cte_asc_48_iw3,48,39519.679689999997,0.0003050145751,0.034507665780000002,0.0184473265,640,377,0.98417341849999995,,,21,0.29999999999999999,-0.17999999999999999,0.097000000000000003,cte_asc_48_iw3,2,pre-collapse (healthy),1,2021-02-21,2,2021,winter_Oct-Feb,distributed,27,0.0075949367088607592,12,53.139694772305823,0.039485336250455798,0.18697315629587818,640,3555,45,79,37.333333333333336,53.777777777777779,53,3,12,4,0.85185185185185186
ctn_asc_48_iw3:2021-02-21,6b3f7f30-edbb-53f4-b923-135a1e51658b,Havelbrücke Werder (A 10),bridge,ctn_asc_48_iw3,2021-02-21,2021-02-21T23:28:19Z,evening_rel48_control_ctn,ASCENDING,IW3,S1A,W2_prae,control_ctn,ctn_asc_48_iw3,48,43154.089840000001,8.9449487860000001e-05,0.04094931483,0.016598908230000001,640,372,0.94913032269999997,,,21,0.29999999999999999,-0.23400000000000001,0.252,ctn_asc_48_iw3,1,pre-collapse (healthy),1,2021-02-21,2,2021,winter_Oct-Feb,compact,3,0.75,1,0.47140452079102874,0.082044069385841537,0.14363393478585712,640,4,2,2,77.333333333333329,13.333333333333334,77,13,1,3,0
cts_asc_48_iw3:2021-02-21,6b3f7f30-edbb-53f4-b923-135a1e51658b,Havelbrücke Werder (A 10),bridge,cts_asc_48_iw3,2021-02-21,2021-02-21T23:28:19Z,evening_rel48,ASCENDING,IW3,S1A,W2_prae,target,cts_asc_48_iw3,48,39796.039060000003,0.00011553343939999999,0.087827101350000006,0.01260580402,640,364,0.99013440760000004,,,21,0.29999999999999999,0.062,-0.16,cts_asc_48_iw3,0,pre-collapse (healthy),1,2021-02-21,2,2021,winter_Oct-Feb,distributed,26,0.0065822784810126581,11,48.837264484887605,0.037109163691442175,0.1656776231610009,640,3950,50,79,47.57692307692308,50.230769230769234,60,3,11,5,0.80769230769230771
beach_asc_48_iw3:2021-03-05,6b3f7f30-edbb-53f4-b923-135a1e51658b,Havelbrücke Werder (A 10),bridge,beach_asc_48_iw3,2021-03-05,2021-03-05T23:28:19Z,evening_rel48_reference_beach,ASCENDING,IW3,S1A,W2_prae,reference_beach,beach_asc_48_iw3,48,32286.697270000001,0.00025248821479999998,0.2056512237,0.021386995910000001,640,325,0.9664302816,,,19.800000000000001,0,-0.13600000000000001,0.28100000000000003,beach_asc_48_iw3,3,pre-collapse (healthy),1,2021-03-05,3,2021,summer_Mar-Jul,distributed,28,0.015151515151515152,10,27.707588476510786,0.03475989551938919,0.27379721852378891,640,1848,44,42,42.928571428571431,30.75,65,14,10,6,0.7857142857142857
cte_asc_48_iw3:2021-03-05,6b3f7f30-edbb-53f4-b923-135a1e51658b,Havelbrücke Werder (A 10),bridge,cte_asc_48_iw3,2021-03-05,2021-03-05T23:28:19Z,evening_rel48_control_cte,ASCENDING,IW3,S1A,W2_prae,control_cte,cte_asc_48_iw3,48,39671.417970000002,0.001048704726,0.17681826649999999,0.039939206089999998,640,349,0.98795221389999999,,,19.800000000000001,0,-0.54000000000000004,-0.32100000000000001,cte_asc_48_iw3,2,pre-collapse (healthy),1,2021-03-05,3,2021,summer_Mar-Jul,distributed,46,0.012672176308539946,18,31.679104942865674,0.02498012597076989,0.066828776929278341,640,3630,66,55,38.239130434782609,56.826086956521742,11,73,18,6,0.86956521739130432
ctn_asc_48_iw3:2021-03-05,6b3f7f30-edbb-53f4-b923-135a1e51658b,Havelbrücke Werder (A 10),bridge,ctn_asc_48_iw3,2021-03-05,2021-03-05T23:28:19Z,evening_rel48_control_ctn,ASCENDING,IW3,S1A,W2_prae,control_ctn,ctn_asc_48_iw3,48,42937.121090000001,0.00068438757439999995,0.18082159759999999,0.034523084760000003,640,362,0.94435831569999995,,,19.800000000000001,0,-0.60599999999999998,-0.158,ctn_asc_48_iw3,1,pre-collapse (healthy),1,2021-03-05,3,2021,summer_Mar-Jul,intermediate,16,0.0035555555555555557,10,52.827586602550753,0.018284106891701832,0.12642693288225168,640,4500,75,60,40.75,50.4375,79,14,10,3,0.8125
cts_asc_48_iw3:2021-03-05,6b3f7f30-edbb-53f4-b923-135a1e51658b,Havelbrücke Werder (A 10),bridge,cts_asc_48_iw3,2021-03-05,2021-03-05T23:28:19Z,evening_rel48,ASCENDING,IW3,S1A,W2_prae,target,cts_asc_48_iw3,48,39678.554689999997,0.00094800733500000002,0.1630098224,0.02611913905,640,345,0.98721137000000003,,,19.800000000000001,0,-0.28100000000000003,0.29099999999999998,cts_asc_48_iw3,0,pre-collapse (healthy),1,2021-03-05,3,2021,summer_Mar-Jul,distributed,40,0.011520737327188941,16,23.072765330579688,0.029500703234880455,0.10681463809216966,640,3472,62,56,39.549999999999997,59.5,61,51,16,6,0.84999999999999998
beach_asc_48_iw3:2021-03-17,6b3f7f30-edbb-53f4-b923-135a1e51658b,Havelbrücke Werder (A 10),bridge,beach_asc_48_iw3,2021-03-17,2021-03-17T23:28:19Z,evening_rel48_reference_beach,ASCENDING,IW3,S1A,W2_prae,reference_beach,beach_asc_48_iw3,48,33399.808590000001,5.7921155530000001e-05,0.3532360792,0.02118710801,640,350,0.99974878690000002,,,24.699999999999999,0,-0.067000000000000004,0.23499999999999999,beach_asc_48_iw3,3,pre-collapse (healthy),1,2021-03-17,3,2021,summer_Mar-Jul,distributed,36,0.015645371577574969,13,22.772763675761855,0.028324738240350051,0.095739226088350213,640,2301,59,39,45.611111111111114,29.944444444444443,65,18,13,6,0.83333333333333337
cte_asc_48_iw3:2021-03-17,6b3f7f30-edbb-53f4-b923-135a1e51658b,Havelbrücke Werder (A 10),bridge,cte_asc_48_iw3,2021-03-17,2021-03-17T23:28:19Z,evening_rel48_control_cte,ASCENDING,IW3,S1A,W2_prae,control_cte,cte_asc_48_iw3,48,39645.15625,0.00074618705550000004,0.035370282830000002,0.02935199812,640,344,0.98729820850000005,,,24.699999999999999,0,0.54100000000000004,-0.33000000000000002,cte_asc_48_iw3,2,pre-collapse (healthy),1,2021-03-17,3,2021,summer_Mar-Jul,distributed,32,0.017344173441734417,13,14.438345483901541,0.027865682137834035,0.032715389994977397,640,1845,45,41,35.84375,65.4375,26,76,13,6,0.8125
ctn_asc_48_iw3:2021-03-17,6b3f7f30-edbb-53f4-b923-135a1e51658b,Havelbrücke Werder (A 10),bridge,ctn_asc_48_iw3,2021-03-17,2021-03-17T23:28:19Z,evening_rel48_control_ctn,ASCENDING,IW3,S1A,W2_prae,control_ctn,ctn_asc_48_iw3,48,43713.265619999998,0.0005610723747,0.0249267146,0.0266801659,640,378,0.96142882539999996,,,24.699999999999999,0,0.46999999999999997,-0.216,ctn_asc_48_iw3,1,pre-collapse (healthy),1,2021-03-17,3,2021,summer_Mar-Jul,intermediate,12,0.0026761819803746653,8,39.446605965814371,0.029301453352086265,0.041451704281179204,640,4484,76,59,47.833333333333336,39.416666666666664,78,14,8,3,0.75
cts_asc_48_iw3:2021-03-17,6b3f7f30-edbb-53f4-b923-135a1e51658b,Havelbrücke Werder (A 10),bridge,cts_asc_48_iw3,2021-03-17,2021-03-17T23:28:19Z,evening_rel48,ASCENDING,IW3,S1A,W2_prae,target,cts_asc_48_iw3,48,39935.585939999997,0.00054166873450000002,0.31116491559999998,0.02624482475,640,372,0.99360636530000002,,,24.699999999999999,0,-0.20300000000000001,0.223,cts_asc_48_iw3,0,pre-collapse (healthy),1,2021-03-17,3,2021,summer_Mar-Jul,distributed,51,0.010939510939510939,19,20.864827406033896,0.028680951986983262,0.018601343285004221,640,4662,63,74,41.372549019607845,62.078431372549019,61,55,19,11,0.78431372549019607
beach_asc_48_iw3:2021-03-29,6b3f7f30-edbb-53f4-b923-135a1e51658b,Havelbrücke Werder (A 10),bridge,beach_asc_48_iw3,2021-03-29,2021-03-29T23:28:19Z,evening_rel48_reference_beach,ASCENDING,IW3,S1A,W2_prae,reference_beach,beach_asc_48_iw3,48,31734.60742,0.00048404192780000002,0.1496399343,0.02921236306,640,305,0.94990470329999999,,,25.699999999999999,2.1000000000000001,0.32300000000000001,0.372,beach_asc_48_iw3,3,pre-collapse (healthy),1,2021-03-29,3,2021,summer_Mar-Jul,distributed,38,0.014925373134328358,16,13.1467584452491,0.022281442001628547,0.048427689119028686,640,2546,67,38,46.710526315789473,30.263157894736842,58,37,16,8,0.78947368421052633
cte_asc_48_iw3:2021-03-29,6b3f7f30-edbb-53f4-b923-135a1e51658b,Havelbrücke Werder (A 10),bridge,cte_asc_48_iw3,2021-03-29,2021-03-29T23:28:19Z,evening_rel48_control_cte,ASCENDING,IW3,S1A,W2_prae,control_cte,cte_asc_48_iw3,48,37367.234380000002,0.00052040617450000001,0.05828153715,0.017080906779999998,640,287,0.93057026490000005,,,25.699999999999999,2.1000000000000001,-0.017000000000000001,0.83199999999999996,cte_asc_48_iw3,2,pre-collapse (healthy),1,2021-03-29,3,2021,summer_Mar-Jul,distributed,37,0.0094871794871794878,17,18.003185336206965,0.023225757402972592,0.077949726280050688,640,3900,50,78,37.108108108108105,62.45945945945946,53,54,17,7,0.81081081081081074
ctn_asc_48_iw3:2021-03-29,6b3f7f30-edbb-53f4-b923-135a1e51658b,Havelbrücke Werder (A 10),bridge,ctn_asc_48_iw3,2021-03-29,2021-03-29T23:28:19Z,evening_rel48_control_ctn,ASCENDING,IW3,S1A,W2_prae,control_ctn,ctn_asc_48_iw3,48,44562.699220000002,0.00065507116959999997,0.34743306039999999,0.01993058436,640,383,0.98011125349999995,,,25.699999999999999,2.1000000000000001,-0.062,-0.0080000000000000002,ctn_asc_48_iw3,1,pre-collapse (healthy),1,2021-03-29,3,2021,summer_Mar-Jul,compact,4,1,1,0.70710678118654757,0.080168776371308023,0.0046431471675425226,640,4,2,2,77.5,13.5,77,14,1,4,0
cts_asc_48_iw3:2021-03-29,6b3f7f30-edbb-53f4-b923-135a1e51658b,Havelbrücke Werder (A 10),bridge,cts_asc_48_iw3,2021-03-29,2021-03-29T23:28:19Z,evening_rel48,ASCENDING,IW3,S1A,W2_prae,target,cts_asc_48_iw3,48,38251.734380000002,0.00064729055159999996,0.1284721643,0.024608118460000002,640,330,0.95171175949999998,,,25.699999999999999,2.1000000000000001,0.16400000000000001,0.45800000000000002,cts_asc_48_iw3,0,pre-collapse (healthy),1,2021-03-29,3,2021,summer_Mar-Jul,distributed,47,0.0089934940681209337,21,17.415228294526468,0.025705479247089803,0.04110011093557854,640,5226,67,78,42.340425531914896,61.063829787234042,54,74,21,8,0.82978723404255317
beach_asc_48_iw3:2021-04-10,6b3f7f30-edbb-53f4-b923-135a1e51658b,Havelbrücke Werder (A 10),bridge,beach_asc_48_iw3,2021-04-10,2021-04-10T23:28:20Z,evening_rel48_reference_beach,ASCENDING,IW3,S1A,W2_prae,reference_beach,beach_asc_48_iw3,48,32282.572270000001,0.00083808344789999996,0.43135210870000001,0.0073209935799999999,640,342,0.96630680889999998,,,24.399999999999999,0.10000000000000001,0.123,0.23100000000000001,beach_asc_48_iw3,3,pre-collapse (healthy),1,2021-04-10,4,2021,summer_Mar-Jul,distributed,27,0.011402027027027027,17,26.371878858227593,0.031254883575558681,0.026153350243635878,640,2368,64,37,44.592592592592595,30.703703703703702,65,14,17,4,0.85185185185185186
cte_asc_48_iw3:2021-04-10,6b3f7f30-edbb-53f4-b923-135a1e51658b,Havelbrücke Werder (A 10),bridge,cte_asc_48_iw3,2021-04-10,2021-04-10T23:28:20Z,evening_rel48_control_cte,ASCENDING,IW3,S1A,W2_prae,control_cte,cte_asc_48_iw3,48,36895.375,2.2454805730000002e-05,0.22103741769999999,0.01741324738,640,301,0.91881937380000001,,,24.399999999999999,0.10000000000000001,-0.20100000000000001,0.65600000000000003,cte_asc_48_iw3,2,pre-collapse (healthy),1,2021-04-10,4,2021,summer_Mar-Jul,distributed,34,0.015084294587400177,19,22.403676941172606,0.025606022999917266,0.0067167583969486681,640,2254,46,49,36.323529411764703,64.764705882352942,54,51,19,4,0.88235294117647056
ctn_asc_48_iw3:2021-04-10,6b3f7f30-edbb-53f4-b923-135a1e51658b,Havelbrücke Werder (A 10),bridge,ctn_asc_48_iw3,2021-04-10,2021-04-10T23:28:20Z,evening_rel48_control_ctn,ASCENDING,IW3,S1A,W2_prae,control_ctn,ctn_asc_48_iw3,48,41826.976560000003,3.449232463e-05,0.0063927518199999997,0.013559233400000001,640,276,0.91994181559999999,,,24.399999999999999,0.10000000000000001,-0.254,0.83599999999999997,ctn_asc_48_iw3,1,pre-collapse (healthy),1,2021-04-10,4,2021,summer_Mar-Jul,compact,4,1,1,0.70710678118654757,0.054149085794655417,0.01376099462901886,640,4,2,2,77.5,12.5,77,12,1,4,0
cts_asc_48_iw3:2021-04-10,6b3f7f30-edbb-53f4-b923-135a1e51658b,Havelbrücke Werder (A 10),bridge,cts_asc_48_iw3,2021-04-10,2021-04-10T23:28:20Z,evening_rel48,ASCENDING,IW3,S1A,W2_prae,target,cts_asc_48_iw3,48,38192.128909999999,6.3519501050000001e-06,0.23375046250000001,0.02495831251,640,355,0.95022876199999995,,,24.399999999999999,0.10000000000000001,-0.010999999999999999,0.247,cts_asc_48_iw3,0,pre-collapse (healthy),1,2021-04-10,4,2021,summer_Mar-Jul,intermediate,21,0.011314655172413793,14,24.479432803590196,0.033085526756412839,0.010372033062254975,640,1856,64,29,42.19047619047619,66.666666666666671,61,51,14,4,0.80952380952380953
beach_asc_48_iw3:2021-04-22,6b3f7f30-edbb-53f4-b923-135a1e51658b,Havelbrücke Werder (A 10),bridge,beach_asc_48_iw3,2021-04-22,2021-04-22T23:28:20Z,evening_rel48_reference_beach,ASCENDING,IW3,S1A,W2_prae,reference_beach,beach_asc_48_iw3,48,32424.525389999999,0.00049034919360000002,0.057430021460000001,0.010735196989999999,640,265,0.97055585909999997,,,23.699999999999999,0.40000000000000002,0.17299999999999999,1.381,beach_asc_48_iw3,3,pre-collapse (healthy),1,2021-04-22,4,2021,summer_Mar-Jul,distributed,31,0.0095856524427953005,16,22.321555076198678,0.016151717254208064,0.047200525858320061,640,3234,66,49,48.677419354838712,27.225806451612904,65,12,16,6,0.80645161290322576
cte_asc_48_iw3:2021-04-22,6b3f7f30-edbb-53f4-b923-135a1e51658b,Havelbrücke Werder (A 10),bridge,cte_asc_48_iw3,2021-04-22,2021-04-22T23:28:20Z,evening_rel48_control_cte,ASCENDING,IW3,S1A,W2_prae,control_cte,cte_asc_48_iw3,48,39593.683590000001,6.1984574130000006e-05,0.53610998389999998,0.0047325119379999997,640,315,0.98601636560000006,,,23.699999999999999,0.40000000000000002,-0.16300000000000001,0.80700000000000005,cte_asc_48_iw3,2,pre-collapse (healthy),1,2021-04-22,4,2021,summer_Mar-Jul,distributed,41,0.0074141048824593126,19,10.793833478703137,0.023669856951734077,0.030040953114760505,640,5530,70,79,43.219512195121951,49.463414634146339,54,50,19,6,0.85365853658536583
ctn_asc_48_iw3:2021-04-22,6b3f7f30-edbb-53f4-b923-135a1e51658b,Havelbrücke Werder (A 10),bridge,ctn_asc_48_iw3,2021-04-22,2021-04-22T23:28:20Z,evening_rel48_control_ctn,ASCENDING,IW3,S1A,W2_prae,control_ctn,ctn_asc_48_iw3,48,49969.429689999997,4.1250481440000001e-05,0.56574833390000001,0.004914278165,640,298,1.0990267920000001,,,23.699999999999999,0.40000000000000002,-0.21199999999999999,0.95899999999999996,ctn_asc_48_iw3,1,pre-collapse (healthy),1,2021-04-22,4,2021,summer_Mar-Jul,compact,4,1,1,0.70710678118654757,0.021097046413502109,0.025959984418270843,640,4,2,2,77.5,11.5,77,11,1,4,0
cts_asc_48_iw3:2021-04-22,6b3f7f30-edbb-53f4-b923-135a1e51658b,Havelbrücke Werder (A 10),bridge,cts_asc_48_iw3,2021-04-22,2021-04-22T23:28:20Z,evening_rel48,ASCENDING,IW3,S1A,W2_prae,target,cts_asc_48_iw3,48,39020.894529999998,4.2494750230000001e-05,0.031295690690000003,0.001294246758,640,228,0.97084863730000004,,,23.699999999999999,0.40000000000000002,0.017999999999999999,1.4299999999999999,cts_asc_48_iw3,0,pre-collapse (healthy),1,2021-04-22,4,2021,summer_Mar-Jul,distributed,31,0.0064935064935064939,16,16.718300178968239,0.018374846876276031,0.035139397710296096,640,4774,62,77,44.903225806451616,53.516129032258064,61,49,16,5,0.83870967741935487
beach_asc_48_iw3:2021-05-04,6b3f7f30-edbb-53f4-b923-135a1e51658b,Havelbrücke Werder (A 10),bridge,beach_asc_48_iw3,2021-05-04,2021-05-04T23:28:21Z,evening_rel48_reference_beach,ASCENDING,IW3,S1A,W2_prae,reference_beach,beach_asc_48_iw3,48,33408.671880000002,0.00073083594909999997,0.1076627746,0.02355900034,640,321,1.000014089,,,27.699999999999999,0,-0.222,0.57399999999999995,beach_asc_48_iw3,3,pre-collapse (healthy),1,2021-05-04,5,2021,summer_Mar-Jul,distributed,35,0.014619883040935672,16,22.948620517875781,0.02005224030540486,0.04263342783659263,640,2394,63,38,47.085714285714289,31.342857142857142,65,17,16,5,0.85714285714285721
cte_asc_48_iw3:2021-05-04,6b3f7f30-edbb-53f4-b923-135a1e51658b,Havelbrücke Werder (A 10),bridge,cte_asc_48_iw3,2021-05-04,2021-05-04T23:28:21Z,evening_rel48_control_cte,ASCENDING,IW3,S1A,W2_prae,control_cte,cte_asc_48_iw3,48,39656.835939999997,0.00060015416240000001,0.087611123920000006,0.019196553160000001,640,308,0.98758907210000002,,,27.699999999999999,0,0.28999999999999998,0.92500000000000004,cte_asc_48_iw3,2,pre-collapse (healthy),1,2021-05-04,5,2021,summer_Mar-Jul,distributed,33,0.0094017094017094013,14,14.206143344468954,0.020500362272514172,0.20872619870208667,640,3510,45,78,41.606060606060609,62.484848484848484,53,54,14,5,0.84848484848484851
ctn_asc_48_iw3:2021-05-04,6b3f7f30-edbb-53f4-b923-135a1e51658b,Havelbrücke Werder (A 10),bridge,ctn_asc_48_iw3,2021-05-04,2021-05-04T23:28:21Z,evening_rel48_control_ctn,ASCENDING,IW3,S1A,W2_prae,control_ctn,ctn_asc_48_iw3,48,44634.460939999997,0.001237573451,0.17250131069999999,0.033741045740000003,640,281,0.98168957950000002,,,27.699999999999999,0,0.23300000000000001,1.0680000000000001,ctn_asc_48_iw3,1,pre-collapse (healthy),1,2021-05-04,5,2021,summer_Mar-Jul,compact,7,0.0031222123104371097,4,17.687191260736611,0.01567209162145871,0.025735193342528634,640,2242,38,59,67.571428571428569,25.285714285714285,78,11,4,4,0.4285714285714286
cts_asc_48_iw3:2021-05-04,6b3f7f30-edbb-53f4-b923-135a1e51658b,Havelbrücke Werder (A 10),bridge,cts_asc_48_iw3,2021-05-04,2021-05-04T23:28:21Z,evening_rel48,ASCENDING,IW3,S1A,W2_prae,target,cts_asc_48_iw3,48,39840.308590000001,0.00069220631850000003,0.033539656549999998,0.019982492550000001,640,309,0.99123584350000005,,,27.699999999999999,0,0.626,0.69299999999999995,cts_asc_48_iw3,0,pre-collapse (healthy),1,2021-05-04,5,2021,summer_Mar-Jul,distributed,46,0.009391588403429971,22,16.22904348851111,0.017856050877514826,0.078033111498246627,640,4898,62,79,43.869565217391305,59.869565217391305,59,54,22,6,0.86956521739130432
beach_asc_48_iw3:2021-05-16,6b3f7f30-edbb-53f4-b923-135a1e51658b,Havelbrücke Werder (A 10),bridge,beach_asc_48_iw3,2021-05-16,2021-05-16T23:28:21Z,evening_rel48_reference_beach,ASCENDING,IW3,S1A,W2_prae,reference_beach,beach_asc_48_iw3,48,32277.939450000002,0.00040027336220000001,0.29160931709999999,0.011371430009999999,640,321,0.96616813599999996,,,24.600000000000001,0.80000000000000004,0.19600000000000001,0.26800000000000002,beach_asc_48_iw3,3,pre-collapse (healthy),1,2021-05-16,5,2021,summer_Mar-Jul,distributed,44,0.016666666666666666,17,18.177400031380351,0.026019690576652602,0.050961485299446954,640,2640,60,44,41.340909090909093,29.727272727272727,58,37,17,9,0.79545454545454541
cte_asc_48_iw3:2021-05-16,6b3f7f30-edbb-53f4-b923-135a1e51658b,Havelbrücke Werder (A 10),bridge,cte_asc_48_iw3,2021-05-16,2021-05-16T23:28:21Z,evening_rel48_control_cte,ASCENDING,IW3,S1A,W2_prae,control_cte,cte_asc_48_iw3,48,38974.328119999998,2.8064649090000001e-05,0.2777278721,0.0082496842369999997,640,282,0.97059232390000005,,,24.600000000000001,0.80000000000000004,0.873,0.73899999999999999,cte_asc_48_iw3,2,pre-collapse (healthy),1,2021-05-16,5,2021,summer_Mar-Jul,distributed,46,0.0078686281217926791,22,17.988719948029097,0.015471167369901544,0.053940551488118688,640,5846,74,79,38.195652173913047,57.347826086956523,45,74,22,5,0.89130434782608692
ctn_asc_48_iw3:2021-05-16,6b3f7f30-edbb-53f4-b923-135a1e51658b,Havelbrücke Werder (A 10),bridge,ctn_asc_48_iw3,2021-05-16,2021-05-16T23:28:21Z,evening_rel48_control_ctn,ASCENDING,IW3,S1A,W2_prae,control_ctn,ctn_asc_48_iw3,48,47259.273439999997,0.00016835478889999999,0.31667926909999999,0.017812766130000001,640,264,1.0394196609999999,,,24.600000000000001,0.80000000000000004,0.82399999999999995,0.90100000000000002,ctn_asc_48_iw3,1,pre-collapse (healthy),1,2021-05-16,5,2021,summer_Mar-Jul,compact,4,1,1,0.70710678118654757,0.011954992967651196,0.026087866579526633,640,4,2,2,75.5,11.5,75,12,1,4,0
cts_asc_48_iw3:2021-05-16,6b3f7f30-edbb-53f4-b923-135a1e51658b,Havelbrücke Werder (A 10),bridge,cts_asc_48_iw3,2021-05-16,2021-05-16T23:28:21Z,evening_rel48,ASCENDING,IW3,S1A,W2_prae,target,cts_asc_48_iw3,48,38749.511720000002,0.0002178387804,0.2884235382,0.027946421879999999,640,291,0.96409657179999997,,,24.600000000000001,0.80000000000000004,1.052,0.32700000000000001,cts_asc_48_iw3,0,pre-collapse (healthy),1,2021-05-16,5,2021,summer_Mar-Jul,distributed,48,0.010526315789473684,19,21.539732343844122,0.019544069385841537,0.046248314466092622,640,4560,60,76,36.541666666666664,59,52,74,19,9,0.8125
beach_asc_48_iw3:2021-05-28,6b3f7f30-edbb-53f4-b923-135a1e51658b,Havelbrücke Werder (A 10),bridge,beach_asc_48_iw3,2021-05-28,2021-05-28T23:28:22Z,evening_rel48_reference_beach,ASCENDING,IW3,S1A,W2_prae,reference_beach,beach_asc_48_iw3,48,31485.257809999999,0.00030206856900000001,0.051529437300000001,0.0082591734829999992,640,258,0.9424409788,,,25.600000000000001,0.80000000000000004,-0.051999999999999998,1.429,beach_asc_48_iw3,3,pre-collapse (healthy),1,2021-05-28,5,2021,summer_Mar-Jul,distributed,26,0.015204678362573099,10,22.512192620179121,0.016607162176782431,0.17655330827112931,640,1710,45,38,50.153846153846153,28.923076923076923,65,12,10,5,0.80769230769230771
cte_asc_48_iw3:2021-05-28,6b3f7f30-edbb-53f4-b923-135a1e51658b,Havelbrücke Werder (A 10),bridge,cte_asc_48_iw3,2021-05-28,2021-05-28T23:28:22Z,evening_rel48_control_cte,ASCENDING,IW3,S1A,W2_prae,control_cte,cte_asc_48_iw3,48,39243.230470000002,0.00018321415700000001,0.050226204099999998,0.01528348681,640,297,0.97728889990000001,,,25.600000000000001,0.80000000000000004,-0.38700000000000001,0.82999999999999996,cte_asc_48_iw3,2,pre-collapse (healthy),1,2021-05-28,5,2021,summer_Mar-Jul,distributed,37,0.0097573839662447263,16,30.120587932259102,0.019576538563880336,0.094310760810975072,640,3792,48,79,38.810810810810814,59.432432432432435,11,71,16,6,0.83783783783783783
ctn_asc_48_iw3:2021-05-28,6b3f7f30-edbb-53f4-b923-135a1e51658b,Havelbrücke Werder (A 10),bridge,ctn_asc_48_iw3,2021-05-28,2021-05-28T23:28:22Z,evening_rel48_control_ctn,ASCENDING,IW3,S1A,W2_prae,control_ctn,ctn_asc_48_iw3,48,43082.171880000002,0.00021960589219999999,0.073533438150000005,0.017226949330000001,640,275,0.94754856009999999,,,25.600000000000001,0.80000000000000004,-0.45700000000000002,0.97899999999999998,ctn_asc_48_iw3,1,pre-collapse (healthy),1,2021-05-28,5,2021,summer_Mar-Jul,compact,5,0.83333333333333337,1,0.89442719099991352,0.019690576652601967,0.016905145198005431,640,6,3,2,77.799999999999997,11.6,77,12,1,5,0
cts_asc_48_iw3:2021-05-28,6b3f7f30-edbb-53f4-b923-135a1e51658b,Havelbrücke Werder (A 10),bridge,cts_asc_48_iw3,2021-05-28,2021-05-28T23:28:22Z,evening_rel48,ASCENDING,IW3,S1A,W2_prae,target,cts_asc_48_iw3,48,39042.078119999998,0.0002082159481,0.0052305730059999996,0.020857607949999999,640,228,0.9713756898,,,25.600000000000001,0.80000000000000004,-0.17899999999999999,1.454,cts_asc_48_iw3,0,pre-collapse (healthy),1,2021-05-28,5,2021,summer_Mar-Jul,distributed,29,0.00818746470920384,13,18.167309366210784,0.018623599592608758,0.10868223428551793,640,3542,46,77,46.620689655172413,60.103448275862071,61,49,13,5,0.82758620689655171
beach_asc_48_iw3:2021-06-09,6b3f7f30-edbb-53f4-b923-135a1e51658b,Havelbrücke Werder (A 10),bridge,beach_asc_48_iw3,2021-06-09,2021-06-09T23:28:23Z,evening_rel48_reference_beach,ASCENDING,IW3,S1A,UNKNOWN,reference_beach,beach_asc_48_iw3,48,30517.585940000001,0.00026956849620000001,0.62714558840000001,0.0061386986639999997,640,251,0.91347587919999995,,,27.300000000000001,0,-0.10000000000000001,1.5800000000000001,beach_asc_48_iw3,3,pre-collapse (healthy),1,2021-06-09,6,2021,summer_Mar-Jul,distributed,28,0.015677491601343786,14,20.374866970894132,0.020293349407273457,0.077867453977648771,640,1786,47,38,51.25,27.035714285714285,65,12,14,5,0.8214285714285714
cte_asc_48_iw3:2021-06-09,6b3f7f30-edbb-53f4-b923-135a1e51658b,Havelbrücke Werder (A 10),bridge,cte_asc_48_iw3,2021-06-09,2021-06-09T23:28:23Z,evening_rel48_control_cte,ASCENDING,IW3,S1A,UNKNOWN,control_cte,cte_asc_48_iw3,48,37128.84375,0.000372510025,0.62410503630000003,0.01423116587,640,265,0.92463353370000001,,,27.300000000000001,0,-0.48899999999999999,0.88600000000000001,cte_asc_48_iw3,2,pre-collapse (healthy),1,2021-06-09,6,2021,summer_Mar-Jul,distributed,40,0.0072332730560578659,20,20.938496244955125,0.018248945147679323,0.0066388490003730016,640,5530,70,79,37.825000000000003,55.700000000000003,48,74,20,6,0.84999999999999998
ctn_asc_48_iw3:2021-06-09,6b3f7f30-edbb-53f4-b923-135a1e51658b,Havelbrücke Werder (A 10),bridge,ctn_asc_48_iw3,2021-06-09,2021-06-09T23:28:23Z,evening_rel48_control_ctn,ASCENDING,IW3,S1A,UNKNOWN,control_ctn,ctn_asc_48_iw3,48,42266.921880000002,0.00030951513330000001,0.66200119260000001,0.017311418429999999,640,258,0.92961796539999997,,,27.300000000000001,0,-0.55900000000000005,0.97799999999999998,ctn_asc_48_iw3,1,pre-collapse (healthy),1,2021-06-09,6,2021,summer_Mar-Jul,compact,6,0.66666666666666663,1,0.84983658559879272,0.029770276605719643,0.013098738314154618,640,9,3,3,77.833333333333329,11.833333333333334,77,12,1,6,0
cts_asc_48_iw3:2021-06-09,6b3f7f30-edbb-53f4-b923-135a1e51658b,Havelbrücke Werder (A 10),bridge,cts_asc_48_iw3,2021-06-09,2021-06-09T23:28:23Z,evening_rel48,ASCENDING,IW3,S1A,UNKNOWN,target,cts_asc_48_iw3,48,37144.78125,0.00027844108989999997,0.62759232519999997,0.01827825047,640,230,0.92417051660000005,,,27.300000000000001,0,-0.189,1.5489999999999999,cts_asc_48_iw3,0,pre-collapse (healthy),1,2021-06-09,6,2021,summer_Mar-Jul,distributed,35,0.012839325018341893,15,17.821450042930095,0.025115531444645366,0.0139170406989394,640,2726,47,58,45.771428571428572,58.25714285714286,61,49,15,6,0.82857142857142851
beach_asc_48_iw3:2021-06-21,6b3f7f30-edbb-53f4-b923-135a1e51658b,Havelbrücke Werder (A 10),bridge,beach_asc_48_iw3,2021-06-21,2021-06-21T23:28:23Z,evening_rel48_reference_beach,ASCENDING,IW3,S1A,UNKNOWN,reference_beach,beach_asc_48_iw3,48,31082.449219999999,4.282640293e-05,0.089224897329999997,0.01599289663,640,283,0.93038380180000002,,,27.899999999999999,0.80000000000000004,0.049000000000000002,0.71899999999999997,beach_asc_48_iw3,3,pre-collapse (healthy),1,2021-06-21,6,2021,summer_Mar-Jul,distributed,29,0.014009661835748793,15,23.335555638467337,0.020903050584412438,0.044248544203262935,640,2070,45,46,48.655172413793103,29.655172413793103,65,13,15,5,0.82758620689655171
cte_asc_48_iw3:2021-06-21,6b3f7f30-edbb-53f4-b923-135a1e51658b,Havelbrücke Werder (A 10),bridge,cte_asc_48_iw3,2021-06-21,2021-06-21T23:28:23Z,evening_rel48_control_cte,ASCENDING,IW3,S1A,UNKNOWN,control_cte,cte_asc_48_iw3,48,39398.410159999999,0.00060381693769999997,0.38415709139999998,0.01288142428,640,252,0.9811533979,,,27.899999999999999,0.80000000000000004,-0.312,1.119,cte_asc_48_iw3,2,pre-collapse (healthy),1,2021-06-21,6,2021,summer_Mar-Jul,distributed,68,0.012123373150294169,27,16.321621510123411,0.014416315049226441,0.019972762172722449,640,5609,71,79,37.764705882352942,51.676470588235297,54,50,27,9,0.86764705882352944
ctn_asc_48_iw3:2021-06-21,6b3f7f30-edbb-53f4-b923-135a1e51658b,Havelbrücke Werder (A 10),bridge,ctn_asc_48_iw3,2021-06-21,2021-06-21T23:28:23Z,evening_rel48_control_ctn,ASCENDING,IW3,S1A,UNKNOWN,control_ctn,ctn_asc_48_iw3,48,46980.199220000002,0.00025408598590000002,0.39715430140000002,0.0063132625070000002,640,243,1.0332817080000001,,,27.899999999999999,0.80000000000000004,-0.374,1.29,ctn_asc_48_iw3,1,pre-collapse (healthy),1,2021-06-21,6,2021,summer_Mar-Jul,compact,4,0.66666666666666663,1,0.25,0.016526019690576651,0.28361099103929738,640,6,2,3,77.25,11,77,11,1,4,0
cts_asc_48_iw3:2021-06-21,6b3f7f30-edbb-53f4-b923-135a1e51658b,Havelbrücke Werder (A 10),bridge,cts_asc_48_iw3,2021-06-21,2021-06-21T23:28:23Z,evening_rel48,ASCENDING,IW3,S1A,UNKNOWN,target,cts_asc_48_iw3,48,39744.191409999999,0.00059821835020000005,0.14058618249999999,0.015964766960000001,640,275,0.98884442630000002,,,27.899999999999999,0.80000000000000004,-0.055,0.84899999999999998,cts_asc_48_iw3,0,pre-collapse (healthy),1,2021-06-21,6,2021,summer_Mar-Jul,distributed,35,0.01037037037037037,15,14.930040939293486,0.020454088808519188,0.1353709055675755,640,3375,45,75,46.085714285714289,50.685714285714283,61,50,15,6,0.82857142857142851
beach_asc_48_iw3:2021-07-03,6b3f7f30-edbb-53f4-b923-135a1e51658b,Havelbrücke Werder (A 10),bridge,beach_asc_48_iw3,2021-07-03,2021-07-03T23:28:24Z,evening_rel48_reference_beach,ASCENDING,IW3,S1A,W4_kollaps_bis_abriss,reference_beach,beach_asc_48_iw3,48,38378.015619999998,0.00097449863100000005,,0.029266726230000002,640,268,1.1487603129999999,,,27.199999999999999,14.800000000000001,0.73299999999999998,0.75600000000000001,beach_asc_48_iw3,3,post-collapse,0,2021-07-03,7,2021,summer_Mar-Jul,distributed,48,0.018823529411764704,19,19.020696421559098,0.014211204875761838,0.059682843717036083,640,2550,51,50,51.145833333333336,27.875,63,13,19,6,0.875
cte_asc_48_iw3:2021-07-03,6b3f7f30-edbb-53f4-b923-135a1e51658b,Havelbrücke Werder (A 10),bridge,cte_asc_48_iw3,2021-07-03,2021-07-03T23:28:24Z,evening_rel48_control_cte,ASCENDING,IW3,S1A,W4_kollaps_bis_abriss,control_cte,cte_asc_48_iw3,48,48309.800779999998,0.00016967432749999999,,0.02252414636,640,249,1.2030771039999999,,,27.199999999999999,14.800000000000001,1.2709999999999999,1.0940000000000001,cte_asc_48_iw3,2,post-collapse,0,2021-07-03,7,2021,summer_Mar-Jul,distributed,32,0.0069580343552946289,16,54.734337086055952,0.013229606188466948,0.15371973307170386,640,4599,73,63,43.3125,56.5,79,15,16,4,0.875
ctn_asc_48_iw3:2021-07-03,6b3f7f30-edbb-53f4-b923-135a1e51658b,Havelbrücke Werder (A 10),bridge,ctn_asc_48_iw3,2021-07-03,2021-07-03T23:28:24Z,evening_rel48_control_ctn,ASCENDING,IW3,S1A,W4_kollaps_bis_abriss,control_ctn,ctn_asc_48_iw3,48,56435.105470000002,0.00018568722590000001,,0.022680528459999998,640,277,1.241232756,,,27.199999999999999,14.800000000000001,1.2110000000000001,0.26600000000000001,ctn_asc_48_iw3,1,post-collapse,0,2021-07-03,7,2021,summer_Mar-Jul,compact,4,1,1,0.70710678118654757,0.037271448663853728,0.029733725754278767,640,4,2,2,75.5,12.5,75,13,1,4,0
cts_asc_48_iw3:2021-07-03,6b3f7f30-edbb-53f4-b923-135a1e51658b,Havelbrücke Werder (A 10),bridge,cts_asc_48_iw3,2021-07-03,2021-07-03T23:28:24Z,evening_rel48,ASCENDING,IW3,S1A,W4_kollaps_bis_abriss,target,cts_asc_48_iw3,48,46866.410159999999,0.00018713778989999999,,0.022040264680000001,640,243,1.1660468319999999,,,27.199999999999999,14.800000000000001,1.609,0.88600000000000001,cts_asc_48_iw3,0,post-collapse,0,2021-07-03,7,2021,summer_Mar-Jul,distributed,62,0.015388433854554479,27,17.528985954561474,0.012658227848101266,0.03751126573672988,640,4029,51,79,41.806451612903224,58.741935483870968,57,50,27,6,0.90322580645161288
beach_asc_48_iw3:2021-07-15,6b3f7f30-edbb-53f4-b923-135a1e51658b,Havelbrücke Werder (A 10),bridge,beach_asc_48_iw3,2021-07-15,2021-07-15T23:28:25Z,evening_rel48_reference_beach,ASCENDING,IW3,S1A,W5_geraeumt,reference_beach,beach_asc_48_iw3,48,32959.980470000002,0.00013711553769999999,,0.0083664180709999997,640,240,0.98658351280000001,,,26.399999999999999,4,0.77700000000000002,0.82599999999999996,beach_asc_48_iw3,3,post-collapse,0,2021-07-15,7,2021,summer_Mar-Jul,intermediate,17,0.0084619213539074162,10,16.995216098720679,0.021014312898155044,0.050825486765045343,640,2009,49,41,50.352941176470587,24.352941176470587,63,13,10,4,0.76470588235294112
cte_asc_48_iw3:2021-07-15,6b3f7f30-edbb-53f4-b923-135a1e51658b,Havelbrücke Werder (A 10),bridge,cte_asc_48_iw3,2021-07-15,2021-07-15T23:28:25Z,evening_rel48_control_cte,ASCENDING,IW3,S1A,W5_geraeumt,control_cte,cte_asc_48_iw3,48,40292.589840000001,0.00074125954420000003,,0.028325535360000001,640,362,1.00342149,,,26.399999999999999,4,0.36099999999999999,0.17999999999999999,cte_asc_48_iw3,2,post-collapse,0,2021-07-15,7,2021,summer_Mar-Jul,distributed,57,0.0098838217444078384,24,15.149536763307751,0.028968342092925703,0.011010173171217946,640,5767,73,79,38.122807017543863,53.859649122807021,53,51,24,6,0.89473684210526316
ctn_asc_48_iw3:2021-07-15,6b3f7f30-edbb-53f4-b923-135a1e51658b,Havelbrücke Werder (A 10),bridge,ctn_asc_48_iw3,2021-07-15,2021-07-15T23:28:25Z,evening_rel48_control_ctn,ASCENDING,IW3,S1A,W5_geraeumt,control_ctn,ctn_asc_48_iw3,48,48534.371090000001,0.0001035354217,,0.016384828840000001,640,347,1.0674641380000001,,,26.399999999999999,4,0.29699999999999999,0.36699999999999999,ctn_asc_48_iw3,1,post-collapse,0,2021-07-15,7,2021,summer_Mar-Jul,compact,4,1,1,0.70710678118654757,0.054149085794655417,0.028495316590416955,640,4,2,2,77.5,12.5,78,13,1,4,0
cts_asc_48_iw3:2021-07-15,6b3f7f30-edbb-53f4-b923-135a1e51658b,Havelbrücke Werder (A 10),bridge,cts_asc_48_iw3,2021-07-15,2021-07-15T23:28:25Z,evening_rel48,ASCENDING,IW3,S1A,W5_geraeumt,target,cts_asc_48_iw3,48,40419.003909999999,0.00075086281869999997,,0.035627126689999997,640,248,1.005633913,,,26.399999999999999,4,0.69899999999999995,0.96499999999999997,cts_asc_48_iw3,0,post-collapse,0,2021-07-15,7,2021,summer_Mar-Jul,distributed,25,0.0049309664694280079,16,17.903027676904259,0.018565400843881856,0.0084418308494832988,640,5070,65,78,42.280000000000001,56.399999999999999,59,50,16,4,0.83999999999999997
beach_asc_48_iw3:2021-07-27,6b3f7f30-edbb-53f4-b923-135a1e51658b,Havelbrücke Werder (A 10),bridge,beach_asc_48_iw3,2021-07-27,2021-07-27T23:28:25Z,evening_rel48_reference_beach,ASCENDING,IW3,S1A,W5_geraeumt,reference_beach,beach_asc_48_iw3,48,34466.464840000001,1.6294785380000001e-05,0.02012819611,0.0062671001070000003,640,283,1.0316767630000001,,,27.899999999999999,7.2000000000000002,1.113,-0.027,beach_asc_48_iw3,3,post-collapse,0,2021-07-27,7,2021,summer_Mar-Jul,distributed,35,0.022580645161290321,13,9.1435714006718225,0.022784810126582275,0.05755219346011841,640,1550,50,31,53.142857142857146,29.314285714285713,56,38,13,6,0.82857142857142851
cte_asc_48_iw3:2021-07-27,6b3f7f30-edbb-53f4-b923-135a1e51658b,Havelbrücke Werder (A 10),bridge,cte_asc_48_iw3,2021-07-27,2021-07-27T23:28:25Z,evening_rel48_control_cte,ASCENDING,IW3,S1A,W5_geraeumt,control_cte,cte_asc_48_iw3,48,42376.953119999998,1.270333178e-05,0.1662617475,0.013139451850000001,640,333,1.055329172,,,27.899999999999999,7.2000000000000002,0.79100000000000004,0.161,cte_asc_48_iw3,2,post-collapse,0,2021-07-27,7,2021,summer_Mar-Jul,distributed,48,0.0086673889490790895,22,16.739748624987705,0.020745428973277073,0.02600841441276424,640,5538,71,78,42.833333333333336,53.5625,46,70,22,5,0.89583333333333337
ctn_asc_48_iw3:2021-07-27,6b3f7f30-edbb-53f4-b923-135a1e51658b,Havelbrücke Werder (A 10),bridge,ctn_asc_48_iw3,2021-07-27,2021-07-27T23:28:25Z,evening_rel48_control_ctn,ASCENDING,IW3,S1A,W5_geraeumt,control_ctn,ctn_asc_48_iw3,48,48166.933590000001,0.00030000528200000001,0.24109703299999999,0.016157373789999999,640,323,1.0593827229999999,,,27.899999999999999,7.2000000000000002,0.73499999999999999,0.33800000000000002,ctn_asc_48_iw3,1,post-collapse,0,2021-07-27,7,2021,summer_Mar-Jul,compact,3,0.75,1,0.47140452079102874,0.042194092827004225,0.14159280373968858,640,4,2,2,75.333333333333329,12.666666666666666,75,13,1,3,0
cts_asc_48_iw3:2021-07-27,6b3f7f30-edbb-53f4-b923-135a1e51658b,Havelbrücke Werder (A 10),bridge,cts_asc_48_iw3,2021-07-27,2021-07-27T23:28:25Z,evening_rel48,ASCENDING,IW3,S1A,W5_geraeumt,target,cts_asc_48_iw3,48,41639.703119999998,7.6710253780000001e-05,0.028206877410000001,0.017995314669999998,640,307,1.036005184,,,27.899999999999999,7.2000000000000002,1.036,-0.10000000000000001,cts_asc_48_iw3,0,post-collapse,0,2021-07-27,7,2021,summer_Mar-Jul,distributed,49,0.012727272727272728,19,10.006620049480272,0.020924825626453113,0.026207046360137702,640,3850,50,77,48.061224489795919,54.836734693877553,58,56,19,6,0.87755102040816324
beach_asc_48_iw3:2021-08-08,6b3f7f30-edbb-53f4-b923-135a1e51658b,Havelbrücke Werder (A 10),bridge,beach_asc_48_iw3,2021-08-08,2021-08-08T23:28:26Z,evening_rel48_reference_beach,ASCENDING,IW3,S1A,W5_geraeumt,reference_beach,beach_asc_48_iw3,48,33977.394529999998,0.00037305950539999997,0.2768673599,0.016117857770000001,640,260,1.017037534,,,26.399999999999999,7.4000000000000004,1.1779999999999999,0.437,beach_asc_48_iw3,3,post-collapse,0,2021-08-08,8,2021,shoulder_Aug-Sep,distributed,45,0.017647058823529412,21,30.247636373324106,0.012408188779496798,0.04053443789095991,640,2550,50,51,47.577777777777776,24.088888888888889,19,34,21,5,0.88888888888888884
cte_asc_48_iw3:2021-08-08,6b3f7f30-edbb-53f4-b923-135a1e51658b,Havelbrücke Werder (A 10),bridge,cte_asc_48_iw3,2021-08-08,2021-08-08T23:28:26Z,evening_rel48_control_cte,ASCENDING,IW3,S1A,W5_geraeumt,control_cte,cte_asc_48_iw3,48,48663.570310000003,0.00040143722439999998,0.013335902239999999,0.0052064438350000004,640,227,1.211887159,,,26.399999999999999,7.4000000000000004,1.8759999999999999,0.89600000000000002,cte_asc_48_iw3,2,post-collapse,0,2021-08-08,8,2021,shoulder_Aug-Sep,compact,2,1,1,0.5,0.018284106891701828,0.96705801879865594,640,2,1,2,79,15.5,79,16,1,2,0
ctn_asc_48_iw3:2021-08-08,6b3f7f30-edbb-53f4-b923-135a1e51658b,Havelbrücke Werder (A 10),bridge,ctn_asc_48_iw3,2021-08-08,2021-08-08T23:28:26Z,evening_rel48_control_ctn,ASCENDING,IW3,S1A,W5_geraeumt,control_ctn,ctn_asc_48_iw3,48,51322.179689999997,0.0003508409718,0.031454354519999998,0.0036943692249999998,640,184,1.128779153,,,26.399999999999999,7.4000000000000004,1.8280000000000001,1.0429999999999999,ctn_asc_48_iw3,1,post-collapse,0,2021-08-08,8,2021,shoulder_Aug-Sep,compact,4,1,1,0.70710678118654757,0.0056258790436005627,0.033174825519261729,640,4,2,2,73.5,11.5,73,11,1,4,0
cts_asc_48_iw3:2021-08-08,6b3f7f30-edbb-53f4-b923-135a1e51658b,Havelbrücke Werder (A 10),bridge,cts_asc_48_iw3,2021-08-08,2021-08-08T23:28:26Z,evening_rel48,ASCENDING,IW3,S1A,W5_geraeumt,target,cts_asc_48_iw3,48,41405.859380000002,0.00038487551500000002,0.19485385720000001,0.0031655242199999998,640,289,1.0301870989999999,,,26.399999999999999,7.4000000000000004,1.1220000000000001,0.55300000000000005,cts_asc_48_iw3,0,post-collapse,0,2021-08-08,8,2021,shoulder_Aug-Sep,distributed,51,0.012911392405063291,26,14.979801856760993,0.016436391715617327,0.040372212288902656,640,3950,50,79,43.235294117647058,56.529411764705884,58,54,26,4,0.92156862745098045
beach_asc_48_iw3:2021-08-20,6b3f7f30-edbb-53f4-b923-135a1e51658b,Havelbrücke Werder (A 10),bridge,beach_asc_48_iw3,2021-08-20,2021-08-20T23:28:27Z,evening_rel48_reference_beach,ASCENDING,IW3,S1A,W5_geraeumt,reference_beach,beach_asc_48_iw3,48,31774.58008,0.0001948404097,0.02520142496,0.010979633779999999,640,256,0.95110119559999995,,,27.699999999999999,0,-0.122,1.129,beach_asc_48_iw3,3,post-collapse,0,2021-08-20,8,2021,shoulder_Aug-Sep,distributed,28,0.02074074074074074,13,23.311581819747357,0.02104681535061282,0.18433760629617313,640,1350,50,27,48.285714285714285,28.25,65,12,13,4,0.85714285714285721
cte_asc_48_iw3:2021-08-20,6b3f7f30-edbb-53f4-b923-135a1e51658b,Havelbrücke Werder (A 10),bridge,cte_asc_48_iw3,2021-08-20,2021-08-20T23:28:27Z,evening_rel48_control_cte,ASCENDING,IW3,S1A,W5_geraeumt,control_cte,cte_asc_48_iw3,48,40308.15625,0.00048579461869999998,0.048359561709999999,0.004024086986,640,223,1.003809146,,,27.699999999999999,0,-0.46100000000000002,1.6240000000000001,cte_asc_48_iw3,2,post-collapse,0,2021-08-20,8,2021,shoulder_Aug-Sep,distributed,31,0.009106933019976499,14,28.415528283997972,0.011206388094914026,0.1329615180130202,640,3404,46,74,34.741935483870968,53.387096774193552,11,69,14,5,0.83870967741935487
ctn_asc_48_iw3:2021-08-20,6b3f7f30-edbb-53f4-b923-135a1e51658b,Havelbrücke Werder (A 10),bridge,ctn_asc_48_iw3,2021-08-20,2021-08-20T23:28:27Z,evening_rel48_control_ctn,ASCENDING,IW3,S1A,W5_geraeumt,control_ctn,ctn_asc_48_iw3,48,45427.28125,0.00084476219489999999,0.048245262349999998,0.01504384074,640,202,0.99912685609999996,,,27.699999999999999,0,-0.53800000000000003,1.744,ctn_asc_48_iw3,1,post-collapse,0,2021-08-20,8,2021,shoulder_Aug-Sep,intermediate,17,0.0037158469945355191,8,32.950681401820674,0.0037230081906180186,0.017549650565249902,640,4575,75,61,51.705882352941174,31.117647058823529,77,10,8,8,0.52941176470588236
cts_asc_48_iw3:2021-08-20,6b3f7f30-edbb-53f4-b923-135a1e51658b,Havelbrücke Werder (A 10),bridge,cts_asc_48_iw3,2021-08-20,2021-08-20T23:28:27Z,evening_rel48,ASCENDING,IW3,S1A,W5_geraeumt,target,cts_asc_48_iw3,48,40164.667970000002,0.00025628437290000001,0.033681727949999997,0.001949090511,640,240,0.99930597779999997,,,27.699999999999999,0,-0.23000000000000001,1.206,cts_asc_48_iw3,0,post-collapse,0,2021-08-20,8,2021,shoulder_Aug-Sep,distributed,35,0.0093333333333333341,17,18.608797568321695,0.016435603777375931,0.14121233101950431,640,3750,50,75,43.028571428571432,53.828571428571429,61,49,17,5,0.85714285714285721
beach_asc_48_iw3:2021-09-01,6b3f7f30-edbb-53f4-b923-135a1e51658b,Havelbrücke Werder (A 10),bridge,beach_asc_48_iw3,2021-09-01,2021-09-01T23:28:27Z,evening_rel48_reference_beach,ASCENDING,IW3,S1A,W5_geraeumt,reference_beach,beach_asc_48_iw3,48,35697.910159999999,0.00024398826640000001,0.070600435140000001,0.01037628017,640,287,1.068537332,,,27.100000000000001,9.5999999999999996,0.65600000000000003,0.67800000000000005,beach_asc_48_iw3,3,post-collapse,0,2021-09-01,9,2021,shoulder_Aug-Sep,distributed,45,0.017647058823529412,18,24.41538676963998,0.014689795280512579,0.072906784599048119,640,2550,50,51,44.733333333333334,29.199999999999999,63,13,18,5,0.88888888888888884
cte_asc_48_iw3:2021-09-01,6b3f7f30-edbb-53f4-b923-135a1e51658b,Havelbrücke Werder (A 10),bridge,cte_asc_48_iw3,2021-09-01,2021-09-01T23:28:27Z,evening_rel48_control_cte,ASCENDING,IW3,S1A,W5_geraeumt,control_cte,cte_asc_48_iw3,48,43016.546880000002,0.00041996611980000002,0.088343404230000006,0.016087369989999999,640,289,1.0712572149999999,,,27.100000000000001,9.5999999999999996,0.22,1.0249999999999999,cte_asc_48_iw3,2,post-collapse,0,2021-09-01,9,2021,shoulder_Aug-Sep,distributed,48,0.0085576751649135314,20,14.269844856277246,0.016262306610407878,0.026623051459328043,640,5609,71,79,38.958333333333336,52.541666666666664,53,50,20,6,0.875
ctn_asc_48_iw3:2021-09-01,6b3f7f30-edbb-53f4-b923-135a1e51658b,Havelbrücke Werder (A 10),bridge,ctn_asc_48_iw3,2021-09-01,2021-09-01T23:28:27Z,evening_rel48_control_ctn,ASCENDING,IW3,S1A,W5_geraeumt,control_ctn,ctn_asc_48_iw3,48,50701.875,0.00032562241540000001,0.1070061028,0.016726970670000001,640,277,1.1151361820000001,,,27.100000000000001,9.5999999999999996,0.16500000000000001,1.1779999999999999,ctn_asc_48_iw3,1,post-collapse,0,2021-09-01,9,2021,shoulder_Aug-Sep,compact,5,0.83333333333333337,1,0.4472135954999627,0.017721518987341773,0.054331279156390855,640,6,2,3,77.400000000000006,11.199999999999999,77,11,1,5,0
cts_asc_48_iw3:2021-09-01,6b3f7f30-edbb-53f4-b923-135a1e51658b,Havelbrücke Werder (A 10),bridge,cts_asc_48_iw3,2021-09-01,2021-09-01T23:28:27Z,evening_rel48,ASCENDING,IW3,S1A,W5_geraeumt,target,cts_asc_48_iw3,48,43057.824220000002,0.00032889994330000002,0.091280579570000006,0.016137219970000002,640,306,1.0712883559999999,,,27.100000000000001,9.5999999999999996,0.53900000000000003,0.81599999999999995,cts_asc_48_iw3,0,post-collapse,0,2021-09-01,9,2021,shoulder_Aug-Sep,distributed,60,0.014892032762472078,18,20.476219269082744,0.016502578527894982,0.024792083571059546,640,4029,51,79,39.733333333333334,56.93333333333333,59,50,18,8,0.8666666666666667
beach_asc_48_iw3:2021-09-13,6b3f7f30-edbb-53f4-b923-135a1e51658b,Havelbrücke Werder (A 10),bridge,beach_asc_48_iw3,2021-09-13,2021-09-13T23:28:28Z,evening_rel48_reference_beach,ASCENDING,IW3,S1A,W5_geraeumt,reference_beach,beach_asc_48_iw3,48,37796.914060000003,0.00039207196099999998,0.01662276126,0.01328154933,640,314,1.1313663329999999,,,25.800000000000001,26.5,-0.83599999999999997,0.29799999999999999,beach_asc_48_iw3,3,post-collapse,0,2021-09-13,9,2021,shoulder_Aug-Sep,distributed,31,0.012916666666666667,16,25.705143891380708,0.017966516945692117,0.00097605682434121009,640,2400,48,50,44.741935483870968,28.451612903225808,66,14,16,5,0.83870967741935487
cte_asc_48_iw3:2021-09-13,6b3f7f30-edbb-53f4-b923-135a1e51658b,Havelbrücke Werder (A 10),bridge,cte_asc_48_iw3,2021-09-13,2021-09-13T23:28:28Z,evening_rel48_control_cte,ASCENDING,IW3,S1A,W5_geraeumt,control_cte,cte_asc_48_iw3,48,44402.320310000003,0.00017243862380000001,0.036241997030000001,0.02179744095,640,304,1.1057676510000001,,,25.800000000000001,26.5,-1.1339999999999999,-0.217,cte_asc_48_iw3,2,post-collapse,0,2021-09-13,9,2021,shoulder_Aug-Sep,distributed,38,0.0093114432737074239,18,19.001421436842524,0.020097712636020428,0.0028437922170120224,640,4081,53,77,36.026315789473685,53.026315789473685,55,52,18,6,0.84210526315789469
ctn_asc_48_iw3:2021-09-13,6b3f7f30-edbb-53f4-b923-135a1e51658b,Havelbrücke Werder (A 10),bridge,ctn_asc_48_iw3,2021-09-13,2021-09-13T23:28:28Z,evening_rel48_control_ctn,ASCENDING,IW3,S1A,W5_geraeumt,control_ctn,ctn_asc_48_iw3,48,51072.910159999999,0.00016653724009999999,0.049667470159999998,0.013958561229999999,640,315,1.1232967229999999,,,25.800000000000001,26.5,-1.1859999999999999,-0.067000000000000004,ctn_asc_48_iw3,1,post-collapse,0,2021-09-13,9,2021,shoulder_Aug-Sep,compact,2,1,1,0.5,0.054852320675105481,0.97646004218508797,640,2,1,2,79,13.5,79,14,1,2,0
cts_asc_48_iw3:2021-09-13,6b3f7f30-edbb-53f4-b923-135a1e51658b,Havelbrücke Werder (A 10),bridge,cts_asc_48_iw3,2021-09-13,2021-09-13T23:28:28Z,evening_rel48,ASCENDING,IW3,S1A,W5_geraeumt,target,cts_asc_48_iw3,48,46451.675779999998,0.0002374646137,0.018094331030000001,0.020398914810000002,640,304,1.155728147,,,25.800000000000001,26.5,-0.95799999999999996,0.36299999999999999,cts_asc_48_iw3,0,post-collapse,0,2021-09-13,9,2021,shoulder_Aug-Sep,distributed,38,0.008962264150943396,18,15.922944646169755,0.015989340439706859,0.004553174952677359,640,4240,53,80,46.10526315789474,50.05263157894737,62,51,18,6,0.84210526315789469
beach_asc_48_iw3:2021-09-25,6b3f7f30-edbb-53f4-b923-135a1e51658b,Havelbrücke Werder (A 10),bridge,beach_asc_48_iw3,2021-09-25,2021-09-25T23:28:28Z,evening_rel48_reference_beach,ASCENDING,IW3,S1A,W5_geraeumt,reference_beach,beach_asc_48_iw3,48,36414.945310000003,8.8686720120000005e-05,0.016766827549999998,0.01315620076,640,342,1.090000181,,,25.600000000000001,22.800000000000001,-0.187,-0.60099999999999998,beach_asc_48_iw3,3,post-collapse,0,2021-09-25,9,2021,shoulder_Aug-Sep,intermediate,24,0.0065934065934065934,13,24.301956082678704,0.021038443506797937,0.0053086534692699692,640,3640,70,52,45.375,30.333333333333332,65,16,13,4,0.83333333333333337
cte_asc_48_iw3:2021-09-25,6b3f7f30-edbb-53f4-b923-135a1e51658b,Havelbrücke Werder (A 10),bridge,cte_asc_48_iw3,2021-09-25,2021-09-25T23:28:28Z,evening_rel48_control_cte,ASCENDING,IW3,S1A,W5_geraeumt,control_cte,cte_asc_48_iw3,48,42079.164060000003,1.639935181e-05,0.19280199710000001,0.020503506059999999,640,352,1.047913219,,,25.600000000000001,22.800000000000001,-0.58899999999999997,-0.47999999999999998,cte_asc_48_iw3,2,post-collapse,0,2021-09-25,9,2021,shoulder_Aug-Sep,distributed,46,0.017170586039567004,20,21.477578760511825,0.024918975111600322,0.0052632014948943455,640,2679,47,57,34.543478260869563,59.543478260869563,55,53,20,6,0.86956521739130432
ctn_asc_48_iw3:2021-09-25,6b3f7f30-edbb-53f4-b923-135a1e51658b,Havelbrücke Werder (A 10),bridge,ctn_asc_48_iw3,2021-09-25,2021-09-25T23:28:28Z,evening_rel48_control_ctn,ASCENDING,IW3,S1A,W5_geraeumt,control_ctn,ctn_asc_48_iw3,48,49041.800779999998,5.3340034360000001e-05,0.22282567619999999,0.001030895975,640,370,1.0786245379999999,,,25.600000000000001,22.800000000000001,-0.65700000000000003,-0.27000000000000002,ctn_asc_48_iw3,1,post-collapse,0,2021-09-25,9,2021,shoulder_Aug-Sep,compact,4,0.44444444444444442,2,0.5,0.056258790436005623,0.252876854035124,640,9,3,3,78.5,14,79,14,2,3,0.25
cts_asc_48_iw3:2021-09-25,6b3f7f30-edbb-53f4-b923-135a1e51658b,Havelbrücke Werder (A 10),bridge,cts_asc_48_iw3,2021-09-25,2021-09-25T23:28:28Z,evening_rel48,ASCENDING,IW3,S1A,W5_geraeumt,target,cts_asc_48_iw3,48,42235.609380000002,1.3373646649999999e-06,0.170245707,0.0092313252390000006,640,395,1.050831466,,,25.600000000000001,22.800000000000001,-0.33800000000000002,0.184,cts_asc_48_iw3,0,post-collapse,0,2021-09-25,9,2021,shoulder_Aug-Sep,distributed,25,0.0095785440613026813,13,19.994399215780405,0.033305203938115334,0.00060609610158895207,640,2610,45,58,43.640000000000001,60.920000000000002,61,51,13,4,0.83999999999999997
beach_asc_48_iw3:2021-10-07,6b3f7f30-edbb-53f4-b923-135a1e51658b,Havelbrücke Werder (A 10),bridge,beach_asc_48_iw3,2021-10-07,2021-10-07T23:28:29Z,evening_rel48_reference_beach,ASCENDING,IW3,S1A,W5_geraeumt,reference_beach,beach_asc_48_iw3,48,33287.839840000001,0.00019004762000000001,0.035009413959999999,0.0085454946380000008,640,362,0.99639725209999996,,,27.600000000000001,3.2000000000000002,0.187,0.012999999999999999,beach_asc_48_iw3,3,post-collapse,0,2021-10-07,10,2021,winter_Oct-Feb,distributed,33,0.0089382448537378111,17,28.979838468307918,0.034863401952009543,0.052417658416068137,640,3692,71,52,49.484848484848484,29.666666666666668,21,35,17,4,0.87878787878787878
cte_asc_48_iw3:2021-10-07,6b3f7f30-edbb-53f4-b923-135a1e51658b,Havelbrücke Werder (A 10),bridge,cte_asc_48_iw3,2021-10-07,2021-10-07T23:28:29Z,evening_rel48_control_cte,ASCENDING,IW3,S1A,W5_geraeumt,control_cte,cte_asc_48_iw3,48,40958.734380000002,9.5912706459999996e-05,0.036528591069999998,0.0017118391119999999,640,376,1.0200107380000001,,,27.600000000000001,3.2000000000000002,-0.16700000000000001,0.22500000000000001,cte_asc_48_iw3,2,post-collapse,0,2021-10-07,10,2021,winter_Oct-Feb,distributed,49,0.0088607594936708865,23,12.945356595812765,0.027526622463331322,0.085499291412487244,640,5530,70,79,40.163265306122447,53.326530612244895,53,55,23,6,0.87755102040816324
ctn_asc_48_iw3:2021-10-07,6b3f7f30-edbb-53f4-b923-135a1e51658b,Havelbrücke Werder (A 10),bridge,ctn_asc_48_iw3,2021-10-07,2021-10-07T23:28:29Z,evening_rel48_control_ctn,ASCENDING,IW3,S1A,W5_geraeumt,control_ctn,ctn_asc_48_iw3,48,47668.03125,6.1707476559999996e-05,0.082707494500000006,0.0098165813829999993,640,339,1.0484098740000001,,,27.600000000000001,3.2000000000000002,-0.222,-0.54700000000000004,ctn_asc_48_iw3,1,post-collapse,0,2021-10-07,10,2021,winter_Oct-Feb,compact,4,1,1,0.70710678118654757,0.057313642756680737,0.028761862806197559,640,4,2,2,77.5,14.5,77,15,1,4,0
cts_asc_48_iw3:2021-10-07,6b3f7f30-edbb-53f4-b923-135a1e51658b,Havelbrücke Werder (A 10),bridge,cts_asc_48_iw3,2021-10-07,2021-10-07T23:28:29Z,evening_rel48,ASCENDING,IW3,S1A,W5_geraeumt,target,cts_asc_48_iw3,48,40821.085939999997,9.5123788919999997e-05,0.015334196390000001,0.01694909856,640,387,1.0156378049999999,,,27.600000000000001,3.2000000000000002,0.074999999999999997,-0.047,cts_asc_48_iw3,0,post-collapse,0,2021-10-07,10,2021,winter_Oct-Feb,distributed,46,0.011197663096397274,21,38.691560604397708,0.030911759310218313,0.071346754409468194,640,4108,52,79,49.021739130434781,50.282608695652172,17,72,21,5,0.89130434782608692
beach_asc_48_iw3:2021-10-19,6b3f7f30-edbb-53f4-b923-135a1e51658b,Havelbrücke Werder (A 10),bridge,beach_asc_48_iw3,2021-10-19,2021-10-19T23:28:29Z,evening_rel48_reference_beach,ASCENDING,IW3,S1A,W5_geraeumt,reference_beach,beach_asc_48_iw3,48,33391.542970000002,0.00011158752749999999,0.60514253380000005,0.020026328039999999,640,354,0.99950137380000004,,,25.300000000000001,0,0.121,0.0040000000000000001,beach_asc_48_iw3,3,post-collapse,0,2021-10-19,10,2021,winter_Oct-Feb,distributed,36,0.0090543259557344068,20,26.592634504248416,0.033716205657133923,0.041496167407454473,640,3976,71,56,46.861111111111114,28.805555555555557,21,35,20,5,0.86111111111111116
cte_asc_48_iw3:2021-10-19,6b3f7f30-edbb-53f4-b923-135a1e51658b,Havelbrücke Werder (A 10),bridge,cte_asc_48_iw3,2021-10-19,2021-10-19T23:28:29Z,evening_rel48_control_cte,ASCENDING,IW3,S1A,W5_geraeumt,control_cte,cte_asc_48_iw3,48,39368.261720000002,0.0002524727897,0.025465747340000001,0.022540193050000001,640,314,0.98040260000000001,,,25.300000000000001,0,0.753,0.22900000000000001,cte_asc_48_iw3,2,post-collapse,0,2021-10-19,10,2021,winter_Oct-Feb,distributed,62,0.010605542251111872,29,38.388550392645712,0.020212331563903632,0.083869626732264585,640,5846,74,79,41.177419354838712,51.064516129032256,9,72,29,5,0.91935483870967738
ctn_asc_48_iw3:2021-10-19,6b3f7f30-edbb-53f4-b923-135a1e51658b,Havelbrücke Werder (A 10),bridge,ctn_asc_48_iw3,2021-10-19,2021-10-19T23:28:29Z,evening_rel48_control_ctn,ASCENDING,IW3,S1A,W5_geraeumt,control_ctn,ctn_asc_48_iw3,48,46355.503909999999,6.3895415219999995e-05,0.0040897401049999997,0.017097938810000001,640,305,1.0195421689999999,,,25.300000000000001,0,0.69699999999999995,0.433,ctn_asc_48_iw3,1,post-collapse,0,2021-10-19,10,2021,winter_Oct-Feb,compact,4,1,1,0.70710678118654757,0.037271448663853728,0.044614591630053123,640,4,2,2,75.5,12.5,75,13,1,4,0
cts_asc_48_iw3:2021-10-19,6b3f7f30-edbb-53f4-b923-135a1e51658b,Havelbrücke Werder (A 10),bridge,cts_asc_48_iw3,2021-10-19,2021-10-19T23:28:29Z,evening_rel48,ASCENDING,IW3,S1A,W5_geraeumt,target,cts_asc_48_iw3,48,38318.855470000002,0.00023997071550000001,0.47813430429999998,0.02660247311,640,366,0.95338174740000003,,,25.300000000000001,0,0.017000000000000001,-0.042999999999999997,cts_asc_48_iw3,0,post-collapse,0,2021-10-19,10,2021,winter_Oct-Feb,distributed,39,0.0077136075949367092,21,30.313039139623427,0.034115907533629058,0.12010045008964752,640,5056,64,79,43.641025641025642,57.53846153846154,17,72,21,6,0.84615384615384615
beach_asc_48_iw3:2021-11-12,6b3f7f30-edbb-53f4-b923-135a1e51658b,Havelbrücke Werder (A 10),bridge,beach_asc_48_iw3,2021-11-12,2021-11-12T23:28:28Z,evening_rel48_reference_beach,ASCENDING,IW3,S1A,W5_geraeumt,reference_beach,beach_asc_48_iw3,48,32960.628909999999,0.00029968947640000003,0.003112094244,0.0032510766760000002,640,211,0.98660292230000002,,,23.199999999999999,8.4000000000000004,1.127,0.97399999999999998,beach_asc_48_iw3,3,post-collapse,0,2021-11-12,11,2021,winter_Oct-Feb,distributed,41,0.018772893772893772,20,21.571857423935931,0.013001269253198861,0.10271571397508715,640,2184,52,42,48.585365853658537,28.048780487804876,63,12,20,4,0.90243902439024393
cte_asc_48_iw3:2021-11-12,6b3f7f30-edbb-53f4-b923-135a1e51658b,Havelbrücke Werder (A 10),bridge,cte_asc_48_iw3,2021-11-12,2021-11-12T23:28:28Z,evening_rel48_control_cte,ASCENDING,IW3,S1A,W5_geraeumt,control_cte,cte_asc_48_iw3,48,41654.699220000002,0.00061060138980000001,0.0079819541419999997,0.020876478399999999,640,217,1.0373426109999999,,,23.199999999999999,8.4000000000000004,0.76600000000000001,1.3939999999999999,cte_asc_48_iw3,2,post-collapse,0,2021-11-12,11,2021,winter_Oct-Feb,distributed,29,0.0055238095238095237,15,11.740404536983947,0.011591250788108057,0.029651248096398464,640,5250,70,75,39.413793103448278,50.896551724137929,51,49,15,4,0.86206896551724133
ctn_asc_48_iw3:2021-11-12,6b3f7f30-edbb-53f4-b923-135a1e51658b,Havelbrücke Werder (A 10),bridge,ctn_asc_48_iw3,2021-11-12,2021-11-12T23:28:28Z,evening_rel48_control_ctn,ASCENDING,IW3,S1A,W5_geraeumt,control_ctn,ctn_asc_48_iw3,48,49988.140619999998,0.0003249139118,0.34075236320000002,0.016145098949999999,640,281,1.09943832,,,23.199999999999999,8.4000000000000004,0.79800000000000004,0.63900000000000001,ctn_asc_48_iw3,1,post-collapse,0,2021-11-12,11,2021,winter_Oct-Feb,compact,4,1,1,0.70710678118654757,0.037271448663853728,0.025596109155097083,640,4,2,2,75.5,12.5,75,12,1,4,0
cts_asc_48_iw3:2021-11-12,6b3f7f30-edbb-53f4-b923-135a1e51658b,Havelbrücke Werder (A 10),bridge,cts_asc_48_iw3,2021-11-12,2021-11-12T23:28:28Z,evening_rel48,ASCENDING,IW3,S1A,W5_geraeumt,target,cts_asc_48_iw3,48,40389.773439999997,0.00041046034309999999,0.0064338687809999996,0.018390091139999998,640,227,1.0049066529999999,,,23.199999999999999,8.4000000000000004,1.0229999999999999,1.0589999999999999,cts_asc_48_iw3,0,post-collapse,0,2021-11-12,11,2021,winter_Oct-Feb,distributed,36,0.0091093117408906875,18,18.149435422977746,0.012541022034692921,0.045731390335360403,640,3952,52,76,42.777777777777779,57.138888888888886,59,49,18,4,0.88888888888888884
beach_asc_48_iw3:2021-11-24,6b3f7f30-edbb-53f4-b923-135a1e51658b,Havelbrücke Werder (A 10),bridge,beach_asc_48_iw3,2021-11-24,2021-11-24T23:28:28Z,evening_rel48_reference_beach,ASCENDING,IW3,S1A,W5_geraeumt,reference_beach,beach_asc_48_iw3,48,34143.183590000001,1.523677565e-05,0.016812745479999999,0.022639455270000001,640,263,1.0220000600000001,,,18.5,0.10000000000000001,-1.111,0.29599999999999999,beach_asc_48_iw3,3,post-collapse,0,2021-11-24,11,2021,winter_Oct-Feb,intermediate,16,0.0096618357487922701,9,18.415346860702897,0.018020393811533052,0.033274426100695594,640,1656,46,36,53.25,26.25,67,14,9,4,0.75
cte_asc_48_iw3:2021-11-24,6b3f7f30-edbb-53f4-b923-135a1e51658b,Havelbrücke Werder (A 10),bridge,cte_asc_48_iw3,2021-11-24,2021-11-24T23:28:28Z,evening_rel48_control_cte,ASCENDING,IW3,S1A,W5_geraeumt,control_cte,cte_asc_48_iw3,48,41224.238279999998,0.00023470312590000001,0.021758109330000001,0.004761138931,640,287,1.0266226810000001,,,18.5,0.10000000000000001,-0.47799999999999998,0.78500000000000003,cte_asc_48_iw3,2,post-collapse,0,2021-11-24,11,2021,winter_Oct-Feb,distributed,52,0.0092708147619896594,20,13.332971210565749,0.021692091312344477,0.041685470115342155,640,5609,71,79,41.134615384615387,53.5,54,50,20,6,0.88461538461538458
ctn_asc_48_iw3:2021-11-24,6b3f7f30-edbb-53f4-b923-135a1e51658b,Havelbrücke Werder (A 10),bridge,ctn_asc_48_iw3,2021-11-24,2021-11-24T23:28:28Z,evening_rel48_control_ctn,ASCENDING,IW3,S1A,W5_geraeumt,control_ctn,ctn_asc_48_iw3,48,46878.316409999999,0.00025129507410000002,0.059352956710000002,0.0076821749099999998,640,384,1.031040899,,,18.5,0.10000000000000001,-0.55000000000000004,-0.114,ctn_asc_48_iw3,1,post-collapse,0,2021-11-24,11,2021,winter_Oct-Feb,compact,5,0.625,2,0.8485281374238528,0.068635724331926856,0.022406602854000261,640,8,4,2,77.599999999999994,13.4,77,14,2,3,0.40000000000000002
cts_asc_48_iw3:2021-11-24,6b3f7f30-edbb-53f4-b923-135a1e51658b,Havelbrücke Werder (A 10),bridge,cts_asc_48_iw3,2021-11-24,2021-11-24T23:28:28Z,evening_rel48,ASCENDING,IW3,S1A,W5_geraeumt,target,cts_asc_48_iw3,48,42362.808590000001,0.0002307135292,0.021277949210000001,0.0077768671329999997,640,254,1.0539962110000001,,,18.5,0.10000000000000001,-1.236,0.373,cts_asc_48_iw3,0,post-collapse,0,2021-11-24,11,2021,winter_Oct-Feb,distributed,29,0.0058704453441295549,17,17.166180838089549,0.014355691352635922,0.035534009568023571,640,4940,65,76,46.448275862068968,55.551724137931032,63,51,17,5,0.82758620689655171
beach_asc_48_iw3:2021-12-06,6b3f7f30-edbb-53f4-b923-135a1e51658b,Havelbrücke Werder (A 10),bridge,beach_asc_48_iw3,2021-12-06,2021-12-06T23:28:27Z,evening_rel48_reference_beach,ASCENDING,IW3,S1A,W5_geraeumt,reference_beach,beach_asc_48_iw3,48,37287.296880000002,0.0001047058395,0.015220802279999999,0.01119137276,640,316,1.1161120790000001,,,23.800000000000001,2.5,0.65300000000000002,-0.26200000000000001,beach_asc_48_iw3,3,post-collapse,0,2021-12-06,12,2021,winter_Oct-Feb,distributed,46,0.01803921568627451,20,22.963694943197503,0.022686968751910962,0.014048968299685266,640,2550,51,50,42.347826086956523,30.717391304347824,20,36,20,7,0.84782608695652173
cte_asc_48_iw3:2021-12-06,6b3f7f30-edbb-53f4-b923-135a1e51658b,Havelbrücke Werder (A 10),bridge,cte_asc_48_iw3,2021-12-06,2021-12-06T23:28:27Z,evening_rel48_control_cte,ASCENDING,IW3,S1A,W5_geraeumt,control_cte,cte_asc_48_iw3,48,42837.691409999999,6.9132955099999999e-05,0.024953600020000001,0.01049983501,640,367,1.0668031099999999,,,23.800000000000001,2.5,0.20000000000000001,-0.16800000000000001,cte_asc_48_iw3,2,post-collapse,0,2021-12-06,12,2021,winter_Oct-Feb,distributed,46,0.0082912761355443398,19,15.345747488263157,0.027579037485476667,0.033259261084614314,640,5548,73,76,38,55.239130434782609,53,52,19,7,0.84782608695652173
ctn_asc_48_iw3:2021-12-06,6b3f7f30-edbb-53f4-b923-135a1e51658b,Havelbrücke Werder (A 10),bridge,ctn_asc_48_iw3,2021-12-06,2021-12-06T23:28:27Z,evening_rel48_control_ctn,ASCENDING,IW3,S1A,W5_geraeumt,control_ctn,ctn_asc_48_iw3,48,53586.03125,0.00025948829720000001,0.16245879229999999,0.01122925617,640,379,1.1785702659999999,,,23.800000000000001,2.5,0.14799999999999999,-0.025999999999999999,ctn_asc_48_iw3,1,post-collapse,0,2021-12-06,12,2021,winter_Oct-Feb,compact,4,1,1,0.70710678118654757,0.080168776371308023,0.0090396650297105783,640,4,2,2,77.5,13.5,77,13,1,4,0
cts_asc_48_iw3:2021-12-06,6b3f7f30-edbb-53f4-b923-135a1e51658b,Havelbrücke Werder (A 10),bridge,cts_asc_48_iw3,2021-12-06,2021-12-06T23:28:27Z,evening_rel48,ASCENDING,IW3,S1A,W5_geraeumt,target,cts_asc_48_iw3,48,42649.175779999998,0.00010297763220000001,0.02664458565,0.01431905478,640,318,1.061121091,,,23.800000000000001,2.5,0.42699999999999999,-0.53300000000000003,cts_asc_48_iw3,0,post-collapse,0,2021-12-06,12,2021,winter_Oct-Feb,distributed,59,0.01543694400837258,21,20.940765421076868,0.021001692531407188,0.017843642214718188,640,3822,49,78,41.949152542372879,57.067796610169495,33,76,21,6,0.89830508474576276
beach_asc_48_iw3:2021-12-18,6b3f7f30-edbb-53f4-b923-135a1e51658b,Havelbrücke Werder (A 10),bridge,beach_asc_48_iw3,2021-12-18,2021-12-18T23:28:27Z,evening_rel48_reference_beach,ASCENDING,IW3,S1A,W5_geraeumt,reference_beach,beach_asc_48_iw3,48,35290.367189999997,0.0005829035654,0.01401556004,0.02593316138,640,334,1.0563384419999999,,,24.5,2,-0.56100000000000005,0.247,beach_asc_48_iw3,3,post-collapse,0,2021-12-18,12,2021,winter_Oct-Feb,intermediate,23,0.013513513513513514,12,22.71555016462651,0.023726533357793674,0.064857386002815251,640,1702,46,37,44.652173913043477,29.304347826086957,22,31,12,4,0.82608695652173914
cte_asc_48_iw3:2021-12-18,6b3f7f30-edbb-53f4-b923-135a1e51658b,Havelbrücke Werder (A 10),bridge,cte_asc_48_iw3,2021-12-18,2021-12-18T23:28:27Z,evening_rel48_control_cte,ASCENDING,IW3,S1A,W5_geraeumt,control_cte,cte_asc_48_iw3,48,39855.425779999998,0.00070325267729999996,0.01668416709,0.01336920168,640,276,0.99253462960000005,,,24.5,2,-0.92100000000000004,-0.32800000000000001,cte_asc_48_iw3,2,post-collapse,0,2021-12-18,12,2021,winter_Oct-Feb,intermediate,19,0.015297906602254429,10,23.819554805573805,0.027611222148197497,0.14760771576732437,640,1242,46,27,35.10526315789474,64.21052631578948,12,70,10,4,0.78947368421052633
ctn_asc_48_iw3:2021-12-18,6b3f7f30-edbb-53f4-b923-135a1e51658b,Havelbrücke Werder (A 10),bridge,ctn_asc_48_iw3,2021-12-18,2021-12-18T23:28:27Z,evening_rel48_control_ctn,ASCENDING,IW3,S1A,W5_geraeumt,control_ctn,ctn_asc_48_iw3,48,46158.875,0.00044659461130000001,0.053915668280000002,0.0074912523850000001,640,299,1.015217517,,,24.5,2,-0.96899999999999997,-0.157,ctn_asc_48_iw3,1,post-collapse,0,2021-12-18,12,2021,winter_Oct-Feb,compact,2,1,1,0.5,0.054852320675105481,0.96323830515108111,640,2,1,2,79,13.5,79,14,1,2,0
cts_asc_48_iw3:2021-12-18,6b3f7f30-edbb-53f4-b923-135a1e51658b,Havelbrücke Werder (A 10),bridge,cts_asc_48_iw3,2021-12-18,2021-12-18T23:28:27Z,evening_rel48,ASCENDING,IW3,S1A,W5_geraeumt,target,cts_asc_48_iw3,48,41423.015619999998,0.001055214554,0.040068902080000003,0.025108557189999998,640,310,1.0306139510000001,,,24.5,2,-0.72099999999999997,0.23300000000000001,cts_asc_48_iw3,0,post-collapse,0,2021-12-18,12,2021,winter_Oct-Feb,distributed,29,0.021739130434782608,12,23.276066410341858,0.026334933798923325,0.10358435082977113,640,1334,46,29,42.03448275862069,64.65517241379311,19,68,12,4,0.86206896551724133
beach_asc_48_iw3:2021-12-30,6b3f7f30-edbb-53f4-b923-135a1e51658b,Havelbrücke Werder (A 10),bridge,beach_asc_48_iw3,2021-12-30,2021-12-30T23:28:26Z,evening_rel48_reference_beach,ASCENDING,IW3,S1A,W5_geraeumt,reference_beach,beach_asc_48_iw3,48,35246.070310000003,6.8295521489999996e-05,0.039586294440000003,0.0094797732310000007,640,327,1.055012514,,,23.699999999999999,0.29999999999999999,0.35399999999999998,-0.27300000000000002,beach_asc_48_iw3,3,post-collapse,0,2021-12-30,12,2021,winter_Oct-Feb,distributed,29,0.025217391304347827,11,21.964326281793383,0.032542800329792905,0.20357587395079421,640,1150,46,25,45.448275862068968,30.758620689655171,64,19,11,4,0.86206896551724133
cte_asc_48_iw3:2021-12-30,6b3f7f30-edbb-53f4-b923-135a1e51658b,Havelbrücke Werder (A 10),bridge,cte_asc_48_iw3,2021-12-30,2021-12-30T23:28:26Z,evening_rel48_control_cte,ASCENDING,IW3,S1A,W5_geraeumt,control_cte,cte_asc_48_iw3,48,42643.019529999998,7.9297467890000002e-05,0.02001923136,0.01240056753,640,296,1.0619551229999999,,,23.699999999999999,0.29999999999999999,0.99399999999999999,-0.17299999999999999,cte_asc_48_iw3,2,post-collapse,0,2021-12-30,12,2021,winter_Oct-Feb,intermediate,20,0.0047892720306513406,13,9.5452867950627827,0.025949367088607594,0.19602906843412249,640,4176,72,58,41.700000000000003,58.149999999999999,51,56,13,3,0.84999999999999998
ctn_asc_48_iw3:2021-12-30,6b3f7f30-edbb-53f4-b923-135a1e51658b,Havelbrücke Werder (A 10),bridge,ctn_asc_48_iw3,2021-12-30,2021-12-30T23:28:26Z,evening_rel48_control_ctn,ASCENDING,IW3,S1A,W5_geraeumt,control_ctn,ctn_asc_48_iw3,48,51162.335939999997,0.00013783333999999999,0.022781122479999999,0.01374117658,640,279,1.1252635520000001,,,23.699999999999999,0.29999999999999999,0.94599999999999995,-0.029000000000000001,ctn_asc_48_iw3,1,post-collapse,0,2021-12-30,12,2021,winter_Oct-Feb,compact,4,1,1,0.70710678118654757,0.054500703234880446,0.0086907983502163503,640,4,2,2,75.5,13.5,75,14,1,4,0
cts_asc_48_iw3:2021-12-30,6b3f7f30-edbb-53f4-b923-135a1e51658b,Havelbrücke Werder (A 10),bridge,cts_asc_48_iw3,2021-12-30,2021-12-30T23:28:26Z,evening_rel48,ASCENDING,IW3,S1A,W5_geraeumt,target,cts_asc_48_iw3,48,42016.386720000002,7.3079136200000005e-05,0.037618458270000002,0.0084836184980000007,640,317,1.0453771569999999,,,23.699999999999999,0.29999999999999999,0.182,0.40899999999999997,cts_asc_48_iw3,0,post-collapse,0,2021-12-30,12,2021,winter_Oct-Feb,distributed,29,0.012123745819397994,14,24.981729352206038,0.024637470294388664,0.16778758467612939,640,2392,46,52,41.275862068965516,62.103448275862071,17,68,14,5,0.82758620689655171
beach_asc_48_iw3:2022-01-11,6b3f7f30-edbb-53f4-b923-135a1e51658b,Havelbrücke Werder (A 10),bridge,beach_asc_48_iw3,2022-01-11,2022-01-11T23:28:26Z,evening_rel48_reference_beach,ASCENDING,IW3,S1A,W5_geraeumt,reference_beach,beach_asc_48_iw3,48,69358.59375,0.00021395600920000001,0.028721777720000001,0.0099056689070000006,640,359,2.0760948309999998,,,20,16.800000000000001,-1.486,0.33200000000000002,beach_asc_48_iw3,3,post-collapse,0,2022-01-11,1,2022,winter_Oct-Feb,distributed,33,0.013194722111155539,11,17.65241901704556,0.012317265481822446,0.057279945906434725,640,2501,61,41,52.242424242424242,26.939393939393938,66,38,11,6,0.81818181818181812
cte_asc_48_iw3:2022-01-11,6b3f7f30-edbb-53f4-b923-135a1e51658b,Havelbrücke Werder (A 10),bridge,cte_asc_48_iw3,2022-01-11,2022-01-11T23:28:26Z,evening_rel48_control_cte,ASCENDING,IW3,S1A,W5_geraeumt,control_cte,cte_asc_48_iw3,48,78816.023440000004,0.00042478050450000003,0.050637423989999999,0.037507794800000001,640,327,1.9627850179999999,,,20,16.800000000000001,-1.9470000000000001,-0.26600000000000001,cte_asc_48_iw3,2,post-collapse,0,2022-01-11,1,2022,winter_Oct-Feb,distributed,41,0.00759822090437361,19,18.83435417223188,0.014750780419196601,0.032250625555416794,640,5396,71,76,46.024390243902438,60.024390243902438,56,76,19,5,0.87804878048780488
ctn_asc_48_iw3:2022-01-11,6b3f7f30-edbb-53f4-b923-135a1e51658b,Havelbrücke Werder (A 10),bridge,ctn_asc_48_iw3,2022-01-11,2022-01-11T23:28:26Z,evening_rel48_control_ctn,ASCENDING,IW3,S1A,W5_geraeumt,control_ctn,ctn_asc_48_iw3,48,79510.796879999994,0.00031768379270000002,0.043590623889999999,0.034406367690000002,640,315,1.7487591229999999,,,20,16.800000000000001,-1.988,-0.111,ctn_asc_48_iw3,1,post-collapse,0,2022-01-11,1,2022,winter_Oct-Feb,distributed,36,0.0084309133489461358,16,14.576426936057485,0.009806219721831537,0.045297424773336814,640,4270,70,61,42.833333333333336,57.333333333333336,52,46,16,5,0.86111111111111116
cts_asc_48_iw3:2022-01-11,6b3f7f30-edbb-53f4-b923-135a1e51658b,Havelbrücke Werder (A 10),bridge,cts_asc_48_iw3,2022-01-11,2022-01-11T23:28:26Z,evening_rel48,ASCENDING,IW3,S1A,W5_geraeumt,target,cts_asc_48_iw3,48,84701.546879999994,0.00052010949000000004,0.045073226090000001,0.031688455490000003,640,344,2.1073935480000001,,,20,16.800000000000001,-1.738,0.32100000000000001,cts_asc_48_iw3,0,post-collapse,0,2022-01-11,1,2022,winter_Oct-Feb,distributed,34,0.010638297872340425,14,55.78149567298793,0.0094729875072391834,0.041426483388556333,640,3196,68,47,51.029411764705884,58.529411764705884,0,36,14,5,0.8529411764705882
beach_asc_48_iw3:2022-01-23,6b3f7f30-edbb-53f4-b923-135a1e51658b,Havelbrücke Werder (A 10),bridge,beach_asc_48_iw3,2022-01-23,2022-01-23T23:28:25Z,evening_rel48_reference_beach,ASCENDING,IW3,S1A,W5_geraeumt,reference_beach,beach_asc_48_iw3,48,33402.09375,0.00086704292329999998,0.052607458080000002,0.017889166250000001,640,289,0.99981718789999996,,,17.199999999999999,4.0999999999999996,0.79900000000000004,0.095000000000000001,beach_asc_48_iw3,3,post-collapse,0,2022-01-23,1,2022,winter_Oct-Feb,distributed,27,0.014316012725344645,13,18.576243365069782,0.026045736312965567,0.023314326494698865,640,1886,46,41,49.481481481481481,26.74074074074074,63,14,13,6,0.77777777777777779
cte_asc_48_iw3:2022-01-23,6b3f7f30-edbb-53f4-b923-135a1e51658b,Havelbrücke Werder (A 10),bridge,cte_asc_48_iw3,2022-01-23,2022-01-23T23:28:25Z,evening_rel48_control_cte,ASCENDING,IW3,S1A,W5_geraeumt,control_cte,cte_asc_48_iw3,48,41551.902340000001,0.0012428299520000001,0.02624424547,0.030594758690000001,640,286,1.034782622,,,17.199999999999999,4.0999999999999996,1.343,0.29699999999999999,cte_asc_48_iw3,2,post-collapse,0,2022-01-23,1,2022,winter_Oct-Feb,distributed,30,0.0064212328767123284,14,51.307222796708764,0.017721518987341773,0.01219346507573308,640,4672,73,64,44.600000000000001,55.06666666666667,79,17,14,5,0.83333333333333337
ctn_asc_48_iw3:2022-01-23,6b3f7f30-edbb-53f4-b923-135a1e51658b,Havelbrücke Werder (A 10),bridge,ctn_asc_48_iw3,2022-01-23,2022-01-23T23:28:25Z,evening_rel48_control_ctn,ASCENDING,IW3,S1A,W5_geraeumt,control_ctn,ctn_asc_48_iw3,48,45720.476560000003,0.00067529984520000002,0.029719242829999999,0.020066104830000001,640,268,1.0055753890000001,,,17.199999999999999,4.0999999999999996,1.3560000000000001,0.53200000000000003,ctn_asc_48_iw3,1,post-collapse,0,2022-01-23,1,2022,winter_Oct-Feb,compact,9,0.0025854639471416261,5,20.118783067043729,0.022972339428035629,0.12524310985333467,640,3481,59,59,61.444444444444443,26.888888888888889,76,13,5,4,0.55555555555555558
cts_asc_48_iw3:2022-01-23,6b3f7f30-edbb-53f4-b923-135a1e51658b,Havelbrücke Werder (A 10),bridge,cts_asc_48_iw3,2022-01-23,2022-01-23T23:28:25Z,evening_rel48,ASCENDING,IW3,S1A,W5_geraeumt,target,cts_asc_48_iw3,48,40106.84375,0.0011967649920000001,0.03303294256,0.032707139849999997,640,318,0.99786729819999997,,,17.199999999999999,4.0999999999999996,0.67900000000000005,0.055,cts_asc_48_iw3,0,post-collapse,0,2022-01-23,1,2022,winter_Oct-Feb,distributed,34,0.017276422764227643,14,19.299900496363975,0.028791263340779347,0.026191842562940267,640,1968,48,41,45.323529411764703,64.617647058823536,59,51,14,6,0.82352941176470584
beach_asc_48_iw3:2022-02-04,6b3f7f30-edbb-53f4-b923-135a1e51658b,Havelbrücke Werder (A 10),bridge,beach_asc_48_iw3,2022-02-04,2022-02-04T23:28:25Z,evening_rel48_reference_beach,ASCENDING,IW3,S1A,W5_geraeumt,reference_beach,beach_asc_48_iw3,48,33334.753909999999,0.0002428104926,0.01102698501,0.017751505599999998,640,229,0.99780151989999999,,,23.399999999999999,0.20000000000000001,1.762,0.039,beach_asc_48_iw3,3,post-collapse,0,2022-02-04,2,2022,winter_Oct-Feb,distributed,72,0.022031823745410038,27,40.810010818727939,0.0090248476324425696,0.049054153490234828,640,3268,76,43,44.347222222222221,30.444444444444443,79,52,27,6,0.91666666666666663
cte_asc_48_iw3:2022-02-04,6b3f7f30-edbb-53f4-b923-135a1e51658b,Havelbrücke Werder (A 10),bridge,cte_asc_48_iw3,2022-02-04,2022-02-04T23:28:25Z,evening_rel48_control_cte,ASCENDING,IW3,S1A,W5_geraeumt,control_cte,cte_asc_48_iw3,48,39052.664060000003,8.5824976850000002e-05,0.51687109470000003,0.017880816010000002,640,273,0.97254315309999995,,,23.399999999999999,0.20000000000000001,1.2849999999999999,0.23300000000000001,cte_asc_48_iw3,2,post-collapse,0,2022-02-04,2,2022,winter_Oct-Feb,distributed,47,0.008357041251778094,19,9.4942502435282439,0.013166950953107701,0.049663797810060979,640,5624,74,76,42.170212765957444,51.51063829787234,51,55,19,9,0.8085106382978724
ctn_asc_48_iw3:2022-02-04,6b3f7f30-edbb-53f4-b923-135a1e51658b,Havelbrücke Werder (A 10),bridge,ctn_asc_48_iw3,2022-02-04,2022-02-04T23:28:25Z,evening_rel48_control_ctn,ASCENDING,IW3,S1A,W5_geraeumt,control_ctn,ctn_asc_48_iw3,48,47970.351560000003,1.477656861e-05,0.0035961018879999999,0.01791561581,640,244,1.055059102,,,23.399999999999999,0.20000000000000001,1.2290000000000001,-0.53600000000000003,ctn_asc_48_iw3,1,post-collapse,0,2022-02-04,2,2022,winter_Oct-Feb,compact,4,1,1,0.70710678118654757,0.034810126582278486,0.0026649316161841251,640,4,2,2,75.5,14.5,75,15,1,4,0
cts_asc_48_iw3:2022-02-04,6b3f7f30-edbb-53f4-b923-135a1e51658b,Havelbrücke Werder (A 10),bridge,cts_asc_48_iw3,2022-02-04,2022-02-04T23:28:25Z,evening_rel48,ASCENDING,IW3,S1A,W5_geraeumt,target,cts_asc_48_iw3,48,37903.023439999997,7.2777314930000004e-05,0.0055235852490000004,0.0160697531,640,256,0.94303575289999997,,,23.399999999999999,0.20000000000000001,1.627,0.0060000000000000001,cts_asc_48_iw3,0,post-collapse,0,2022-02-04,2,2022,winter_Oct-Feb,distributed,68,0.015165031222123104,21,14.592504119258908,0.014581782079920577,0.084321931805623807,640,4484,59,76,38.176470588235297,62.294117647058826,31,75,21,6,0.91176470588235292
beach_asc_48_iw3:2022-02-16,6b3f7f30-edbb-53f4-b923-135a1e51658b,Havelbrücke Werder (A 10),bridge,beach_asc_48_iw3,2022-02-16,2022-02-16T23:28:24Z,evening_rel48_reference_beach,ASCENDING,IW3,S1A,W5_geraeumt,reference_beach,beach_asc_48_iw3,48,35676.359380000002,1.068895381e-05,0.031726147980000001,0.0001187850503,640,330,1.0678922580000001,,,22,1,-0.23799999999999999,-0.55300000000000005,beach_asc_48_iw3,3,post-collapse,0,2022-02-16,2,2022,winter_Oct-Feb,distributed,41,0.010895562051554611,17,20.516385407676268,0.022229083050324172,0.080149028390719287,640,3763,71,53,45.560975609756099,26.560975609756099,65,20,17,5,0.87804878048780488
cte_asc_48_iw3:2022-02-16,6b3f7f30-edbb-53f4-b923-135a1e51658b,Havelbrücke Werder (A 10),bridge,cte_asc_48_iw3,2022-02-16,2022-02-16T23:28:24Z,evening_rel48_control_cte,ASCENDING,IW3,S1A,W5_geraeumt,control_cte,cte_asc_48_iw3,48,40271.164060000003,2.6721267200000001e-05,0.033054761590000002,0.0028070702679999998,640,329,1.0028879159999999,,,22,1,0.32200000000000001,-0.437,cte_asc_48_iw3,2,post-collapse,0,2022-02-16,2,2022,winter_Oct-Feb,distributed,34,0.006559907389542736,13,11.095410379426674,0.027467527095226277,0.012404478119929122,640,5183,71,73,42.176470588235297,54.558823529411768,53,57,13,5,0.8529411764705882
ctn_asc_48_iw3:2022-02-16,6b3f7f30-edbb-53f4-b923-135a1e51658b,Havelbrücke Werder (A 10),bridge,ctn_asc_48_iw3,2022-02-16,2022-02-16T23:28:24Z,evening_rel48_control_ctn,ASCENDING,IW3,S1A,W5_geraeumt,control_ctn,ctn_asc_48_iw3,48,49821.488279999998,4.5887059059999998e-06,0.01234026998,0.01032830123,640,359,1.0957729709999999,,,22,1,0.26400000000000001,-0.24199999999999999,ctn_asc_48_iw3,1,post-collapse,0,2022-02-16,2,2022,winter_Oct-Feb,compact,5,0.83333333333333337,1,0.63245553203367022,0.063291139240506333,0.017622417695978308,640,6,2,3,77.400000000000006,14.199999999999999,78,14,1,5,0
cts_asc_48_iw3:2022-02-16,6b3f7f30-edbb-53f4-b923-135a1e51658b,Havelbrücke Werder (A 10),bridge,cts_asc_48_iw3,2022-02-16,2022-02-16T23:28:24Z,evening_rel48,ASCENDING,IW3,S1A,W5_geraeumt,target,cts_asc_48_iw3,48,40913.273439999997,0.00027450875499999999,0.010851537810000001,0.01280142274,640,381,1.0179314500000001,,,22,1,-0.40000000000000002,0.20799999999999999,cts_asc_48_iw3,0,post-collapse,0,2022-02-16,2,2022,winter_Oct-Feb,distributed,37,0.010312151616499442,16,17.272384931652407,0.029231763408978605,0.09607880367806293,640,3588,46,78,45.162162162162161,61.891891891891895,61,55,16,5,0.86486486486486491
beach_asc_48_iw3:2022-02-28,6b3f7f30-edbb-53f4-b923-135a1e51658b,Havelbrücke Werder (A 10),bridge,beach_asc_48_iw3,2022-02-28,2022-02-28T23:28:24Z,evening_rel48_reference_beach,ASCENDING,IW3,S1A,W5_geraeumt,reference_beach,beach_asc_48_iw3,48,33823.140619999998,0.00029471906599999999,0.034337416289999999,0.023548951370000001,640,356,1.0124202870000001,,,23,7.0999999999999996,0.432,0.087999999999999995,beach_asc_48_iw3,3,post-collapse,0,2022-02-28,2,2022,winter_Oct-Feb,distributed,54,0.014626218851570965,22,12.171077051686082,0.025264364223576603,0.040358310996576358,640,3692,71,52,42.75925925925926,27.277777777777779,37,38,22,6,0.88888888888888884
cte_asc_48_iw3:2022-02-28,6b3f7f30-edbb-53f4-b923-135a1e51658b,Havelbrücke Werder (A 10),bridge,cte_asc_48_iw3,2022-02-28,2022-02-28T23:28:24Z,evening_rel48_control_cte,ASCENDING,IW3,S1A,W5_geraeumt,control_cte,cte_asc_48_iw3,48,39202.296880000002,0.00016547518320000001,0.28522822260000003,0.016356324780000001,640,296,0.97626951520000005,,,23,7.0999999999999996,0.0030000000000000001,-0.63100000000000001,cte_asc_48_iw3,2,post-collapse,0,2022-02-28,2,2022,winter_Oct-Feb,distributed,44,0.010536398467432951,19,14.975824181571957,0.022119933512338572,0.046757084308254135,640,4176,72,58,41.204545454545453,62.227272727272727,53,53,19,5,0.88636363636363635
ctn_asc_48_iw3:2022-02-28,6b3f7f30-edbb-53f4-b923-135a1e51658b,Havelbrücke Werder (A 10),bridge,ctn_asc_48_iw3,2022-02-28,2022-02-28T23:28:24Z,evening_rel48_control_ctn,ASCENDING,IW3,S1A,W5_geraeumt,control_ctn,ctn_asc_48_iw3,48,48202.03125,0.0001051943182,0.30410397049999999,0.015169940890000001,640,324,1.0601546610000001,,,23,7.0999999999999996,0.024,-0.38800000000000001,ctn_asc_48_iw3,1,post-collapse,0,2022-02-28,2,2022,winter_Oct-Feb,compact,4,1,1,0.70710678118654757,0.057313642756680737,0.0064404082953482319,640,4,2,2,77.5,14.5,77,14,1,4,0
cts_asc_48_iw3:2022-02-28,6b3f7f30-edbb-53f4-b923-135a1e51658b,Havelbrücke Werder (A 10),bridge,cts_asc_48_iw3,2022-02-28,2022-02-28T23:28:24Z,evening_rel48,ASCENDING,IW3,S1A,W5_geraeumt,target,cts_asc_48_iw3,48,39887.195310000003,0.00018788863960000001,0.134724021,0.019402801989999999,640,367,0.9924023957,,,23,7.0999999999999996,0.26100000000000001,0.035000000000000003,cts_asc_48_iw3,0,post-collapse,0,2022-02-28,2,2022,winter_Oct-Feb,distributed,47,0.011823899371069183,20,18.98525791522836,0.028219169883592181,0.049847673880386766,640,3975,53,75,43.531914893617021,61.553191489361701,60,71,20,6,0.87234042553191493
beach_asc_48_iw3:2022-03-12,6b3f7f30-edbb-53f4-b923-135a1e51658b,Havelbrücke Werder (A 10),bridge,beach_asc_48_iw3,2022-03-12,2022-03-12T23:28:25Z,evening_rel48_reference_beach,ASCENDING,IW3,S1A,W5_geraeumt,reference_beach,beach_asc_48_iw3,48,40001.347659999999,0.00018347703740000001,0.2266953588,0.01924260706,640,333,1.1973511370000001,,,25.800000000000001,1.8,0.55200000000000005,0.21199999999999999,beach_asc_48_iw3,3,post-collapse,0,2022-03-12,3,2022,summer_Mar-Jul,compact,3,0.75,1,0.47140452079103501,0.0028129395218002818,0.74248484361055067,640,4,2,2,52.666666666666664,35.666666666666664,53,36,1,3,0
cte_asc_48_iw3:2022-03-12,6b3f7f30-edbb-53f4-b923-135a1e51658b,Havelbrücke Werder (A 10),bridge,cte_asc_48_iw3,2022-03-12,2022-03-12T23:28:25Z,evening_rel48_control_cte,ASCENDING,IW3,S1A,W5_geraeumt,control_cte,cte_asc_48_iw3,48,46319.191409999999,0.00033867408640000002,0.0041116061619999996,0.0091492915530000003,640,276,1.153504211,,,25.800000000000001,1.8,1.1519999999999999,-0.38300000000000001,cte_asc_48_iw3,2,post-collapse,0,2022-03-12,3,2022,summer_Mar-Jul,compact,3,0.75,1,0.47140452079103001,0.0037505860290670411,0.7740070383495069,640,4,2,2,40.333333333333336,74.333333333333329,40,74,1,3,0
ctn_asc_48_iw3:2022-03-12,6b3f7f30-edbb-53f4-b923-135a1e51658b,Havelbrücke Werder (A 10),bridge,ctn_asc_48_iw3,2022-03-12,2022-03-12T23:28:25Z,evening_rel48_control_ctn,ASCENDING,IW3,S1A,W5_geraeumt,control_ctn,ctn_asc_48_iw3,48,53289.488279999998,0.00018125017229999999,0.061523951590000001,0.01244017482,640,261,1.172048105,,,25.800000000000001,1.8,1.101,-0.20200000000000001,ctn_asc_48_iw3,1,post-collapse,0,2022-03-12,3,2022,summer_Mar-Jul,compact,5,0.0020048115477145148,2,27.840258619488434,0.023909985935302393,0.29858409893531951,640,2494,43,58,50.799999999999997,47.799999999999997,34,70,2,3,0.40000000000000002
cts_asc_48_iw3:2022-03-12,6b3f7f30-edbb-53f4-b923-135a1e51658b,Havelbrücke Werder (A 10),bridge,cts_asc_48_iw3,2022-03-12,2022-03-12T23:28:25Z,evening_rel48,ASCENDING,IW3,S1A,W5_geraeumt,target,cts_asc_48_iw3,48,45718.5,0.00033956737019999998,0.013509937559999999,0.01063367724,640,289,1.137486569,,,25.800000000000001,1.8,1.3680000000000001,0.187,cts_asc_48_iw3,0,post-collapse,0,2022-03-12,3,2022,summer_Mar-Jul,compact,3,0.75,1,0.47140452079103001,0.011720581340834505,0.7389135117967236,640,4,2,2,46.666666666666664,72.666666666666671,47,73,1,3,0
beach_asc_48_iw3:2022-03-24,6b3f7f30-edbb-53f4-b923-135a1e51658b,Havelbrücke Werder (A 10),bridge,beach_asc_48_iw3,2022-03-24,2022-03-24T23:28:25Z,evening_rel48_reference_beach,ASCENDING,IW3,S1A,W5_geraeumt,reference_beach,beach_asc_48_iw3,48,33320.125,0.00041974458139999997,0.23180258270000001,0.0075113461350000002,640,321,0.99736363620000001,,,26,4.2000000000000002,0.26200000000000001,-0.107,beach_asc_48_iw3,3,post-collapse,0,2022-03-24,3,2022,summer_Mar-Jul,distributed,37,0.010021668472372697,15,27.308333332404562,0.029954004637548933,0.0019398588695701451,640,3692,71,52,40.378378378378379,28.702702702702702,64,15,15,6,0.83783783783783783
cte_asc_48_iw3:2022-03-24,6b3f7f30-edbb-53f4-b923-135a1e51658b,Havelbrücke Werder (A 10),bridge,cte_asc_48_iw3,2022-03-24,2022-03-24T23:28:25Z,evening_rel48_control_cte,ASCENDING,IW3,S1A,W5_geraeumt,control_cte,cte_asc_48_iw3,48,39206.945310000003,0.000224877891,0.0081902882079999996,0.012598419560000001,640,356,0.976385277,,,26,4.2000000000000002,-0.065000000000000002,0.067000000000000004,cte_asc_48_iw3,2,post-collapse,0,2022-03-24,3,2022,summer_Mar-Jul,distributed,33,0.0077683615819209044,12,16.797010972018896,0.034863401952009543,0.017523899503551016,640,4248,72,59,37.393939393939391,58.212121212121211,53,52,12,9,0.72727272727272729
ctn_asc_48_iw3:2022-03-24,6b3f7f30-edbb-53f4-b923-135a1e51658b,Havelbrücke Werder (A 10),bridge,ctn_asc_48_iw3,2022-03-24,2022-03-24T23:28:25Z,evening_rel48_control_ctn,ASCENDING,IW3,S1A,W5_geraeumt,control_ctn,ctn_asc_48_iw3,48,47778.769529999998,0.00010161345560000001,0.0093019288030000008,0.015658903870000001,640,370,1.05084545,,,26,4.2000000000000002,-0.114,0.215,ctn_asc_48_iw3,1,post-collapse,0,2022-03-24,3,2022,summer_Mar-Jul,compact,4,1,1,0.70710678118654757,0.080168776371308023,0.0082671978517584073,640,4,2,2,77.5,13.5,77,13,1,4,0
cts_asc_48_iw3:2022-03-24,6b3f7f30-edbb-53f4-b923-135a1e51658b,Havelbrücke Werder (A 10),bridge,cts_asc_48_iw3,2022-03-24,2022-03-24T23:28:25Z,evening_rel48,ASCENDING,IW3,S1A,W5_geraeumt,target,cts_asc_48_iw3,48,38289.898439999997,0.00040513055859999999,0.01125046425,0.012653982269999999,640,330,0.95266128989999999,,,26,4.2000000000000002,0.17499999999999999,-0.19900000000000001,cts_asc_48_iw3,0,post-collapse,0,2022-03-24,3,2022,summer_Mar-Jul,distributed,28,0.0099715099715099714,11,25.241815202038808,0.033152501506931893,0.025539184210704099,640,2808,52,54,37.678571428571431,63.785714285714285,60,52,11,9,0.6785714285714286
beach_asc_48_iw3:2022-04-05,6b3f7f30-edbb-53f4-b923-135a1e51658b,Havelbrücke Werder (A 10),bridge,beach_asc_48_iw3,2022-04-05,2022-04-05T23:28:25Z,evening_rel48_reference_beach,ASCENDING,IW3,S1A,W5_geraeumt,reference_beach,beach_asc_48_iw3,48,34424.324220000002,0.0002371603041,0.01299156062,0.010013072749999999,640,278,1.030415377,,,24.699999999999999,1.8,1.081,-0.57699999999999996,beach_asc_48_iw3,3,post-collapse,0,2022-04-05,4,2022,summer_Mar-Jul,distributed,53,0.024267399267399268,21,22.999721390731317,0.014144309104901411,0.07037021385660866,640,2184,52,42,45.169811320754718,30.528301886792452,63,16,21,10,0.81132075471698117
cte_asc_48_iw3:2022-04-05,6b3f7f30-edbb-53f4-b923-135a1e51658b,Havelbrücke Werder (A 10),bridge,cte_asc_48_iw3,2022-04-05,2022-04-05T23:28:25Z,evening_rel48_control_cte,ASCENDING,IW3,S1A,W5_geraeumt,control_cte,cte_asc_48_iw3,48,40167.578119999998,1.5918994899999999e-05,0.011159931309999999,0.0097053460780000007,640,304,1.000308277,,,24.699999999999999,1.8,0.77200000000000002,-0.38800000000000001,cte_asc_48_iw3,2,post-collapse,0,2022-04-05,4,2022,summer_Mar-Jul,distributed,71,0.012624466571834993,26,15.808320449605434,0.016956874863810145,0.029266007809792199,640,5624,74,76,36.070422535211264,58.197183098591552,51,53,26,9,0.87323943661971826
ctn_asc_48_iw3:2022-04-05,6b3f7f30-edbb-53f4-b923-135a1e51658b,Havelbrücke Werder (A 10),bridge,ctn_asc_48_iw3,2022-04-05,2022-04-05T23:28:25Z,evening_rel48_control_ctn,ASCENDING,IW3,S1A,W5_geraeumt,control_ctn,ctn_asc_48_iw3,48,47808.679689999997,0.00015109138619999999,0.057117238639999998,0.0029221759180000002,640,324,1.0515032929999999,,,24.699999999999999,1.8,0.71999999999999997,-0.19800000000000001,ctn_asc_48_iw3,1,post-collapse,0,2022-04-05,4,2022,summer_Mar-Jul,compact,4,0.66666666666666663,1,0.25,0.045710267229254566,0.20539148676970678,640,6,2,3,75.25,14,75,14,1,4,0
cts_asc_48_iw3:2022-04-05,6b3f7f30-edbb-53f4-b923-135a1e51658b,Havelbrücke Werder (A 10),bridge,cts_asc_48_iw3,2022-04-05,2022-04-05T23:28:25Z,evening_rel48,ASCENDING,IW3,S1A,W5_geraeumt,target,cts_asc_48_iw3,48,40010.746090000001,6.4852451030000005e-05,0.025501841680000002,0.0069245020859999996,640,301,0.99547636689999996,,,24.699999999999999,1.8,0.96599999999999997,0.192,cts_asc_48_iw3,0,post-collapse,0,2022-04-05,4,2022,summer_Mar-Jul,distributed,56,0.013806706114398421,20,21.875881906420904,0.019916616435603777,0.035949747274477653,640,4056,52,78,38.732142857142854,59.232142857142854,59,51,20,10,0.8214285714285714
beach_asc_48_iw3:2022-04-17,6b3f7f30-edbb-53f4-b923-135a1e51658b,Havelbrücke Werder (A 10),bridge,beach_asc_48_iw3,2022-04-17,2022-04-17T23:28:25Z,evening_rel48_reference_beach,ASCENDING,IW3,S1A,W5_geraeumt,reference_beach,beach_asc_48_iw3,48,34631.910159999999,8.4507380960000005e-05,0.021528769279999999,0.0093647511680000003,640,330,1.036629,,,24.5,0.10000000000000001,-0.624,-0.17499999999999999,beach_asc_48_iw3,3,post-collapse,0,2022-04-17,4,2022,summer_Mar-Jul,compact,6,0.005681818181818182,3,6.0392236439978104,0.014064697609001408,0.24468016183554456,640,1056,44,24,35.666666666666664,17.833333333333332,31,14,3,4,0.33333333333333337
cte_asc_48_iw3:2022-04-17,6b3f7f30-edbb-53f4-b923-135a1e51658b,Havelbrücke Werder (A 10),bridge,cte_asc_48_iw3,2022-04-17,2022-04-17T23:28:25Z,evening_rel48_control_cte,ASCENDING,IW3,S1A,W5_geraeumt,control_cte,cte_asc_48_iw3,48,39549.066409999999,0.00044191905179999998,0.079548455769999998,0.0010714665990000001,640,369,0.98490524700000004,,,24.5,0.10000000000000001,-0.014,-0.016,cte_asc_48_iw3,2,post-collapse,0,2022-04-17,4,2022,summer_Mar-Jul,intermediate,15,0.0038265306122448979,7,16.934120716601864,0.032536333802156585,0.043202768403987651,640,3920,70,56,34.733333333333334,53.600000000000001,18,51,7,5,0.66666666666666674
ctn_asc_48_iw3:2022-04-17,6b3f7f30-edbb-53f4-b923-135a1e51658b,Havelbrücke Werder (A 10),bridge,ctn_asc_48_iw3,2022-04-17,2022-04-17T23:28:25Z,evening_rel48_control_ctn,ASCENDING,IW3,S1A,W5_geraeumt,control_ctn,ctn_asc_48_iw3,48,49026.515619999998,0.0001984819246,0.088581286369999998,0.0011085481380000001,640,371,1.0782883560000001,,,24.5,0.10000000000000001,-0.062,0.125,ctn_asc_48_iw3,1,post-collapse,0,2022-04-17,4,2022,summer_Mar-Jul,compact,6,0.66666666666666663,1,0.1666666666666714,0.063994374120956404,0.016034873125506825,640,9,3,3,77.166666666666671,13,77,13,1,6,0
cts_asc_48_iw3:2022-04-17,6b3f7f30-edbb-53f4-b923-135a1e51658b,Havelbrücke Werder (A 10),bridge,cts_asc_48_iw3,2022-04-17,2022-04-17T23:28:25Z,evening_rel48,ASCENDING,IW3,S1A,W5_geraeumt,target,cts_asc_48_iw3,48,40133.628909999999,0.00040531140979999997,0.016939956690000001,0.0078209349889999998,640,322,0.99853371889999998,,,24.5,0.10000000000000001,-0.74399999999999999,-0.309,cts_asc_48_iw3,0,post-collapse,0,2022-04-17,4,2022,summer_Mar-Jul,compact,8,0.0079051383399209481,5,10.254572150996841,0.014416315049226441,0.21778047497545253,640,1012,44,23,34.125,58.375,27,51,5,4,0.5
beach_asc_48_iw3:2022-04-29,6b3f7f30-edbb-53f4-b923-135a1e51658b,Havelbrücke Werder (A 10),bridge,beach_asc_48_iw3,2022-04-29,2022-04-29T23:28:26Z,evening_rel48_reference_beach,ASCENDING,IW3,S1A,W5_geraeumt,reference_beach,beach_asc_48_iw3,48,33440.503909999999,9.0660920249999998e-05,0.01734017581,0.0088668176900000006,640,289,1.00096691,,,22.600000000000001,12.699999999999999,0.82399999999999995,0.092999999999999999,beach_asc_48_iw3,3,post-collapse,0,2022-04-29,4,2022,summer_Mar-Jul,intermediate,21,0.01164079822616408,8,26.969202221807116,0.022838389926997521,0.029607892496724339,640,1804,44,41,39.666666666666664,27.523809523809526,63,14,8,4,0.80952380952380953
cte_asc_48_iw3:2022-04-29,6b3f7f30-edbb-53f4-b923-135a1e51658b,Havelbrücke Werder (A 10),bridge,cte_asc_48_iw3,2022-04-29,2022-04-29T23:28:26Z,evening_rel48_control_cte,ASCENDING,IW3,S1A,W5_geraeumt,control_cte,cte_asc_48_iw3,48,39038.65625,0.0001211669296,0.1170084104,0.0045516388489999999,640,284,0.9721943113,,,22.600000000000001,12.699999999999999,0.38,-0.63700000000000001,cte_asc_48_iw3,2,post-collapse,0,2022-04-29,4,2022,summer_Mar-Jul,distributed,38,0.0086757990867579911,15,23.462972538287001,0.019616551928344064,0.033125098025256282,640,4380,73,60,31.5,62.39473684210526,53,53,15,6,0.84210526315789469
ctn_asc_48_iw3:2022-04-29,6b3f7f30-edbb-53f4-b923-135a1e51658b,Havelbrücke Werder (A 10),bridge,ctn_asc_48_iw3,2022-04-29,2022-04-29T23:28:26Z,evening_rel48_control_ctn,ASCENDING,IW3,S1A,W5_geraeumt,control_ctn,ctn_asc_48_iw3,48,50988.554689999997,5.1001061369999999e-05,0.1133532152,0.0029062374960000001,640,335,1.1214414100000001,,,22.600000000000001,12.699999999999999,0.39700000000000002,-0.39500000000000002,ctn_asc_48_iw3,1,post-collapse,0,2022-04-29,4,2022,summer_Mar-Jul,compact,7,0.875,1,1.491472358415795,0.051235684147076563,0.085491952163329679,640,8,4,2,76.571428571428569,14.428571428571429,78,14,1,7,0
cts_asc_48_iw3:2022-04-29,6b3f7f30-edbb-53f4-b923-135a1e51658b,Havelbrücke Werder (A 10),bridge,cts_asc_48_iw3,2022-04-29,2022-04-29T23:28:26Z,evening_rel48,ASCENDING,IW3,S1A,W5_geraeumt,target,cts_asc_48_iw3,48,39283.207029999998,0.00011012829780000001,0.01502480172,0.0081803677599999996,640,308,0.97737503130000003,,,22.600000000000001,12.699999999999999,0.71299999999999997,0.098000000000000004,cts_asc_48_iw3,0,post-collapse,0,2022-04-29,4,2022,summer_Mar-Jul,distributed,30,0.011198208286674132,11,27.807293207997709,0.024519456165025787,0.0026755286153837907,640,2679,47,57,33.533333333333331,62.166666666666664,59,51,11,5,0.83333333333333337
beach_asc_48_iw3:2022-05-11,6b3f7f30-edbb-53f4-b923-135a1e51658b,Havelbrücke Werder (A 10),bridge,beach_asc_48_iw3,2022-05-11,2022-05-11T23:28:27Z,evening_rel48_reference_beach,ASCENDING,IW3,S1A,UNKNOWN,reference_beach,beach_asc_48_iw3,48,34527.324220000002,0.00019004827480000001,0.1079773009,0.01366524771,640,344,1.033498453,,,23.199999999999999,0.59999999999999998,0.29799999999999999,-0.219,beach_asc_48_iw3,3,post-collapse,0,2022-05-11,5,2022,summer_Mar-Jul,distributed,28,0.013806706114398421,13,24.749587710439435,0.031494876431585293,0.024891608643911382,640,2028,52,39,45.178571428571431,30.714285714285715,21,36,13,6,0.7857142857142857
cte_asc_48_iw3:2022-05-11,6b3f7f30-edbb-53f4-b923-135a1e51658b,Havelbrücke Werder (A 10),bridge,cte_asc_48_iw3,2022-05-11,2022-05-11T23:28:27Z,evening_rel48_control_cte,ASCENDING,IW3,S1A,UNKNOWN,control_cte,cte_asc_48_iw3,48,39878.210939999997,0.00038020292409999998,0.1724745184,0.01259661559,640,283,0.99310205689999997,,,23.199999999999999,0.59999999999999998,0.96999999999999997,-0.031,cte_asc_48_iw3,2,post-collapse,0,2022-05-11,5,2022,summer_Mar-Jul,distributed,28,0.0067049808429118776,11,19.325521087570248,0.023859754872413097,0.032670553198369777,640,4176,72,58,34.964285714285715,62.785714285714285,51,52,11,5,0.8214285714285714
ctn_asc_48_iw3:2022-05-11,6b3f7f30-edbb-53f4-b923-135a1e51658b,Havelbrücke Werder (A 10),bridge,ctn_asc_48_iw3,2022-05-11,2022-05-11T23:28:27Z,evening_rel48_control_ctn,ASCENDING,IW3,S1A,UNKNOWN,control_ctn,ctn_asc_48_iw3,48,46217.21875,0.00016798680009999999,0.22159393129999999,0.0028446286450000001,640,289,1.016500728,,,23.199999999999999,0.59999999999999998,0.92000000000000004,0.109,ctn_asc_48_iw3,1,post-collapse,0,2022-05-11,5,2022,summer_Mar-Jul,compact,9,0.0020689655172413794,3,14.980645950239253,0.027504297546491637,0.024326099458269395,640,4350,75,58,63.555555555555557,22.666666666666668,75,13,3,7,0.22222222222222221
cts_asc_48_iw3:2022-05-11,6b3f7f30-edbb-53f4-b923-135a1e51658b,Havelbrücke Werder (A 10),bridge,cts_asc_48_iw3,2022-05-11,2022-05-11T23:28:27Z,evening_rel48,ASCENDING,IW3,S1A,UNKNOWN,target,cts_asc_48_iw3,48,39257.78125,0.00028457294680000003,0.086112484340000003,0.010107517240000001,640,342,0.9767424321,,,23.199999999999999,0.59999999999999998,0.22600000000000001,-0.32200000000000001,cts_asc_48_iw3,0,post-collapse,0,2022-05-11,5,2022,summer_Mar-Jul,distributed,25,0.017806267806267807,11,25.565382844776643,0.03375527426160338,0.035074968622635719,640,1404,52,27,41.719999999999999,66.480000000000004,17,73,11,6,0.76000000000000001
beach_asc_48_iw3:2022-06-04,6b3f7f30-edbb-53f4-b923-135a1e51658b,Havelbrücke Werder (A 10),bridge,beach_asc_48_iw3,2022-06-04,2022-06-04T23:28:29Z,evening_rel48_reference_beach,ASCENDING,IW3,S1A,UNKNOWN,reference_beach,beach_asc_48_iw3,48,37431.226560000003,0.00069107703169999995,0.31248295310000002,0.017600564289999999,640,319,1.1204202940000001,,,24.800000000000001,99.099999999999994,0.624,0.0089999999999999993,beach_asc_48_iw3,3,post-collapse,0,2022-06-04,6,2022,summer_Mar-Jul,distributed,31,0.017098731384445669,13,25.475376289396952,0.023093326074134571,0.013589421088155857,640,1813,49,37,41.29032258064516,23.677419354838708,18,34,13,5,0.83870967741935487
cte_asc_48_iw3:2022-06-04,6b3f7f30-edbb-53f4-b923-135a1e51658b,Havelbrücke Werder (A 10),bridge,cte_asc_48_iw3,2022-06-04,2022-06-04T23:28:29Z,evening_rel48_control_cte,ASCENDING,IW3,S1A,UNKNOWN,control_cte,cte_asc_48_iw3,48,43313.851560000003,0.0004867908428,0.025492332879999999,0.023901855570000002,640,355,1.0786611049999999,,,24.800000000000001,99.099999999999994,0.19500000000000001,0.192,cte_asc_48_iw3,2,post-collapse,0,2022-06-04,6,2022,summer_Mar-Jul,distributed,44,0.010292397660818714,20,34.254795465696397,0.02515662958700933,0.0017704078141128235,640,4275,75,57,36.045454545454547,52.840909090909093,7,71,20,5,0.88636363636363635
ctn_asc_48_iw3:2022-06-04,6b3f7f30-edbb-53f4-b923-135a1e51658b,Havelbrücke Werder (A 10),bridge,ctn_asc_48_iw3,2022-06-04,2022-06-04T23:28:29Z,evening_rel48_control_ctn,ASCENDING,IW3,S1A,UNKNOWN,control_ctn,ctn_asc_48_iw3,48,55688.011720000002,0.00012678897470000001,0.042535822840000001,0.020247451959999999,640,325,1.2248011889999999,,,24.800000000000001,99.099999999999994,0.14599999999999999,-0.59099999999999997,ctn_asc_48_iw3,1,post-collapse,0,2022-06-04,6,2022,summer_Mar-Jul,compact,4,1,1,0.70710678118654757,0.057313642756680737,0.018118564579965735,640,4,2,2,77.5,14.5,77,15,1,4,0
cts_asc_48_iw3:2022-06-04,6b3f7f30-edbb-53f4-b923-135a1e51658b,Havelbrücke Werder (A 10),bridge,cts_asc_48_iw3,2022-06-04,2022-06-04T23:28:29Z,evening_rel48,ASCENDING,IW3,S1A,UNKNOWN,target,cts_asc_48_iw3,48,43237.894529999998,0.0003508441441,0.21563678980000001,0.020650804040000002,640,339,1.0757685459999999,,,24.800000000000001,99.099999999999994,0.5,-0.079000000000000001,cts_asc_48_iw3,0,post-collapse,0,2022-06-04,6,2022,summer_Mar-Jul,distributed,34,0.013605442176870748,17,24.211081565849867,0.025109621907834865,0.017577589375104157,640,2499,49,51,34.117647058823529,57.529411764705884,14,71,17,4,0.88235294117647056
beach_asc_48_iw3:2022-06-16,6b3f7f30-edbb-53f4-b923-135a1e51658b,Havelbrücke Werder (A 10),bridge,beach_asc_48_iw3,2022-06-16,2022-06-16T23:28:29Z,evening_rel48_reference_beach,ASCENDING,IW3,S1A,UNKNOWN,reference_beach,beach_asc_48_iw3,48,36062.523439999997,0.00047332822579999997,0.02856651135,0.022498205300000001,640,333,1.079451218,,,27.5,2.7999999999999998,-0.18099999999999999,-0.48499999999999999,beach_asc_48_iw3,3,post-collapse,0,2022-06-16,6,2022,summer_Mar-Jul,distributed,43,0.011590296495956873,18,26.526811237693799,0.027998560821640005,0.067677564151905178,640,3710,70,53,47.116279069767444,27.465116279069768,22,36,18,8,0.81395348837209303
cte_asc_48_iw3:2022-06-16,6b3f7f30-edbb-53f4-b923-135a1e51658b,Havelbrücke Werder (A 10),bridge,cte_asc_48_iw3,2022-06-16,2022-06-16T23:28:29Z,evening_rel48_control_cte,ASCENDING,IW3,S1A,UNKNOWN,control_cte,cte_asc_48_iw3,48,39964.058590000001,2.226169272e-05,0.01482238621,0.0079391254109999997,640,344,0.99523995330000004,,,27.5,2.7999999999999998,-0.64400000000000002,-0.34300000000000003,cte_asc_48_iw3,2,post-collapse,0,2022-06-16,6,2022,summer_Mar-Jul,distributed,48,0.016483516483516484,16,26.447217153017991,0.027601969057665265,0.065327036693879528,640,2912,52,56,35.895833333333336,61.666666666666664,12,73,16,9,0.8125
ctn_asc_48_iw3:2022-06-16,6b3f7f30-edbb-53f4-b923-135a1e51658b,Havelbrücke Werder (A 10),bridge,ctn_asc_48_iw3,2022-06-16,2022-06-16T23:28:29Z,evening_rel48_control_ctn,ASCENDING,IW3,S1A,UNKNOWN,control_ctn,ctn_asc_48_iw3,48,48586.078119999998,1.4969556099999999e-05,0.21983905140000001,0.011955660769999999,640,370,1.0686013809999999,,,27.5,2.7999999999999998,0.27800000000000002,-0.17000000000000001,ctn_asc_48_iw3,1,post-collapse,0,2022-06-16,6,2022,summer_Mar-Jul,compact,4,0.66666666666666663,1,0.5,0.071026722925457114,0.0013373284324254531,640,6,2,3,77.5,14,78,14,1,4,0
cts_asc_48_iw3:2022-06-16,6b3f7f30-edbb-53f4-b923-135a1e51658b,Havelbrücke Werder (A 10),bridge,cts_asc_48_iw3,2022-06-16,2022-06-16T23:28:29Z,evening_rel48,ASCENDING,IW3,S1A,UNKNOWN,target,cts_asc_48_iw3,48,40861.804689999997,4.6013410610000002e-05,0.02131829038,0.0048999306749999997,640,323,1.016650896,,,27.5,2.7999999999999998,-0.38100000000000001,-0.69599999999999995,cts_asc_48_iw3,0,post-collapse,0,2022-06-16,6,2022,summer_Mar-Jul,distributed,61,0.015466531440162272,23,26.954429178736437,0.020889534481566028,0.052291910421019355,640,3944,68,58,42.786885245901637,62.409836065573771,18,73,23,8,0.86885245901639341
beach_asc_48_iw3:2022-06-28,6b3f7f30-edbb-53f4-b923-135a1e51658b,Havelbrücke Werder (A 10),bridge,beach_asc_48_iw3,2022-06-28,2022-06-28T23:28:30Z,evening_rel48_reference_beach,ASCENDING,IW3,S1A,UNKNOWN,reference_beach,beach_asc_48_iw3,48,33161.46875,2.0935405700000001e-05,0.036936540160000003,0.0093969982119999993,640,276,0.99261461520000005,,,27,0.59999999999999998,0.90700000000000003,0.055,beach_asc_48_iw3,3,post-collapse,0,2022-06-28,6,2022,summer_Mar-Jul,distributed,37,0.018877551020408164,18,21.652140623318296,0.021933325730794088,0.050983745329764386,640,1960,49,40,40.756756756756758,28.837837837837839,20,35,18,5,0.86486486486486491
cte_asc_48_iw3:2022-06-28,6b3f7f30-edbb-53f4-b923-135a1e51658b,Havelbrücke Werder (A 10),bridge,cte_asc_48_iw3,2022-06-28,2022-06-28T23:28:30Z,evening_rel48_control_cte,ASCENDING,IW3,S1A,UNKNOWN,control_cte,cte_asc_48_iw3,48,40193.828119999998,3.2756699510000003e-05,0.02294701897,0.003019316588,640,269,1.00096199,,,27,0.59999999999999998,0.48199999999999998,-0.69099999999999995,cte_asc_48_iw3,2,post-collapse,0,2022-06-28,6,2022,summer_Mar-Jul,distributed,46,0.010502283105022832,17,33.4152498493618,0.020638414969730325,0.017116108110244537,640,4380,73,60,36.913043478260867,55.630434782608695,9,74,17,9,0.80434782608695654
ctn_asc_48_iw3:2022-06-28,6b3f7f30-edbb-53f4-b923-135a1e51658b,Havelbrücke Werder (A 10),bridge,ctn_asc_48_iw3,2022-06-28,2022-06-28T23:28:30Z,evening_rel48_control_ctn,ASCENDING,IW3,S1A,UNKNOWN,control_ctn,ctn_asc_48_iw3,48,51655.398439999997,4.5023276470000003e-05,0.1370213032,0.0046592494470000002,640,315,1.1361079599999999,,,27,0.59999999999999998,0.495,-0.45400000000000001,ctn_asc_48_iw3,1,post-collapse,0,2022-06-28,6,2022,summer_Mar-Jul,compact,6,0.75,2,1.7400510848184296,0.050867323019221755,0.1911691320928656,640,8,4,2,76.666666666666671,14.5,75,14,2,4,0.33333333333333337
cts_asc_48_iw3:2022-06-28,6b3f7f30-edbb-53f4-b923-135a1e51658b,Havelbrücke Werder (A 10),bridge,cts_asc_48_iw3,2022-06-28,2022-06-28T23:28:30Z,evening_rel48,ASCENDING,IW3,S1A,UNKNOWN,target,cts_asc_48_iw3,48,38878.296880000002,0.0001184553985,0.026670347899999999,0.01478070859,640,290,0.96730077550000004,,,27,0.59999999999999998,0.78900000000000003,0.052999999999999999,cts_asc_48_iw3,0,post-collapse,0,2022-06-28,6,2022,summer_Mar-Jul,distributed,32,0.012578616352201259,16,22.542364630291118,0.026547116736990152,0.031723973134697707,640,2544,48,53,36.15625,61.90625,16,72,16,5,0.84375
beach_asc_48_iw3:2022-07-10,6b3f7f30-edbb-53f4-b923-135a1e51658b,Havelbrücke Werder (A 10),bridge,beach_asc_48_iw3,2022-07-10,2022-07-10T23:28:31Z,evening_rel48_reference_beach,ASCENDING,IW3,S1A,UNKNOWN,reference_beach,beach_asc_48_iw3,48,32600.509770000001,0.00029455043839999998,0.11692368979999999,0.0066951597110000002,640,224,0.97582355890000005,,,28,9.4000000000000004,1.458,-0.48799999999999999,beach_asc_48_iw3,3,post-collapse,0,2022-07-10,7,2022,summer_Mar-Jul,distributed,74,0.026297085998578537,24,20.415269675873528,0.013114380202987797,0.025983412382480187,640,2814,67,42,38.986486486486484,31.837837837837839,19,36,24,10,0.86486486486486491
cte_asc_48_iw3:2022-07-10,6b3f7f30-edbb-53f4-b923-135a1e51658b,Havelbrücke Werder (A 10),bridge,cte_asc_48_iw3,2022-07-10,2022-07-10T23:28:31Z,evening_rel48_control_cte,ASCENDING,IW3,S1A,UNKNOWN,control_cte,cte_asc_48_iw3,48,37419.890619999998,0.0004535501357,0.1774597913,0.020283699039999999,640,245,0.93188158330000004,,,28,9.4000000000000004,1.05,-0.33600000000000002,cte_asc_48_iw3,2,post-collapse,0,2022-07-10,7,2022,summer_Mar-Jul,distributed,48,0.010958904109589041,22,18.933053199952255,0.014767932489451477,0.022631698164796946,640,4380,73,60,33.979166666666664,60.291666666666664,51,52,22,5,0.89583333333333337
ctn_asc_48_iw3:2022-07-10,6b3f7f30-edbb-53f4-b923-135a1e51658b,Havelbrücke Werder (A 10),bridge,ctn_asc_48_iw3,2022-07-10,2022-07-10T23:28:31Z,evening_rel48_control_ctn,ASCENDING,IW3,S1A,UNKNOWN,control_ctn,ctn_asc_48_iw3,48,49406,0.0001151480174,0.1856481582,0.012524940070000001,640,251,1.086634729,,,28,9.4000000000000004,0.997,-0.161,ctn_asc_48_iw3,1,post-collapse,0,2022-07-10,7,2022,summer_Mar-Jul,compact,4,1,1,0.70710678118654757,0.054500703234880446,0.043150348705884092,640,4,2,2,75.5,13.5,75,14,1,4,0
cts_asc_48_iw3:2022-07-10,6b3f7f30-edbb-53f4-b923-135a1e51658b,Havelbrücke Werder (A 10),bridge,cts_asc_48_iw3,2022-07-10,2022-07-10T23:28:31Z,evening_rel48,ASCENDING,IW3,S1A,UNKNOWN,target,cts_asc_48_iw3,48,37468.859380000002,0.00038229228810000002,0.075985722239999998,0.018591871489999998,640,196,0.93223365329999996,,,28,9.4000000000000004,1.2330000000000001,-0.752,cts_asc_48_iw3,0,post-collapse,0,2022-07-10,7,2022,summer_Mar-Jul,distributed,42,0.012485136741973841,20,23.300815533692113,0.013964235483222823,0.019604937480136309,640,3364,58,58,37.761904761904759,64.547619047619051,58,53,20,5,0.88095238095238093
beach_asc_48_iw3:2022-07-22,6b3f7f30-edbb-53f4-b923-135a1e51658b,Havelbrücke Werder (A 10),bridge,beach_asc_48_iw3,2022-07-22,2022-07-22T23:28:31Z,evening_rel48_reference_beach,ASCENDING,IW3,S1A,UNKNOWN,reference_beach,beach_asc_48_iw3,48,31826.824219999999,0.00099823495839999996,0.037578519429999999,0.034349016849999997,640,352,0.95266500750000005,,,27.300000000000001,6.0999999999999996,0.034000000000000002,0.042999999999999997,beach_asc_48_iw3,3,post-collapse,0,2022-07-22,7,2022,summer_Mar-Jul,distributed,38,0.017070979335130278,17,21.313076500517173,0.030387149307868833,0.022907866888841426,640,2226,53,42,50.315789473684212,29.44736842105263,65,14,17,7,0.81578947368421051
cte_asc_48_iw3:2022-07-22,6b3f7f30-edbb-53f4-b923-135a1e51658b,Havelbrücke Werder (A 10),bridge,cte_asc_48_iw3,2022-07-22,2022-07-22T23:28:31Z,evening_rel48_control_cte,ASCENDING,IW3,S1A,UNKNOWN,control_cte,cte_asc_48_iw3,48,38227.734380000002,0.00041817134480000003,0.019093004989999999,0.01612239704,640,360,0.9519996194,,,27.300000000000001,6.0999999999999996,-0.34100000000000003,0.29499999999999998,cte_asc_48_iw3,2,post-collapse,0,2022-07-22,7,2022,summer_Mar-Jul,distributed,45,0.015453296703296704,20,20.592327469649565,0.028629473355211748,0.014507072407533982,640,2912,52,56,36.777777777777779,62.288888888888891,54,51,20,8,0.82222222222222219
ctn_asc_48_iw3:2022-07-22,6b3f7f30-edbb-53f4-b923-135a1e51658b,Havelbrücke Werder (A 10),bridge,ctn_asc_48_iw3,2022-07-22,2022-07-22T23:28:31Z,evening_rel48_control_ctn,ASCENDING,IW3,S1A,UNKNOWN,control_ctn,ctn_asc_48_iw3,48,48904.589840000001,6.0878290239999998e-05,0.12997071439999999,0.0068841809410000003,640,279,1.0756067220000001,,,27.300000000000001,6.0999999999999996,0.64600000000000002,-0.44900000000000001,ctn_asc_48_iw3,1,post-collapse,0,2022-07-22,7,2022,summer_Mar-Jul,compact,4,1,1,0.70710678118654757,0.034810126582278486,0.039096826979255567,640,4,2,2,75.5,14.5,75,15,1,4,0
cts_asc_48_iw3:2022-07-22,6b3f7f30-edbb-53f4-b923-135a1e51658b,Havelbrücke Werder (A 10),bridge,cts_asc_48_iw3,2022-07-22,2022-07-22T23:28:31Z,evening_rel48,ASCENDING,IW3,S1A,UNKNOWN,target,cts_asc_48_iw3,48,38383.039060000003,0.00042114587269999999,0.027125893160000001,0.019298112020000001,640,366,0.95497864970000002,,,27.300000000000001,6.0999999999999996,-0.079000000000000001,0.010999999999999999,cts_asc_48_iw3,0,post-collapse,0,2022-07-22,7,2022,summer_Mar-Jul,distributed,40,0.013722126929674099,19,20.806624546043025,0.02985232067510548,0.042745972216908609,640,2915,53,55,44.674999999999997,63.899999999999999,61,51,19,6,0.84999999999999998
beach_asc_48_iw3:2022-08-03,6b3f7f30-edbb-53f4-b923-135a1e51658b,Havelbrücke Werder (A 10),bridge,beach_asc_48_iw3,2022-08-03,2022-08-03T23:28:32Z,evening_rel48_reference_beach,ASCENDING,IW3,S1A,UNKNOWN,reference_beach,beach_asc_48_iw3,48,32908.574220000002,1.3860180839999999e-06,0.04050485417,0.0037400620060000001,640,210,0.98504478139999996,,,27.800000000000001,0.69999999999999996,-1.6359999999999999,-0.441,beach_asc_48_iw3,3,post-collapse,0,2022-08-03,8,2022,shoulder_Aug-Sep,distributed,44,0.012031719989062073,16,21.1360825983271,0.0082470272343690074,0.037429172925955052,640,3657,69,53,44.68181818181818,28.295454545454547,25,36,16,8,0.81818181818181812
cte_asc_48_iw3:2022-08-03,6b3f7f30-edbb-53f4-b923-135a1e51658b,Havelbrücke Werder (A 10),bridge,cte_asc_48_iw3,2022-08-03,2022-08-03T23:28:32Z,evening_rel48_control_cte,ASCENDING,IW3,S1A,UNKNOWN,control_cte,cte_asc_48_iw3,48,37349.003909999999,0.0001541897946,0.1372668296,0.016558999200000001,640,251,0.93011626469999997,,,27.800000000000001,0.69999999999999996,-1.0680000000000001,-0.20200000000000001,cte_asc_48_iw3,2,post-collapse,0,2022-08-03,8,2022,shoulder_Aug-Sep,distributed,56,0.016651798988997917,18,24.580264711050326,0.020318464938718105,0.009164079850893082,640,3363,57,59,34.589285714285715,65.696428571428569,55,52,18,10,0.8214285714285714
ctn_asc_48_iw3:2022-08-03,6b3f7f30-edbb-53f4-b923-135a1e51658b,Havelbrücke Werder (A 10),bridge,ctn_asc_48_iw3,2022-08-03,2022-08-03T23:28:32Z,evening_rel48_control_ctn,ASCENDING,IW3,S1A,UNKNOWN,control_ctn,ctn_asc_48_iw3,48,41866.828119999998,6.6152664659999998e-05,0.05973726511,0.008311201818,640,281,0.92081831020000005,,,27.800000000000001,0.69999999999999996,-1.1220000000000001,-0.052999999999999999,ctn_asc_48_iw3,1,post-collapse,0,2022-08-03,8,2022,shoulder_Aug-Sep,intermediate,15,0.0032258064516129032,7,47.66088543029808,0.016033755274261603,0.00098069494109617977,640,4650,75,62,44,45.399999999999999,78,12,7,5,0.66666666666666674
cts_asc_48_iw3:2022-08-03,6b3f7f30-edbb-53f4-b923-135a1e51658b,Havelbrücke Werder (A 10),bridge,cts_asc_48_iw3,2022-08-03,2022-08-03T23:28:32Z,evening_rel48,ASCENDING,IW3,S1A,UNKNOWN,target,cts_asc_48_iw3,48,38880.421880000002,0.00019562868690000001,0.1393291056,0.01243036892,640,262,0.96735364599999996,,,27.800000000000001,0.69999999999999996,-0.89700000000000002,0.35799999999999998,cts_asc_48_iw3,0,post-collapse,0,2022-08-03,8,2022,shoulder_Aug-Sep,distributed,46,0.013922518159806295,20,20.56122996548995,0.019262520638414968,0.012270846565553587,640,3304,56,59,45.478260869565219,63.239130434782609,62,51,20,7,0.84782608695652173
beach_asc_48_iw3:2022-08-15,6b3f7f30-edbb-53f4-b923-135a1e51658b,Havelbrücke Werder (A 10),bridge,beach_asc_48_iw3,2022-08-15,2022-08-15T23:28:33Z,evening_rel48_reference_beach,ASCENDING,IW3,S1A,UNKNOWN,reference_beach,beach_asc_48_iw3,48,39060.714840000001,0.0001118287328,0.04338464886,0.028952956200000001,640,366,1.1691953909999999,,,26.100000000000001,14.699999999999999,0.090999999999999998,-0.27900000000000003,beach_asc_48_iw3,3,post-collapse,0,2022-08-15,8,2022,shoulder_Aug-Sep,distributed,52,0.012264150943396227,27,24.851965562258698,0.024315698366331275,0.0052376437971419507,640,4240,80,53,44.346153846153847,27.48076923076923,21,36,27,7,0.86538461538461542
cte_asc_48_iw3:2022-08-15,6b3f7f30-edbb-53f4-b923-135a1e51658b,Havelbrücke Werder (A 10),bridge,cte_asc_48_iw3,2022-08-15,2022-08-15T23:28:33Z,evening_rel48_control_cte,ASCENDING,IW3,S1A,UNKNOWN,control_cte,cte_asc_48_iw3,48,44796.09375,0.00030437306849999998,0.049748383459999997,0.019526252519999999,640,391,1.1155739389999999,,,26.100000000000001,14.699999999999999,-0.253,-0.095000000000000001,cte_asc_48_iw3,2,post-collapse,0,2022-08-15,8,2022,shoulder_Aug-Sep,distributed,61,0.013738738738738739,25,17.123615882994983,0.024578635493763108,0.031615484386449962,640,4440,74,60,36.622950819672134,60.83606557377049,27,75,25,7,0.88524590163934425
ctn_asc_48_iw3:2022-08-15,6b3f7f30-edbb-53f4-b923-135a1e51658b,Havelbrücke Werder (A 10),bridge,ctn_asc_48_iw3,2022-08-15,2022-08-15T23:28:33Z,evening_rel48_control_ctn,ASCENDING,IW3,S1A,UNKNOWN,control_ctn,ctn_asc_48_iw3,48,51931.234380000002,0.00024288421260000001,0.071454875170000001,0.016713842749999999,640,400,1.1421746909999999,,,26.100000000000001,14.699999999999999,-0.30399999999999999,0.040000000000000001,ctn_asc_48_iw3,1,post-collapse,0,2022-08-15,8,2022,shoulder_Aug-Sep,compact,4,1,1,0.70710678118654757,0.080168776371308023,0.018621940939317926,640,4,2,2,77.5,13.5,77,14,1,4,0
cts_asc_48_iw3:2022-08-15,6b3f7f30-edbb-53f4-b923-135a1e51658b,Havelbrücke Werder (A 10),bridge,cts_asc_48_iw3,2022-08-15,2022-08-15T23:28:33Z,evening_rel48,ASCENDING,IW3,S1A,UNKNOWN,target,cts_asc_48_iw3,48,45073.871090000001,0.00033914792580000001,0.0194740817,0.016027752310000001,640,353,1.121448056,,,26.100000000000001,14.699999999999999,-0.0050000000000000001,-0.41199999999999998,cts_asc_48_iw3,0,post-collapse,0,2022-08-15,8,2022,shoulder_Aug-Sep,distributed,57,0.013392857142857142,26,26.498000760837215,0.024107385199990131,0.0091314130766669884,640,4256,76,56,41.473684210526315,62.842105263157897,17,73,26,9,0.84210526315789469
beach_asc_48_iw3:2022-08-27,6b3f7f30-edbb-53f4-b923-135a1e51658b,Havelbrücke Werder (A 10),bridge,beach_asc_48_iw3,2022-08-27,2022-08-27T23:28:33Z,evening_rel48_reference_beach,ASCENDING,IW3,S1A,UNKNOWN,reference_beach,beach_asc_48_iw3,48,32917.183590000001,0.00038358216989999998,0.025352617729999999,0.01982637495,640,278,0.98530248379999996,,,27.300000000000001,19.199999999999999,1.0009999999999999,-0.443,beach_asc_48_iw3,3,post-collapse,0,2022-08-27,8,2022,shoulder_Aug-Sep,distributed,71,0.020931603773584904,32,23.586671768228815,0.018046393692676452,0.041159756455979066,640,3392,64,53,45.774647887323944,29.112676056338028,63,13,32,9,0.87323943661971826
cte_asc_48_iw3:2022-08-27,6b3f7f30-edbb-53f4-b923-135a1e51658b,Havelbrücke Werder (A 10),bridge,cte_asc_48_iw3,2022-08-27,2022-08-27T23:28:33Z,evening_rel48_control_cte,ASCENDING,IW3,S1A,UNKNOWN,control_cte,cte_asc_48_iw3,48,43191.214840000001,0.00040273964990000002,0.039587400850000003,0.0035046839619999998,640,235,1.0756070369999999,,,27.300000000000001,19.199999999999999,1.657,-0.28100000000000003,cte_asc_48_iw3,2,post-collapse,0,2022-08-27,8,2022,shoulder_Aug-Sep,compact,3,1,1,0,0.024378809188935771,0.87369509974088633,640,3,1,3,79,18,79,18,1,3,0
ctn_asc_48_iw3:2022-08-27,6b3f7f30-edbb-53f4-b923-135a1e51658b,Havelbrücke Werder (A 10),bridge,ctn_asc_48_iw3,2022-08-27,2022-08-27T23:28:33Z,evening_rel48_control_ctn,ASCENDING,IW3,S1A,UNKNOWN,control_ctn,ctn_asc_48_iw3,48,47384.371090000001,0.00051392364550000003,0.02278509364,0.012245971709999999,640,246,1.042171057,,,27.300000000000001,19.199999999999999,1.593,-0.11799999999999999,ctn_asc_48_iw3,1,post-collapse,0,2022-08-27,8,2022,shoulder_Aug-Sep,compact,5,0.625,2,1.077032961426901,0.021940928270042192,0.11555821051952578,640,8,4,2,74,13.6,73,14,2,4,0.19999999999999996
cts_asc_48_iw3:2022-08-27,6b3f7f30-edbb-53f4-b923-135a1e51658b,Havelbrücke Werder (A 10),bridge,cts_asc_48_iw3,2022-08-27,2022-08-27T23:28:33Z,evening_rel48,ASCENDING,IW3,S1A,UNKNOWN,target,cts_asc_48_iw3,48,37253.128909999999,0.00033600916500000001,0.03915972635,0.01253168564,640,195,0.92686623069999996,,,27.300000000000001,19.199999999999999,1.8580000000000001,-0.70799999999999996,cts_asc_48_iw3,0,post-collapse,0,2022-08-27,8,2022,shoulder_Aug-Sep,distributed,74,0.025910364145658265,29,17.489744464448357,0.011783935834568743,0.09190404147312399,640,2856,51,56,39.216216216216218,61.918918918918919,56,57,29,15,0.79729729729729726
beach_asc_48_iw3:2022-09-20,6b3f7f30-edbb-53f4-b923-135a1e51658b,Havelbrücke Werder (A 10),bridge,beach_asc_48_iw3,2022-09-20,2022-09-20T23:28:34Z,evening_rel48_reference_beach,ASCENDING,IW3,S1A,UNKNOWN,reference_beach,beach_asc_48_iw3,48,35597.699220000002,0.00093834969450000004,0.0060420967639999998,0.032979425040000003,640,355,1.065537741,,,27.5,2.2000000000000002,-0.34599999999999997,-0.249,beach_asc_48_iw3,3,post-collapse,0,2022-09-20,9,2022,shoulder_Aug-Sep,intermediate,17,0.0049533799533799531,9,19.858670197345045,0.037312815421527257,0.15854497857115815,640,3432,66,52,46.529411764705884,26.294117647058822,65,19,9,4,0.76470588235294112
cte_asc_48_iw3:2022-09-20,6b3f7f30-edbb-53f4-b923-135a1e51658b,Havelbrücke Werder (A 10),bridge,cte_asc_48_iw3,2022-09-20,2022-09-20T23:28:34Z,evening_rel48_control_cte,ASCENDING,IW3,S1A,UNKNOWN,control_cte,cte_asc_48_iw3,48,40799.800779999998,0.00019176739440000001,0.0046586929820000003,0.01240997296,640,300,1.016052755,,,27.5,2.2000000000000002,-0.82599999999999996,-0.124,cte_asc_48_iw3,2,post-collapse,0,2022-09-20,9,2022,shoulder_Aug-Sep,compact,10,0.0043572984749455342,5,19.799999999999997,0.032911392405063293,0.51481412095803814,640,2295,45,51,35.200000000000003,56,55,56,5,3,0.69999999999999996
ctn_asc_48_iw3:2022-09-20,6b3f7f30-edbb-53f4-b923-135a1e51658b,Havelbrücke Werder (A 10),bridge,ctn_asc_48_iw3,2022-09-20,2022-09-20T23:28:34Z,evening_rel48_control_ctn,ASCENDING,IW3,S1A,UNKNOWN,control_ctn,ctn_asc_48_iw3,48,46870.515619999998,0.000223561874,0.004415842239,0.012954598289999999,640,320,1.0308693289999999,,,27.5,2.2000000000000002,-0.872,0.017000000000000001,ctn_asc_48_iw3,1,post-collapse,0,2022-09-20,9,2022,shoulder_Aug-Sep,compact,4,0.00096525096525096527,3,34.36022409705734,0.033403656821378344,0.23094178691340542,640,4144,74,56,53.25,36.75,79,14,3,2,0.5
cts_asc_48_iw3:2022-09-20,6b3f7f30-edbb-53f4-b923-135a1e51658b,Havelbrücke Werder (A 10),bridge,cts_asc_48_iw3,2022-09-20,2022-09-20T23:28:34Z,evening_rel48,ASCENDING,IW3,S1A,UNKNOWN,target,cts_asc_48_iw3,48,41733.078119999998,0.00017090827170000001,0.0091683175410000005,0.01249922905,640,324,1.0383283750000001,,,27.5,2.2000000000000002,-0.52000000000000002,-0.45700000000000002,cts_asc_48_iw3,0,post-collapse,0,2022-09-20,9,2022,shoulder_Aug-Sep,intermediate,21,0.0065136476426799006,10,18.363549620063278,0.026321076953988349,0.26730801050828634,640,3224,62,52,43.761904761904759,58.142857142857146,62,56,10,5,0.76190476190476186
beach_asc_48_iw3:2022-10-02,6b3f7f30-edbb-53f4-b923-135a1e51658b,Havelbrücke Werder (A 10),bridge,beach_asc_48_iw3,2022-10-02,2022-10-02T23:28:35Z,evening_rel48_reference_beach,ASCENDING,IW3,S1A,UNKNOWN,reference_beach,beach_asc_48_iw3,48,35023.050779999998,0.0017686794740000001,0.036059584470000003,0.041721560060000003,640,258,1.0483369220000001,,,24.600000000000001,10.300000000000001,-1.2410000000000001,-0.56200000000000006,beach_asc_48_iw3,3,post-collapse,0,2022-10-02,10,2022,winter_Oct-Feb,distributed,41,0.011376248612652608,16,5.2756272340519903,0.0099138966073205048,0.069615605264513242,640,3604,68,53,47.878048780487802,27.292682926829269,52,24,16,6,0.85365853658536583
cte_asc_48_iw3:2022-10-02,6b3f7f30-edbb-53f4-b923-135a1e51658b,Havelbrücke Werder (A 10),bridge,cte_asc_48_iw3,2022-10-02,2022-10-02T23:28:35Z,evening_rel48_control_cte,ASCENDING,IW3,S1A,UNKNOWN,control_cte,cte_asc_48_iw3,48,39615.015619999998,0.001259574667,0.048589207230000001,0.024139354009999999,640,335,0.98654760519999996,,,24.600000000000001,10.300000000000001,-0.628,-0.33900000000000002,cte_asc_48_iw3,2,post-collapse,0,2022-10-02,10,2022,winter_Oct-Feb,distributed,40,0.018912529550827423,16,3.3948490393535922,0.02471870604781997,0.05475228198533675,640,2115,47,45,35.649999999999999,60.450000000000003,39,61,16,8,0.80000000000000004
ctn_asc_48_iw3:2022-10-02,6b3f7f30-edbb-53f4-b923-135a1e51658b,Havelbrücke Werder (A 10),bridge,ctn_asc_48_iw3,2022-10-02,2022-10-02T23:28:35Z,evening_rel48_control_ctn,ASCENDING,IW3,S1A,UNKNOWN,control_ctn,ctn_asc_48_iw3,48,44798.320310000003,0.0006917592254,0.088977918030000006,0.013524899260000001,640,348,0.98529349980000003,,,24.600000000000001,10.300000000000001,-0.68799999999999994,-0.17000000000000001,ctn_asc_48_iw3,1,post-collapse,0,2022-10-02,10,2022,winter_Oct-Feb,compact,3,0.0014506769825918763,3,21.481257980957363,0.052039381153305204,0.13950557482931633,640,2068,47,44,63,28.333333333333332,79,14,3,1,0.66666666666666674
cts_asc_48_iw3:2022-10-02,6b3f7f30-edbb-53f4-b923-135a1e51658b,Havelbrücke Werder (A 10),bridge,cts_asc_48_iw3,2022-10-02,2022-10-02T23:28:35Z,evening_rel48,ASCENDING,IW3,S1A,UNKNOWN,target,cts_asc_48_iw3,48,40850.597659999999,0.001241218881,0.049940764899999997,0.02437839285,640,236,1.0163720629999999,,,24.600000000000001,10.300000000000001,-1.369,0.29499999999999998,cts_asc_48_iw3,0,post-collapse,0,2022-10-02,10,2022,winter_Oct-Feb,distributed,46,0.0095634095634095639,19,9.5065890988774751,0.013208585580627407,0.067129307676288441,640,4810,65,74,38.760869565217391,56.760869565217391,48,59,19,7,0.84782608695652173
beach_asc_48_iw3:2022-10-26,6b3f7f30-edbb-53f4-b923-135a1e51658b,Havelbrücke Werder (A 10),bridge,beach_asc_48_iw3,2022-10-26,2022-10-26T23:28:35Z,evening_rel48_reference_beach,ASCENDING,IW3,S1A,UNKNOWN,reference_beach,beach_asc_48_iw3,48,35472.535159999999,0.00024073889649999999,0.0048925662409999996,0.014473402870000001,640,300,1.061791234,,,22.699999999999999,0,-0.023,-0.51900000000000002,beach_asc_48_iw3,3,post-collapse,0,2022-10-26,10,2022,winter_Oct-Feb,compact,6,0.0090909090909090905,2,19.021187017522212,0.015236755743084857,0.71147616040447093,640,660,60,11,25.833333333333332,22.333333333333332,7,25,2,4,0.33333333333333337
cte_asc_48_iw3:2022-10-26,6b3f7f30-edbb-53f4-b923-135a1e51658b,Havelbrücke Werder (A 10),bridge,cte_asc_48_iw3,2022-10-26,2022-10-26T23:28:35Z,evening_rel48_control_cte,ASCENDING,IW3,S1A,UNKNOWN,control_cte,cte_asc_48_iw3,48,38448.253909999999,7.4802733249999999e-06,0.080672889950000007,0.0063177691769999997,640,341,0.95749130010000005,,,22.699999999999999,0,-0.33900000000000002,-0.23699999999999999,cte_asc_48_iw3,2,post-collapse,0,2022-10-26,10,2022,winter_Oct-Feb,distributed,38,0.0095573440643863181,17,28.020137693157224,0.028832630098452886,0.0038835735268356584,640,3976,71,56,35.710526315789473,59.789473684210527,11,73,17,7,0.81578947368421051
ctn_asc_48_iw3:2022-10-26,6b3f7f30-edbb-53f4-b923-135a1e51658b,Havelbrücke Werder (A 10),bridge,ctn_asc_48_iw3,2022-10-26,2022-10-26T23:28:35Z,evening_rel48_control_ctn,ASCENDING,IW3,S1A,UNKNOWN,control_ctn,ctn_asc_48_iw3,48,45367.71875,1.80570521e-06,0.17003627120000001,0.0071409209630000003,640,386,0.99781683939999999,,,22.699999999999999,0,-0.40300000000000002,-0.085000000000000006,ctn_asc_48_iw3,1,post-collapse,0,2022-10-26,10,2022,winter_Oct-Feb,compact,4,0.44444444444444442,1,0.75,0.069268635724331923,0.14513938017015049,640,9,3,3,77,13.25,77,14,1,4,0
cts_asc_48_iw3:2022-10-26,6b3f7f30-edbb-53f4-b923-135a1e51658b,Havelbrücke Werder (A 10),bridge,cts_asc_48_iw3,2022-10-26,2022-10-26T23:28:35Z,evening_rel48,ASCENDING,IW3,S1A,UNKNOWN,target,cts_asc_48_iw3,48,41461.289060000003,0.0001136831343,0.0063018617220000003,0.0092515107239999998,640,319,1.031566202,,,22.699999999999999,0,-0.14000000000000001,0.31,cts_asc_48_iw3,0,post-collapse,0,2022-10-26,10,2022,winter_Oct-Feb,compact,6,0.0090909090909090905,2,19.186945793661085,0.018752930145335207,0.69931974236577099,640,660,60,11,21.833333333333332,57.333333333333336,3,61,2,4,0.33333333333333337
beach_asc_48_iw3:2022-11-07,6b3f7f30-edbb-53f4-b923-135a1e51658b,Havelbrücke Werder (A 10),bridge,beach_asc_48_iw3,2022-11-07,2022-11-07T23:28:34Z,evening_rel48_reference_beach,ASCENDING,IW3,S1A,UNKNOWN,reference_beach,beach_asc_48_iw3,48,44987.859380000002,5.557300028e-05,0.1039117724,0.004812112078,640,390,1.3466112450000001,,,26,1,0.437,-0.214,beach_asc_48_iw3,3,post-collapse,0,2022-11-07,11,2022,winter_Oct-Feb,intermediate,23,0.012777777777777779,11,26.919083398951337,0.030330826148107386,0.13725140816714321,640,1800,60,30,38.217391304347828,26.739130434782609,64,19,11,4,0.82608695652173914
cte_asc_48_iw3:2022-11-07,6b3f7f30-edbb-53f4-b923-135a1e51658b,Havelbrücke Werder (A 10),bridge,cte_asc_48_iw3,2022-11-07,2022-11-07T23:28:34Z,evening_rel48_control_cte,ASCENDING,IW3,S1A,UNKNOWN,control_cte,cte_asc_48_iw3,48,54888.308590000001,0.00048454382340000002,0.1533081084,0.0138054071,640,397,1.3669041529999999,,,26,1,0.036999999999999998,-0.090999999999999998,cte_asc_48_iw3,2,post-collapse,0,2022-11-07,11,2022,winter_Oct-Feb,intermediate,18,0.0051768766177739426,10,13.59613688779298,0.03156743241131426,0.14877495673455812,640,3477,61,57,40.666666666666664,50.277777777777779,53,56,10,4,0.77777777777777779
ctn_asc_48_iw3:2022-11-07,6b3f7f30-edbb-53f4-b923-135a1e51658b,Havelbrücke Werder (A 10),bridge,ctn_asc_48_iw3,2022-11-07,2022-11-07T23:28:34Z,evening_rel48_control_ctn,ASCENDING,IW3,S1A,UNKNOWN,control_ctn,ctn_asc_48_iw3,48,74053.804690000004,0.00048779405189999998,0.1131060943,0.020962219689999999,640,410,1.628738129,,,26,1,-0.012999999999999999,0.050999999999999997,ctn_asc_48_iw3,1,post-collapse,0,2022-11-07,11,2022,winter_Oct-Feb,compact,5,0.83333333333333337,1,0.4472135954999627,0.072292545710267248,0.047604252679528648,640,6,2,3,77.400000000000006,13.199999999999999,77,13,1,5,0
cts_asc_48_iw3:2022-11-07,6b3f7f30-edbb-53f4-b923-135a1e51658b,Havelbrücke Werder (A 10),bridge,cts_asc_48_iw3,2022-11-07,2022-11-07T23:28:34Z,evening_rel48,ASCENDING,IW3,S1A,UNKNOWN,target,cts_asc_48_iw3,48,56423.28125,0.00067560840399999997,0.074185848240000005,0.01885971241,640,386,1.4038239349999999,,,26,1,0.29999999999999999,-0.41099999999999998,cts_asc_48_iw3,0,post-collapse,0,2022-11-07,11,2022,winter_Oct-Feb,intermediate,21,0.0047846889952153108,10,18.950466522117484,0.023976960685821447,0.0081137462760298689,640,4389,77,57,41.238095238095241,53.333333333333336,60,56,10,4,0.80952380952380953
beach_asc_48_iw3:2022-11-19,6b3f7f30-edbb-53f4-b923-135a1e51658b,Havelbrücke Werder (A 10),bridge,beach_asc_48_iw3,2022-11-19,2022-11-19T23:28:34Z,evening_rel48_reference_beach,ASCENDING,IW3,S1A,UNKNOWN,reference_beach,beach_asc_48_iw3,48,34138.203119999998,0.0001885752135,0.07793746889,0.013475187120000001,640,347,1.021850981,,,23.800000000000001,0,0.27400000000000002,-0.255,beach_asc_48_iw3,3,post-collapse,0,2022-11-19,11,2022,winter_Oct-Feb,distributed,29,0.0082904516866781023,16,27.403923619192128,0.029050875406178768,0.030854656579081922,640,3498,66,53,38.931034482758619,26.068965517241381,64,15,16,6,0.7931034482758621
cte_asc_48_iw3:2022-11-19,6b3f7f30-edbb-53f4-b923-135a1e51658b,Havelbrücke Werder (A 10),bridge,cte_asc_48_iw3,2022-11-19,2022-11-19T23:28:34Z,evening_rel48_control_cte,ASCENDING,IW3,S1A,UNKNOWN,control_cte,cte_asc_48_iw3,48,39896.769529999998,0.00058806576999999999,0.016511643310000001,0.019979823380000001,640,295,0.99356422850000004,,,23.800000000000001,0,0.91800000000000004,-0.112,cte_asc_48_iw3,2,post-collapse,0,2022-11-19,11,2022,winter_Oct-Feb,intermediate,21,0.0039414414414414411,11,8.6705904252245354,0.024311834438416721,0.0027300258432541346,640,5328,72,74,43.142857142857146,48.333333333333336,51,52,11,4,0.80952380952380953
ctn_asc_48_iw3:2022-11-19,6b3f7f30-edbb-53f4-b923-135a1e51658b,Havelbrücke Werder (A 10),bridge,ctn_asc_48_iw3,2022-11-19,2022-11-19T23:28:34Z,evening_rel48_control_ctn,ASCENDING,IW3,S1A,UNKNOWN,control_ctn,ctn_asc_48_iw3,48,56224.65625,0.00037824391619999999,0.035065159200000001,0.022663105280000002,640,300,1.236604139,,,23.800000000000001,0,0.86599999999999999,0.029000000000000001,ctn_asc_48_iw3,1,post-collapse,0,2022-11-19,11,2022,winter_Oct-Feb,compact,5,0.83333333333333337,1,0.4472135954999627,0.047538677918424754,0.058444632454241793,640,6,2,3,75.400000000000006,13.199999999999999,75,13,1,5,0
cts_asc_48_iw3:2022-11-19,6b3f7f30-edbb-53f4-b923-135a1e51658b,Havelbrücke Werder (A 10),bridge,cts_asc_48_iw3,2022-11-19,2022-11-19T23:28:34Z,evening_rel48,ASCENDING,IW3,S1A,UNKNOWN,target,cts_asc_48_iw3,48,39628.296880000002,0.00016391834650000001,0.12135159970000001,0.01454506442,640,324,0.98596094430000003,,,23.800000000000001,0,0.17100000000000001,-0.44700000000000001,cts_asc_48_iw3,0,post-collapse,0,2022-11-19,11,2022,winter_Oct-Feb,intermediate,22,0.0048737261852015946,13,16.775190752816748,0.027170438562843624,0.0005586475193061274,640,4514,61,74,44.136363636363633,47.545454545454547,60,53,13,5,0.77272727272727271
beach_asc_48_iw3:2022-12-01,6b3f7f30-edbb-53f4-b923-135a1e51658b,Havelbrücke Werder (A 10),bridge,beach_asc_48_iw3,2022-12-01,2022-12-01T23:28:33Z,evening_rel48_reference_beach,ASCENDING,IW3,S1A,UNKNOWN,reference_beach,beach_asc_48_iw3,48,37206.5,0.00059246300949999996,0.06126116216,0.014333351520000001,640,282,1.1136936049999999,,,23.300000000000001,6.5999999999999996,-1.2390000000000001,-0.13400000000000001,beach_asc_48_iw3,3,post-collapse,0,2022-12-01,12,2022,winter_Oct-Feb,distributed,43,0.011646803900325027,21,25.110119830490028,0.014424492198999116,0.049769565692171051,640,3692,71,52,45.790697674418603,28.441860465116278,67,15,21,6,0.86046511627906974
cte_asc_48_iw3:2022-12-01,6b3f7f30-edbb-53f4-b923-135a1e51658b,Havelbrücke Werder (A 10),bridge,cte_asc_48_iw3,2022-12-01,2022-12-01T23:28:33Z,evening_rel48_control_cte,ASCENDING,IW3,S1A,UNKNOWN,control_cte,cte_asc_48_iw3,48,42232.820310000003,0.00018319235820000001,0.047453958540000001,0.0054543279110000004,640,363,1.051739778,,,23.300000000000001,6.5999999999999996,-0.70799999999999996,-0.021999999999999999,cte_asc_48_iw3,2,post-collapse,0,2022-12-01,12,2022,winter_Oct-Feb,distributed,48,0.012307692307692308,20,19.233409607734377,0.025169948429442101,0.038799918097998404,640,3900,52,75,35.854166666666664,57.833333333333336,55,56,20,6,0.875
ctn_asc_48_iw3:2022-12-01,6b3f7f30-edbb-53f4-b923-135a1e51658b,Havelbrücke Werder (A 10),bridge,ctn_asc_48_iw3,2022-12-01,2022-12-01T23:28:33Z,evening_rel48_control_ctn,ASCENDING,IW3,S1A,UNKNOWN,control_ctn,ctn_asc_48_iw3,48,52862.171880000002,0.00047990764140000002,0.066819071770000002,0.0098356846719999998,640,355,1.1626497149999999,,,23.300000000000001,6.5999999999999996,-0.76300000000000001,0.122,ctn_asc_48_iw3,1,post-collapse,0,2022-12-01,12,2022,winter_Oct-Feb,compact,2,1,1,0.5,0.054852320675105481,0.97925267652366277,640,2,1,2,79,13.5,79,13,1,2,0
cts_asc_48_iw3:2022-12-01,6b3f7f30-edbb-53f4-b923-135a1e51658b,Havelbrücke Werder (A 10),bridge,cts_asc_48_iw3,2022-12-01,2022-12-01T23:28:33Z,evening_rel48,ASCENDING,IW3,S1A,UNKNOWN,target,cts_asc_48_iw3,48,44349.394529999998,0.00025208358420000001,0.040264349429999999,0.016083119440000002,640,283,1.103422916,,,23.300000000000001,6.5999999999999996,-1.373,-0.247,cts_asc_48_iw3,0,post-collapse,0,2022-12-01,12,2022,winter_Oct-Feb,distributed,53,0.010095238095238095,23,43.259773165934455,0.011464055409601142,0.092563964728808623,640,5250,70,75,40.301886792452834,57.528301886792455,4,34,23,5,0.90566037735849059
beach_asc_48_iw3:2022-12-13,6b3f7f30-edbb-53f4-b923-135a1e51658b,Havelbrücke Werder (A 10),bridge,beach_asc_48_iw3,2022-12-13,2022-12-13T23:28:33Z,evening_rel48_reference_beach,ASCENDING,IW3,S1A,UNKNOWN,reference_beach,beach_asc_48_iw3,48,31156.529299999998,0.00066851213340000004,0.61869060990000002,0.019697129729999999,640,233,0.93260122379999999,,,20.699999999999999,0.10000000000000001,-1.3220000000000001,-0.28000000000000003,beach_asc_48_iw3,3,post-collapse,0,2022-12-13,12,2022,winter_Oct-Feb,distributed,46,0.013150371640937679,21,22.33916470625428,0.012627652418516476,0.026857468791697699,640,3498,66,53,49.152173913043477,28.434782608695652,67,15,21,6,0.86956521739130432
cte_asc_48_iw3:2022-12-13,6b3f7f30-edbb-53f4-b923-135a1e51658b,Havelbrücke Werder (A 10),bridge,cte_asc_48_iw3,2022-12-13,2022-12-13T23:28:33Z,evening_rel48_control_cte,ASCENDING,IW3,S1A,UNKNOWN,control_cte,cte_asc_48_iw3,48,35910.941409999999,0.00027833759669999999,0.01227750536,0.0063224099579999998,640,200,0.89430365440000004,,,20.699999999999999,0.10000000000000001,-1.786,-0.17799999999999999,cte_asc_48_iw3,2,post-collapse,0,2022-12-13,12,2022,winter_Oct-Feb,distributed,31,0.0071003206596426931,14,19.003285766602552,0.016333197223356476,0.084578974952132346,640,4366,59,74,40.741935483870968,61.838709677419352,57,52,14,5,0.83870967741935487
ctn_asc_48_iw3:2022-12-13,6b3f7f30-edbb-53f4-b923-135a1e51658b,Havelbrücke Werder (A 10),bridge,ctn_asc_48_iw3,2022-12-13,2022-12-13T23:28:33Z,evening_rel48_control_ctn,ASCENDING,IW3,S1A,UNKNOWN,control_ctn,ctn_asc_48_iw3,48,37814.910159999999,0.00031535903690000001,0.0092562856150000001,0.01434950158,640,201,0.83170049489999998,,,20.699999999999999,0.10000000000000001,-1.8420000000000001,-0.032000000000000001,ctn_asc_48_iw3,1,post-collapse,0,2022-12-13,12,2022,winter_Oct-Feb,distributed,29,0.0061116965226554265,12,6.8803257395995754,0.013191716378097872,0.00028413767433195633,640,4745,73,65,46.310344827586206,53.03448275862069,51,48,12,5,0.82758620689655171
cts_asc_48_iw3:2022-12-13,6b3f7f30-edbb-53f4-b923-135a1e51658b,Havelbrücke Werder (A 10),bridge,cts_asc_48_iw3,2022-12-13,2022-12-13T23:28:33Z,evening_rel48,ASCENDING,IW3,S1A,UNKNOWN,target,cts_asc_48_iw3,48,37497.976560000003,0.00027330772720000001,0.18281421070000001,0.0074495859439999996,640,213,0.93295809549999997,,,20.699999999999999,0.10000000000000001,-1.5609999999999999,0.41199999999999998,cts_asc_48_iw3,0,post-collapse,0,2022-12-13,12,2022,winter_Oct-Feb,distributed,66,0.013333333333333334,25,23.136443015481692,0.011273068235093551,0.063943351892963449,640,4950,66,75,41.560606060606062,56.636363636363633,64,51,25,8,0.87878787878787878
beach_asc_48_iw3:2022-12-25,6b3f7f30-edbb-53f4-b923-135a1e51658b,Havelbrücke Werder (A 10),bridge,beach_asc_48_iw3,2022-12-25,2022-12-25T23:28:32Z,evening_rel48_reference_beach,ASCENDING,IW3,S1A,UNKNOWN,reference_beach,beach_asc_48_iw3,48,34542.640619999998,9.3543938420000001e-05,0.030339037999999999,0.019328124820000001,640,336,1.0339569150000001,,,7.9000000000000004,4.9000000000000004,0.066000000000000003,-0.32600000000000001,beach_asc_48_iw3,3,post-collapse,0,2022-12-25,12,2022,winter_Oct-Feb,intermediate,18,0.0051457975986277877,10,27.085826096108679,0.032348804500703238,0.07271186277238495,640,3498,66,53,39.555555555555557,30.666666666666668,64,19,10,4,0.77777777777777779
cte_asc_48_iw3:2022-12-25,6b3f7f30-edbb-53f4-b923-135a1e51658b,Havelbrücke Werder (A 10),bridge,cte_asc_48_iw3,2022-12-25,2022-12-25T23:28:32Z,evening_rel48_control_cte,ASCENDING,IW3,S1A,UNKNOWN,control_cte,cte_asc_48_iw3,48,39747.308590000001,0.00013530149589999999,0.039774846289999999,0.0211680606,640,367,0.98984214660000003,,,7.9000000000000004,4.9000000000000004,-0.29399999999999998,-0.20899999999999999,cte_asc_48_iw3,2,post-collapse,0,2022-12-25,12,2022,winter_Oct-Feb,distributed,25,0.0062656641604010022,11,20.371352434239604,0.037355836849507738,0.077359195164352246,640,3990,70,57,33.520000000000003,61.960000000000001,53,56,11,5,0.80000000000000004
ctn_asc_48_iw3:2022-12-25,6b3f7f30-edbb-53f4-b923-135a1e51658b,Havelbrücke Werder (A 10),bridge,ctn_asc_48_iw3,2022-12-25,2022-12-25T23:28:32Z,evening_rel48_control_ctn,ASCENDING,IW3,S1A,UNKNOWN,control_ctn,ctn_asc_48_iw3,48,54124.816409999999,1.7786536769999998e-05,0.056623805309999997,0.020248549059999999,640,397,1.190420297,,,7.9000000000000004,4.9000000000000004,-0.35299999999999998,-0.056000000000000001,ctn_asc_48_iw3,1,post-collapse,0,2022-12-25,12,2022,winter_Oct-Feb,compact,4,0.66666666666666663,1,0.5,0.077004219409282704,0.04083117557305211,640,6,3,2,77,13.5,77,14,1,4,0
cts_asc_48_iw3:2022-12-25,6b3f7f30-edbb-53f4-b923-135a1e51658b,Havelbrücke Werder (A 10),bridge,cts_asc_48_iw3,2022-12-25,2022-12-25T23:28:32Z,evening_rel48,ASCENDING,IW3,S1A,UNKNOWN,target,cts_asc_48_iw3,48,39113.21875,0.00022489453839999999,0.039067428559999999,0.027553446589999999,640,320,0.97314568459999995,,,7.9000000000000004,4.9000000000000004,-0.10199999999999999,-0.60799999999999998,cts_asc_48_iw3,0,post-collapse,0,2022-12-25,12,2022,winter_Oct-Feb,distributed,28,0.0083382966051220968,12,21.989822553135063,0.026471770142656215,0.142886608265298,640,3358,46,73,39.857142857142854,64.821428571428569,60,56,12,4,0.85714285714285721
